test_index,y_true,prob_default
0,0,0.33683854
1,0,0.37452722
2,0,0.37591887
3,1,0.3972668
4,0,0.12022431
5,0,0.7532531
6,0,0.25579524
7,0,0.11582323
8,0,0.22958846
9,0,0.24556194
10,0,0.61643445
11,0,0.56972545
12,1,0.5441527
13,0,0.3315099
14,0,0.20463154
15,0,0.81358194
16,0,0.09848854
17,1,0.6610836
18,0,0.23986311
19,0,0.49675798
20,0,0.15431978
21,1,0.32141873
22,0,0.33604714
23,0,0.34547782
24,1,0.47451165
25,0,0.483443
26,0,0.40548116
27,0,0.20141555
28,1,0.93717957
29,0,0.7349321
30,1,0.5507916
31,0,0.353995
32,1,0.92048216
33,0,0.3923253
34,0,0.2753524
35,0,0.34094083
36,0,0.31345904
37,1,0.29468966
38,0,0.20605142
39,1,0.7655024
40,0,0.2848093
41,0,0.8793977
42,0,0.47023928
43,0,0.3429783
44,0,0.30418542
45,0,0.27732626
46,0,0.31727746
47,0,0.8653445
48,0,0.2484225
49,0,0.52221954
50,0,0.6177395
51,0,0.19349371
52,1,0.91183597
53,1,0.9283229
54,1,0.39558023
55,0,0.16750242
56,0,0.4021787
57,0,0.14584684
58,0,0.16730432
59,1,0.92642254
60,0,0.4092709
61,1,0.87185925
62,1,0.62959176
63,0,0.18945397
64,0,0.4812458
65,0,0.20527951
66,1,0.66918284
67,0,0.8224891
68,1,0.18942215
69,1,0.3184073
70,1,0.38275546
71,0,0.2656033
72,0,0.1458936
73,1,0.81300354
74,0,0.34199226
75,0,0.46685013
76,0,0.31990188
77,0,0.26140347
78,1,0.32691506
79,0,0.2833278
80,1,0.8582502
81,0,0.19464093
82,0,0.57303035
83,0,0.42637217
84,1,0.5974832
85,1,0.5451328
86,0,0.92967755
87,0,0.31678912
88,0,0.2899806
89,0,0.46946952
90,0,0.32049555
91,0,0.28742263
92,0,0.3034763
93,1,0.91656286
94,1,0.6841579
95,0,0.42822087
96,0,0.44475794
97,0,0.6952516
98,1,0.6607553
99,0,0.1812407
100,0,0.45238867
101,0,0.45939758
102,0,0.36385575
103,0,0.24256438
104,1,0.49132138
105,0,0.4643192
106,1,0.5804249
107,0,0.16905677
108,0,0.28773794
109,0,0.23615779
110,0,0.5511855
111,0,0.50623983
112,0,0.4220955
113,0,0.38036504
114,0,0.34479773
115,1,0.35572442
116,0,0.53153163
117,0,0.43993598
118,0,0.27621195
119,1,0.89006233
120,0,0.12942602
121,0,0.40043935
122,1,0.84585416
123,0,0.39237365
124,0,0.20584974
125,0,0.31647867
126,0,0.26092908
127,0,0.9109659
128,0,0.39801636
129,0,0.6329762
130,1,0.8187663
131,1,0.6398378
132,0,0.18824981
133,0,0.17498733
134,1,0.93714094
135,0,0.30132923
136,0,0.53311145
137,0,0.3143403
138,0,0.2942565
139,0,0.15405855
140,0,0.101926245
141,0,0.26872832
142,1,0.90366584
143,0,0.2691614
144,0,0.21392067
145,0,0.4039693
146,1,0.8749776
147,0,0.17834693
148,1,0.3152839
149,0,0.64454365
150,1,0.8786512
151,0,0.42957926
152,0,0.44085997
153,0,0.33299395
154,1,0.882335
155,0,0.19592908
156,0,0.1575711
157,0,0.2538276
158,0,0.35963622
159,0,0.5743145
160,0,0.68597585
161,1,0.94508886
162,0,0.23508154
163,0,0.3484169
164,0,0.24049903
165,0,0.5356981
166,0,0.15461169
167,0,0.1989301
168,0,0.40466645
169,0,0.3549218
170,0,0.25614873
171,0,0.6496966
172,0,0.43961653
173,0,0.15583967
174,0,0.36829546
175,1,0.9351939
176,0,0.66609144
177,1,0.51002705
178,0,0.34442157
179,0,0.6090393
180,1,0.61392534
181,0,0.5377761
182,1,0.5082826
183,1,0.92410535
184,0,0.5269288
185,0,0.4069605
186,0,0.23507094
187,1,0.83550817
188,0,0.31657404
189,0,0.34482116
190,1,0.7501115
191,0,0.1036173
192,0,0.16168262
193,0,0.508685
194,1,0.5995313
195,0,0.54260474
196,0,0.24931493
197,0,0.091693774
198,0,0.380804
199,0,0.38767684
200,0,0.28021058
201,1,0.776479
202,0,0.31032506
203,0,0.1863365
204,1,0.9192574
205,0,0.42437714
206,1,0.46757928
207,0,0.452769
208,0,0.40532258
209,0,0.7558355
210,1,0.9290641
211,1,0.594331
212,0,0.7106362
213,0,0.62460333
214,0,0.36740783
215,0,0.5532961
216,1,0.8885059
217,1,0.85749847
218,0,0.188106
219,0,0.406491
220,0,0.34131604
221,0,0.38546982
222,0,0.2676179
223,0,0.56180334
224,0,0.32933608
225,0,0.3533353
226,0,0.536341
227,1,0.8907674
228,0,0.20456463
229,1,0.5394325
230,0,0.6532449
231,0,0.2003858
232,0,0.13626546
233,1,0.34557188
234,0,0.124022
235,1,0.3547399
236,1,0.9151213
237,0,0.15741265
238,0,0.28120682
239,0,0.29938644
240,0,0.39940384
241,0,0.5242879
242,1,0.63531107
243,0,0.2611105
244,0,0.23563169
245,0,0.6400267
246,0,0.29321536
247,0,0.26381698
248,1,0.3556234
249,0,0.34818384
250,0,0.21994156
251,0,0.5275131
252,0,0.17690514
253,0,0.22772463
254,1,0.43877393
255,0,0.90590876
256,0,0.6858294
257,0,0.32395428
258,0,0.37866908
259,0,0.27647236
260,1,0.478238
261,0,0.3648438
262,0,0.80435455
263,0,0.30957094
264,1,0.89974356
265,0,0.48242873
266,0,0.2664646
267,0,0.28263277
268,0,0.5223966
269,0,0.27139252
270,0,0.42729077
271,0,0.7332479
272,0,0.36024308
273,0,0.32582578
274,0,0.17256956
275,0,0.1900645
276,0,0.72244036
277,0,0.6777353
278,0,0.44321677
279,0,0.19097148
280,1,0.91683763
281,1,0.49268845
282,1,0.8815423
283,0,0.3337501
284,1,0.9131019
285,0,0.34073138
286,0,0.35506392
287,1,0.4640074
288,0,0.67920107
289,0,0.46249023
290,0,0.24861394
291,1,0.8965007
292,0,0.62305
293,0,0.8198321
294,0,0.24784973
295,0,0.33230802
296,0,0.41113478
297,0,0.60774755
298,0,0.42052048
299,0,0.4590336
300,0,0.24283323
301,1,0.76948935
302,0,0.38032222
303,1,0.85311204
304,0,0.43890074
305,0,0.4826406
306,0,0.29144767
307,0,0.50311536
308,0,0.28648293
309,1,0.7401027
310,0,0.36677194
311,0,0.5613247
312,1,0.50256705
313,0,0.09829916
314,0,0.9152153
315,1,0.25288573
316,0,0.1412707
317,0,0.22474362
318,1,0.8182162
319,0,0.6621969
320,0,0.31593025
321,0,0.8779944
322,1,0.5817168
323,0,0.23610829
324,0,0.3102365
325,0,0.4640184
326,0,0.3741867
327,1,0.499496
328,0,0.7111811
329,0,0.13359812
330,0,0.52688783
331,0,0.2889612
332,0,0.2060814
333,1,0.6294618
334,0,0.20816267
335,0,0.9162418
336,0,0.8659734
337,0,0.33001223
338,0,0.30012345
339,0,0.24220021
340,1,0.8803431
341,0,0.19895107
342,0,0.33531353
343,0,0.6606151
344,0,0.12049594
345,0,0.2324843
346,0,0.31545585
347,0,0.23617308
348,0,0.23959012
349,0,0.69515157
350,0,0.426029
351,1,0.28323993
352,0,0.18232185
353,0,0.38393036
354,0,0.27594364
355,1,0.89759386
356,0,0.4792489
357,0,0.25750116
358,0,0.66837156
359,0,0.30119514
360,1,0.887381
361,0,0.6822948
362,1,0.7589356
363,1,0.90422624
364,0,0.16751963
365,1,0.39774624
366,0,0.8816213
367,1,0.16249435
368,0,0.2837056
369,0,0.29016024
370,0,0.304428
371,0,0.9200268
372,1,0.8775249
373,0,0.17050768
374,0,0.49564257
375,0,0.13914213
376,1,0.2655417
377,0,0.2859622
378,1,0.44426164
379,0,0.29501346
380,0,0.49650896
381,0,0.38264462
382,0,0.16810046
383,0,0.29526335
384,0,0.31683612
385,1,0.9195096
386,0,0.49749538
387,1,0.7614779
388,0,0.2766557
389,0,0.19793124
390,1,0.25583857
391,0,0.76901525
392,0,0.1840941
393,0,0.16553251
394,1,0.52522594
395,0,0.3284873
396,0,0.40867943
397,1,0.851588
398,1,0.92669743
399,0,0.33040762
400,1,0.47294113
401,0,0.3143313
402,0,0.35727313
403,1,0.86181056
404,0,0.2771015
405,0,0.4545353
406,0,0.30356416
407,1,0.35298732
408,0,0.6875973
409,0,0.38005462
410,0,0.285219
411,0,0.36362216
412,1,0.7141088
413,0,0.40112162
414,0,0.28734428
415,1,0.8952857
416,0,0.45528376
417,0,0.41406888
418,0,0.54795146
419,0,0.2804929
420,0,0.39279997
421,1,0.9221535
422,0,0.2901471
423,0,0.38849562
424,0,0.58707607
425,0,0.2581977
426,0,0.3288644
427,0,0.34331268
428,1,0.1960678
429,0,0.3764931
430,0,0.49060374
431,1,0.30560923
432,1,0.84245944
433,0,0.23242204
434,0,0.2301148
435,0,0.27181682
436,1,0.40037245
437,0,0.51177627
438,0,0.29764667
439,1,0.44452754
440,0,0.26178738
441,0,0.9173855
442,0,0.287435
443,0,0.17421295
444,0,0.2941629
445,1,0.8755646
446,1,0.91800773
447,0,0.13963649
448,0,0.86212975
449,0,0.42062128
450,1,0.61253166
451,0,0.80243796
452,0,0.38814038
453,0,0.5193964
454,0,0.9050772
455,0,0.55998755
456,0,0.17499876
457,0,0.25713825
458,0,0.31939316
459,0,0.3417132
460,1,0.77803004
461,0,0.38916445
462,0,0.31145737
463,0,0.23232116
464,0,0.41528553
465,0,0.38104784
466,0,0.2488167
467,0,0.44212642
468,0,0.34077322
469,1,0.94273585
470,0,0.2999903
471,0,0.32577953
472,0,0.602305
473,0,0.16493751
474,1,0.8043483
475,0,0.23753765
476,0,0.19623208
477,1,0.72372687
478,1,0.47283185
479,0,0.35845026
480,0,0.7792283
481,0,0.19859533
482,0,0.40261272
483,0,0.178499
484,1,0.43742582
485,0,0.1556515
486,0,0.46431133
487,0,0.3803255
488,0,0.8550869
489,1,0.47683254
490,0,0.20261203
491,1,0.19674794
492,0,0.33954728
493,1,0.8733701
494,1,0.35871685
495,0,0.43332985
496,0,0.21987674
497,0,0.2288384
498,0,0.54557836
499,0,0.6227948
500,0,0.63201016
501,0,0.35463858
502,0,0.19710432
503,0,0.19771215
504,0,0.88785523
505,0,0.24145576
506,0,0.55038977
507,1,0.25178653
508,0,0.2729919
509,0,0.4033789
510,1,0.87165564
511,0,0.56540966
512,0,0.18252407
513,0,0.39236337
514,0,0.2334298
515,0,0.71723783
516,0,0.5584099
517,0,0.17000374
518,0,0.51364833
519,1,0.41598514
520,0,0.28631556
521,0,0.55760175
522,0,0.37234026
523,0,0.1627528
524,0,0.57274675
525,1,0.40653867
526,0,0.4158938
527,1,0.9222829
528,0,0.1528038
529,0,0.5233824
530,0,0.19380139
531,0,0.30817464
532,0,0.17666864
533,1,0.76982456
534,1,0.7619481
535,1,0.772495
536,0,0.34644115
537,1,0.8202978
538,0,0.574022
539,1,0.3475344
540,1,0.7382722
541,1,0.30579472
542,0,0.20761016
543,0,0.10590561
544,1,0.6248569
545,0,0.5891382
546,0,0.3086368
547,0,0.16619249
548,1,0.34859025
549,0,0.27026474
550,1,0.9033917
551,0,0.5727071
552,0,0.31665587
553,0,0.260124
554,0,0.2928433
555,1,0.88072115
556,0,0.48535657
557,0,0.32834202
558,0,0.38439178
559,0,0.10845521
560,1,0.8737773
561,0,0.34664094
562,1,0.7698875
563,1,0.40182936
564,1,0.9230454
565,0,0.32026562
566,0,0.33847722
567,0,0.3427635
568,1,0.55135655
569,0,0.26133525
570,0,0.25184748
571,0,0.43055552
572,1,0.3860612
573,0,0.14720054
574,0,0.32021326
575,1,0.68151855
576,0,0.31037852
577,0,0.2875458
578,0,0.54010713
579,0,0.25700194
580,0,0.42506644
581,0,0.23465624
582,1,0.9316559
583,1,0.87792283
584,0,0.28839985
585,0,0.7847587
586,0,0.38177586
587,0,0.5963434
588,1,0.8865223
589,0,0.9103353
590,0,0.336176
591,1,0.6964121
592,1,0.91060203
593,0,0.5710725
594,0,0.21346661
595,0,0.37006727
596,0,0.38144457
597,1,0.37833005
598,0,0.28643692
599,0,0.2844827
600,0,0.27241233
601,0,0.6607759
602,0,0.13520478
603,0,0.24626473
604,0,0.49906975
605,0,0.47066233
606,0,0.44664615
607,0,0.26133424
608,0,0.24300984
609,1,0.36919254
610,1,0.81318295
611,1,0.9040235
612,1,0.9299995
613,0,0.20034936
614,1,0.35926887
615,0,0.17457461
616,1,0.68705356
617,1,0.2704681
618,1,0.75661075
619,0,0.14542896
620,0,0.2840304
621,1,0.44295844
622,0,0.55877644
623,0,0.3013802
624,0,0.39221838
625,0,0.20194559
626,0,0.37783545
627,0,0.16597062
628,0,0.25408873
629,1,0.47366077
630,1,0.34324762
631,0,0.17931312
632,0,0.38787326
633,1,0.8965648
634,0,0.41955703
635,0,0.118679404
636,1,0.90806764
637,1,0.9106301
638,0,0.4639561
639,0,0.54214984
640,0,0.20111562
641,0,0.33415332
642,1,0.2541017
643,0,0.28089976
644,0,0.36120743
645,1,0.55044276
646,0,0.4499402
647,1,0.5714758
648,1,0.85944504
649,0,0.5302543
650,0,0.86368847
651,0,0.7207087
652,1,0.88042396
653,0,0.38675436
654,0,0.37441477
655,0,0.27537942
656,0,0.19876505
657,0,0.29229856
658,0,0.3701069
659,1,0.31146082
660,0,0.3956568
661,0,0.86315376
662,0,0.4345803
663,0,0.16864905
664,0,0.48383915
665,0,0.29682717
666,0,0.26558578
667,0,0.35129339
668,0,0.2267703
669,0,0.20352408
670,0,0.47332236
671,0,0.23451665
672,0,0.5848425
673,1,0.34477866
674,0,0.32169774
675,0,0.44489524
676,0,0.7046604
677,0,0.445192
678,1,0.29986033
679,0,0.43531767
680,0,0.36404687
681,1,0.84187245
682,0,0.20563377
683,0,0.39674944
684,0,0.40684253
685,0,0.38233832
686,0,0.16343242
687,0,0.4257506
688,0,0.17899457
689,0,0.7092257
690,0,0.30874902
691,0,0.15345882
692,0,0.174263
693,1,0.21577385
694,0,0.6486786
695,0,0.13502063
696,0,0.18915886
697,0,0.5082521
698,1,0.9228353
699,0,0.17483586
700,0,0.42079917
701,0,0.6051873
702,0,0.23108053
703,0,0.19996947
704,0,0.49528685
705,0,0.43869737
706,0,0.32787496
707,0,0.7333402
708,0,0.27419642
709,0,0.30310962
710,0,0.2996142
711,1,0.3726737
712,0,0.4952241
713,0,0.14414182
714,1,0.13946304
715,1,0.86414516
716,0,0.32413128
717,0,0.27575645
718,0,0.37382188
719,0,0.32488143
720,0,0.9169081
721,0,0.43169442
722,0,0.13758495
723,0,0.18478552
724,0,0.14531362
725,0,0.22299436
726,1,0.3767363
727,0,0.24723202
728,0,0.34706143
729,1,0.40161797
730,0,0.23463425
731,0,0.25149035
732,0,0.40226534
733,0,0.53197604
734,0,0.282682
735,1,0.8928336
736,1,0.5136008
737,0,0.37076128
738,0,0.09372497
739,0,0.30367976
740,1,0.0658387
741,0,0.24661398
742,0,0.23429547
743,0,0.7947593
744,0,0.26370728
745,1,0.8155775
746,0,0.4289731
747,0,0.4556538
748,0,0.36269298
749,0,0.4754966
750,0,0.47500363
751,0,0.36289388
752,0,0.18670417
753,0,0.44146135
754,0,0.33938232
755,0,0.15254222
756,0,0.5589458
757,0,0.29419765
758,0,0.3211022
759,0,0.32983917
760,0,0.18442172
761,1,0.6965037
762,0,0.10935743
763,0,0.57426625
764,1,0.89481676
765,0,0.15464811
766,0,0.25877085
767,0,0.4762915
768,0,0.5559158
769,1,0.7997328
770,0,0.49606353
771,0,0.30900863
772,0,0.76841664
773,1,0.26868325
774,0,0.24804418
775,0,0.5211651
776,0,0.5181638
777,0,0.32446963
778,0,0.3794554
779,0,0.28084284
780,0,0.13385487
781,1,0.88391685
782,0,0.37395906
783,0,0.4685212
784,0,0.3160552
785,0,0.3339988
786,0,0.492296
787,0,0.5222478
788,0,0.4467647
789,0,0.41059738
790,0,0.39060274
791,0,0.24491605
792,0,0.21864
793,0,0.31816217
794,1,0.9338507
795,0,0.370251
796,0,0.37522355
797,0,0.6167519
798,0,0.45106456
799,0,0.26045278
800,1,0.9143789
801,0,0.52152944
802,1,0.87599933
803,0,0.22181456
804,0,0.41551948
805,0,0.2046081
806,0,0.25996214
807,0,0.22567858
808,1,0.70623565
809,1,0.4024712
810,1,0.7027842
811,1,0.92833686
812,0,0.17858578
813,0,0.36307356
814,0,0.38486075
815,0,0.36130172
816,0,0.1970258
817,0,0.13501842
818,1,0.4772816
819,1,0.54744846
820,0,0.29100308
821,0,0.26327682
822,0,0.21899736
823,1,0.5134749
824,0,0.90388435
825,1,0.653518
826,1,0.7988017
827,0,0.5002721
828,0,0.2997474
829,1,0.9318941
830,0,0.899016
831,0,0.5490228
832,0,0.8186634
833,0,0.16611773
834,1,0.41419867
835,0,0.3968555
836,0,0.29931265
837,0,0.564911
838,0,0.552585
839,0,0.1974865
840,0,0.20622152
841,0,0.15849024
842,1,0.85833013
843,0,0.4543643
844,0,0.3922598
845,0,0.19577055
846,0,0.4814634
847,0,0.24297397
848,0,0.114196874
849,0,0.19116019
850,0,0.86613613
851,0,0.2531061
852,0,0.170278
853,0,0.6914729
854,0,0.21078391
855,0,0.26722386
856,0,0.277424
857,0,0.2547833
858,1,0.9436322
859,1,0.16279474
860,0,0.5497978
861,0,0.8740279
862,0,0.26355982
863,1,0.15714699
864,0,0.24778013
865,0,0.3852006
866,0,0.22094136
867,1,0.8764514
868,1,0.44896796
869,0,0.24727887
870,1,0.61869836
871,0,0.6287128
872,0,0.51812375
873,0,0.29347774
874,0,0.35641265
875,1,0.85741466
876,1,0.56252885
877,0,0.42515537
878,0,0.24704938
879,0,0.31477746
880,0,0.9155949
881,1,0.52977884
882,0,0.26380312
883,0,0.43713018
884,0,0.19471198
885,0,0.60027504
886,0,0.8898682
887,0,0.6224376
888,0,0.4380874
889,0,0.3395077
890,1,0.91916394
891,1,0.9143753
892,0,0.5291572
893,0,0.5551095
894,0,0.29623604
895,1,0.47610116
896,1,0.59279406
897,0,0.6618042
898,0,0.42538053
899,0,0.22419521
900,1,0.862846
901,0,0.5780213
902,0,0.38372025
903,0,0.13117433
904,1,0.8982504
905,1,0.4761173
906,0,0.34194237
907,0,0.25353438
908,1,0.46739516
909,0,0.3093977
910,0,0.42116755
911,0,0.4047627
912,1,0.9151228
913,0,0.3673822
914,0,0.89034045
915,0,0.67165893
916,0,0.4481796
917,1,0.39186326
918,0,0.20060293
919,0,0.3913932
920,0,0.6460193
921,0,0.13656054
922,0,0.36297005
923,0,0.36322287
924,0,0.3481591
925,1,0.4961245
926,0,0.51176435
927,0,0.44001296
928,1,0.62429917
929,0,0.2762479
930,0,0.26574033
931,0,0.32931724
932,0,0.27700782
933,0,0.3292272
934,1,0.50306845
935,0,0.46513927
936,0,0.20705824
937,0,0.455939
938,0,0.89372516
939,0,0.35001144
940,1,0.8639838
941,0,0.49767
942,0,0.07738512
943,0,0.49078688
944,0,0.32207906
945,0,0.31568635
946,0,0.3306278
947,1,0.55894953
948,0,0.35572442
949,1,0.2767773
950,0,0.1519768
951,0,0.26113325
952,0,0.460071
953,1,0.33710152
954,0,0.33939964
955,1,0.23375769
956,0,0.22739413
957,0,0.25448844
958,0,0.36441344
959,0,0.69557995
960,0,0.4594568
961,0,0.15252867
962,0,0.33081523
963,0,0.39959547
964,1,0.27227715
965,0,0.2682927
966,1,0.93202704
967,0,0.27753672
968,0,0.4623303
969,0,0.5480496
970,0,0.650089
971,0,0.4353563
972,0,0.7879143
973,0,0.36672086
974,0,0.17573951
975,0,0.33567595
976,0,0.3784799
977,0,0.13858585
978,0,0.25392714
979,0,0.44548702
980,1,0.13588211
981,1,0.8550279
982,0,0.31790084
983,0,0.20073853
984,0,0.33543453
985,0,0.28253487
986,0,0.10826915
987,0,0.20295529
988,0,0.8930575
989,0,0.2525895
990,0,0.44335198
991,0,0.1562219
992,0,0.44110823
993,0,0.46761316
994,0,0.14584269
995,0,0.33466178
996,1,0.7611065
997,0,0.39547542
998,0,0.23757
999,0,0.64003235
1000,0,0.6542697
1001,1,0.8498612
1002,1,0.30807045
1003,1,0.68024385
1004,0,0.3074354
1005,0,0.21461551
1006,1,0.8065044
1007,0,0.28840634
1008,0,0.178069
1009,1,0.80584407
1010,0,0.34818405
1011,0,0.4332504
1012,0,0.13790837
1013,1,0.6909049
1014,1,0.3795248
1015,0,0.54879403
1016,0,0.3786301
1017,0,0.37047425
1018,0,0.31232148
1019,1,0.9199227
1020,0,0.48300353
1021,0,0.40536144
1022,1,0.2695423
1023,0,0.45542753
1024,0,0.895207
1025,0,0.38934153
1026,0,0.35870576
1027,0,0.36224136
1028,0,0.20200035
1029,0,0.39725786
1030,0,0.18151323
1031,0,0.39242038
1032,0,0.5309276
1033,0,0.34571186
1034,0,0.269234
1035,1,0.15891558
1036,0,0.30620494
1037,0,0.09402482
1038,0,0.31904793
1039,0,0.4194904
1040,0,0.28649002
1041,0,0.36471105
1042,0,0.5598374
1043,0,0.17436844
1044,0,0.47219244
1045,0,0.123624794
1046,1,0.9292756
1047,0,0.1989574
1048,0,0.37465754
1049,0,0.3763645
1050,0,0.28528926
1051,0,0.31343454
1052,0,0.29617378
1053,0,0.34270796
1054,0,0.6062305
1055,0,0.3455602
1056,0,0.4429356
1057,0,0.5746044
1058,1,0.86849344
1059,0,0.8861132
1060,0,0.5816836
1061,0,0.35297257
1062,0,0.5110939
1063,0,0.41861662
1064,0,0.37775454
1065,0,0.32061014
1066,0,0.61828613
1067,0,0.26166585
1068,0,0.29952487
1069,0,0.34370464
1070,0,0.31325293
1071,0,0.29394764
1072,0,0.33660144
1073,0,0.66035265
1074,0,0.15240504
1075,0,0.14492095
1076,1,0.7283491
1077,0,0.7812192
1078,0,0.881464
1079,1,0.22900748
1080,0,0.6226842
1081,1,0.2744583
1082,1,0.36585522
1083,0,0.21243854
1084,0,0.27330127
1085,0,0.15903881
1086,1,0.92487645
1087,0,0.39584807
1088,1,0.6026081
1089,0,0.86777633
1090,0,0.42956945
1091,0,0.38065067
1092,0,0.25198978
1093,0,0.27860826
1094,0,0.18442783
1095,0,0.3635047
1096,0,0.20412707
1097,0,0.27819732
1098,0,0.29831126
1099,0,0.7566805
1100,0,0.27917013
1101,1,0.92293197
1102,0,0.1823171
1103,0,0.4775669
1104,0,0.55711436
1105,0,0.29236382
1106,0,0.31380728
1107,1,0.43128958
1108,0,0.5015938
1109,0,0.2581379
1110,1,0.23041722
1111,0,0.48408946
1112,0,0.4034357
1113,1,0.761809
1114,0,0.15643623
1115,1,0.2949293
1116,0,0.40577325
1117,0,0.42265007
1118,0,0.17453836
1119,0,0.6154309
1120,0,0.2731618
1121,1,0.7399164
1122,0,0.6642896
1123,0,0.813725
1124,0,0.4752844
1125,0,0.54909205
1126,1,0.9202081
1127,1,0.913762
1128,0,0.34701002
1129,0,0.40456635
1130,1,0.701071
1131,0,0.3247653
1132,0,0.5817625
1133,0,0.34897655
1134,0,0.38207805
1135,0,0.5013603
1136,0,0.47419864
1137,1,0.8876589
1138,0,0.7098981
1139,0,0.2923648
1140,0,0.40488863
1141,0,0.37706795
1142,0,0.27834886
1143,0,0.18588404
1144,1,0.48927566
1145,0,0.17586811
1146,0,0.44795904
1147,0,0.31874928
1148,0,0.1957419
1149,0,0.32898805
1150,0,0.6467284
1151,0,0.3286892
1152,1,0.59232247
1153,0,0.3036962
1154,0,0.28740504
1155,0,0.26108977
1156,0,0.35348162
1157,1,0.5557807
1158,1,0.7883012
1159,1,0.87460285
1160,0,0.43434936
1161,0,0.23551483
1162,0,0.6107113
1163,0,0.3200047
1164,0,0.9373098
1165,0,0.371743
1166,0,0.38071704
1167,1,0.45098558
1168,0,0.6621238
1169,0,0.22813828
1170,0,0.4118245
1171,0,0.11899236
1172,0,0.26549864
1173,1,0.36294198
1174,0,0.33351856
1175,1,0.40458605
1176,0,0.48242298
1177,0,0.45963484
1178,0,0.4567241
1179,0,0.21242689
1180,1,0.63114387
1181,0,0.7018056
1182,0,0.26578748
1183,0,0.28373632
1184,0,0.29306728
1185,1,0.28621736
1186,0,0.18180917
1187,1,0.80562127
1188,1,0.73611426
1189,0,0.17480718
1190,0,0.54139805
1191,1,0.8907994
1192,1,0.84747934
1193,1,0.3792565
1194,1,0.7356202
1195,0,0.4819435
1196,0,0.40965804
1197,1,0.3361059
1198,1,0.29991475
1199,1,0.43709075
1200,0,0.3619253
1201,0,0.35905263
1202,0,0.4224745
1203,0,0.32439163
1204,0,0.49144387
1205,0,0.34510285
1206,0,0.28499624
1207,0,0.09682843
1208,0,0.27742362
1209,0,0.29817834
1210,0,0.24848856
1211,0,0.46524492
1212,0,0.66699886
1213,0,0.7540347
1214,1,0.35667822
1215,1,0.8503503
1216,0,0.6730836
1217,0,0.39162517
1218,0,0.2817727
1219,0,0.29385263
1220,0,0.42499775
1221,0,0.88622147
1222,0,0.13275729
1223,0,0.4667076
1224,0,0.31685477
1225,1,0.77252954
1226,0,0.917969
1227,1,0.911981
1228,0,0.27657685
1229,0,0.27148005
1230,0,0.099028006
1231,0,0.15837118
1232,0,0.3565062
1233,0,0.71142095
1234,0,0.33348873
1235,0,0.8542854
1236,0,0.19896676
1237,0,0.4921922
1238,0,0.35710275
1239,1,0.32143715
1240,0,0.418724
1241,0,0.23815976
1242,1,0.6254561
1243,0,0.27097765
1244,0,0.84556156
1245,1,0.6133465
1246,0,0.26396003
1247,1,0.5111307
1248,1,0.66889
1249,0,0.43436202
1250,1,0.920832
1251,0,0.19608377
1252,0,0.783053
1253,1,0.6415293
1254,0,0.6798215
1255,1,0.81919855
1256,0,0.5212944
1257,0,0.2933382
1258,1,0.5181026
1259,0,0.27854037
1260,0,0.24872231
1261,0,0.21687996
1262,0,0.120321736
1263,0,0.26690426
1264,0,0.3291718
1265,0,0.34853706
1266,0,0.6142527
1267,0,0.6460949
1268,0,0.3731438
1269,0,0.29425967
1270,0,0.42270398
1271,0,0.22169912
1272,0,0.3371862
1273,0,0.30438206
1274,0,0.89993066
1275,0,0.100618385
1276,1,0.9207736
1277,0,0.45527
1278,0,0.416006
1279,0,0.2895384
1280,0,0.20763266
1281,0,0.39751095
1282,1,0.54127383
1283,1,0.08732278
1284,0,0.5080745
1285,1,0.49798328
1286,0,0.25795877
1287,0,0.19853537
1288,0,0.20609285
1289,1,0.4772985
1290,0,0.29800907
1291,0,0.18897873
1292,0,0.1900427
1293,0,0.2481093
1294,1,0.8751347
1295,0,0.33104187
1296,1,0.25149372
1297,0,0.51004684
1298,0,0.2574859
1299,0,0.36345518
1300,0,0.52984494
1301,0,0.33434942
1302,0,0.46458772
1303,0,0.44047704
1304,1,0.38565993
1305,0,0.52815163
1306,0,0.72056985
1307,0,0.3014802
1308,1,0.8000837
1309,0,0.37276873
1310,0,0.12858044
1311,0,0.52919805
1312,0,0.55166835
1313,0,0.3480884
1314,0,0.22932586
1315,0,0.1347299
1316,1,0.18651895
1317,1,0.8995889
1318,0,0.3896702
1319,0,0.4591785
1320,0,0.72605515
1321,0,0.35095108
1322,0,0.18585804
1323,0,0.44313738
1324,0,0.17161906
1325,0,0.28317025
1326,1,0.24056949
1327,0,0.48190922
1328,1,0.29632363
1329,1,0.44477227
1330,0,0.43205234
1331,0,0.40681696
1332,0,0.40595862
1333,0,0.27551293
1334,1,0.8662489
1335,0,0.27818722
1336,0,0.11968634
1337,1,0.79485583
1338,1,0.44434753
1339,0,0.6036558
1340,0,0.37663537
1341,1,0.59634894
1342,0,0.6154643
1343,0,0.20137098
1344,0,0.22537148
1345,0,0.34324655
1346,0,0.66728246
1347,0,0.33453327
1348,0,0.39634204
1349,0,0.218106
1350,0,0.1983117
1351,1,0.92539036
1352,0,0.1726309
1353,0,0.57514334
1354,0,0.26114264
1355,0,0.27237892
1356,1,0.92647606
1357,0,0.118359536
1358,0,0.45675993
1359,1,0.52894944
1360,0,0.90065145
1361,0,0.26043636
1362,1,0.9122838
1363,0,0.306192
1364,1,0.2417347
1365,0,0.3982827
1366,0,0.17758651
1367,1,0.4511069
1368,1,0.63828397
1369,0,0.20345588
1370,0,0.16735801
1371,0,0.7442908
1372,0,0.4443354
1373,1,0.8900922
1374,1,0.7429885
1375,0,0.569595
1376,0,0.1726256
1377,0,0.8051238
1378,0,0.4086301
1379,0,0.87517554
1380,0,0.4557637
1381,0,0.26191023
1382,0,0.26975936
1383,0,0.35649154
1384,0,0.7267827
1385,1,0.6256475
1386,0,0.68118143
1387,0,0.28861544
1388,0,0.38641667
1389,0,0.20293486
1390,1,0.89614123
1391,0,0.16286032
1392,0,0.5927456
1393,0,0.157022
1394,1,0.9291562
1395,0,0.15406936
1396,0,0.4346474
1397,1,0.47096193
1398,0,0.3709912
1399,0,0.2658461
1400,0,0.22915716
1401,1,0.8840906
1402,0,0.8910045
1403,0,0.2666342
1404,1,0.4582864
1405,0,0.2609951
1406,0,0.42474136
1407,0,0.57707256
1408,0,0.58119696
1409,0,0.13576244
1410,0,0.28198716
1411,1,0.38680294
1412,0,0.35182628
1413,0,0.5133513
1414,0,0.29285064
1415,0,0.43681157
1416,0,0.25320876
1417,0,0.26509598
1418,0,0.8129734
1419,0,0.592139
1420,0,0.3607158
1421,0,0.34693134
1422,0,0.17301917
1423,1,0.88348305
1424,1,0.91378534
1425,1,0.8687185
1426,1,0.8603076
1427,0,0.17279978
1428,0,0.28552267
1429,0,0.12633549
1430,0,0.26563767
1431,0,0.46515235
1432,0,0.25414935
1433,0,0.13104661
1434,0,0.4622232
1435,0,0.31761238
1436,1,0.32455578
1437,0,0.5686716
1438,0,0.28543118
1439,0,0.33766764
1440,0,0.12517206
1441,0,0.3873778
1442,0,0.28526664
1443,0,0.42447877
1444,0,0.21257764
1445,0,0.187022
1446,0,0.14113949
1447,0,0.26961404
1448,0,0.46589142
1449,1,0.27680346
1450,0,0.4010919
1451,0,0.37956643
1452,1,0.4515104
1453,0,0.4316011
1454,0,0.47933882
1455,0,0.13795084
1456,0,0.2574786
1457,1,0.5521284
1458,1,0.3780317
1459,0,0.8728925
1460,0,0.89248544
1461,0,0.26078475
1462,0,0.16873322
1463,0,0.3088117
1464,1,0.9117075
1465,0,0.20375061
1466,0,0.32018378
1467,1,0.33496952
1468,0,0.41271678
1469,1,0.28524825
1470,0,0.70287526
1471,0,0.3784033
1472,0,0.87431955
1473,0,0.2195084
1474,0,0.18670188
1475,0,0.13928474
1476,1,0.9257869
1477,0,0.3696862
1478,0,0.2962876
1479,0,0.28373486
1480,0,0.4127113
1481,1,0.8903183
1482,0,0.38169095
1483,0,0.7692066
1484,0,0.19063516
1485,0,0.8752796
1486,0,0.3285154
1487,0,0.34344453
1488,0,0.49951196
1489,0,0.43168053
1490,1,0.7294213
1491,0,0.6841797
1492,1,0.40866178
1493,1,0.63811445
1494,0,0.21900398
1495,0,0.39896995
1496,0,0.52163965
1497,0,0.4041256
1498,0,0.4177348
1499,0,0.4156526
1500,0,0.4325323
1501,0,0.5093606
1502,0,0.5221253
1503,1,0.68915147
1504,0,0.67325157
1505,0,0.24235225
1506,1,0.26380312
1507,1,0.39670056
1508,0,0.5365343
1509,0,0.5152753
1510,0,0.27932364
1511,0,0.29916844
1512,0,0.2841542
1513,1,0.86577356
1514,0,0.25076252
1515,0,0.47638494
1516,0,0.9310611
1517,0,0.4404564
1518,0,0.3461001
1519,0,0.37554625
1520,1,0.9229666
1521,0,0.39598382
1522,0,0.14119738
1523,0,0.5517691
1524,0,0.13802232
1525,0,0.23706876
1526,0,0.09831351
1527,1,0.91716355
1528,1,0.9064221
1529,0,0.35182822
1530,1,0.539371
1531,0,0.8611785
1532,1,0.8271938
1533,0,0.4699615
1534,0,0.47822332
1535,0,0.36896804
1536,0,0.29078686
1537,1,0.88943654
1538,0,0.2296951
1539,1,0.37245274
1540,0,0.42455986
1541,0,0.20900734
1542,0,0.4750139
1543,0,0.27620247
1544,0,0.4916009
1545,0,0.18338585
1546,0,0.23378445
1547,1,0.7936586
1548,0,0.2923556
1549,0,0.7109442
1550,0,0.36806092
1551,0,0.37719667
1552,0,0.8756229
1553,0,0.84838814
1554,0,0.38853619
1555,0,0.88635087
1556,0,0.30447444
1557,0,0.26044768
1558,0,0.93990743
1559,0,0.22110881
1560,0,0.46294552
1561,0,0.42088506
1562,0,0.2361202
1563,0,0.18330905
1564,1,0.3702457
1565,0,0.45446333
1566,0,0.21671079
1567,0,0.21086495
1568,0,0.295013
1569,1,0.9036108
1570,0,0.2912548
1571,0,0.8951245
1572,0,0.36539635
1573,0,0.5229696
1574,0,0.28992915
1575,0,0.6384688
1576,1,0.0932501
1577,1,0.8821353
1578,0,0.47532144
1579,0,0.22842062
1580,1,0.6539892
1581,1,0.33655494
1582,0,0.5600801
1583,0,0.23654048
1584,0,0.52015716
1585,0,0.5441527
1586,0,0.45105338
1587,0,0.7277505
1588,0,0.8975421
1589,0,0.29667273
1590,0,0.2006196
1591,0,0.1955299
1592,0,0.6215438
1593,0,0.34489506
1594,0,0.19221044
1595,0,0.25273496
1596,1,0.5939209
1597,0,0.075390145
1598,0,0.48893484
1599,0,0.72237027
1600,0,0.23683253
1601,0,0.398348
1602,0,0.16860491
1603,0,0.3961162
1604,0,0.24449782
1605,1,0.91163784
1606,0,0.47775415
1607,0,0.3195764
1608,0,0.2513755
1609,1,0.91090155
1610,0,0.6147448
1611,1,0.61015457
1612,0,0.50179434
1613,1,0.69249254
1614,0,0.20389536
1615,0,0.8146012
1616,1,0.3992468
1617,0,0.17631228
1618,0,0.34183946
1619,0,0.25917703
1620,1,0.41566876
1621,0,0.30881196
1622,0,0.59600556
1623,0,0.33484313
1624,0,0.9169786
1625,0,0.45894402
1626,0,0.76878047
1627,0,0.27708218
1628,0,0.18471909
1629,0,0.81367564
1630,0,0.3535815
1631,0,0.77178246
1632,0,0.44979367
1633,0,0.22744255
1634,0,0.59808594
1635,0,0.43460625
1636,0,0.33900684
1637,1,0.24452269
1638,0,0.3203577
1639,1,0.39950258
1640,0,0.20859371
1641,0,0.28320608
1642,0,0.41510895
1643,0,0.13961948
1644,0,0.54340607
1645,0,0.43377444
1646,0,0.3824222
1647,0,0.41686916
1648,0,0.24166802
1649,1,0.88249755
1650,0,0.3647129
1651,0,0.31827828
1652,0,0.100325614
1653,0,0.37782833
1654,0,0.09057717
1655,0,0.29925054
1656,1,0.91819364
1657,0,0.3738269
1658,0,0.2756303
1659,0,0.33432958
1660,0,0.32770687
1661,0,0.15348901
1662,0,0.39589387
1663,0,0.51982903
1664,0,0.4847871
1665,0,0.4898507
1666,1,0.837654
1667,0,0.3717996
1668,0,0.38084158
1669,1,0.28530324
1670,0,0.6072447
1671,0,0.17995155
1672,0,0.48871833
1673,0,0.647783
1674,0,0.4118956
1675,1,0.82020634
1676,1,0.9063883
1677,1,0.3471379
1678,0,0.5614203
1679,0,0.19952208
1680,0,0.17848445
1681,0,0.90323895
1682,0,0.32169464
1683,1,0.9344684
1684,0,0.37629873
1685,1,0.8725397
1686,0,0.33720627
1687,0,0.37574273
1688,1,0.7022842
1689,0,0.1951453
1690,1,0.41330376
1691,1,0.9256015
1692,0,0.57410616
1693,0,0.7109438
1694,0,0.39450726
1695,0,0.22841424
1696,0,0.3712592
1697,0,0.12484824
1698,0,0.39977697
1699,0,0.23918374
1700,0,0.2890045
1701,0,0.7367292
1702,0,0.30501947
1703,0,0.27485317
1704,1,0.699029
1705,0,0.20632255
1706,0,0.51525867
1707,0,0.21759276
1708,0,0.3080733
1709,0,0.20530573
1710,0,0.24437335
1711,0,0.3396531
1712,1,0.9292955
1713,1,0.264541
1714,0,0.48992696
1715,0,0.21044347
1716,0,0.40530238
1717,0,0.14612824
1718,0,0.49942243
1719,1,0.5845621
1720,0,0.26396003
1721,0,0.40948346
1722,0,0.28165746
1723,0,0.28756902
1724,1,0.31816733
1725,0,0.1942473
1726,0,0.14006251
1727,0,0.6515476
1728,0,0.35296768
1729,1,0.31318423
1730,0,0.30757025
1731,0,0.4871567
1732,0,0.20714012
1733,0,0.9228802
1734,0,0.6287846
1735,0,0.26285714
1736,0,0.38366795
1737,0,0.3918263
1738,0,0.18061814
1739,0,0.27582428
1740,0,0.25940296
1741,1,0.89119136
1742,0,0.20495073
1743,0,0.26380312
1744,0,0.4462941
1745,0,0.15637723
1746,1,0.905319
1747,0,0.5067873
1748,0,0.34379986
1749,0,0.13080622
1750,0,0.23797199
1751,1,0.9325695
1752,1,0.93146396
1753,0,0.2512497
1754,1,0.73221666
1755,0,0.43863416
1756,0,0.30265206
1757,0,0.653518
1758,0,0.22860833
1759,0,0.38888043
1760,0,0.30763623
1761,0,0.1748546
1762,0,0.26059058
1763,1,0.7528934
1764,0,0.20562163
1765,0,0.16146347
1766,0,0.46382293
1767,0,0.24607329
1768,0,0.16232339
1769,0,0.5054111
1770,0,0.2021412
1771,0,0.31174272
1772,0,0.56246144
1773,0,0.2330242
1774,0,0.34997365
1775,1,0.41053003
1776,0,0.28927314
1777,1,0.3974551
1778,0,0.20634058
1779,0,0.44557095
1780,0,0.3504829
1781,0,0.37566236
1782,1,0.57367337
1783,0,0.17093085
1784,0,0.4513278
1785,0,0.57513833
1786,0,0.7396601
1787,0,0.6026615
1788,1,0.4300779
1789,0,0.5529501
1790,0,0.5435935
1791,0,0.43698472
1792,0,0.79548365
1793,1,0.41159874
1794,0,0.58754873
1795,0,0.2004917
1796,1,0.14925757
1797,0,0.89011514
1798,1,0.38299677
1799,0,0.77126443
1800,0,0.26101413
1801,0,0.1515098
1802,0,0.1962105
1803,0,0.096475326
1804,0,0.47156912
1805,0,0.25143883
1806,0,0.5874365
1807,0,0.40674588
1808,0,0.62124455
1809,0,0.52133447
1810,0,0.7782408
1811,0,0.20604031
1812,0,0.430991
1813,0,0.21203019
1814,0,0.2703762
1815,0,0.17893198
1816,0,0.35864508
1817,1,0.8320795
1818,0,0.63902825
1819,0,0.36758688
1820,0,0.545147
1821,0,0.4316616
1822,0,0.37244275
1823,1,0.91014826
1824,0,0.42090437
1825,0,0.34396324
1826,0,0.3440628
1827,0,0.44624808
1828,0,0.42381254
1829,0,0.7234946
1830,0,0.2649535
1831,1,0.16915762
1832,0,0.36326373
1833,0,0.398001
1834,0,0.42674837
1835,0,0.48503414
1836,0,0.5065825
1837,0,0.10200222
1838,0,0.17486386
1839,0,0.30132082
1840,0,0.62684834
1841,0,0.19441608
1842,0,0.40715215
1843,0,0.4786727
1844,0,0.41977108
1845,0,0.38954866
1846,1,0.76599646
1847,0,0.43084407
1848,0,0.4413675
1849,0,0.35620597
1850,0,0.37659675
1851,1,0.910438
1852,0,0.29715028
1853,1,0.49490407
1854,0,0.6324734
1855,0,0.572697
1856,0,0.3871644
1857,0,0.8590752
1858,0,0.41118288
1859,0,0.5016846
1860,0,0.29169983
1861,0,0.25899497
1862,0,0.41220123
1863,1,0.4905454
1864,0,0.15706308
1865,1,0.25107354
1866,0,0.34375703
1867,0,0.20530885
1868,0,0.15813516
1869,0,0.26970652
1870,0,0.2975567
1871,0,0.49942243
1872,0,0.39978877
1873,0,0.16401686
1874,0,0.28205594
1875,1,0.30125782
1876,0,0.22999898
1877,0,0.53307045
1878,0,0.20989731
1879,0,0.11877803
1880,0,0.80790293
1881,1,0.925903
1882,0,0.35388306
1883,0,0.30132705
1884,0,0.493706
1885,1,0.88299435
1886,0,0.44300556
1887,0,0.24694735
1888,0,0.128423
1889,0,0.40327418
1890,0,0.42492786
1891,0,0.21513692
1892,0,0.2488689
1893,0,0.2786855
1894,0,0.24118544
1895,0,0.3671475
1896,1,0.93103254
1897,0,0.12423904
1898,1,0.49705556
1899,0,0.39578307
1900,0,0.18046981
1901,1,0.6219199
1902,0,0.37452626
1903,0,0.6068304
1904,0,0.33131954
1905,0,0.80173576
1906,0,0.28979263
1907,0,0.31892598
1908,0,0.3174465
1909,0,0.63579744
1910,0,0.18932772
1911,0,0.4622393
1912,0,0.20604739
1913,0,0.25349167
1914,0,0.3096537
1915,0,0.25529766
1916,1,0.7536345
1917,0,0.15208942
1918,0,0.30968246
1919,0,0.50392467
1920,0,0.36611927
1921,0,0.92480403
1922,0,0.48599625
1923,0,0.5320913
1924,0,0.3567766
1925,0,0.8564996
1926,0,0.6129884
1927,1,0.8777208
1928,0,0.15657055
1929,0,0.32920578
1930,1,0.51686215
1931,1,0.90710604
1932,0,0.38849005
1933,0,0.3447107
1934,1,0.5716577
1935,0,0.26901716
1936,1,0.81545335
1937,0,0.40724272
1938,0,0.30967683
1939,0,0.1962467
1940,0,0.21612518
1941,0,0.57852226
1942,0,0.4516478
1943,1,0.9110441
1944,0,0.52344376
1945,1,0.45227018
1946,1,0.43738213
1947,1,0.8860019
1948,0,0.20025828
1949,0,0.45990387
1950,0,0.7863183
1951,0,0.64488596
1952,0,0.5812549
1953,0,0.117346704
1954,0,0.16570783
1955,0,0.21738398
1956,0,0.2440142
1957,0,0.5648857
1958,0,0.3730419
1959,0,0.22362804
1960,1,0.8782128
1961,0,0.2162613
1962,0,0.39617476
1963,0,0.36166367
1964,0,0.3607862
1965,0,0.43651798
1966,0,0.314625
1967,1,0.91407603
1968,0,0.25289062
1969,0,0.37777838
1970,0,0.8927143
1971,1,0.494488
1972,0,0.29167643
1973,0,0.29751983
1974,1,0.34644058
1975,0,0.37438446
1976,1,0.7049937
1977,0,0.5477113
1978,1,0.5725526
1979,0,0.18216202
1980,0,0.21204172
1981,0,0.21362366
1982,0,0.20498365
1983,0,0.35155427
1984,0,0.46749046
1985,1,0.9382306
1986,1,0.20968571
1987,0,0.27649182
1988,0,0.43705398
1989,0,0.35757872
1990,0,0.34553516
1991,0,0.2683479
1992,1,0.91872644
1993,0,0.57076013
1994,0,0.18852028
1995,1,0.18447801
1996,1,0.5369086
1997,0,0.23824434
1998,0,0.17941926
1999,0,0.48614287
2000,0,0.2839906
2001,0,0.30282626
2002,1,0.27586892
2003,0,0.20546496
2004,0,0.38709235
2005,0,0.21169993
2006,0,0.6281103
2007,0,0.39588243
2008,0,0.17206703
2009,0,0.44555432
2010,1,0.25770783
2011,1,0.8574531
2012,0,0.18821067
2013,0,0.44402286
2014,1,0.38784793
2015,0,0.39898884
2016,0,0.3906382
2017,0,0.29109463
2018,0,0.40418363
2019,0,0.3840081
2020,0,0.17776482
2021,0,0.29982337
2022,0,0.22865042
2023,0,0.23667309
2024,0,0.29116416
2025,0,0.5608111
2026,1,0.5897802
2027,0,0.8641952
2028,0,0.36375707
2029,1,0.376498
2030,0,0.32751393
2031,0,0.35630807
2032,0,0.21490723
2033,0,0.38531464
2034,0,0.45117626
2035,0,0.31401843
2036,1,0.4141713
2037,0,0.32121116
2038,0,0.8346591
2039,1,0.40246534
2040,0,0.30172524
2041,0,0.4061834
2042,0,0.37648603
2043,1,0.9197749
2044,1,0.14884394
2045,1,0.9151972
2046,0,0.26834068
2047,1,0.47035393
2048,1,0.30838516
2049,0,0.33322465
2050,0,0.8004967
2051,1,0.41741633
2052,0,0.3918572
2053,0,0.30498207
2054,0,0.14766474
2055,0,0.23831463
2056,0,0.12924637
2057,0,0.58273447
2058,1,0.59639424
2059,0,0.08411795
2060,0,0.12409718
2061,0,0.4209646
2062,0,0.3137404
2063,0,0.4308301
2064,0,0.6717332
2065,0,0.34320796
2066,1,0.92022306
2067,0,0.38315672
2068,1,0.9068948
2069,0,0.21629989
2070,1,0.30987695
2071,0,0.40756702
2072,0,0.49025464
2073,0,0.6812607
2074,0,0.87330717
2075,0,0.51166356
2076,1,0.6694614
2077,0,0.36454034
2078,0,0.4563998
2079,0,0.684007
2080,0,0.30428338
2081,1,0.65478146
2082,0,0.53639275
2083,0,0.23264195
2084,1,0.22145638
2085,0,0.21761005
2086,0,0.16737452
2087,0,0.38329607
2088,0,0.41780415
2089,1,0.8895557
2090,0,0.19334805
2091,1,0.7434613
2092,1,0.30562612
2093,0,0.41499785
2094,1,0.86953974
2095,0,0.3268747
2096,1,0.41362584
2097,0,0.29969674
2098,0,0.30013695
2099,0,0.5943383
2100,0,0.3411394
2101,0,0.15856846
2102,0,0.53117317
2103,1,0.81056273
2104,0,0.53723943
2105,0,0.112387866
2106,0,0.28765497
2107,0,0.1835632
2108,0,0.53271717
2109,0,0.39942977
2110,0,0.4355907
2111,1,0.2617603
2112,1,0.27448854
2113,0,0.31576914
2114,0,0.32422942
2115,0,0.35625157
2116,0,0.37851757
2117,0,0.43611404
2118,0,0.16067414
2119,0,0.29725227
2120,0,0.2806697
2121,0,0.5139234
2122,0,0.38068372
2123,0,0.29483992
2124,0,0.41268426
2125,0,0.55617476
2126,1,0.40043753
2127,0,0.17268534
2128,1,0.54276896
2129,0,0.6204159
2130,1,0.5016574
2131,0,0.33173904
2132,0,0.7576646
2133,0,0.2574592
2134,0,0.32429072
2135,0,0.85091
2136,1,0.55711216
2137,1,0.851103
2138,0,0.46719438
2139,0,0.67660606
2140,0,0.26665026
2141,0,0.63321984
2142,1,0.9135712
2143,0,0.318488
2144,0,0.25590307
2145,0,0.40336114
2146,0,0.27257845
2147,0,0.21030156
2148,0,0.24620003
2149,0,0.34822103
2150,0,0.36591798
2151,0,0.35229537
2152,0,0.3606515
2153,0,0.39103433
2154,1,0.6830091
2155,1,0.90573573
2156,0,0.34562403
2157,0,0.15712132
2158,0,0.37734985
2159,0,0.68278486
2160,1,0.42916644
2161,0,0.24050906
2162,0,0.30705622
2163,1,0.31543958
2164,1,0.6072455
2165,0,0.11123393
2166,0,0.24320371
2167,0,0.30995488
2168,0,0.2149768
2169,0,0.282551
2170,0,0.16893508
2171,0,0.90918773
2172,1,0.90731764
2173,0,0.5298123
2174,1,0.92106783
2175,0,0.30011806
2176,0,0.1258786
2177,0,0.1647866
2178,0,0.39523795
2179,0,0.25905994
2180,1,0.8726086
2181,0,0.17560138
2182,1,0.45356655
2183,0,0.4274839
2184,1,0.16402072
2185,0,0.42625487
2186,0,0.44834512
2187,0,0.14265995
2188,1,0.9322039
2189,0,0.23504739
2190,0,0.2690617
2191,0,0.2302762
2192,0,0.15884067
2193,0,0.27471
2194,0,0.2765223
2195,0,0.1515675
2196,0,0.5278788
2197,0,0.50197065
2198,0,0.566807
2199,0,0.28304508
2200,0,0.19915529
2201,1,0.88683033
2202,1,0.50180423
2203,0,0.39812332
2204,0,0.37124693
2205,0,0.24794745
2206,0,0.20375061
2207,0,0.22308163
2208,1,0.30348784
2209,1,0.92618686
2210,1,0.34864524
2211,0,0.21272449
2212,0,0.81396747
2213,0,0.37869966
2214,0,0.21897893
2215,0,0.17409565
2216,0,0.7546525
2217,0,0.2172211
2218,0,0.33460987
2219,0,0.47733575
2220,0,0.31556982
2221,0,0.46097347
2222,0,0.17317079
2223,0,0.1839252
2224,0,0.24649663
2225,0,0.8588372
2226,1,0.2315726
2227,0,0.538995
2228,0,0.9123078
2229,0,0.1574271
2230,1,0.23908827
2231,1,0.34630898
2232,0,0.3150211
2233,0,0.4379254
2234,0,0.1670049
2235,1,0.62328345
2236,0,0.271303
2237,0,0.43736845
2238,1,0.3103604
2239,1,0.2933941
2240,0,0.27958667
2241,0,0.23893456
2242,0,0.26181075
2243,0,0.6964756
2244,0,0.35695252
2245,0,0.47746873
2246,0,0.41155037
2247,0,0.31566384
2248,1,0.7334045
2249,0,0.3290974
2250,1,0.62468076
2251,0,0.2481095
2252,0,0.3497368
2253,0,0.3417376
2254,0,0.3019313
2255,0,0.91330177
2256,0,0.6368145
2257,0,0.22646545
2258,0,0.25621766
2259,0,0.65963036
2260,0,0.28377026
2261,1,0.20691508
2262,0,0.3710245
2263,1,0.45211974
2264,1,0.38641223
2265,0,0.22246437
2266,0,0.2059644
2267,0,0.29386184
2268,0,0.27463385
2269,0,0.33242345
2270,1,0.5260847
2271,1,0.6089246
2272,0,0.64451706
2273,1,0.64962757
2274,0,0.40754905
2275,0,0.38000414
2276,0,0.52950454
2277,0,0.18820418
2278,0,0.5804679
2279,0,0.30206096
2280,0,0.4519597
2281,0,0.36117846
2282,0,0.29551288
2283,1,0.32035592
2284,1,0.7665049
2285,0,0.47180277
2286,1,0.37521505
2287,0,0.64220417
2288,1,0.8579858
2289,0,0.16755089
2290,1,0.3246352
2291,0,0.27106532
2292,0,0.25454953
2293,1,0.8929073
2294,0,0.5374799
2295,0,0.35995317
2296,0,0.25291592
2297,0,0.24995305
2298,0,0.2812775
2299,0,0.27792183
2300,0,0.6350738
2301,0,0.45519665
2302,0,0.21361633
2303,0,0.358096
2304,0,0.28227794
2305,0,0.24847938
2306,0,0.37752646
2307,1,0.3238289
2308,0,0.45910317
2309,0,0.362144
2310,1,0.23988248
2311,0,0.84706897
2312,0,0.46758273
2313,0,0.37835515
2314,1,0.44783086
2315,0,0.4073282
2316,0,0.6188334
2317,0,0.21873434
2318,0,0.8553286
2319,0,0.28138962
2320,0,0.8614653
2321,1,0.8741577
2322,0,0.21895128
2323,0,0.13873523
2324,0,0.3201176
2325,0,0.2751955
2326,1,0.49238515
2327,1,0.6482798
2328,0,0.27349252
2329,0,0.4312008
2330,0,0.41527352
2331,0,0.269813
2332,1,0.61961216
2333,0,0.35518757
2334,0,0.34902844
2335,0,0.35860312
2336,0,0.8944747
2337,0,0.5030631
2338,0,0.38203868
2339,0,0.18394256
2340,1,0.36120066
2341,1,0.84396935
2342,1,0.7336218
2343,0,0.52956223
2344,0,0.2454695
2345,0,0.83345824
2346,0,0.46843925
2347,0,0.61886907
2348,1,0.93439555
2349,0,0.24050093
2350,0,0.38159975
2351,0,0.49418345
2352,0,0.22557284
2353,0,0.2270512
2354,0,0.34863514
2355,0,0.54367566
2356,0,0.21521051
2357,0,0.37049773
2358,1,0.8056195
2359,1,0.42680386
2360,0,0.79115003
2361,0,0.25170806
2362,0,0.23480149
2363,1,0.32634416
2364,0,0.3590627
2365,0,0.84533674
2366,1,0.6742281
2367,1,0.41998798
2368,0,0.278079
2369,1,0.5332328
2370,0,0.8606303
2371,1,0.86565286
2372,0,0.31925625
2373,0,0.44825834
2374,0,0.5122049
2375,0,0.45902854
2376,0,0.863742
2377,0,0.86912525
2378,0,0.38883358
2379,0,0.20372574
2380,0,0.15623826
2381,0,0.18589967
2382,1,0.37801984
2383,0,0.18704917
2384,1,0.55681413
2385,0,0.89066327
2386,1,0.8784465
2387,0,0.80328244
2388,0,0.1537502
2389,0,0.4232317
2390,1,0.49896652
2391,0,0.39305544
2392,0,0.3826579
2393,0,0.30869633
2394,1,0.8779381
2395,0,0.761873
2396,0,0.26701793
2397,0,0.18219607
2398,0,0.2521832
2399,0,0.30530563
2400,0,0.25118744
2401,0,0.22533679
2402,0,0.48860598
2403,0,0.32750174
2404,1,0.38614163
2405,0,0.8263968
2406,0,0.3114001
2407,1,0.62987125
2408,0,0.48411497
2409,1,0.9329901
2410,0,0.8279643
2411,0,0.845048
2412,1,0.59904414
2413,0,0.17341465
2414,0,0.5361058
2415,0,0.38869265
2416,0,0.21881978
2417,1,0.3654114
2418,0,0.18663417
2419,0,0.91309905
2420,0,0.5348708
2421,1,0.47441956
2422,0,0.35227945
2423,0,0.28776875
2424,0,0.17588371
2425,0,0.3297938
2426,0,0.41796702
2427,0,0.7304764
2428,0,0.22207063
2429,0,0.2842804
2430,0,0.39341953
2431,0,0.09842402
2432,1,0.2860705
2433,0,0.22804093
2434,0,0.44092375
2435,0,0.38405967
2436,0,0.25078034
2437,0,0.3922609
2438,0,0.34602547
2439,0,0.22356918
2440,0,0.15175414
2441,0,0.38557628
2442,0,0.39266944
2443,1,0.9196519
2444,0,0.5969635
2445,0,0.4070004
2446,0,0.19963878
2447,0,0.51868856
2448,0,0.3064984
2449,0,0.5300222
2450,0,0.36795858
2451,1,0.45628262
2452,0,0.32271785
2453,1,0.40015182
2454,0,0.3890309
2455,0,0.47359562
2456,0,0.2867288
2457,0,0.39544693
2458,0,0.34584162
2459,0,0.32908025
2460,1,0.7887614
2461,1,0.25454643
2462,0,0.5428136
2463,0,0.25533792
2464,1,0.72287506
2465,0,0.31298342
2466,1,0.37856486
2467,0,0.18782777
2468,1,0.6952706
2469,1,0.8714946
2470,0,0.33112457
2471,0,0.15957133
2472,0,0.20394813
2473,0,0.58685863
2474,1,0.5083983
2475,0,0.25320765
2476,0,0.2817347
2477,0,0.32193032
2478,1,0.43757516
2479,1,0.4114634
2480,1,0.5743478
2481,0,0.31739444
2482,0,0.41251785
2483,1,0.54370487
2484,1,0.9359408
2485,0,0.25949636
2486,0,0.6106447
2487,0,0.29328
2488,0,0.4429005
2489,0,0.35981038
2490,1,0.91674346
2491,0,0.40131932
2492,0,0.3048858
2493,0,0.227931
2494,0,0.6334223
2495,0,0.30291072
2496,1,0.6633642
2497,0,0.09064807
2498,0,0.9004919
2499,0,0.3131379
2500,0,0.19814698
2501,1,0.5577864
2502,0,0.4072037
2503,0,0.1254583
2504,1,0.5892313
2505,0,0.112893224
2506,0,0.2529518
2507,0,0.54757255
2508,1,0.4836594
2509,1,0.7753498
2510,0,0.5129483
2511,0,0.18462235
2512,0,0.18675557
2513,0,0.38926083
2514,0,0.25849167
2515,1,0.4684014
2516,0,0.59843177
2517,0,0.37906364
2518,1,0.35870218
2519,0,0.2461887
2520,0,0.24182265
2521,1,0.76693165
2522,0,0.3318736
2523,1,0.72091275
2524,1,0.7157837
2525,0,0.2008557
2526,1,0.9135771
2527,0,0.6074304
2528,0,0.31517664
2529,0,0.90307677
2530,1,0.4078541
2531,0,0.39026415
2532,0,0.34683126
2533,0,0.24900188
2534,0,0.38460997
2535,0,0.33889768
2536,0,0.28094947
2537,0,0.37761122
2538,0,0.60880613
2539,1,0.92215437
2540,0,0.39956218
2541,0,0.7868637
2542,0,0.3164164
2543,0,0.2510806
2544,0,0.4304429
2545,0,0.47086242
2546,0,0.90615094
2547,1,0.37590083
2548,0,0.41553625
2549,0,0.21298088
2550,0,0.21418387
2551,0,0.24271923
2552,0,0.31477097
2553,0,0.28858793
2554,0,0.21368513
2555,0,0.4308135
2556,0,0.87937576
2557,0,0.5066821
2558,0,0.12058137
2559,0,0.35824966
2560,1,0.34616178
2561,0,0.39546117
2562,0,0.20344695
2563,0,0.31055784
2564,0,0.32135296
2565,1,0.3025928
2566,0,0.16503991
2567,0,0.600423
2568,0,0.29410967
2569,0,0.23641129
2570,1,0.67778313
2571,0,0.3871593
2572,0,0.5939209
2573,0,0.13999738
2574,0,0.2670386
2575,0,0.23595782
2576,0,0.3934984
2577,0,0.29286385
2578,0,0.2709343
2579,0,0.2186773
2580,0,0.22770053
2581,0,0.16120163
2582,0,0.2878096
2583,0,0.4742974
2584,0,0.28064495
2585,0,0.2262935
2586,0,0.5232962
2587,1,0.91791487
2588,0,0.20654519
2589,0,0.3816995
2590,0,0.30253872
2591,0,0.36944675
2592,1,0.24374287
2593,0,0.2448353
2594,1,0.24780993
2595,0,0.24011765
2596,0,0.55076605
2597,1,0.7789716
2598,0,0.41285592
2599,0,0.28154615
2600,0,0.37643158
2601,0,0.3999335
2602,0,0.17862338
2603,0,0.17555133
2604,0,0.14677197
2605,0,0.20584974
2606,0,0.16534097
2607,0,0.4055015
2608,0,0.44792324
2609,0,0.2805242
2610,0,0.22279231
2611,0,0.4678203
2612,0,0.25271842
2613,0,0.5029568
2614,0,0.30081445
2615,0,0.4627552
2616,0,0.64816105
2617,0,0.35695252
2618,0,0.44540188
2619,0,0.32421425
2620,0,0.7205499
2621,0,0.2876687
2622,0,0.34553736
2623,0,0.60226715
2624,1,0.8712455
2625,0,0.26279235
2626,1,0.8886034
2627,1,0.92650247
2628,0,0.31485647
2629,0,0.33684242
2630,1,0.34133017
2631,1,0.87472177
2632,0,0.46282282
2633,0,0.34746176
2634,0,0.35641265
2635,1,0.88999945
2636,0,0.3837928
2637,0,0.13286589
2638,0,0.2704947
2639,0,0.28325212
2640,0,0.33647558
2641,1,0.6147448
2642,0,0.4568439
2643,0,0.5002501
2644,0,0.16361837
2645,0,0.7183093
2646,0,0.6569793
2647,0,0.4272831
2648,0,0.5307449
2649,0,0.40032542
2650,1,0.5090723
2651,1,0.5407814
2652,0,0.13084458
2653,0,0.36866105
2654,0,0.5532223
2655,0,0.2422516
2656,1,0.7462898
2657,1,0.8673141
2658,0,0.18224391
2659,1,0.44114116
2660,0,0.2802189
2661,0,0.32612288
2662,1,0.9418945
2663,0,0.12993865
2664,0,0.22549143
2665,0,0.5419088
2666,0,0.23813821
2667,1,0.91433233
2668,1,0.38822114
2669,0,0.12954319
2670,0,0.29101947
2671,0,0.27420303
2672,0,0.28300017
2673,0,0.4324385
2674,0,0.3424445
2675,0,0.14714429
2676,0,0.5952646
2677,0,0.24217694
2678,0,0.12490301
2679,0,0.46241075
2680,0,0.19560239
2681,1,0.48155665
2682,0,0.38289854
2683,1,0.9155904
2684,1,0.64367056
2685,0,0.27843767
2686,0,0.22347371
2687,0,0.55069685
2688,0,0.58273107
2689,0,0.18824935
2690,0,0.71445054
2691,0,0.43461588
2692,0,0.10019812
2693,0,0.19332907
2694,0,0.21057
2695,1,0.94359154
2696,0,0.41221273
2697,0,0.27637443
2698,0,0.67993456
2699,0,0.2805242
2700,0,0.28694555
2701,1,0.3679043
2702,0,0.44746745
2703,0,0.38334885
2704,0,0.6279151
2705,1,0.48584616
2706,0,0.4599086
2707,0,0.4733002
2708,0,0.39443856
2709,0,0.19517592
2710,0,0.33686483
2711,0,0.16872554
2712,0,0.15132709
2713,0,0.32205278
2714,0,0.34227085
2715,0,0.11736313
2716,0,0.29483226
2717,0,0.31976506
2718,0,0.32451084
2719,1,0.3191812
2720,0,0.49396068
2721,0,0.30073
2722,0,0.29849455
2723,0,0.17967303
2724,0,0.6414231
2725,0,0.19970328
2726,0,0.23251832
2727,0,0.18887527
2728,0,0.16839789
2729,1,0.9024657
2730,1,0.6341479
2731,1,0.35457847
2732,0,0.40435386
2733,0,0.48437747
2734,0,0.638174
2735,1,0.27333507
2736,0,0.20848563
2737,0,0.39638954
2738,1,0.3499437
2739,0,0.15972073
2740,0,0.36331484
2741,0,0.20392044
2742,0,0.12476064
2743,0,0.21077463
2744,0,0.27747944
2745,1,0.8550687
2746,0,0.2506002
2747,0,0.21431531
2748,0,0.20812513
2749,0,0.32498327
2750,0,0.26615566
2751,1,0.26985368
2752,0,0.16495515
2753,0,0.41108054
2754,0,0.26761195
2755,0,0.15309238
2756,0,0.8875224
2757,0,0.5043496
2758,0,0.8211464
2759,0,0.49124962
2760,0,0.20380482
2761,0,0.2886658
2762,1,0.88295096
2763,0,0.31760153
2764,0,0.17909312
2765,1,0.2198911
2766,1,0.52076536
2767,0,0.4040285
2768,0,0.81140393
2769,0,0.26899388
2770,0,0.21357992
2771,0,0.31578895
2772,0,0.46562207
2773,1,0.9214457
2774,1,0.21291645
2775,0,0.28804588
2776,1,0.52292687
2777,0,0.112067446
2778,0,0.4520526
2779,0,0.39956203
2780,0,0.50023466
2781,1,0.8565961
2782,0,0.16221784
2783,0,0.22838275
2784,0,0.44077373
2785,0,0.25901315
2786,1,0.27397874
2787,0,0.38744867
2788,0,0.929783
2789,0,0.48783195
2790,0,0.2411914
2791,0,0.25066805
2792,0,0.4811632
2793,0,0.6167637
2794,0,0.49587622
2795,0,0.18492839
2796,0,0.9056361
2797,0,0.8795843
2798,0,0.11293313
2799,0,0.3189626
2800,0,0.30925405
2801,0,0.26258847
2802,0,0.5151591
2803,0,0.2846023
2804,0,0.20509121
2805,0,0.42768773
2806,1,0.6038798
2807,0,0.296752
2808,0,0.17728144
2809,0,0.36735174
2810,0,0.36524352
2811,0,0.32412383
2812,0,0.47550705
2813,0,0.13581811
2814,0,0.40061244
2815,1,0.90783924
2816,0,0.27552536
2817,0,0.2558151
2818,0,0.8681739
2819,0,0.34308296
2820,1,0.20840168
2821,0,0.4430096
2822,0,0.33534434
2823,0,0.34661728
2824,0,0.22181234
2825,0,0.4827537
2826,0,0.13194247
2827,0,0.5536061
2828,0,0.23610471
2829,0,0.3835991
2830,0,0.48607042
2831,1,0.6427165
2832,0,0.37335902
2833,0,0.29776746
2834,0,0.5197434
2835,0,0.256753
2836,0,0.41446373
2837,1,0.81636107
2838,0,0.35698798
2839,1,0.80132526
2840,0,0.48252198
2841,0,0.34678733
2842,1,0.31627375
2843,0,0.5165817
2844,0,0.14786471
2845,1,0.4855158
2846,0,0.5348174
2847,0,0.24900426
2848,0,0.36093572
2849,1,0.8659257
2850,1,0.92920315
2851,0,0.3548178
2852,0,0.5782884
2853,0,0.20544028
2854,0,0.4190718
2855,0,0.32221675
2856,0,0.6783234
2857,0,0.10022079
2858,0,0.8623406
2859,0,0.30821902
2860,0,0.22543724
2861,0,0.5108391
2862,0,0.28919062
2863,1,0.8221398
2864,1,0.42478168
2865,0,0.47290668
2866,0,0.3516881
2867,0,0.27779618
2868,0,0.15085678
2869,0,0.39673245
2870,1,0.90813607
2871,0,0.350082
2872,0,0.38133374
2873,1,0.39235038
2874,1,0.6889291
2875,0,0.31070217
2876,0,0.20185935
2877,0,0.29477122
2878,0,0.31687465
2879,0,0.12408144
2880,1,0.83765477
2881,0,0.4354492
2882,1,0.85773647
2883,0,0.376147
2884,1,0.25633085
2885,0,0.55813533
2886,1,0.90794814
2887,0,0.3906259
2888,1,0.27310428
2889,0,0.18244334
2890,1,0.47946805
2891,0,0.28013125
2892,0,0.20601512
2893,1,0.9240047
2894,1,0.81318665
2895,0,0.3773012
2896,1,0.3448452
2897,0,0.46812662
2898,0,0.90808463
2899,0,0.46736613
2900,0,0.46115142
2901,1,0.8917162
2902,1,0.90355116
2903,0,0.46090224
2904,0,0.21555069
2905,0,0.45713478
2906,0,0.35096154
2907,0,0.5345298
2908,0,0.24264395
2909,0,0.31615493
2910,0,0.115699984
2911,1,0.9123374
2912,0,0.17366868
2913,1,0.24514396
2914,0,0.15827562
2915,0,0.46770844
2916,0,0.27218115
2917,0,0.28703174
2918,0,0.38222975
2919,0,0.12244919
2920,1,0.4084397
2921,0,0.3680194
2922,1,0.81629807
2923,0,0.40689713
2924,0,0.66105396
2925,0,0.28859246
2926,0,0.29269105
2927,0,0.34486818
2928,1,0.8885583
2929,0,0.47815123
2930,1,0.7746049
2931,0,0.43222612
2932,0,0.7604702
2933,1,0.2936666
2934,0,0.22356239
2935,0,0.14415877
2936,0,0.21242933
2937,0,0.21076559
2938,0,0.36928684
2939,0,0.20502004
2940,0,0.16762935
2941,0,0.24392684
2942,0,0.28896928
2943,0,0.26863316
2944,1,0.8593807
2945,1,0.8929362
2946,0,0.32899058
2947,0,0.70601004
2948,0,0.2822523
2949,0,0.28740674
2950,0,0.4078066
2951,1,0.7614829
2952,0,0.5533875
2953,0,0.37819946
2954,0,0.17899218
2955,0,0.20908931
2956,0,0.31455418
2957,0,0.3624428
2958,1,0.61557454
2959,0,0.49222293
2960,1,0.41730988
2961,0,0.3469517
2962,0,0.36345693
2963,1,0.5385016
2964,0,0.8393277
2965,0,0.40225235
2966,1,0.62941796
2967,0,0.2928081
2968,0,0.36341366
2969,0,0.3870254
2970,0,0.26746672
2971,0,0.36930388
2972,0,0.13027796
2973,0,0.22707038
2974,0,0.34442157
2975,0,0.34921092
2976,1,0.5434236
2977,0,0.14230807
2978,0,0.37646666
2979,0,0.31235376
2980,0,0.28548113
2981,1,0.92463064
2982,0,0.2682984
2983,0,0.36344534
2984,0,0.25522622
2985,1,0.910373
2986,0,0.49741715
2987,0,0.48284906
2988,1,0.8758573
2989,0,0.5039434
2990,0,0.71289104
2991,0,0.22118188
2992,0,0.12702174
2993,0,0.21686606
2994,0,0.6778507
2995,1,0.33514643
2996,1,0.38840285
2997,0,0.43785152
2998,0,0.3448452
2999,0,0.3868586
3000,0,0.35902873
3001,0,0.24131545
3002,0,0.36398885
3003,0,0.38229117
3004,0,0.301583
3005,0,0.43713015
3006,0,0.291349
3007,0,0.3532126
3008,0,0.41387087
3009,0,0.40318453
3010,0,0.6512519
3011,0,0.20331785
3012,0,0.2898693
3013,0,0.22511628
3014,1,0.57979417
3015,1,0.34579006
3016,0,0.5858755
3017,0,0.30803823
3018,0,0.28707677
3019,0,0.2571468
3020,0,0.2196334
3021,0,0.1594005
3022,0,0.32426065
3023,1,0.18283057
3024,0,0.29600307
3025,0,0.23019208
3026,0,0.31379923
3027,0,0.27972502
3028,0,0.32220694
3029,0,0.4076353
3030,0,0.3846646
3031,0,0.34484664
3032,1,0.32104483
3033,0,0.485084
3034,0,0.4037941
3035,0,0.8974313
3036,0,0.13653328
3037,1,0.89832854
3038,1,0.850997
3039,0,0.20727192
3040,0,0.4055012
3041,1,0.5439118
3042,0,0.5144392
3043,1,0.4241894
3044,0,0.3512359
3045,0,0.27133042
3046,0,0.6439566
3047,1,0.85030615
3048,0,0.29749945
3049,1,0.7636327
3050,1,0.47774294
3051,0,0.4494727
3052,0,0.47548327
3053,0,0.61637765
3054,0,0.2260112
3055,0,0.20925038
3056,0,0.24735615
3057,1,0.5855807
3058,0,0.5041576
3059,0,0.19901381
3060,0,0.4296631
3061,0,0.3391237
3062,0,0.28668198
3063,0,0.3000871
3064,0,0.48059875
3065,1,0.53476393
3066,0,0.31462544
3067,1,0.6147071
3068,1,0.42064747
3069,1,0.40914127
3070,0,0.37912217
3071,0,0.1984449
3072,0,0.32575247
3073,0,0.4159117
3074,0,0.44586828
3075,0,0.42789903
3076,0,0.63513297
3077,0,0.51313514
3078,1,0.666088
3079,1,0.4088989
3080,0,0.16601793
3081,0,0.29425418
3082,0,0.45894673
3083,0,0.305395
3084,0,0.9243786
3085,0,0.7020271
3086,0,0.26990443
3087,0,0.18910567
3088,1,0.22953598
3089,1,0.45059407
3090,0,0.42208812
3091,0,0.2561045
3092,1,0.8824111
3093,0,0.91887075
3094,0,0.16480058
3095,0,0.35991704
3096,0,0.8855214
3097,0,0.4465095
3098,1,0.91496354
3099,0,0.406822
3100,0,0.41636044
3101,1,0.6678887
3102,0,0.30836073
3103,0,0.1576366
3104,0,0.29753253
3105,0,0.54504126
3106,0,0.19610952
3107,0,0.28260556
3108,1,0.34458223
3109,0,0.3136899
3110,0,0.1507003
3111,1,0.6668025
3112,0,0.1688523
3113,0,0.33687353
3114,0,0.35865974
3115,0,0.3087924
3116,0,0.27242997
3117,0,0.25155127
3118,1,0.63866633
3119,1,0.5559887
3120,0,0.29088533
3121,0,0.2574869
3122,0,0.4430868
3123,0,0.14389674
3124,0,0.3270234
3125,0,0.33543453
3126,0,0.35158768
3127,1,0.9087653
3128,0,0.33425346
3129,0,0.32974893
3130,0,0.25467476
3131,1,0.4533965
3132,1,0.47345525
3133,0,0.22797701
3134,1,0.38582313
3135,0,0.33356094
3136,1,0.8884961
3137,0,0.4739748
3138,0,0.515582
3139,1,0.7379712
3140,0,0.19800282
3141,1,0.9191415
3142,0,0.1052726
3143,0,0.3730105
3144,0,0.2695564
3145,1,0.7965884
3146,0,0.4796213
3147,0,0.8732989
3148,0,0.25901043
3149,0,0.6298138
3150,0,0.24508616
3151,1,0.72056013
3152,0,0.20624492
3153,0,0.41591957
3154,0,0.27628532
3155,0,0.2655263
3156,0,0.38568816
3157,0,0.3511564
3158,0,0.22955254
3159,1,0.20193273
3160,0,0.54589623
3161,0,0.09472576
3162,0,0.43241486
3163,0,0.54227114
3164,0,0.22373995
3165,0,0.44512677
3166,0,0.28903964
3167,1,0.7859609
3168,0,0.3094618
3169,0,0.3028957
3170,1,0.6186196
3171,1,0.94227785
3172,0,0.381434
3173,0,0.39342707
3174,1,0.16609845
3175,0,0.24866991
3176,1,0.30437598
3177,0,0.49780774
3178,0,0.35930306
3179,0,0.45403042
3180,1,0.8676768
3181,1,0.2924012
3182,0,0.6878995
3183,1,0.32438743
3184,0,0.35733774
3185,0,0.2071231
3186,0,0.19699602
3187,1,0.32466075
3188,0,0.23140533
3189,1,0.75553715
3190,0,0.46487084
3191,0,0.39757913
3192,0,0.23662369
3193,0,0.24950287
3194,1,0.627848
3195,0,0.29670417
3196,1,0.9220862
3197,0,0.16720732
3198,0,0.09851266
3199,0,0.4058907
3200,0,0.47381604
3201,1,0.87347543
3202,0,0.37510785
3203,0,0.4869195
3204,1,0.2438647
3205,0,0.30928352
3206,0,0.6127966
3207,0,0.3699063
3208,0,0.38170475
3209,0,0.24072744
3210,0,0.20066543
3211,0,0.25364867
3212,0,0.34875974
3213,1,0.39359713
3214,0,0.43051067
3215,0,0.2888807
3216,1,0.52825975
3217,0,0.46470934
3218,0,0.16525492
3219,0,0.91419643
3220,0,0.27937135
3221,0,0.3940429
3222,0,0.21569784
3223,0,0.37206465
3224,0,0.297669
3225,1,0.9169314
3226,0,0.16399069
3227,1,0.3989805
3228,0,0.8504511
3229,0,0.23049796
3230,1,0.61812013
3231,1,0.60985565
3232,0,0.122913405
3233,0,0.35507113
3234,0,0.39245203
3235,0,0.48120084
3236,0,0.250517
3237,1,0.4350834
3238,1,0.58848155
3239,0,0.48902354
3240,0,0.4993555
3241,1,0.6650677
3242,0,0.47623608
3243,0,0.33941546
3244,0,0.8904787
3245,0,0.13799839
3246,0,0.45009762
3247,0,0.16192445
3248,0,0.40250915
3249,0,0.63719857
3250,0,0.3090991
3251,1,0.88992846
3252,1,0.4315118
3253,0,0.3478322
3254,1,0.5124172
3255,0,0.42499056
3256,0,0.32717112
3257,0,0.8724471
3258,0,0.51283306
3259,1,0.4116077
3260,0,0.53476393
3261,0,0.20184961
3262,0,0.24196957
3263,0,0.21035312
3264,0,0.33471486
3265,1,0.69466764
3266,0,0.3816644
3267,0,0.31370023
3268,0,0.627389
3269,0,0.41744462
3270,0,0.28362367
3271,0,0.31323868
3272,0,0.19033581
3273,0,0.31884402
3274,0,0.41727683
3275,0,0.14344466
3276,0,0.3166884
3277,0,0.21084368
3278,0,0.6692831
3279,0,0.3254189
3280,1,0.76737225
3281,0,0.2735539
3282,0,0.33281437
3283,1,0.7112909
3284,0,0.1641957
3285,1,0.8920738
3286,0,0.14009006
3287,0,0.3008669
3288,0,0.2594422
3289,0,0.27170375
3290,0,0.38508713
3291,1,0.57658094
3292,0,0.31051183
3293,0,0.6736726
3294,0,0.7498216
3295,1,0.918509
3296,0,0.32199788
3297,1,0.14482492
3298,0,0.5159051
3299,0,0.28260556
3300,0,0.2412185
3301,0,0.24796784
3302,0,0.16896206
3303,0,0.3315871
3304,0,0.64366084
3305,0,0.50085497
3306,1,0.9196214
3307,0,0.48136312
3308,1,0.41546273
3309,0,0.3902688
3310,1,0.8609181
3311,0,0.37302357
3312,0,0.32475415
3313,0,0.31264046
3314,1,0.7088855
3315,0,0.47330916
3316,1,0.27359673
3317,0,0.3095554
3318,0,0.8495535
3319,0,0.3015488
3320,0,0.090889856
3321,0,0.15091635
3322,0,0.25340658
3323,1,0.2420178
3324,0,0.26652566
3325,1,0.8377091
3326,0,0.5770322
3327,0,0.64718103
3328,0,0.8385483
3329,0,0.25197142
3330,0,0.43358123
3331,1,0.8959936
3332,0,0.32977405
3333,0,0.3417499
3334,0,0.2625469
3335,0,0.44924682
3336,0,0.15144622
3337,0,0.1675938
3338,0,0.6131847
3339,0,0.33905685
3340,0,0.62682074
3341,1,0.8589584
3342,0,0.22081783
3343,0,0.40932554
3344,0,0.22601266
3345,0,0.40151003
3346,0,0.30519092
3347,0,0.15172748
3348,1,0.8624614
3349,1,0.70829767
3350,0,0.25126165
3351,0,0.56193286
3352,1,0.8608103
3353,0,0.40265298
3354,1,0.68848616
3355,1,0.9490372
3356,0,0.46360675
3357,1,0.49776533
3358,0,0.25207582
3359,0,0.41677943
3360,1,0.8804072
3361,0,0.3058528
3362,0,0.43237215
3363,0,0.45726117
3364,0,0.16023012
3365,0,0.4112304
3366,0,0.33896142
3367,0,0.19921625
3368,0,0.15980384
3369,0,0.8273495
3370,0,0.78185475
3371,0,0.22699393
3372,0,0.17676415
3373,0,0.41932246
3374,0,0.4977589
3375,0,0.114349015
3376,1,0.3025325
3377,0,0.3061352
3378,0,0.32972744
3379,0,0.45929983
3380,0,0.33610493
3381,0,0.33048207
3382,0,0.4893902
3383,0,0.4841607
3384,0,0.4547683
3385,0,0.12310107
3386,0,0.41099972
3387,1,0.5362001
3388,0,0.8347802
3389,0,0.41194502
3390,0,0.4188491
3391,0,0.2202096
3392,0,0.16552763
3393,0,0.37835935
3394,1,0.8982055
3395,0,0.4170106
3396,0,0.35158983
3397,0,0.31297463
3398,0,0.6312289
3399,0,0.37687117
3400,0,0.64821804
3401,0,0.4129786
3402,0,0.17667656
3403,1,0.88867587
3404,0,0.28920573
3405,1,0.5531422
3406,0,0.7296864
3407,1,0.7714931
3408,1,0.6059059
3409,0,0.70095885
3410,0,0.6892539
3411,0,0.77499187
3412,0,0.1612301
3413,1,0.8958616
3414,1,0.3937904
3415,0,0.35356334
3416,0,0.8717192
3417,0,0.4351363
3418,0,0.27871054
3419,1,0.35003522
3420,1,0.2959418
3421,0,0.50559574
3422,0,0.7536592
3423,0,0.19010743
3424,0,0.41060647
3425,0,0.21515188
3426,0,0.29832906
3427,0,0.2645015
3428,0,0.3660665
3429,0,0.082790114
3430,0,0.45359147
3431,0,0.42180097
3432,0,0.17449917
3433,0,0.1332006
3434,0,0.817544
3435,0,0.21266904
3436,1,0.90023756
3437,1,0.24669933
3438,0,0.26134163
3439,0,0.2644584
3440,0,0.1436774
3441,0,0.17859195
3442,0,0.4269993
3443,0,0.5394708
3444,0,0.37002614
3445,0,0.3486442
3446,0,0.1487105
3447,1,0.46320212
3448,0,0.47873685
3449,0,0.48182955
3450,0,0.5754619
3451,1,0.35952258
3452,0,0.6015076
3453,0,0.33914188
3454,1,0.83894396
3455,0,0.33749375
3456,1,0.31300756
3457,1,0.41907144
3458,1,0.3595574
3459,0,0.27887464
3460,0,0.3858893
3461,0,0.43622842
3462,0,0.50258106
3463,0,0.4521757
3464,0,0.2434624
3465,1,0.29762435
3466,0,0.46546993
3467,0,0.24821475
3468,0,0.46595353
3469,1,0.8547099
3470,0,0.49523866
3471,0,0.55831176
3472,0,0.8850527
3473,0,0.4294368
3474,0,0.2867293
3475,0,0.23549038
3476,0,0.51010513
3477,0,0.20591512
3478,0,0.37095818
3479,0,0.6719908
3480,0,0.41989893
3481,0,0.42525753
3482,0,0.9226405
3483,0,0.3344115
3484,0,0.18204236
3485,0,0.1852187
3486,1,0.5833669
3487,1,0.5843178
3488,0,0.28043357
3489,0,0.614241
3490,0,0.5311942
3491,0,0.42532197
3492,0,0.25154796
3493,0,0.40116093
3494,0,0.55226475
3495,1,0.3013496
3496,0,0.21654771
3497,0,0.55894953
3498,0,0.2632986
3499,0,0.3762276
3500,0,0.50225246
3501,0,0.33036956
3502,0,0.15366486
3503,0,0.3301753
3504,0,0.21848936
3505,0,0.489439
3506,0,0.396389
3507,0,0.4185066
3508,0,0.25315475
3509,0,0.27553183
3510,0,0.36089686
3511,0,0.2809553
3512,0,0.91347945
3513,0,0.22219925
3514,0,0.16121832
3515,0,0.3830706
3516,0,0.40433294
3517,0,0.24026339
3518,1,0.2432545
3519,0,0.24947865
3520,1,0.5527784
3521,0,0.40828496
3522,0,0.4095664
3523,1,0.35041654
3524,0,0.15394723
3525,0,0.4284083
3526,1,0.71258175
3527,1,0.8735514
3528,1,0.92022115
3529,0,0.33363166
3530,0,0.5490962
3531,0,0.21988161
3532,1,0.26936296
3533,1,0.86134696
3534,0,0.2896348
3535,0,0.39284056
3536,1,0.8856051
3537,0,0.3709299
3538,0,0.23458996
3539,0,0.4456954
3540,1,0.42226157
3541,0,0.31217366
3542,1,0.25111502
3543,0,0.7716167
3544,0,0.17444074
3545,0,0.20608658
3546,0,0.08864501
3547,0,0.33602247
3548,0,0.19289753
3549,0,0.25222772
3550,0,0.51224625
3551,0,0.36424348
3552,0,0.35809577
3553,1,0.4308845
3554,0,0.21489207
3555,1,0.43826163
3556,0,0.265164
3557,0,0.1873947
3558,0,0.35077015
3559,1,0.88677156
3560,1,0.92513
3561,0,0.66215694
3562,0,0.61362123
3563,0,0.30031052
3564,0,0.28052288
3565,1,0.8796652
3566,0,0.5319214
3567,0,0.45155287
3568,0,0.1863816
3569,0,0.35096124
3570,0,0.40695938
3571,1,0.24178426
3572,0,0.34702832
3573,0,0.4864817
3574,0,0.16530564
3575,0,0.32206604
3576,0,0.2693536
3577,0,0.31726784
3578,0,0.4010825
3579,0,0.43455094
3580,0,0.18134199
3581,0,0.50147504
3582,0,0.32001284
3583,0,0.5239048
3584,0,0.3473026
3585,1,0.3379727
3586,0,0.38874593
3587,0,0.23388651
3588,0,0.30833596
3589,0,0.2037525
3590,0,0.45130804
3591,0,0.9005775
3592,0,0.29046848
3593,0,0.6845791
3594,0,0.20610966
3595,0,0.34757048
3596,0,0.7531795
3597,0,0.18184194
3598,0,0.18350664
3599,0,0.2803972
3600,0,0.6091217
3601,1,0.9181003
3602,1,0.3804953
3603,1,0.50277853
3604,0,0.32542112
3605,0,0.7026107
3606,0,0.3975807
3607,1,0.18183753
3608,0,0.11802143
3609,0,0.5935097
3610,0,0.26295567
3611,0,0.44989306
3612,0,0.43465912
3613,0,0.200737
3614,0,0.28657255
3615,0,0.54483
3616,0,0.5387045
3617,1,0.88732266
3618,1,0.4078573
3619,0,0.17771651
3620,1,0.59363264
3621,0,0.3308331
3622,0,0.4335171
3623,0,0.27044895
3624,0,0.2954509
3625,0,0.1972947
3626,0,0.13920952
3627,0,0.4599076
3628,0,0.28660554
3629,0,0.4569509
3630,0,0.16952989
3631,0,0.28684708
3632,0,0.32449228
3633,0,0.2509083
3634,0,0.20745756
3635,1,0.9271984
3636,0,0.36659074
3637,0,0.21433754
3638,0,0.42769727
3639,0,0.46802163
3640,0,0.1427989
3641,0,0.2379915
3642,1,0.36004853
3643,0,0.1967563
3644,0,0.48878902
3645,1,0.32026866
3646,1,0.59175026
3647,1,0.8956564
3648,1,0.83393466
3649,0,0.31060666
3650,0,0.91726434
3651,0,0.4918337
3652,0,0.15212937
3653,0,0.6583047
3654,0,0.35084683
3655,0,0.26186472
3656,0,0.44790167
3657,0,0.21026914
3658,0,0.28653887
3659,0,0.11689068
3660,0,0.3225383
3661,0,0.34957203
3662,0,0.41239777
3663,0,0.09205655
3664,1,0.6074847
3665,0,0.29413235
3666,0,0.8678022
3667,0,0.21290624
3668,0,0.42076904
3669,0,0.34189954
3670,0,0.21062349
3671,1,0.87404096
3672,0,0.49038142
3673,0,0.6207579
3674,0,0.3055639
3675,0,0.3020869
3676,1,0.66858065
3677,1,0.92912173
3678,1,0.6023228
3679,0,0.1861172
3680,1,0.55495375
3681,0,0.9103883
3682,0,0.41918686
3683,0,0.15896897
3684,0,0.84979373
3685,0,0.3181901
3686,0,0.6002164
3687,0,0.28471154
3688,0,0.17198499
3689,0,0.3509593
3690,1,0.2655729
3691,0,0.4440116
3692,1,0.88464946
3693,0,0.16269833
3694,0,0.29951516
3695,0,0.3849556
3696,1,0.378064
3697,0,0.23707852
3698,0,0.30505902
3699,1,0.37249756
3700,1,0.42275226
3701,0,0.30906272
3702,0,0.16530287
3703,0,0.27677143
3704,1,0.5986152
3705,1,0.6562447
3706,0,0.38079625
3707,0,0.27697498
3708,0,0.19684972
3709,0,0.22494914
3710,0,0.19165482
3711,0,0.27737555
3712,0,0.493706
3713,0,0.64163667
3714,0,0.5032303
3715,0,0.5433388
3716,0,0.19815584
3717,0,0.66908526
3718,0,0.27220026
3719,0,0.60416985
3720,0,0.103280224
3721,0,0.53422886
3722,0,0.7718922
3723,0,0.35061008
3724,0,0.76250017
3725,0,0.18704078
3726,0,0.31341124
3727,1,0.31136212
3728,0,0.44253218
3729,0,0.48400152
3730,0,0.28655207
3731,0,0.18543284
3732,1,0.5214336
3733,1,0.42733532
3734,1,0.53099304
3735,0,0.6753862
3736,0,0.41332912
3737,0,0.2966443
3738,1,0.9138014
3739,1,0.44696182
3740,0,0.64597386
3741,0,0.3534844
3742,1,0.74547064
3743,1,0.3306375
3744,1,0.9346198
3745,0,0.3848467
3746,0,0.11833094
3747,0,0.40179273
3748,0,0.31764707
3749,1,0.83668005
3750,0,0.7665074
3751,0,0.3607499
3752,0,0.2126672
3753,0,0.41470286
3754,0,0.56053257
3755,1,0.88253236
3756,0,0.6078604
3757,0,0.23372455
3758,0,0.18932517
3759,1,0.3984437
3760,0,0.43909574
3761,0,0.3899338
3762,0,0.4130673
3763,0,0.33683744
3764,0,0.1540893
3765,0,0.30306724
3766,1,0.8389142
3767,0,0.29374552
3768,0,0.35321698
3769,0,0.5447407
3770,0,0.09184252
3771,1,0.37313417
3772,1,0.87368035
3773,0,0.21860039
3774,0,0.17433581
3775,0,0.5246242
3776,1,0.42400745
3777,0,0.16634965
3778,0,0.2875458
3779,0,0.5602302
3780,1,0.9281752
3781,1,0.27591524
3782,1,0.6007709
3783,0,0.45241103
3784,0,0.16797598
3785,0,0.1688427
3786,1,0.64996547
3787,1,0.61362123
3788,0,0.18548486
3789,0,0.17932871
3790,1,0.26020268
3791,0,0.32003137
3792,0,0.16962628
3793,0,0.27749974
3794,0,0.35696158
3795,0,0.39011925
3796,0,0.56417763
3797,1,0.43025687
3798,0,0.86720884
3799,1,0.3301241
3800,0,0.36496463
3801,0,0.39014903
3802,1,0.31111872
3803,0,0.30171457
3804,1,0.44738707
3805,1,0.7445333
3806,0,0.32586527
3807,0,0.924584
3808,1,0.46318763
3809,0,0.41359046
3810,0,0.16840866
3811,1,0.109440334
3812,0,0.59244746
3813,0,0.3911568
3814,0,0.77078277
3815,0,0.803013
3816,1,0.8212849
3817,0,0.29444492
3818,1,0.55781686
3819,0,0.1735671
3820,0,0.28923032
3821,0,0.4044579
3822,0,0.5508317
3823,0,0.36224917
3824,0,0.6665864
3825,0,0.38048917
3826,1,0.79862964
3827,0,0.19461022
3828,0,0.40062678
3829,0,0.40327355
3830,0,0.84925085
3831,0,0.2916024
3832,0,0.2182689
3833,0,0.2137105
3834,0,0.86391777
3835,0,0.19501695
3836,0,0.30219126
3837,1,0.42714506
3838,0,0.2562602
3839,0,0.17154592
3840,0,0.2815917
3841,0,0.29487273
3842,1,0.9410047
3843,0,0.2657448
3844,0,0.5140864
3845,0,0.51964265
3846,0,0.21148162
3847,0,0.433834
3848,0,0.31358355
3849,0,0.85798115
3850,0,0.21975622
3851,1,0.21588962
3852,1,0.4444825
3853,0,0.66368943
3854,0,0.21278639
3855,0,0.13569926
3856,0,0.1654818
3857,0,0.5695362
3858,0,0.35346994
3859,1,0.4449141
3860,0,0.68067396
3861,0,0.32350564
3862,0,0.5928295
3863,0,0.15320791
3864,0,0.5162676
3865,1,0.8965644
3866,1,0.40881088
3867,0,0.62628007
3868,1,0.8428019
3869,0,0.33686933
3870,1,0.5992816
3871,0,0.4583436
3872,1,0.6812607
3873,0,0.30264398
3874,0,0.37551665
3875,0,0.6396766
3876,0,0.21264516
3877,0,0.24227172
3878,0,0.33388886
3879,1,0.78533036
3880,0,0.7463236
3881,0,0.20394118
3882,0,0.19346654
3883,1,0.8850117
3884,0,0.18071882
3885,0,0.43591377
3886,0,0.5209606
3887,0,0.29411083
3888,0,0.2686717
3889,0,0.3839335
3890,0,0.25027722
3891,0,0.41148904
3892,1,0.9105427
3893,0,0.13290687
3894,0,0.80256563
3895,0,0.28576314
3896,0,0.26382175
3897,0,0.36051136
3898,0,0.36591068
3899,0,0.64009756
3900,0,0.17279978
3901,0,0.38329864
3902,1,0.82883626
3903,1,0.9179007
3904,0,0.075741634
3905,0,0.53738004
3906,0,0.5774834
3907,0,0.20806727
3908,0,0.89749044
3909,1,0.9418628
3910,0,0.40996408
3911,0,0.30942586
3912,1,0.45750296
3913,0,0.14410439
3914,1,0.75731224
3915,0,0.29811648
3916,0,0.6111366
3917,1,0.8823741
3918,0,0.33190715
3919,1,0.45388043
3920,0,0.28138962
3921,1,0.37093306
3922,0,0.30916244
3923,0,0.53254503
3924,0,0.31350818
3925,0,0.50778973
3926,0,0.29194805
3927,0,0.61583203
3928,0,0.3741221
3929,0,0.84069663
3930,1,0.8774122
3931,0,0.3786153
3932,0,0.6562461
3933,0,0.2644802
3934,0,0.43214056
3935,1,0.9159674
3936,0,0.62737554
3937,1,0.34220695
3938,0,0.6878398
3939,0,0.29030454
3940,0,0.3079761
3941,0,0.5161624
3942,0,0.36623615
3943,0,0.9180776
3944,0,0.4729532
3945,1,0.9158489
3946,0,0.32034665
3947,0,0.42577288
3948,0,0.24553911
3949,0,0.34568417
3950,0,0.18722883
3951,0,0.31768042
3952,0,0.47915998
3953,0,0.09199177
3954,0,0.28845885
3955,0,0.23187554
3956,0,0.51481795
3957,0,0.34064412
3958,1,0.4184291
3959,0,0.37572643
3960,0,0.16553251
3961,0,0.3451223
3962,0,0.20455465
3963,0,0.46049172
3964,0,0.4796658
3965,0,0.31752253
3966,0,0.3436663
3967,0,0.31182268
3968,0,0.23600131
3969,0,0.46374175
3970,1,0.55466896
3971,0,0.31577402
3972,0,0.20175616
3973,0,0.23422518
3974,0,0.27243844
3975,0,0.52067107
3976,0,0.31159797
3977,1,0.8602437
3978,0,0.28462327
3979,0,0.21260709
3980,1,0.9336978
3981,0,0.22848965
3982,0,0.21881054
3983,0,0.7242208
3984,1,0.81321156
3985,0,0.24224581
3986,0,0.23689494
3987,1,0.91806644
3988,1,0.92116153
3989,1,0.46800596
3990,0,0.37530863
3991,0,0.45236552
3992,0,0.19734973
3993,1,0.34435466
3994,1,0.5525005
3995,0,0.3062045
3996,0,0.2455279
3997,0,0.8181163
3998,0,0.70933247
3999,0,0.2642682
4000,0,0.40660653
4001,0,0.64451706
4002,0,0.26192117
4003,0,0.49418905
4004,0,0.5375899
4005,0,0.30547714
4006,1,0.910841
4007,0,0.36154875
4008,1,0.29919514
4009,0,0.22419521
4010,0,0.3710245
4011,1,0.4908472
4012,0,0.27947697
4013,1,0.27096736
4014,0,0.71439785
4015,0,0.17833944
4016,0,0.5991782
4017,0,0.09521312
4018,0,0.6929257
4019,0,0.44207326
4020,0,0.32700518
4021,0,0.22514994
4022,0,0.3827266
4023,0,0.19495647
4024,0,0.42901784
4025,0,0.9183641
4026,0,0.17167334
4027,0,0.14411394
4028,0,0.5615962
4029,1,0.6443882
4030,0,0.29277265
4031,1,0.6199325
4032,0,0.35992762
4033,0,0.33071706
4034,0,0.17603423
4035,0,0.21050327
4036,0,0.74957514
4037,0,0.36194542
4038,0,0.26845282
4039,0,0.4266842
4040,0,0.2903612
4041,0,0.38357314
4042,0,0.48519123
4043,0,0.1856831
4044,0,0.4828823
4045,0,0.18325086
4046,0,0.40002036
4047,0,0.36818343
4048,0,0.49423447
4049,1,0.41434318
4050,1,0.8653669
4051,0,0.6382459
4052,0,0.64686704
4053,0,0.83748835
4054,0,0.21793248
4055,1,0.6747206
4056,0,0.16552763
4057,1,0.9107905
4058,0,0.18828404
4059,0,0.8457019
4060,0,0.18066566
4061,0,0.27862707
4062,1,0.4523857
4063,0,0.19637758
4064,0,0.16028517
4065,0,0.28323337
4066,0,0.45466
4067,0,0.62681204
4068,0,0.37963742
4069,0,0.50180423
4070,0,0.22906065
4071,0,0.34585798
4072,0,0.40768626
4073,1,0.54024667
4074,0,0.1409649
4075,1,0.26123515
4076,0,0.3308299
4077,0,0.25988773
4078,0,0.17492285
4079,0,0.31878474
4080,0,0.29121745
4081,0,0.5001848
4082,0,0.38016084
4083,0,0.19060044
4084,1,0.33085167
4085,0,0.29197347
4086,0,0.17880097
4087,0,0.2823952
4088,1,0.52307683
4089,0,0.14969666
4090,0,0.39578643
4091,0,0.30226675
4092,0,0.24715504
4093,1,0.57710916
4094,0,0.6527464
4095,0,0.117628515
4096,0,0.67580587
4097,0,0.24957585
4098,0,0.24596792
4099,1,0.8996966
4100,0,0.26414394
4101,1,0.40938297
4102,0,0.29321083
4103,1,0.5415965
4104,1,0.64316154
4105,0,0.23278587
4106,0,0.4365123
4107,0,0.2842356
4108,0,0.2827746
4109,0,0.23286635
4110,0,0.3331774
4111,0,0.16053043
4112,0,0.20563503
4113,1,0.29356685
4114,0,0.66645014
4115,0,0.13585272
4116,0,0.22214372
4117,0,0.4655364
4118,0,0.462155
4119,1,0.6978114
4120,0,0.3111682
4121,0,0.4913816
4122,1,0.41871306
4123,0,0.6973903
4124,0,0.40170854
4125,0,0.4485436
4126,0,0.22901192
4127,0,0.32875794
4128,0,0.28284213
4129,1,0.74723953
4130,0,0.112661265
4131,0,0.2050384
4132,0,0.6077481
4133,0,0.32952142
4134,1,0.86405635
4135,0,0.28646547
4136,0,0.24862342
4137,1,0.91540354
4138,1,0.877827
4139,0,0.85441315
4140,0,0.82203853
4141,0,0.28379723
4142,0,0.44602793
4143,0,0.40359572
4144,0,0.39550585
4145,1,0.73209065
4146,0,0.343191
4147,0,0.29158375
4148,0,0.19886912
4149,0,0.32944664
4150,0,0.91385376
4151,1,0.5835927
4152,0,0.36481693
4153,0,0.2305883
4154,0,0.90089786
4155,0,0.5512978
4156,0,0.1431266
4157,0,0.27085155
4158,0,0.29297024
4159,0,0.35536793
4160,1,0.8634007
4161,1,0.8991318
4162,0,0.20724797
4163,0,0.5137928
4164,0,0.43194026
4165,0,0.14883038
4166,1,0.8340632
4167,1,0.8537085
4168,0,0.40635687
4169,0,0.4671474
4170,1,0.41735098
4171,1,0.3435538
4172,1,0.4416512
4173,0,0.3470141
4174,1,0.6095505
4175,1,0.3184341
4176,0,0.49477783
4177,1,0.8250514
4178,0,0.19160423
4179,0,0.8773654
4180,0,0.272892
4181,0,0.47400233
4182,0,0.849991
4183,0,0.38774955
4184,0,0.33068368
4185,0,0.67493933
4186,0,0.43990895
4187,1,0.3505124
4188,0,0.34099174
4189,0,0.40649247
4190,1,0.14927353
4191,1,0.7897777
4192,1,0.37999615
4193,0,0.22942205
4194,0,0.39240152
4195,0,0.37915143
4196,1,0.53007305
4197,1,0.51637524
4198,0,0.3756009
4199,0,0.1523146
4200,1,0.54801637
4201,0,0.26505682
4202,0,0.2226246
4203,0,0.21349917
4204,0,0.5152115
4205,1,0.38201815
4206,1,0.8882194
4207,0,0.23845108
4208,0,0.17866874
4209,0,0.6060441
4210,0,0.7150043
4211,0,0.12954038
4212,0,0.3436017
4213,0,0.32185876
4214,0,0.25790977
4215,0,0.9166233
4216,0,0.5950992
4217,0,0.15820879
4218,0,0.6781917
4219,1,0.6034178
4220,0,0.26662326
4221,0,0.28722978
4222,0,0.33827224
4223,0,0.4332771
4224,0,0.45257124
4225,1,0.39010122
4226,1,0.889459
4227,0,0.3620195
4228,0,0.14936207
4229,0,0.2759337
4230,0,0.48517713
4231,1,0.61521673
4232,1,0.29051495
4233,0,0.21564457
4234,0,0.2824441
4235,0,0.30004507
4236,0,0.3089444
4237,0,0.2354724
4238,1,0.9011081
4239,0,0.16214488
4240,0,0.27304885
4241,0,0.285453
4242,1,0.49845573
4243,0,0.17167348
4244,0,0.70168525
4245,0,0.43136156
4246,0,0.40956944
4247,0,0.55298656
4248,0,0.48681042
4249,0,0.30773678
4250,1,0.9223685
4251,0,0.32003507
4252,0,0.33855367
4253,1,0.9233351
4254,1,0.54966617
4255,0,0.3070164
4256,0,0.31345913
4257,1,0.6429804
4258,1,0.54470086
4259,0,0.2824764
4260,0,0.35863966
4261,1,0.8231731
4262,1,0.892336
4263,1,0.36398602
4264,0,0.15651438
4265,0,0.5419138
4266,0,0.2890045
4267,1,0.48839945
4268,0,0.861172
4269,0,0.48981622
4270,0,0.31264797
4271,0,0.23738848
4272,1,0.3821168
4273,1,0.67470574
4274,0,0.4455568
4275,0,0.48620012
4276,0,0.2546264
4277,0,0.11995386
4278,0,0.2879326
4279,0,0.22714612
4280,0,0.63902825
4281,0,0.28698748
4282,0,0.19710036
4283,0,0.38883954
4284,0,0.4549153
4285,0,0.59843296
4286,0,0.25565687
4287,0,0.61053795
4288,0,0.5590563
4289,0,0.31437674
4290,0,0.21132043
4291,0,0.24800716
4292,0,0.66441786
4293,0,0.4960424
4294,0,0.2162613
4295,0,0.6028282
4296,0,0.34402764
4297,1,0.4137502
4298,0,0.6023228
4299,0,0.33017832
4300,0,0.18876453
4301,1,0.7157702
4302,0,0.7419418
4303,0,0.16023579
4304,0,0.14573891
4305,0,0.11209849
4306,0,0.08574663
4307,1,0.5251487
4308,1,0.9135752
4309,0,0.3936227
4310,0,0.16465823
4311,0,0.51234716
4312,0,0.60703534
4313,0,0.2809553
4314,1,0.64962757
4315,1,0.4028685
4316,0,0.19519718
4317,0,0.11330082
4318,1,0.32304707
4319,0,0.27550593
4320,0,0.52161366
4321,0,0.30567163
4322,0,0.74007064
4323,0,0.30939233
4324,1,0.9161338
4325,0,0.39713898
4326,1,0.65625787
4327,0,0.5088626
4328,1,0.6601685
4329,0,0.30311406
4330,0,0.41107735
4331,1,0.8681826
4332,0,0.11145185
4333,0,0.44960782
4334,0,0.6919056
4335,1,0.5318611
4336,0,0.6582511
4337,1,0.28874093
4338,0,0.33376455
4339,0,0.2755872
4340,0,0.40594366
4341,0,0.2151804
4342,0,0.38900983
4343,0,0.29478502
4344,0,0.52891845
4345,1,0.8986828
4346,1,0.60985565
4347,1,0.84752643
4348,0,0.2024287
4349,1,0.7101468
4350,0,0.3045953
4351,1,0.6328315
4352,1,0.7812062
4353,0,0.48745692
4354,0,0.40209973
4355,0,0.22716647
4356,0,0.2613801
4357,0,0.26322725
4358,0,0.3959273
4359,0,0.5059286
4360,0,0.42817903
4361,0,0.7427902
4362,0,0.26953134
4363,1,0.42836595
4364,0,0.18095934
4365,0,0.43464646
4366,0,0.32281053
4367,1,0.65248793
4368,0,0.297756
4369,1,0.85802805
4370,0,0.36724883
4371,0,0.1239349
4372,0,0.6293632
4373,1,0.5920448
4374,0,0.27910468
4375,0,0.2023323
4376,0,0.80974174
4377,0,0.27755287
4378,0,0.4106285
4379,0,0.2704877
4380,0,0.3377448
4381,0,0.22782049
4382,0,0.20000954
4383,0,0.24056375
4384,1,0.86251837
4385,0,0.86673015
4386,0,0.46425104
4387,0,0.26629636
4388,0,0.30566123
4389,0,0.2925551
4390,0,0.5410292
4391,1,0.42273527
4392,1,0.91567725
4393,1,0.3760537
4394,0,0.30217493
4395,0,0.48891875
4396,1,0.7275167
4397,0,0.3245042
4398,0,0.20283447
4399,0,0.44307342
4400,0,0.1622164
4401,0,0.66491413
4402,0,0.8264004
4403,0,0.28287166
4404,0,0.39477322
4405,1,0.92435384
4406,0,0.29020998
4407,0,0.31411743
4408,0,0.18312587
4409,0,0.5457413
4410,0,0.3820427
4411,0,0.28543356
4412,1,0.9218919
4413,0,0.29518884
4414,0,0.20828047
4415,0,0.34100193
4416,0,0.525479
4417,1,0.56388485
4418,1,0.4052088
4419,0,0.28615686
4420,1,0.70944345
4421,0,0.2916365
4422,0,0.33933252
4423,0,0.10796703
4424,0,0.2003711
4425,0,0.3407687
4426,1,0.4552891
4427,0,0.377487
4428,1,0.39523795
4429,0,0.32738873
4430,0,0.34004903
4431,0,0.47862983
4432,0,0.8592605
4433,0,0.38606176
4434,0,0.692748
4435,1,0.74968636
4436,0,0.39934084
4437,0,0.10857515
4438,1,0.25940615
4439,0,0.42766353
4440,0,0.625612
4441,0,0.4222327
4442,1,0.44889373
4443,0,0.901161
4444,0,0.14025441
4445,0,0.28950298
4446,0,0.4230176
4447,0,0.18477169
4448,0,0.2740161
4449,1,0.42714512
4450,0,0.2830275
4451,0,0.27348647
4452,0,0.4533612
4453,0,0.4179318
4454,1,0.27270207
4455,1,0.62153447
4456,0,0.34931004
4457,0,0.60728335
4458,0,0.45685938
4459,1,0.37155646
4460,1,0.4996778
4461,0,0.31665727
4462,0,0.31628412
4463,0,0.6715298
4464,1,0.9148935
4465,1,0.3117569
4466,0,0.5110385
4467,1,0.92163706
4468,0,0.3321379
4469,0,0.16232076
4470,1,0.345902
4471,1,0.36842248
4472,1,0.76261514
4473,1,0.88476217
4474,0,0.17477241
4475,1,0.88817954
4476,0,0.39427036
4477,0,0.530293
4478,0,0.44892693
4479,0,0.2762122
4480,0,0.363119
4481,0,0.3888587
4482,0,0.8186433
4483,0,0.4782225
4484,1,0.8624665
4485,1,0.40596306
4486,0,0.27984223
4487,0,0.46128926
4488,0,0.30474082
4489,0,0.3620524
4490,0,0.7434714
4491,1,0.7730551
4492,0,0.5006318
4493,0,0.11638709
4494,0,0.22156082
4495,1,0.63720125
4496,0,0.26998797
4497,0,0.25707728
4498,0,0.1724721
4499,0,0.27414647
4500,0,0.4128024
4501,1,0.42174187
4502,0,0.9331354
4503,0,0.28052613
4504,0,0.35012296
4505,0,0.918103
4506,1,0.37605143
4507,1,0.93077534
4508,0,0.3675217
4509,0,0.35135436
4510,0,0.5235757
4511,0,0.39636627
4512,0,0.4921276
4513,0,0.72289044
4514,0,0.47760847
4515,0,0.22125947
4516,0,0.2706999
4517,0,0.31829172
4518,0,0.30609974
4519,1,0.5718039
4520,0,0.3440429
4521,0,0.35824966
4522,0,0.46791348
4523,0,0.24025454
4524,0,0.49106437
4525,0,0.2186081
4526,1,0.90575117
4527,0,0.40517625
4528,0,0.36337134
4529,0,0.30349132
4530,0,0.52968454
4531,0,0.27782506
4532,1,0.5422751
4533,0,0.25496525
4534,0,0.83178455
4535,1,0.8544486
4536,0,0.16143206
4537,0,0.5562072
4538,0,0.23357056
4539,0,0.53829014
4540,0,0.28264076
4541,0,0.54669607
4542,0,0.49371025
4543,0,0.8883252
4544,0,0.35234982
4545,0,0.47732162
4546,0,0.6821391
4547,0,0.35215947
4548,1,0.82714397
4549,0,0.30579162
4550,0,0.63186234
4551,0,0.49168736
4552,0,0.4207794
4553,0,0.19059694
4554,0,0.74879915
4555,0,0.20783933
4556,0,0.41769654
4557,1,0.4733868
4558,0,0.4828594
4559,1,0.8969538
4560,0,0.17813133
4561,0,0.09381081
4562,0,0.14624582
4563,0,0.27347612
4564,0,0.44280398
4565,0,0.17407155
4566,1,0.78584003
4567,1,0.42614925
4568,0,0.43212506
4569,0,0.22558545
4570,1,0.8243697
4571,0,0.3565106
4572,0,0.22398147
4573,0,0.2973867
4574,0,0.17625618
4575,1,0.5893164
4576,1,0.87520653
4577,0,0.30948773
4578,0,0.4181707
4579,0,0.288256
4580,0,0.2727847
4581,0,0.15174101
4582,0,0.89851624
4583,0,0.12118646
4584,0,0.31138226
4585,0,0.34663835
4586,0,0.28228655
4587,0,0.24028338
4588,0,0.7434215
4589,1,0.30190358
4590,0,0.05691054
4591,0,0.430928
4592,1,0.8793228
4593,1,0.51971155
4594,0,0.19459654
4595,0,0.28629482
4596,0,0.39151865
4597,0,0.36767727
4598,0,0.31213292
4599,0,0.4925289
4600,0,0.32329643
4601,1,0.5015938
4602,0,0.41024742
4603,0,0.46829695
4604,0,0.6498308
4605,0,0.23360753
4606,1,0.47350356
4607,0,0.24299297
4608,0,0.50285953
4609,0,0.4390919
4610,0,0.3337501
4611,0,0.4333486
4612,0,0.19783986
4613,0,0.3632141
4614,1,0.4968342
4615,0,0.15977475
4616,0,0.32138312
4617,0,0.89992726
4618,0,0.27614436
4619,0,0.40544593
4620,0,0.233162
4621,0,0.31879702
4622,0,0.61825776
4623,0,0.86691296
4624,0,0.30981195
4625,0,0.32450318
4626,0,0.49415427
4627,0,0.21019647
4628,0,0.5595703
4629,0,0.30009332
4630,0,0.3008338
4631,0,0.4666157
4632,0,0.4382624
4633,0,0.24147667
4634,1,0.40521768
4635,0,0.87801754
4636,0,0.6402937
4637,1,0.9117089
4638,1,0.53366053
4639,0,0.29605612
4640,1,0.29483777
4641,0,0.688971
4642,0,0.14181167
4643,0,0.17363611
4644,0,0.27302247
4645,0,0.37857887
4646,0,0.29094785
4647,1,0.4373652
4648,1,0.9262871
4649,1,0.4197612
4650,1,0.35106364
4651,0,0.49762216
4652,0,0.26866424
4653,1,0.8517456
4654,0,0.25898352
4655,0,0.3847753
4656,0,0.38220027
4657,0,0.3324467
4658,1,0.92329705
4659,0,0.5140237
4660,0,0.21984081
4661,0,0.7919262
4662,0,0.32905427
4663,1,0.89614576
4664,0,0.28743774
4665,0,0.29621178
4666,0,0.43724206
4667,0,0.27106532
4668,0,0.32858908
4669,0,0.34097233
4670,0,0.39446682
4671,0,0.40678212
4672,1,0.32021996
4673,1,0.60168964
4674,0,0.20741667
4675,0,0.3383222
4676,0,0.38483077
4677,0,0.6151467
4678,0,0.24364501
4679,0,0.27978462
4680,0,0.2809752
4681,0,0.41181347
4682,1,0.2122166
4683,1,0.87359965
4684,1,0.24904498
4685,0,0.34680447
4686,0,0.1960869
4687,0,0.523243
4688,0,0.1360324
4689,0,0.4086366
4690,1,0.625006
4691,1,0.94273585
4692,0,0.1670698
4693,0,0.20399155
4694,0,0.5536983
4695,0,0.26318988
4696,0,0.502498
4697,0,0.40231577
4698,0,0.32161695
4699,0,0.16308674
4700,0,0.18889645
4701,0,0.30104643
4702,0,0.3664406
4703,0,0.39871064
4704,0,0.339532
4705,0,0.37308887
4706,1,0.35940865
4707,0,0.45012495
4708,0,0.9062713
4709,1,0.9209996
4710,0,0.18784295
4711,0,0.6469373
4712,0,0.67633337
4713,0,0.4251914
4714,0,0.28206474
4715,0,0.15039977
4716,0,0.42292485
4717,1,0.7404307
4718,0,0.21514596
4719,0,0.42961064
4720,0,0.40366277
4721,0,0.5312554
4722,0,0.12777793
4723,0,0.14803569
4724,0,0.285021
4725,0,0.29837325
4726,0,0.22575976
4727,0,0.24472342
4728,0,0.18854684
4729,0,0.28771493
4730,1,0.27862418
4731,0,0.9163426
4732,1,0.31109226
4733,0,0.17600118
4734,0,0.3684865
4735,1,0.61258054
4736,0,0.30835924
4737,0,0.23965786
4738,0,0.9129777
4739,0,0.35586378
4740,0,0.44811672
4741,0,0.49214622
4742,0,0.4752971
4743,1,0.63389504
4744,0,0.15174846
4745,0,0.23721609
4746,0,0.29913172
4747,0,0.36327317
4748,1,0.918945
4749,0,0.24747466
4750,0,0.38624322
4751,1,0.42759764
4752,0,0.2268562
4753,1,0.93215805
4754,0,0.7672623
4755,0,0.18280642
4756,0,0.33312
4757,0,0.49311268
4758,0,0.35104984
4759,0,0.47920752
4760,1,0.92633355
4761,0,0.15861495
4762,0,0.18609913
4763,1,0.8656312
4764,0,0.35809913
4765,1,0.2965464
4766,0,0.44333994
4767,0,0.45470417
4768,0,0.48034176
4769,0,0.42885554
4770,0,0.52044374
4771,0,0.14578612
4772,1,0.642427
4773,0,0.36652902
4774,0,0.37089783
4775,1,0.39998382
4776,0,0.3793603
4777,1,0.7484265
4778,0,0.09042842
4779,1,0.19421871
4780,0,0.21594813
4781,1,0.5217395
4782,0,0.893329
4783,0,0.8316798
4784,0,0.4178864
4785,0,0.3892653
4786,0,0.41558233
4787,0,0.47505432
4788,0,0.64050806
4789,0,0.104114465
4790,0,0.22796023
4791,0,0.21558493
4792,0,0.34092605
4793,0,0.38004765
4794,0,0.45505893
4795,0,0.5553334
4796,1,0.3762925
4797,1,0.85922205
4798,0,0.44790056
4799,0,0.3086477
4800,0,0.6042453
4801,1,0.24345133
4802,0,0.4282897
4803,0,0.21573918
4804,0,0.1968361
4805,0,0.45439157
4806,0,0.36002773
4807,0,0.36652595
4808,0,0.21414618
4809,0,0.578205
4810,0,0.37010822
4811,1,0.8213022
4812,0,0.12640944
4813,1,0.72672683
4814,1,0.42217606
4815,0,0.33491042
4816,0,0.35761884
4817,0,0.4799591
4818,0,0.27198175
4819,1,0.5012711
4820,1,0.45918575
4821,0,0.15318112
4822,0,0.2991753
4823,0,0.15001278
4824,0,0.39895263
4825,0,0.47219232
4826,0,0.45189792
4827,0,0.3066581
4828,0,0.22514994
4829,0,0.3448452
4830,1,0.41697207
4831,0,0.50009114
4832,1,0.59895563
4833,0,0.21857125
4834,1,0.5147552
4835,0,0.16266231
4836,0,0.1731503
4837,0,0.37531418
4838,0,0.3876966
4839,0,0.30453074
4840,0,0.23699541
4841,0,0.40515682
4842,0,0.2001026
4843,0,0.21476589
4844,0,0.18984438
4845,0,0.4061741
4846,0,0.5169556
4847,0,0.48509455
4848,0,0.26758176
4849,0,0.42727822
4850,0,0.19131683
4851,0,0.35293567
4852,0,0.3293818
4853,0,0.46707267
4854,1,0.53682387
4855,0,0.8836669
4856,0,0.29515156
4857,0,0.35944402
4858,0,0.22606976
4859,1,0.9023189
4860,1,0.88797534
4861,0,0.18708079
4862,0,0.5024819
4863,0,0.8289853
4864,0,0.2489141
4865,0,0.23539776
4866,0,0.20512015
4867,1,0.4087207
4868,0,0.18247014
4869,1,0.6254561
4870,0,0.38428274
4871,0,0.50311536
4872,1,0.3950992
4873,1,0.4446709
4874,0,0.40537038
4875,0,0.44194838
4876,0,0.33543453
4877,1,0.7405847
4878,1,0.54260474
4879,0,0.4162749
4880,0,0.21748963
4881,0,0.13154605
4882,0,0.45065182
4883,0,0.42178667
4884,1,0.40641275
4885,0,0.30463788
4886,0,0.36793053
4887,0,0.19338611
4888,0,0.89849424
4889,1,0.40002587
4890,0,0.3064245
4891,0,0.92582023
4892,1,0.6983136
4893,1,0.6761617
4894,0,0.82644373
4895,0,0.12475963
4896,0,0.51002026
4897,0,0.462011
4898,0,0.64149344
4899,0,0.26108834
4900,0,0.87688845
4901,1,0.58689606
4902,0,0.17945535
4903,0,0.08389381
4904,0,0.20710686
4905,0,0.16577399
4906,0,0.6210885
4907,0,0.3705565
4908,0,0.32804504
4909,0,0.22885583
4910,0,0.35648876
4911,0,0.24411467
4912,0,0.13081391
4913,0,0.4563562
4914,0,0.27548352
4915,0,0.4671767
4916,1,0.3036647
4917,0,0.90819573
4918,1,0.88246906
4919,0,0.33772397
4920,0,0.30676427
4921,0,0.269062
4922,1,0.64479536
4923,0,0.3479405
4924,0,0.42616048
4925,0,0.7006149
4926,0,0.10922332
4927,0,0.8635719
4928,1,0.90368986
4929,0,0.66794246
4930,0,0.55653125
4931,1,0.40406883
4932,1,0.91638625
4933,0,0.48616818
4934,0,0.4668779
4935,0,0.29702306
4936,0,0.2652329
4937,1,0.46799374
4938,0,0.2522064
4939,0,0.561002
4940,0,0.28423434
4941,0,0.19548726
4942,1,0.89263797
4943,0,0.473783
4944,1,0.9537454
4945,1,0.35559604
4946,1,0.8959745
4947,0,0.37082583
4948,1,0.89401484
4949,1,0.36230215
4950,0,0.28933898
4951,0,0.42589536
4952,0,0.2397737
4953,0,0.3374611
4954,0,0.20727192
4955,0,0.44416338
4956,0,0.2610501
4957,1,0.47292727
4958,0,0.89394784
4959,0,0.2595057
4960,1,0.67552894
4961,1,0.6007126
4962,0,0.5779102
4963,0,0.7113445
4964,0,0.28817165
4965,0,0.5900866
4966,0,0.6867985
4967,1,0.40757897
4968,0,0.4765935
4969,0,0.41504383
4970,0,0.36510706
4971,0,0.6235652
4972,0,0.31866187
4973,1,0.936435
4974,0,0.4569367
4975,0,0.24426274
4976,0,0.3361974
4977,0,0.1891621
4978,0,0.27623796
4979,0,0.2110377
4980,1,0.7211664
4981,0,0.59860337
4982,0,0.5017096
4983,0,0.22927372
4984,0,0.8948426
4985,0,0.2779812
4986,0,0.22387722
4987,0,0.3498302
4988,1,0.6844053
4989,1,0.39365238
4990,0,0.40230793
4991,1,0.5020882
4992,1,0.9298897
4993,0,0.26182103
4994,0,0.55005115
4995,0,0.36267453
4996,0,0.24121892
4997,1,0.8991018
4998,0,0.30467865
4999,0,0.40332574
5000,0,0.36496088
5001,0,0.4649772
5002,0,0.18307558
5003,0,0.4595465
5004,0,0.24561995
5005,0,0.21839514
5006,1,0.72565615
5007,1,0.38083956
5008,0,0.09513855
5009,0,0.2661373
5010,0,0.7654902
5011,0,0.76381296
5012,0,0.24758159
5013,1,0.5252217
5014,0,0.6095505
5015,0,0.12282196
5016,0,0.41712305
5017,1,0.36162207
5018,0,0.85248
5019,0,0.29072347
5020,0,0.4037395
5021,0,0.45038432
5022,1,0.89359456
5023,1,0.32773614
5024,0,0.7839291
5025,0,0.34458882
5026,1,0.85094523
5027,0,0.6341479
5028,0,0.9359515
5029,0,0.593894
5030,0,0.33841014
5031,0,0.4906964
5032,0,0.2894414
5033,0,0.29594243
5034,1,0.58860636
5035,0,0.8565481
5036,0,0.18772094
5037,0,0.21736597
5038,0,0.36231536
5039,0,0.1485642
5040,0,0.2971212
5041,1,0.71867347
5042,0,0.1740709
5043,0,0.2585047
5044,1,0.29704896
5045,0,0.74471974
5046,0,0.30070662
5047,0,0.8776534
5048,0,0.40717852
5049,0,0.27271676
5050,0,0.40664542
5051,0,0.30192164
5052,0,0.37913358
5053,0,0.24576856
5054,0,0.43598247
5055,0,0.39058053
5056,0,0.4985235
5057,0,0.54613143
5058,0,0.38506877
5059,0,0.33175784
5060,0,0.3314042
5061,0,0.27240965
5062,0,0.69988215
5063,0,0.10884143
5064,1,0.888754
5065,0,0.33964708
5066,1,0.35175136
5067,0,0.17896156
5068,0,0.58969903
5069,1,0.34458834
5070,0,0.4337303
5071,0,0.14237046
5072,0,0.44120947
5073,0,0.3456319
5074,1,0.38202104
5075,0,0.358052
5076,0,0.23614912
5077,0,0.25950974
5078,0,0.36373323
5079,0,0.3452738
5080,1,0.9158903
5081,1,0.69519246
5082,0,0.3165244
5083,0,0.34560564
5084,0,0.23090884
5085,0,0.33426768
5086,0,0.4943229
5087,0,0.28767654
5088,1,0.45668647
5089,0,0.82149076
5090,0,0.22665396
5091,0,0.1272439
5092,1,0.36418885
5093,0,0.26856497
5094,0,0.52956754
5095,0,0.44338134
5096,0,0.27204114
5097,0,0.24823746
5098,1,0.49514922
5099,0,0.1912852
5100,0,0.24001034
5101,0,0.3654542
5102,0,0.1652878
5103,0,0.28443512
5104,0,0.25172126
5105,0,0.4938104
5106,0,0.5705397
5107,1,0.8598897
5108,0,0.24908864
5109,0,0.86931986
5110,0,0.48320934
5111,0,0.28217304
5112,1,0.9264781
5113,0,0.2890976
5114,1,0.73458797
5115,1,0.67503893
5116,0,0.26645902
5117,1,0.653518
5118,1,0.24949098
5119,0,0.7166832
5120,0,0.116605125
5121,0,0.22683188
5122,0,0.40474862
5123,0,0.2736111
5124,0,0.37487313
5125,0,0.15586266
5126,1,0.4251435
5127,0,0.2236827
5128,0,0.3211045
5129,0,0.2879817
5130,0,0.2671557
5131,0,0.43440917
5132,0,0.35314518
5133,0,0.2152809
5134,0,0.24110888
5135,0,0.4373878
5136,0,0.5555074
5137,0,0.22459188
5138,0,0.65706724
5139,0,0.14502513
5140,1,0.24003789
5141,0,0.37818277
5142,0,0.3930052
5143,0,0.21280544
5144,1,0.9206079
5145,0,0.48352703
5146,1,0.21868263
5147,0,0.15451585
5148,0,0.3551796
5149,0,0.35748443
5150,1,0.814636
5151,0,0.2700726
5152,0,0.70219254
5153,0,0.6054479
5154,0,0.26974452
5155,0,0.14108427
5156,1,0.34440252
5157,0,0.58036715
5158,0,0.89364797
5159,1,0.24387181
5160,0,0.16496353
5161,0,0.24846736
5162,1,0.8619947
5163,0,0.4706974
5164,0,0.23739173
5165,1,0.37683326
5166,0,0.22811076
5167,0,0.41535774
5168,0,0.11250025
5169,0,0.17066094
5170,0,0.53480816
5171,0,0.2746493
5172,1,0.9404721
5173,1,0.92004806
5174,0,0.36212543
5175,0,0.25176015
5176,0,0.46536288
5177,0,0.13220528
5178,0,0.19623725
5179,1,0.27704608
5180,0,0.27358797
5181,1,0.23603737
5182,0,0.15910183
5183,0,0.62681204
5184,0,0.2862714
5185,0,0.45659694
5186,0,0.18096425
5187,0,0.24295482
5188,1,0.93298376
5189,0,0.41511363
5190,0,0.46504644
5191,0,0.35921103
5192,0,0.18983504
5193,0,0.11901604
5194,0,0.39430147
5195,0,0.58583134
5196,0,0.32527453
5197,1,0.29262775
5198,0,0.1703544
5199,0,0.41841057
5200,0,0.4662906
5201,1,0.29182574
5202,0,0.3597227
5203,0,0.8878699
5204,1,0.57463616
5205,0,0.30003494
5206,1,0.6528847
5207,0,0.20007987
5208,0,0.20026088
5209,0,0.2047104
5210,1,0.9156513
5211,0,0.64911413
5212,0,0.49942243
5213,0,0.19691978
5214,0,0.40983292
5215,1,0.78324187
5216,0,0.8934815
5217,0,0.44761506
5218,0,0.33488953
5219,0,0.50009114
5220,0,0.32103887
5221,1,0.8851018
5222,0,0.6118621
5223,0,0.3005177
5224,0,0.31836596
5225,1,0.4791724
5226,0,0.48880935
5227,0,0.30086282
5228,0,0.2580788
5229,0,0.3282694
5230,0,0.6065491
5231,0,0.14086221
5232,1,0.823056
5233,1,0.26288828
5234,1,0.7031943
5235,1,0.7453146
5236,0,0.29065108
5237,1,0.726469
5238,1,0.5152724
5239,0,0.34732106
5240,0,0.5276177
5241,0,0.6574271
5242,0,0.5269973
5243,0,0.21390644
5244,0,0.3244939
5245,1,0.37088156
5246,0,0.3681917
5247,0,0.5602302
5248,0,0.5510862
5249,0,0.23718005
5250,0,0.16793643
5251,0,0.24385568
5252,0,0.33989412
5253,0,0.11851249
5254,1,0.9266021
5255,0,0.34500557
5256,0,0.13181862
5257,0,0.7132688
5258,0,0.20972967
5259,0,0.16565235
5260,0,0.43956143
5261,1,0.9025125
5262,0,0.26520586
5263,1,0.8781255
5264,1,0.35379088
5265,0,0.25585
5266,0,0.22582419
5267,0,0.30903274
5268,0,0.1796878
5269,0,0.3093197
5270,0,0.31008592
5271,0,0.5015938
5272,0,0.2574901
5273,0,0.17225634
5274,0,0.6976541
5275,0,0.4098079
5276,0,0.19049226
5277,0,0.29078287
5278,0,0.4317804
5279,0,0.32049468
5280,1,0.56461114
5281,0,0.36831996
5282,0,0.4446315
5283,0,0.55449444
5284,0,0.25336808
5285,0,0.22689123
5286,1,0.6700305
5287,1,0.4515315
5288,0,0.2866356
5289,0,0.41598603
5290,0,0.33256546
5291,1,0.8147136
5292,0,0.3499624
5293,0,0.70775557
5294,0,0.20345268
5295,0,0.18760929
5296,0,0.46743494
5297,0,0.24394262
5298,0,0.18838648
5299,0,0.25046918
5300,0,0.3371056
5301,0,0.27789834
5302,0,0.27160704
5303,0,0.3887238
5304,0,0.28509226
5305,0,0.20053913
5306,0,0.18466376
5307,0,0.33169875
5308,0,0.48841688
5309,0,0.29183552
5310,0,0.44572207
5311,0,0.5726145
5312,1,0.20966148
5313,0,0.5159741
5314,0,0.9083411
5315,1,0.8710722
5316,1,0.49796104
5317,0,0.68685395
5318,0,0.18926212
5319,1,0.8868756
5320,0,0.14836556
5321,0,0.17323804
5322,0,0.92184985
5323,1,0.4414602
5324,0,0.56633973
5325,1,0.7910971
5326,0,0.5424375
5327,0,0.2068697
5328,0,0.26474765
5329,0,0.54925054
5330,0,0.7302319
5331,0,0.28627673
5332,1,0.50435764
5333,0,0.22974758
5334,0,0.32063758
5335,0,0.22346558
5336,1,0.19812363
5337,0,0.19072385
5338,0,0.3737208
5339,0,0.4445214
5340,1,0.8305977
5341,0,0.8337819
5342,0,0.37036306
5343,0,0.5657622
5344,0,0.3144101
5345,0,0.31347945
5346,0,0.39060554
5347,0,0.6028881
5348,0,0.37837544
5349,0,0.4097057
5350,0,0.47468433
5351,1,0.9124654
5352,1,0.7192086
5353,0,0.7875692
5354,0,0.24485686
5355,1,0.6095505
5356,0,0.37567824
5357,0,0.32141435
5358,0,0.36231536
5359,1,0.9164007
5360,0,0.5068157
5361,0,0.32810292
5362,1,0.88536096
5363,0,0.3208599
5364,0,0.40771303
5365,0,0.23642954
5366,0,0.5027983
5367,0,0.19366348
5368,0,0.09121127
5369,0,0.17631234
5370,1,0.2154493
5371,1,0.19821635
5372,0,0.3678944
5373,0,0.38307154
5374,0,0.56415594
5375,1,0.827747
5376,1,0.27114156
5377,1,0.50903827
5378,1,0.3545164
5379,0,0.3493038
5380,0,0.30657628
5381,0,0.4947943
5382,0,0.32606578
5383,1,0.49293783
5384,0,0.837608
5385,0,0.55438304
5386,0,0.24450772
5387,0,0.2572725
5388,0,0.18548048
5389,0,0.52618307
5390,0,0.75743747
5391,1,0.86726475
5392,0,0.08232852
5393,0,0.27533397
5394,0,0.5227646
5395,0,0.36184227
5396,0,0.107021786
5397,1,0.9049719
5398,1,0.4325682
5399,0,0.60260147
5400,1,0.42269552
5401,0,0.28882724
5402,0,0.54978186
5403,1,0.3908882
5404,0,0.33579603
5405,0,0.21611293
5406,0,0.23301363
5407,0,0.43565896
5408,0,0.58608484
5409,0,0.30825564
5410,0,0.20421694
5411,0,0.4819034
5412,0,0.19308555
5413,1,0.9157973
5414,0,0.18194342
5415,0,0.36743382
5416,0,0.4767352
5417,0,0.35289577
5418,0,0.22662883
5419,0,0.25005767
5420,1,0.3438101
5421,0,0.41797742
5422,0,0.1710932
5423,0,0.17648214
5424,0,0.20718168
5425,0,0.67766505
5426,0,0.31744748
5427,0,0.5501035
5428,0,0.31748444
5429,0,0.49893558
5430,0,0.37343985
5431,0,0.27985036
5432,1,0.41374913
5433,0,0.4921352
5434,0,0.39905655
5435,0,0.48071006
5436,0,0.40634787
5437,1,0.92257875
5438,1,0.65401965
5439,0,0.24067384
5440,1,0.36075503
5441,0,0.44418553
5442,1,0.43499303
5443,0,0.35084885
5444,1,0.9295432
5445,0,0.45220008
5446,1,0.64328384
5447,1,0.73210204
5448,0,0.2800182
5449,0,0.25649527
5450,0,0.38221326
5451,0,0.32818583
5452,0,0.31437212
5453,0,0.41567585
5454,1,0.26562026
5455,0,0.24499463
5456,0,0.65229696
5457,1,0.2549195
5458,0,0.3354536
5459,0,0.21366043
5460,0,0.27702016
5461,1,0.9417392
5462,0,0.47042072
5463,0,0.3062252
5464,0,0.24373886
5465,0,0.74581313
5466,0,0.39523712
5467,0,0.31956878
5468,1,0.24106869
5469,0,0.32241258
5470,1,0.59779274
5471,1,0.7449291
5472,0,0.46737143
5473,0,0.21303497
5474,0,0.21923637
5475,0,0.35826552
5476,0,0.70240796
5477,0,0.35966158
5478,0,0.20735109
5479,0,0.18284771
5480,0,0.34146693
5481,0,0.29308268
5482,0,0.9126558
5483,1,0.94065773
5484,1,0.46175364
5485,0,0.18748537
5486,1,0.8976499
5487,1,0.9050822
5488,0,0.17991544
5489,0,0.40925863
5490,0,0.3688963
5491,0,0.47928318
5492,0,0.4548899
5493,1,0.61455435
5494,0,0.52078784
5495,0,0.3075277
5496,0,0.18027149
5497,0,0.30887353
5498,0,0.4804684
5499,0,0.60818183
5500,1,0.3412985
5501,0,0.5982588
5502,1,0.92733103
5503,0,0.20909175
5504,0,0.552651
5505,0,0.16620727
5506,0,0.18687825
5507,0,0.27906993
5508,0,0.32259312
5509,0,0.36310157
5510,0,0.32541227
5511,0,0.26451522
5512,0,0.45324662
5513,1,0.6557558
5514,0,0.32808065
5515,0,0.7714267
5516,0,0.19515824
5517,0,0.34783792
5518,0,0.18625563
5519,0,0.3519263
5520,1,0.85888886
5521,0,0.28416458
5522,0,0.6648484
5523,0,0.3627493
5524,0,0.31033096
5525,0,0.20149468
5526,0,0.3180132
5527,0,0.32562298
5528,0,0.36545426
5529,0,0.8763131
5530,0,0.27188206
5531,0,0.14824216
5532,0,0.9196236
5533,0,0.22784285
5534,0,0.11796314
5535,0,0.17890082
5536,0,0.79249406
5537,0,0.5557212
5538,0,0.5826203
5539,1,0.68622154
5540,1,0.5084004
5541,0,0.37308696
5542,0,0.88435906
5543,0,0.20925868
5544,0,0.25313818
5545,0,0.17567408
5546,0,0.5503116
5547,0,0.48310238
5548,0,0.41752863
5549,0,0.588544
5550,0,0.36387354
5551,1,0.458704
5552,0,0.50685066
5553,0,0.62644035
5554,0,0.4103163
5555,0,0.4336921
5556,1,0.9287111
5557,0,0.52333456
5558,0,0.241414
5559,0,0.27625558
5560,0,0.5243612
5561,0,0.27715722
5562,0,0.22562446
5563,0,0.20942707
5564,1,0.8831511
5565,1,0.9100167
5566,1,0.35197857
5567,0,0.15076406
5568,0,0.3895075
5569,1,0.9169786
5570,0,0.41877827
5571,0,0.8874527
5572,1,0.5453766
5573,0,0.38191834
5574,0,0.37167448
5575,0,0.18730758
5576,1,0.20955391
5577,0,0.58395773
5578,1,0.53295964
5579,0,0.69387686
5580,1,0.8428213
5581,0,0.4916009
5582,0,0.34793136
5583,0,0.12515238
5584,0,0.34291682
5585,1,0.88722533
5586,0,0.39944148
5587,0,0.2651642
5588,1,0.6519218
5589,1,0.89065033
5590,0,0.64731866
5591,1,0.88030916
5592,1,0.7258665
5593,0,0.26379332
5594,0,0.24064866
5595,0,0.2620804
5596,0,0.28088507
5597,0,0.26043636
5598,0,0.41503304
5599,0,0.6524512
5600,1,0.23488295
5601,1,0.3702546
5602,0,0.48706186
5603,0,0.30997995
5604,0,0.23375723
5605,1,0.51910686
5606,0,0.40773866
5607,0,0.39273983
5608,1,0.90653884
5609,0,0.15824075
5610,0,0.24223587
5611,0,0.4371337
5612,1,0.62041533
5613,0,0.36392063
5614,0,0.23803936
5615,0,0.2723387
5616,0,0.14796534
5617,1,0.64190024
5618,1,0.50125587
5619,1,0.8223053
5620,0,0.31884977
5621,1,0.52834916
5622,0,0.40577662
5623,0,0.92641723
5624,1,0.6568298
5625,0,0.32840315
5626,0,0.20925923
5627,0,0.17962168
5628,1,0.8830889
5629,0,0.32087594
5630,0,0.34049508
5631,1,0.34672862
5632,0,0.11787856
5633,0,0.68461055
5634,1,0.86247677
5635,1,0.29574206
5636,0,0.36913845
5637,1,0.8410407
5638,1,0.29224676
5639,0,0.44416875
5640,0,0.2363574
5641,0,0.36152732
5642,0,0.28652868
5643,0,0.3163377
5644,0,0.1576249
5645,0,0.37579668
5646,0,0.26296973
5647,0,0.41951564
5648,0,0.34863374
5649,0,0.24027066
5650,0,0.332408
5651,0,0.52186686
5652,0,0.26427346
5653,0,0.39291963
5654,0,0.6480435
5655,0,0.3870483
5656,0,0.33583114
5657,0,0.46214458
5658,0,0.43485117
5659,1,0.9314372
5660,0,0.1795718
5661,0,0.4188959
5662,0,0.31181028
5663,1,0.5925015
5664,0,0.4235147
5665,0,0.28815138
5666,0,0.21018139
5667,0,0.22424787
5668,0,0.82138026
5669,0,0.23967427
5670,0,0.15522033
5671,0,0.39727795
5672,0,0.18465383
5673,0,0.4976916
5674,0,0.5808151
5675,1,0.36498135
5676,0,0.21779238
5677,0,0.27431834
5678,0,0.25584686
5679,0,0.23699646
5680,1,0.91925555
5681,0,0.25701353
5682,0,0.12213331
5683,0,0.8420646
5684,0,0.6600247
5685,0,0.34598675
5686,1,0.85163784
5687,0,0.0998644
5688,0,0.1500365
5689,0,0.36222562
5690,0,0.3730503
5691,0,0.3970817
5692,1,0.6879742
5693,0,0.30314463
5694,0,0.2744732
5695,0,0.23904523
5696,1,0.40886962
5697,1,0.20755616
5698,0,0.6098034
5699,0,0.8347426
5700,0,0.4333716
5701,0,0.2100443
5702,0,0.6126653
5703,0,0.35120574
5704,1,0.4314134
5705,0,0.40613088
5706,0,0.3615262
5707,0,0.4795233
5708,0,0.1816308
5709,0,0.26758274
5710,1,0.5488041
5711,0,0.4477753
5712,0,0.45300964
5713,0,0.14615905
5714,0,0.6142527
5715,1,0.21095031
5716,0,0.5132876
5717,0,0.8866491
5718,1,0.914972
5719,0,0.4327025
5720,0,0.47847673
5721,1,0.7933013
5722,0,0.19037253
5723,0,0.4281644
5724,0,0.2802486
5725,0,0.17952979
5726,0,0.29211053
5727,0,0.29596984
5728,1,0.8911537
5729,0,0.3589787
5730,0,0.28775665
5731,0,0.30096403
5732,1,0.30746713
5733,0,0.46929106
5734,0,0.15638912
5735,0,0.3358006
5736,0,0.24887013
5737,0,0.3818426
5738,0,0.73293424
5739,0,0.8988384
5740,0,0.0833157
5741,0,0.16165228
5742,0,0.64892244
5743,1,0.39427036
5744,0,0.23243701
5745,1,0.2568749
5746,1,0.76411504
5747,0,0.28566235
5748,0,0.28272256
5749,1,0.8625204
5750,0,0.26008385
5751,0,0.91705304
5752,0,0.48497316
5753,0,0.48596814
5754,0,0.22813867
5755,0,0.43439656
5756,0,0.32708186
5757,1,0.10950065
5758,0,0.37179127
5759,1,0.9179284
5760,0,0.36064753
5761,0,0.18208754
5762,1,0.35312033
5763,0,0.31874093
5764,0,0.18165645
5765,1,0.24819653
5766,1,0.74698627
5767,1,0.5540689
5768,0,0.34580866
5769,0,0.25698507
5770,0,0.21566948
5771,0,0.2645802
5772,0,0.29185808
5773,0,0.49019873
5774,0,0.48922387
5775,1,0.9049013
5776,0,0.3156971
5777,0,0.39268646
5778,0,0.3580224
5779,1,0.8484639
5780,1,0.85003227
5781,0,0.42556942
5782,0,0.2265997
5783,0,0.40060085
5784,1,0.43003887
5785,0,0.30234572
5786,0,0.28352937
5787,0,0.38501033
5788,1,0.3930545
5789,0,0.27051726
5790,0,0.11190901
5791,0,0.14166167
5792,0,0.5365132
5793,0,0.449678
5794,0,0.2670653
5795,1,0.7359949
5796,1,0.9204649
5797,0,0.21774845
5798,1,0.81558746
5799,1,0.21558934
5800,1,0.29094687
5801,0,0.36493748
5802,0,0.3164209
5803,0,0.45255578
5804,1,0.29418588
5805,0,0.2922578
5806,0,0.31747332
5807,0,0.22552209
5808,0,0.14087786
5809,0,0.33415738
5810,0,0.32061014
5811,0,0.41253254
5812,0,0.45927832
5813,1,0.85176736
5814,0,0.23787887
5815,0,0.3181053
5816,0,0.34432313
5817,0,0.29712984
5818,0,0.61808765
5819,0,0.7260342
5820,0,0.8615454
5821,0,0.6053602
5822,0,0.32501015
5823,0,0.20694132
5824,0,0.18919387
5825,0,0.3783814
5826,0,0.2824512
5827,1,0.5313049
5828,0,0.35576797
5829,0,0.30940327
5830,0,0.59470814
5831,0,0.27687153
5832,0,0.3519402
5833,1,0.88337827
5834,0,0.27910113
5835,0,0.30352196
5836,0,0.47298077
5837,0,0.2685369
5838,0,0.4514547
5839,0,0.17477132
5840,1,0.9255247
5841,0,0.41829798
5842,1,0.85148865
5843,0,0.3056373
5844,0,0.4779484
5845,0,0.21751377
5846,0,0.24354601
5847,0,0.21559393
5848,1,0.54981226
5849,0,0.13053776
5850,1,0.9176068
5851,1,0.43588117
5852,0,0.11525911
5853,0,0.36417678
5854,0,0.8583706
5855,0,0.228309
5856,0,0.31316322
5857,0,0.32158434
5858,0,0.8966324
5859,0,0.22170447
5860,0,0.86000234
5861,0,0.20043954
5862,0,0.4476003
5863,1,0.8696365
5864,0,0.44794306
5865,0,0.4686905
5866,1,0.21534885
5867,0,0.49275604
5868,0,0.4025793
5869,1,0.38262612
5870,0,0.20245902
5871,0,0.34993896
5872,0,0.43427694
5873,0,0.44657966
5874,0,0.3171495
5875,0,0.39110282
5876,0,0.41245732
5877,0,0.4632852
5878,0,0.21679342
5879,0,0.36830762
5880,1,0.21396999
5881,0,0.43212804
5882,0,0.38957444
5883,0,0.29671225
5884,0,0.7592592
5885,0,0.24011578
5886,0,0.22418025
5887,0,0.39709514
5888,0,0.50949043
5889,0,0.2693064
5890,0,0.38333872
5891,0,0.8565739
5892,0,0.3207498
5893,1,0.45294046
5894,0,0.23071939
5895,0,0.5766825
5896,0,0.36963898
5897,1,0.35674578
5898,1,0.5424583
5899,1,0.9071261
5900,0,0.87457186
5901,0,0.290261
5902,0,0.10911646
5903,0,0.36188874
5904,0,0.214238
5905,1,0.9021775
5906,0,0.45287377
5907,0,0.14687008
5908,0,0.22879656
5909,0,0.602999
5910,0,0.30601513
5911,0,0.64108634
5912,0,0.23388405
5913,1,0.29184622
5914,0,0.39757454
5915,0,0.40469754
5916,1,0.2450239
5917,0,0.24706128
5918,0,0.7342609
5919,0,0.18357602
5920,0,0.2726978
5921,1,0.38633168
5922,0,0.4828183
5923,0,0.27157944
5924,0,0.19838364
5925,0,0.62656975
5926,0,0.19902907
5927,0,0.20465063
5928,0,0.44544718
5929,0,0.38459206
5930,0,0.4810668
5931,0,0.6728749
5932,0,0.42039484
5933,0,0.33596796
5934,1,0.915738
5935,0,0.3483596
5936,0,0.15256047
5937,0,0.30594388
5938,0,0.43771777
5939,0,0.45151564
5940,1,0.55005205
5941,1,0.38582093
5942,0,0.257163
5943,0,0.19088268
5944,0,0.41892213
5945,0,0.23782761
5946,0,0.57755935
5947,1,0.57889056
5948,0,0.2668444
5949,0,0.6040399
5950,0,0.3996824
5951,0,0.673608
5952,0,0.33996606
5953,1,0.22525667
5954,0,0.15863054
5955,1,0.48559484
5956,0,0.2654398
5957,1,0.3598981
5958,1,0.3100037
5959,0,0.22036391
5960,1,0.85986763
5961,0,0.1794159
5962,0,0.32693598
5963,0,0.4036751
5964,0,0.36800095
5965,0,0.32343942
5966,1,0.8995154
5967,0,0.93346965
5968,0,0.38250476
5969,0,0.2956675
5970,0,0.29017007
5971,0,0.14917336
5972,0,0.22788073
5973,0,0.45747674
5974,0,0.34128085
5975,0,0.28967205
5976,0,0.32002622
5977,0,0.51435786
5978,0,0.20492984
5979,0,0.26394886
5980,0,0.44614184
5981,1,0.91933393
5982,0,0.18907636
5983,0,0.18001565
5984,1,0.36554402
5985,0,0.3444019
5986,0,0.20616004
5987,0,0.1353
5988,0,0.44358915
5989,0,0.48566636
5990,0,0.23984347
5991,0,0.45280015
5992,1,0.7708845
5993,0,0.4907567
5994,0,0.22937462
5995,0,0.10459347
5996,0,0.87807536
5997,0,0.20261794
5998,0,0.45787355
5999,0,0.21311529
