test_index,y_true,prob_default
0,0,0.285619877177786
1,0,0.3678712704090609
2,0,0.4074685118076144
3,1,0.3447751552008733
4,0,0.07365236852791955
5,0,0.6352691588052706
6,0,0.2676921783575982
7,0,0.06575152818574015
8,0,0.2855100831814949
9,0,0.21292709435148166
10,0,0.5984849148294795
11,0,0.654738428248928
12,1,0.5631437098154093
13,0,0.25815974404020703
14,0,0.16417067949768135
15,0,0.8062932909155626
16,0,0.11392314353959127
17,1,0.5251444982157777
18,0,0.17057071405133237
19,0,0.4375767216393235
20,0,0.09576891810558769
21,1,0.36380675119739686
22,0,0.3015456439957269
23,0,0.347187463291815
24,1,0.4734263091438601
25,0,0.40059176256765106
26,0,0.3328489172757126
27,0,0.20443039063406931
28,1,0.9234378945161132
29,0,0.6989837664906468
30,1,0.530567035840198
31,0,0.3908919828491858
32,1,0.9169804313093544
33,0,0.3697509172348661
34,0,0.17478315840067496
35,0,0.23774292763444332
36,0,0.2641745075229737
37,1,0.373757836413053
38,0,0.24218345456847057
39,1,0.7462160942219984
40,0,0.3114326084280588
41,0,0.8357635635360922
42,0,0.4635741477373731
43,0,0.27552695060430976
44,0,0.22272533277233994
45,0,0.1915375991627163
46,0,0.3274379743312761
47,0,0.8164452816792006
48,0,0.3015822563641711
49,0,0.5312707385818555
50,0,0.5103368997398757
51,0,0.18141615237182293
52,1,0.8838168484575057
53,1,0.8616369190750258
54,1,0.3551114256240597
55,0,0.16107631578623013
56,0,0.35607316035991377
57,0,0.09949651874393718
58,0,0.1026332897299142
59,1,0.916117405678852
60,0,0.3192929752429812
61,1,0.7603437669387455
62,1,0.5190334325538181
63,0,0.22166251921103708
64,0,0.40473854382001634
65,0,0.14725544803636215
66,1,0.5959699126841819
67,0,0.8515619814371873
68,1,0.08699932400778618
69,1,0.3703836841251947
70,1,0.3465511033312128
71,0,0.26845762984377475
72,0,0.07092041099493508
73,1,0.7735612934550141
74,0,0.32519185694186037
75,0,0.44073765081194355
76,0,0.22752065308016903
77,0,0.15438096544316335
78,1,0.37767054121551163
79,0,0.28115085001273354
80,1,0.7325521077488939
81,0,0.16856722715057934
82,0,0.5051879298180268
83,0,0.3694988654022875
84,1,0.6579081378957512
85,1,0.5057164668085309
86,0,0.8427233047538776
87,0,0.200796047413477
88,0,0.2114069111628383
89,0,0.4370827446296659
90,0,0.31018533682078653
91,0,0.33401338288442295
92,0,0.25083521699553724
93,1,0.9357138731200833
94,1,0.6340450235092091
95,0,0.4195948041048652
96,0,0.40873197110071446
97,0,0.7284569291560139
98,1,0.6615787842860266
99,0,0.1644328450393341
100,0,0.4260315996199441
101,0,0.501379778744106
102,0,0.31266335247431987
103,0,0.18285514964482652
104,1,0.47878644462992326
105,0,0.42148338720720063
106,1,0.47699460738974053
107,0,0.1511373350108233
108,0,0.280309964841075
109,0,0.22228208121232362
110,0,0.6979984620066569
111,0,0.5709680674011439
112,0,0.35719116290112624
113,0,0.29641916217140296
114,0,0.33068937135290655
115,1,0.4052120820871272
116,0,0.5449615014669549
117,0,0.5631167430993418
118,0,0.2507814620498234
119,1,0.862103032765427
120,0,0.10758714849235217
121,0,0.4673800080370162
122,1,0.7562014014950926
123,0,0.3678575838961512
124,0,0.11307383675787407
125,0,0.2724367082885341
126,0,0.2614959439101394
127,0,0.8581347464006231
128,0,0.39040470567393776
129,0,0.6233026954516657
130,1,0.8550233260465349
131,1,0.6436887217247035
132,0,0.13386125833754728
133,0,0.1829522517898819
134,1,0.957847512516722
135,0,0.26639588031273714
136,0,0.6018849797603596
137,0,0.37011258129061475
138,0,0.27378317377802186
139,0,0.10899755699199998
140,0,0.1617747546912181
141,0,0.21916583412124654
142,1,0.8508515099961856
143,0,0.34535447447586215
144,0,0.16444894927543882
145,0,0.37261253773545766
146,1,0.8694314101441785
147,0,0.2675845833099179
148,1,0.2187501484135613
149,0,0.6336176794296713
150,1,0.7190761974677522
151,0,0.3597137796257849
152,0,0.3923543853099345
153,0,0.2766480462501773
154,1,0.8062539191005985
155,0,0.18266136061162097
156,0,0.13190009500050773
157,0,0.2070819833286298
158,0,0.4343615606884243
159,0,0.4839724128538932
160,0,0.5859341087943837
161,1,0.8326494947840619
162,0,0.31025894256264924
163,0,0.32710590964382613
164,0,0.23887384603058773
165,0,0.4781541927241815
166,0,0.1307517551073402
167,0,0.19644716543885965
168,0,0.36103164053966125
169,0,0.25521440136167395
170,0,0.29134634548856675
171,0,0.6363901173572926
172,0,0.3661229577437775
173,0,0.13812653821974313
174,0,0.37353056326529077
175,1,0.8501088290477254
176,0,0.5463042144497424
177,1,0.5384917843169966
178,0,0.25119800904832645
179,0,0.6087566472288134
180,1,0.6661092021819093
181,0,0.5412588671859779
182,1,0.413947342111414
183,1,0.9190206883729134
184,0,0.3895618872149727
185,0,0.37579209106598893
186,0,0.1510270277180776
187,1,0.830543386212362
188,0,0.3020715213339682
189,0,0.3247077177014887
190,1,0.6112386099628493
191,0,0.06901458331702078
192,0,0.12458779050555052
193,0,0.42646961780346404
194,1,0.6402951020252882
195,0,0.6203347443018292
196,0,0.13617601730805404
197,0,0.13797360142707094
198,0,0.3136054174702144
199,0,0.3130996174805066
200,0,0.22957318039700175
201,1,0.7311500461640128
202,0,0.4405740360682959
203,0,0.18500474548993298
204,1,0.9109411399717421
205,0,0.34369551784752356
206,1,0.4315509121974823
207,0,0.46133371387033656
208,0,0.282544539723388
209,0,0.7876561036931977
210,1,0.8834099105588603
211,1,0.5457507136453814
212,0,0.7260427019996563
213,0,0.6593959791243863
214,0,0.3301503613934452
215,0,0.5660610613849323
216,1,0.8364981003435764
217,1,0.8232897226089279
218,0,0.18835137669126378
219,0,0.3920654086069403
220,0,0.2900228413637227
221,0,0.27940703042220183
222,0,0.31303903710524933
223,0,0.5858970140026695
224,0,0.3087377141462679
225,0,0.328997782580753
226,0,0.5893011119054106
227,1,0.8743271018203879
228,0,0.19299849228566493
229,1,0.569225865672713
230,0,0.6531246368696979
231,0,0.17828675735540872
232,0,0.10031667808993042
233,1,0.3982295434130492
234,0,0.10273123350069174
235,1,0.2908635318913089
236,1,0.8573534009066693
237,0,0.29909588067944914
238,0,0.23907158847033075
239,0,0.27096485011667093
240,0,0.31205019459124383
241,0,0.44909950514475677
242,1,0.6673486148799749
243,0,0.19883801742233484
244,0,0.2650880978128528
245,0,0.6778506497509786
246,0,0.1801809544250743
247,0,0.2319805593685149
248,1,0.29340242076073453
249,0,0.31297038189344745
250,0,0.21789974585592314
251,0,0.5512136833209158
252,0,0.13330980242634388
253,0,0.11986694296494271
254,1,0.4463460175232761
255,0,0.8455590516333761
256,0,0.7324933949279988
257,0,0.3083073641052641
258,0,0.3044012652364154
259,0,0.2532315083988377
260,1,0.40792158720664085
261,0,0.2968117797212987
262,0,0.6245185554906179
263,0,0.255640355300891
264,1,0.8511193867628797
265,0,0.500592530961553
266,0,0.20949399733541937
267,0,0.2883624685917031
268,0,0.4289309837838622
269,0,0.2744309757743599
270,0,0.34194560069712826
271,0,0.6896475877434907
272,0,0.3556391922355429
273,0,0.38801288966606834
274,0,0.2245364409705708
275,0,0.16079516536076935
276,0,0.6412847507892215
277,0,0.5155798251896728
278,0,0.41251625035105455
279,0,0.12217438174182992
280,1,0.8520086907796985
281,1,0.3923343952411041
282,1,0.840434987228877
283,0,0.376831103675326
284,1,0.8737631963245353
285,0,0.3214043896758481
286,0,0.30388804669629194
287,1,0.44948725023278663
288,0,0.5926147995066924
289,0,0.4088446191610051
290,0,0.26903893667229983
291,1,0.8369097421237922
292,0,0.6597648943259344
293,0,0.8238034197702194
294,0,0.2422821135507084
295,0,0.372482480760586
296,0,0.36317816214587934
297,0,0.6222835210973008
298,0,0.3674344710347567
299,0,0.42246778992218254
300,0,0.22031606591383052
301,1,0.5590856205670124
302,0,0.3860565456456579
303,1,0.6766013945912528
304,0,0.38507109946611784
305,0,0.3655735414759277
306,0,0.34066936111599916
307,0,0.4129879978630741
308,0,0.2791172949420905
309,1,0.7533119013418879
310,0,0.33301312163659474
311,0,0.5470043929713909
312,1,0.39833669885667944
313,0,0.08851229841686303
314,0,0.8629331708116998
315,1,0.2534208617139675
316,0,0.08018161979169443
317,0,0.24505918659063586
318,1,0.7388298781080855
319,0,0.6274707546810849
320,0,0.2708990560328228
321,0,0.7823177416989308
322,1,0.6444669733842343
323,0,0.17267511144430273
324,0,0.3596015527998944
325,0,0.5067968096746741
326,0,0.31251307226215774
327,1,0.4665547235374128
328,0,0.6670084389152737
329,0,0.14886320002666875
330,0,0.4376919830662007
331,0,0.2383737239602179
332,0,0.15510886792784456
333,1,0.6615916301260399
334,0,0.15579202913330506
335,0,0.8453650712928412
336,0,0.8356720255682049
337,0,0.40582182582278814
338,0,0.22269391659351725
339,0,0.2049671752565308
340,1,0.8433517901768185
341,0,0.17226476731822143
342,0,0.3598020065171441
343,0,0.6482913104250513
344,0,0.10253111652667521
345,0,0.2490237232074573
346,0,0.27237335806632473
347,0,0.17696621425151599
348,0,0.1849713042691959
349,0,0.7181423856769371
350,0,0.32253541613851155
351,1,0.22521902315517622
352,0,0.18489420239153426
353,0,0.3152862510930239
354,0,0.3336900817270576
355,1,0.8126133929112358
356,0,0.3807343457829207
357,0,0.1941984369977655
358,0,0.6589300254921215
359,0,0.23064919661126868
360,1,0.8722408430795832
361,0,0.6960884631166995
362,1,0.7114638004925893
363,1,0.8632085338757385
364,0,0.06634391099648179
365,1,0.2655656789491645
366,0,0.8095666661939314
367,1,0.19840945272010824
368,0,0.32418036041728754
369,0,0.1968173692378715
370,0,0.28399156852681995
371,0,0.8961866582627143
372,1,0.7923812307047742
373,0,0.12299130512511854
374,0,0.319410412594152
375,0,0.10879914254362606
376,1,0.1810447836897157
377,0,0.2751202628965258
378,1,0.39567851007064436
379,0,0.24025761326481604
380,0,0.5302790141916653
381,0,0.30236578944896064
382,0,0.11850159782504731
383,0,0.29239110863656503
384,0,0.28762470254072303
385,1,0.9279737599721831
386,0,0.4615092240814534
387,1,0.7638935782893441
388,0,0.29157481236998245
389,0,0.20223478047976837
390,1,0.29001234960894345
391,0,0.7603945145766511
392,0,0.14667293371167936
393,0,0.12074499436975455
394,1,0.5466323130014422
395,0,0.30707989301480526
396,0,0.299004993927824
397,1,0.814293286513173
398,1,0.8507873875592825
399,0,0.2374912636130465
400,1,0.42401757936940726
401,0,0.22268623561870288
402,0,0.3418941333379756
403,1,0.7928739336308565
404,0,0.22301181842323484
405,0,0.38145686326353107
406,0,0.29745093434178205
407,1,0.32814336119022847
408,0,0.6516141158624593
409,0,0.32599402605309424
410,0,0.2716050007505862
411,0,0.30581150583236466
412,1,0.6863345867250509
413,0,0.3092608349383589
414,0,0.23966224883014578
415,1,0.81619401340479
416,0,0.323215746860092
417,0,0.3705567375780385
418,0,0.47597129615181755
419,0,0.2508148636918101
420,0,0.2794440701290794
421,1,0.8769367248482692
422,0,0.2605238886660927
423,0,0.3977209346612657
424,0,0.4843822253952565
425,0,0.2442548221011612
426,0,0.30802337033319926
427,0,0.2865864327086832
428,1,0.16062125115473017
429,0,0.3349116292224952
430,0,0.42354312803534655
431,1,0.30204740084681175
432,1,0.7420854444244899
433,0,0.22161084556351202
434,0,0.2161209231205371
435,0,0.2501366403071546
436,1,0.3004088487076665
437,0,0.5463935028564147
438,0,0.2638651014800457
439,1,0.4989143081445907
440,0,0.22765085554787223
441,0,0.9238426780354884
442,0,0.20235441754065003
443,0,0.13060625679165475
444,0,0.33803993876425437
445,1,0.8491614463430162
446,1,0.8884845015731021
447,0,0.15697688274314206
448,0,0.7194289746543003
449,0,0.4147689988798326
450,1,0.6599147978292866
451,0,0.7625096800408125
452,0,0.29538129716390515
453,0,0.5092398862630734
454,0,0.8210518060406293
455,0,0.5888730761004376
456,0,0.12988177982084953
457,0,0.33101482937070115
458,0,0.218806873893597
459,0,0.2908405422116739
460,1,0.7388460817847817
461,0,0.31805079834197486
462,0,0.28726843478117725
463,0,0.21464169295156327
464,0,0.33138992299590336
465,0,0.4343548367350344
466,0,0.21292255898398144
467,0,0.3553136880650215
468,0,0.3575386119306311
469,1,0.9468675635220383
470,0,0.2168566023491507
471,0,0.36223075607165256
472,0,0.6671120565559131
473,0,0.2145149789534229
474,1,0.754500578088124
475,0,0.19171998928394735
476,0,0.18267242766859268
477,1,0.6793057285929293
478,1,0.40780700412492393
479,0,0.37087203992445383
480,0,0.7746832536116046
481,0,0.23316082634115395
482,0,0.2649662606361098
483,0,0.17078797583705507
484,1,0.38302521643691867
485,0,0.13274657295432327
486,0,0.37762671960971855
487,0,0.38159966902380466
488,0,0.7754867631404981
489,1,0.4677353997342106
490,0,0.13197268922075073
491,1,0.28138758226660426
492,0,0.3428455675747271
493,1,0.8655349378427405
494,1,0.33911891645353875
495,0,0.4823165657581477
496,0,0.2100574093582587
497,0,0.18179150264904032
498,0,0.5048905042057102
499,0,0.6370440122988837
500,0,0.6140999758984027
501,0,0.2833108917535904
502,0,0.14620431148333535
503,0,0.16353405871801419
504,0,0.7402614918885152
505,0,0.1721146024514502
506,0,0.5394591266261436
507,1,0.160483577325084
508,0,0.34915628846839347
509,0,0.33286048463628154
510,1,0.8429410166888747
511,0,0.5391388191204559
512,0,0.2582502915779563
513,0,0.3980592253580724
514,0,0.14820605070049417
515,0,0.6722255736911481
516,0,0.55266816971161
517,0,0.13204727562932
518,0,0.40954035663798066
519,1,0.5247885582592198
520,0,0.273891157004927
521,0,0.5506374475751253
522,0,0.4287082268246849
523,0,0.12035019031282303
524,0,0.5353633151355298
525,1,0.44112177345898096
526,0,0.3358807831530516
527,1,0.8695260391639912
528,0,0.16655241847009442
529,0,0.48395008649261484
530,0,0.16328135668364765
531,0,0.3039971979868846
532,0,0.0994061923247558
533,1,0.7462710253038611
534,1,0.6489407111979686
535,1,0.6887454769888183
536,0,0.3206227938836924
537,1,0.7217132074417557
538,0,0.6318861497809671
539,1,0.21552381984682026
540,1,0.6862037255739877
541,1,0.26337233424949097
542,0,0.23221822762026928
543,0,0.09626445783399376
544,1,0.6889163764490172
545,0,0.5616402771419138
546,0,0.21312705346779842
547,0,0.094817375155151
548,1,0.37423188573947563
549,0,0.27231644779581815
550,1,0.8185916704502325
551,0,0.6504817693475563
552,0,0.31979276111260213
553,0,0.17808440906063117
554,0,0.3365822051876912
555,1,0.8509107154568629
556,0,0.445163933960612
557,0,0.26527856852357684
558,0,0.32548352611195475
559,0,0.09612432855484437
560,1,0.841455432760903
561,0,0.3211214397357298
562,1,0.7174118767686717
563,1,0.4064939976081529
564,1,0.8944981538432816
565,0,0.2928053273201877
566,0,0.2595484962691948
567,0,0.26155554520877045
568,1,0.524318280371431
569,0,0.16706287206165948
570,0,0.2982308851507889
571,0,0.442335859012676
572,1,0.31928405440673924
573,0,0.10059061702343616
574,0,0.25274572146089797
575,1,0.7299368576497581
576,0,0.27890013112220724
577,0,0.2866529770547847
578,0,0.4496463317508066
579,0,0.2509382531101465
580,0,0.40374190491712025
581,0,0.3247744815111475
582,1,0.850323436112435
583,1,0.755242198748824
584,0,0.271668589165813
585,0,0.72521726282524
586,0,0.36769199696861515
587,0,0.5491985092746721
588,1,0.8138977796198951
589,0,0.8588810064317985
590,0,0.34618309898779975
591,1,0.7020065357215743
592,1,0.8853440648001107
593,0,0.43661865922875953
594,0,0.202510493781715
595,0,0.3677535707979529
596,0,0.3748727916745
597,1,0.3226196133721909
598,0,0.2525055019172479
599,0,0.284593306855195
600,0,0.1896330809961675
601,0,0.653800500994417
602,0,0.08757453380456391
603,0,0.20451034472145235
604,0,0.43463974527221977
605,0,0.44008181722716183
606,0,0.4596813918306304
607,0,0.19900137058341005
608,0,0.21902488063361025
609,1,0.34165496105997284
610,1,0.8035924283879389
611,1,0.8661033746191892
612,1,0.8506039449798775
613,0,0.25075371056941215
614,1,0.36496252276107227
615,0,0.13563109642443888
616,1,0.719978281800016
617,1,0.3081235714468819
618,1,0.7072078678330436
619,0,0.16599984142459248
620,0,0.3037799005549118
621,1,0.43859889525860146
622,0,0.5343605141382086
623,0,0.2045814684218049
624,0,0.33313009187567416
625,0,0.12279638087042148
626,0,0.41073981691600425
627,0,0.18842171701966343
628,0,0.2795395493602484
629,1,0.4329056442182603
630,1,0.3195849870889185
631,0,0.1387897505838258
632,0,0.39407033835142796
633,1,0.8525596230307328
634,0,0.36765161257392365
635,0,0.13916833928643255
636,1,0.9213196592649276
637,1,0.8685684703522435
638,0,0.3604713680910845
639,0,0.5503637534136562
640,0,0.2354537304658977
641,0,0.26899040578935646
642,1,0.15942696064601308
643,0,0.20749174507234247
644,0,0.3907233404261018
645,1,0.4531444549852563
646,0,0.34579842501651825
647,1,0.5035258729290131
648,1,0.7722746551391932
649,0,0.6143013772579845
650,0,0.8141235037041313
651,0,0.6832169693773986
652,1,0.7839485178019985
653,0,0.4029772240311828
654,0,0.30201275424049795
655,0,0.23856022189764908
656,0,0.1801046826374196
657,0,0.22934128272350832
658,0,0.35191773906675633
659,1,0.3777308801517217
660,0,0.4294421536216384
661,0,0.785694197599075
662,0,0.4586410896238002
663,0,0.2207382209041067
664,0,0.46846439673176127
665,0,0.22906097912126364
666,0,0.28441479181801027
667,0,0.4213638258406118
668,0,0.16657031392392127
669,0,0.18980302188441392
670,0,0.4447356027338968
671,0,0.17179288843801274
672,0,0.6049481397571881
673,1,0.326651726958906
674,0,0.3214048450330603
675,0,0.39681380038895264
676,0,0.6552683572555202
677,0,0.39295550203579555
678,1,0.25619188964864315
679,0,0.3317480592644388
680,0,0.37404999281759493
681,1,0.72589986122033
682,0,0.18169865218515024
683,0,0.3024677916174134
684,0,0.4561091156329446
685,0,0.3513698766168709
686,0,0.20367646499838876
687,0,0.36939278546854476
688,0,0.17728959052158966
689,0,0.5696406219339634
690,0,0.2716123602210914
691,0,0.19525734491733324
692,0,0.17708840153455235
693,1,0.23018640075535085
694,0,0.6381204796426837
695,0,0.09454100665097022
696,0,0.23748845780585473
697,0,0.5406318180514091
698,1,0.8994083682644817
699,0,0.10066497734481895
700,0,0.3839845609875394
701,0,0.5779308425753041
702,0,0.24287844948792817
703,0,0.20060968187592185
704,0,0.5207668564914779
705,0,0.3644365635841107
706,0,0.3534352566353972
707,0,0.696140855573192
708,0,0.16328421879493832
709,0,0.34308974871393944
710,0,0.26073449758687367
711,1,0.3460537343641753
712,0,0.46731242550020874
713,0,0.12988881567917077
714,1,0.10193284584748862
715,1,0.73100505062647
716,0,0.25118956500075273
717,0,0.3196382758820781
718,0,0.3142543650632515
719,0,0.23767761827672382
720,0,0.8767104486489672
721,0,0.3726402009482683
722,0,0.1941834151380419
723,0,0.2182796387688008
724,0,0.08456443548756182
725,0,0.19206899429742916
726,1,0.2918480018639053
727,0,0.22247558708359916
728,0,0.31760161014672833
729,1,0.36345106764437723
730,0,0.16944673825584428
731,0,0.20629034785436964
732,0,0.4725515982810991
733,0,0.5136509236466866
734,0,0.2860810980182927
735,1,0.8549474155846785
736,1,0.5218378954632449
737,0,0.29674346761368875
738,0,0.08789900523102416
739,0,0.2919884849788536
740,1,0.10465576280835048
741,0,0.2753634128091459
742,0,0.17312345916190114
743,0,0.7632913959983239
744,0,0.21784324202691616
745,1,0.818521267692578
746,0,0.3444874000598105
747,0,0.40042927071744616
748,0,0.36372666708910734
749,0,0.45400022821409985
750,0,0.4159302900016797
751,0,0.30886161126719097
752,0,0.18143914316155763
753,0,0.41642678053305304
754,0,0.3633623735961069
755,0,0.09065510269019324
756,0,0.53919896508282
757,0,0.2859673046943109
758,0,0.30499156287655305
759,0,0.26910374883739585
760,0,0.15442876318293453
761,1,0.672695639191903
762,0,0.13806039648755966
763,0,0.5675253823449924
764,1,0.8292306795556944
765,0,0.16241762771344162
766,0,0.18471388960917512
767,0,0.43474103541450193
768,0,0.511701571933575
769,1,0.8098563751763384
770,0,0.4435661223185965
771,0,0.30256081507327404
772,0,0.7175092140235201
773,1,0.23893121408682666
774,0,0.29862315989868893
775,0,0.5825513348670657
776,0,0.4398817491643804
777,0,0.2606720216963819
778,0,0.3691641355143258
779,0,0.22650733987551314
780,0,0.19164443875760429
781,1,0.8599186987894271
782,0,0.32258565672632733
783,0,0.43705763109044304
784,0,0.35750710986894546
785,0,0.3606567176939066
786,0,0.631497837265032
787,0,0.46137876982328163
788,0,0.419362290587239
789,0,0.34787663937333674
790,0,0.3743832200706866
791,0,0.21536187915302168
792,0,0.18984086422978344
793,0,0.2765038065718505
794,1,0.9580320059748773
795,0,0.31978121047299607
796,0,0.37972618213150866
797,0,0.6748397332712137
798,0,0.3899857303265463
799,0,0.2699713561902
800,1,0.872485668968331
801,0,0.5009552297609527
802,1,0.7982536780216744
803,0,0.2259122760904795
804,0,0.389418674417779
805,0,0.24989695595392963
806,0,0.26042484006612304
807,0,0.18314484859605215
808,1,0.7421949078297986
809,1,0.3376975446178794
810,1,0.6443247809209214
811,1,0.9008037709146285
812,0,0.23335984700297832
813,0,0.3425777336229616
814,0,0.33526675806944356
815,0,0.34284882079292706
816,0,0.21219786006917965
817,0,0.11901483482051177
818,1,0.4145505388951583
819,1,0.41981885828974613
820,0,0.24250654210722872
821,0,0.2535827530371165
822,0,0.1439902788474158
823,1,0.48731254143134556
824,0,0.7972933113406958
825,1,0.6884770044684132
826,1,0.7873351400778005
827,0,0.5299717845185633
828,0,0.3665223950748727
829,1,0.856544869538792
830,0,0.8908576285946529
831,0,0.4787718498444377
832,0,0.7932649237933258
833,0,0.21617987525403243
834,1,0.3605657607825761
835,0,0.304736629410846
836,0,0.2635448216074847
837,0,0.4963032669360783
838,0,0.6387632977696017
839,0,0.22047881944349182
840,0,0.16829190785668424
841,0,0.2221719391420513
842,1,0.7880768194598291
843,0,0.3430908332524637
844,0,0.2890165886151572
845,0,0.18140246748497377
846,0,0.4660728964385963
847,0,0.22404107099960957
848,0,0.10376940379748868
849,0,0.2551581036128546
850,0,0.8506960015263987
851,0,0.1523397706942369
852,0,0.1659823845508978
853,0,0.7382669145030062
854,0,0.158699241796333
855,0,0.34828699905525745
856,0,0.22383495855455016
857,0,0.31497990310452534
858,1,0.9602718477588241
859,1,0.1662979251536839
860,0,0.5352762570682773
861,0,0.8226438586060654
862,0,0.2640362575431671
863,1,0.10655349840818619
864,0,0.27000578733359465
865,0,0.3476234257414379
866,0,0.2359338585399625
867,1,0.7904088679533571
868,1,0.44362235797950633
869,0,0.2862785266393279
870,1,0.5957422523948551
871,0,0.5815870563568041
872,0,0.4445230813226718
873,0,0.2578995293371588
874,0,0.33162481321264364
875,1,0.7904066181528207
876,1,0.6339972982630426
877,0,0.366446136615488
878,0,0.16672989341831182
879,0,0.21438622153073272
880,0,0.8201929328114247
881,1,0.4959067393759182
882,0,0.21939748077401347
883,0,0.3750406489970247
884,0,0.2807887155026412
885,0,0.5377245132529951
886,0,0.8268292981788573
887,0,0.6269285530969543
888,0,0.4049680234217212
889,0,0.25295480064470227
890,1,0.9042777836515444
891,1,0.8886972137046508
892,0,0.5121725278897806
893,0,0.41373021721085984
894,0,0.2372323869472801
895,1,0.38848975138243924
896,1,0.6457037427802514
897,0,0.7244641880987401
898,0,0.3734129479748851
899,0,0.12147874699814047
900,1,0.8498931561564974
901,0,0.4713734212475057
902,0,0.4264926153758448
903,0,0.15867493126024368
904,1,0.7988712769384513
905,1,0.4448376633583417
906,0,0.3308199947259297
907,0,0.232576347735687
908,1,0.45183764438796026
909,0,0.2876697392278727
910,0,0.3758583875911017
911,0,0.31997239126311944
912,1,0.8643658957607672
913,0,0.3453290906928074
914,0,0.862293598835161
915,0,0.5954856920970496
916,0,0.49684639373032724
917,1,0.366548938073696
918,0,0.246386509413255
919,0,0.43223931492113055
920,0,0.7241076207835512
921,0,0.10168112559560663
922,0,0.3774342496923621
923,0,0.36624513323004537
924,0,0.3895756538563835
925,1,0.3936884893452849
926,0,0.5293262309020883
927,0,0.31003349314064227
928,1,0.5180888901144336
929,0,0.22633842393896228
930,0,0.2921932574218318
931,0,0.33707773529910573
932,0,0.2607841381672254
933,0,0.25149571485840755
934,1,0.4517579430731767
935,0,0.39141610526941273
936,0,0.14586778634945147
937,0,0.4117183102552302
938,0,0.8824985484450548
939,0,0.34433588030923595
940,1,0.8063715948263278
941,0,0.38207490718306436
942,0,0.16881098139570846
943,0,0.4169592850714765
944,0,0.26211750066773837
945,0,0.27499699090671414
946,0,0.30967293403461443
947,1,0.6684237660766468
948,0,0.3953536209140422
949,1,0.2693562997166711
950,0,0.1408943891497509
951,0,0.22328457967071735
952,0,0.42571559790066227
953,1,0.30313992773649345
954,0,0.4218673495478423
955,1,0.3730887349651818
956,0,0.152229188210682
957,0,0.2909968712351294
958,0,0.33608965436895494
959,0,0.6685861115185938
960,0,0.4594713588770765
961,0,0.13502772051287032
962,0,0.3780483267500721
963,0,0.36363102118619683
964,1,0.2724851021469836
965,0,0.2590711825379003
966,1,0.9018078369067761
967,0,0.220413174116774
968,0,0.4090180761409436
969,0,0.4973682425763347
970,0,0.5635246615544136
971,0,0.45041531721163613
972,0,0.7209539030361336
973,0,0.34616475626545146
974,0,0.2100418325363135
975,0,0.2690465204836759
976,0,0.337390831255794
977,0,0.16820289335201186
978,0,0.24694122592568607
979,0,0.3623844981784085
980,1,0.10235020510651338
981,1,0.7889334839401354
982,0,0.3125993794865036
983,0,0.1632784067816759
984,0,0.26066013419996925
985,0,0.29679040680183894
986,0,0.11596541827635592
987,0,0.22760694677283508
988,0,0.8700696325834972
989,0,0.15419914939638033
990,0,0.357065041050126
991,0,0.15852431390662178
992,0,0.375742854523815
993,0,0.36952672076644527
994,0,0.16206845368441683
995,0,0.23167750364921458
996,1,0.6366807950551024
997,0,0.36416412313019053
998,0,0.18665364315048066
999,0,0.6301050617959689
1000,0,0.6716774838164281
1001,1,0.7626100548499625
1002,1,0.23098019983534435
1003,1,0.6236173408298686
1004,0,0.2849214271696211
1005,0,0.18687129194758473
1006,1,0.8084945741143638
1007,0,0.3077755588022139
1008,0,0.20109273765616117
1009,1,0.8163169092169943
1010,0,0.425492786970604
1011,0,0.39677386277487003
1012,0,0.13880975014525093
1013,1,0.6867541822109111
1014,1,0.3596687301447276
1015,0,0.4288432813341567
1016,0,0.3843772984736241
1017,0,0.3520963684266626
1018,0,0.4602318743482269
1019,1,0.9289054065445177
1020,0,0.5556612528565608
1021,0,0.36420017708701535
1022,1,0.244418609434158
1023,0,0.36347315797218605
1024,0,0.8686053495701829
1025,0,0.30059469814319223
1026,0,0.3215195881883642
1027,0,0.35729778944431007
1028,0,0.23043307749754696
1029,0,0.26500513002154014
1030,0,0.1591617040578785
1031,0,0.3303380654965709
1032,0,0.4175566814675469
1033,0,0.35502619017263604
1034,0,0.20724305301853696
1035,1,0.185728818028607
1036,0,0.2169571295459285
1037,0,0.29038323337626704
1038,0,0.29690972375530145
1039,0,0.34091046251191565
1040,0,0.2614372323682344
1041,0,0.312075459856693
1042,0,0.5776124131091092
1043,0,0.14316609873397035
1044,0,0.40057773382304496
1045,0,0.059145054393157974
1046,1,0.8708231928207552
1047,0,0.251364300518396
1048,0,0.40145505354528405
1049,0,0.338483778631714
1050,0,0.23903340820629754
1051,0,0.2594952088574761
1052,0,0.2072913029048854
1053,0,0.2974277156641797
1054,0,0.6666625465758762
1055,0,0.33547134899035685
1056,0,0.4066065964490794
1057,0,0.6285562735198658
1058,1,0.7208066475011506
1059,0,0.8516544593919209
1060,0,0.5563839796467175
1061,0,0.3135311329020431
1062,0,0.4579737645564701
1063,0,0.3479516264978954
1064,0,0.2795251130852829
1065,0,0.2946400010441057
1066,0,0.5333560693004875
1067,0,0.19929097199601803
1068,0,0.2307201637880874
1069,0,0.33912440260051474
1070,0,0.2493659725747527
1071,0,0.24469146988056706
1072,0,0.32465145707812143
1073,0,0.5678492352566896
1074,0,0.08828344560719213
1075,0,0.10517270922402869
1076,1,0.6320489594123696
1077,0,0.7025663960265811
1078,0,0.7298750310368668
1079,1,0.1610670801467499
1080,0,0.671304895304343
1081,1,0.2889648043970354
1082,1,0.3994003567050829
1083,0,0.15683565582483142
1084,0,0.159779241443524
1085,0,0.06540410092440303
1086,1,0.9050232753589598
1087,0,0.3726862174675464
1088,1,0.5891492808478946
1089,0,0.8703743208563652
1090,0,0.32035914971763363
1091,0,0.3365946459750363
1092,0,0.30502523846227564
1093,0,0.2953592721573999
1094,0,0.15367381788442847
1095,0,0.3673915408051829
1096,0,0.14644948909790784
1097,0,0.20459978134076665
1098,0,0.2961749105655614
1099,0,0.6837842852940146
1100,0,0.24170123320867873
1101,1,0.9052490599717506
1102,0,0.12332511392878825
1103,0,0.4974304844851347
1104,0,0.5065700554148619
1105,0,0.26663676765459615
1106,0,0.2747203699924069
1107,1,0.37820290645194093
1108,0,0.5817701342984561
1109,0,0.2557215708213421
1110,1,0.22784846974695216
1111,0,0.5236580753238048
1112,0,0.3711121018788676
1113,1,0.7694164776914743
1114,0,0.14969302603123652
1115,1,0.2764383669349632
1116,0,0.26560399227922477
1117,0,0.3765567024738021
1118,0,0.22115314253828505
1119,0,0.6200317204996568
1120,0,0.24845572129812354
1121,1,0.6327102562619714
1122,0,0.6816221377680897
1123,0,0.8077504114918105
1124,0,0.4391493382376808
1125,0,0.5938136426656724
1126,1,0.8937446020180697
1127,1,0.8747999319067096
1128,0,0.33754437877842036
1129,0,0.5442580327952602
1130,1,0.6925975609475711
1131,0,0.3275662433424915
1132,0,0.6364650679047904
1133,0,0.3144336264717415
1134,0,0.36555962336367154
1135,0,0.41879777072038943
1136,0,0.37018538215721014
1137,1,0.8758682678793869
1138,0,0.7366209292031405
1139,0,0.3333637556271427
1140,0,0.4061723594586805
1141,0,0.3202564189761298
1142,0,0.19128351336609786
1143,0,0.1600872003577049
1144,1,0.4535550190800327
1145,0,0.1797625713095171
1146,0,0.43571565014779345
1147,0,0.3765727088098394
1148,0,0.1475859861018748
1149,0,0.3582924129803414
1150,0,0.606847905708415
1151,0,0.32396812335817954
1152,1,0.6445958619099819
1153,0,0.3645176338806557
1154,0,0.23878388233967116
1155,0,0.27591471595811273
1156,0,0.30480722454040543
1157,1,0.46986362663702846
1158,1,0.7632536785549031
1159,1,0.8611394781867701
1160,0,0.3865470446800142
1161,0,0.21003728694497092
1162,0,0.669542251111124
1163,0,0.31061435615565064
1164,0,0.8768405949098953
1165,0,0.34184470832526176
1166,0,0.3734981777477246
1167,1,0.4056305768422465
1168,0,0.5900238403995257
1169,0,0.18495041435394324
1170,0,0.351188738179208
1171,0,0.09526824539579738
1172,0,0.281149220842332
1173,1,0.31070163065228024
1174,0,0.36068851174201993
1175,1,0.3822488540631535
1176,0,0.4858279452425856
1177,0,0.48966536570787306
1178,0,0.43261756923978095
1179,0,0.2854064404562958
1180,1,0.5958028830001195
1181,0,0.5837234013432666
1182,0,0.24920338911244883
1183,0,0.2741902665875611
1184,0,0.23203722412377487
1185,1,0.2997372421638951
1186,0,0.2355605723239244
1187,1,0.6781456848407188
1188,1,0.7287856311586693
1189,0,0.1475020370968215
1190,0,0.4815015071460041
1191,1,0.8297788822189694
1192,1,0.6989810885373609
1193,1,0.3015594468879824
1194,1,0.7590696084299959
1195,0,0.5014495139598418
1196,0,0.40364445255315107
1197,1,0.31491901987295967
1198,1,0.35199650448935704
1199,1,0.36220417667051963
1200,0,0.37496957394266156
1201,0,0.297865169403191
1202,0,0.38268849129589433
1203,0,0.24105886466392967
1204,0,0.5187696021847544
1205,0,0.29077574870647566
1206,0,0.19638733989620263
1207,0,0.06559495587160734
1208,0,0.24452184412464728
1209,0,0.4366040747796213
1210,0,0.1454491488918748
1211,0,0.386589749892628
1212,0,0.6483747468741218
1213,0,0.6629904644323474
1214,1,0.42615665229582683
1215,1,0.8499910761080653
1216,0,0.6960640193472173
1217,0,0.39804987266621034
1218,0,0.24037978097221216
1219,0,0.2575432128873176
1220,0,0.3318483777922852
1221,0,0.8885466628812835
1222,0,0.07205689772048386
1223,0,0.48124891930684577
1224,0,0.2534165952884388
1225,1,0.7707660359754288
1226,0,0.9014826520834646
1227,1,0.8717746958408915
1228,0,0.3004901870719456
1229,0,0.18923146314872025
1230,0,0.05861292476066898
1231,0,0.26316944396081887
1232,0,0.3046083893056638
1233,0,0.7162902092509121
1234,0,0.3176859466737174
1235,0,0.8511374737962446
1236,0,0.1748075690389055
1237,0,0.40949015418761553
1238,0,0.22894161223144266
1239,1,0.3089982961111042
1240,0,0.36164508343099094
1241,0,0.29370830941972403
1242,1,0.6613945441860791
1243,0,0.3263270575708112
1244,0,0.785788017056975
1245,1,0.5502607181770764
1246,0,0.18862424937197475
1247,1,0.6446650734927774
1248,1,0.6086585001561354
1249,0,0.4914016097271742
1250,1,0.9025353610613465
1251,0,0.12331990761821805
1252,0,0.6704698046364247
1253,1,0.5738619655150257
1254,0,0.7398465099858963
1255,1,0.7950100166248099
1256,0,0.5267698695154033
1257,0,0.3743466131298281
1258,1,0.5568358069051361
1259,0,0.2468963579596981
1260,0,0.2366563494672375
1261,0,0.21231989795341338
1262,0,0.06955769563751062
1263,0,0.2733067263598972
1264,0,0.4303896009141287
1265,0,0.4239582741655308
1266,0,0.6447752626376279
1267,0,0.5950121847977686
1268,0,0.39677819562375477
1269,0,0.2237599638968115
1270,0,0.3583706535681453
1271,0,0.20319985348201794
1272,0,0.3860939247597405
1273,0,0.3597349292085655
1274,0,0.8753513854787055
1275,0,0.10018795259019132
1276,1,0.872537231284718
1277,0,0.39395320366861486
1278,0,0.4209156211093933
1279,0,0.34645383593107526
1280,0,0.14214533798869203
1281,0,0.3343016684954207
1282,1,0.4591157430255335
1283,1,0.1657788274464642
1284,0,0.4617196479403888
1285,1,0.39348269670092717
1286,0,0.16729048777156164
1287,0,0.1850407810197269
1288,0,0.16507210607487724
1289,1,0.5022867511484137
1290,0,0.23478091947689567
1291,0,0.13549854942436368
1292,0,0.1430264276802593
1293,0,0.3347158878586334
1294,1,0.8276985469383961
1295,0,0.30161869208562603
1296,1,0.18990746104540981
1297,0,0.5757219305694915
1298,0,0.14603747256654442
1299,0,0.34841549161591795
1300,0,0.5225826652211361
1301,0,0.28637786875027116
1302,0,0.4135414737650796
1303,0,0.4011027906076874
1304,1,0.35683016389526306
1305,0,0.5490697138746704
1306,0,0.7455344891477732
1307,0,0.3053784978292674
1308,1,0.8152146746711557
1309,0,0.37851152045357334
1310,0,0.13561076485397866
1311,0,0.4806961619368996
1312,0,0.5633531227551163
1313,0,0.35157167137337
1314,0,0.2531775350694732
1315,0,0.10916770686512724
1316,1,0.1371643944111184
1317,1,0.8836392391229319
1318,0,0.3551483072994243
1319,0,0.44183774918324537
1320,0,0.7317224189366889
1321,0,0.3742171477052525
1322,0,0.17666975055347434
1323,0,0.43938947901778697
1324,0,0.15496285053683143
1325,0,0.23474214330348592
1326,1,0.2564184007286716
1327,0,0.4685518795775867
1328,1,0.22613891102425387
1329,1,0.35817044049987523
1330,0,0.389070028856055
1331,0,0.35415580784207346
1332,0,0.35705017118589244
1333,0,0.24010924532913105
1334,1,0.848121485836812
1335,0,0.20163031639060375
1336,0,0.13552317766569577
1337,1,0.8590162326816175
1338,1,0.479508753213556
1339,0,0.621702529074933
1340,0,0.4154446142295082
1341,1,0.662288735348874
1342,0,0.6375682682556315
1343,0,0.16627419551694916
1344,0,0.22973913244427674
1345,0,0.3649997735206814
1346,0,0.710293115269188
1347,0,0.34819930885876355
1348,0,0.34937659787512004
1349,0,0.1660644499030655
1350,0,0.1964550018366188
1351,1,0.8268727241351094
1352,0,0.1965960962017893
1353,0,0.5890328176079076
1354,0,0.2288476067578911
1355,0,0.3214727302845859
1356,1,0.9077516575616201
1357,0,0.10606004122240666
1358,0,0.4033666186837868
1359,1,0.585702418826005
1360,0,0.8536688198463609
1361,0,0.19258768648215902
1362,1,0.9067231752374286
1363,0,0.324578966670415
1364,1,0.19041430466245043
1365,0,0.31079926525240803
1366,0,0.2086627650521493
1367,1,0.40871479461229343
1368,1,0.5669945478824472
1369,0,0.16521776215179865
1370,0,0.08630621421485918
1371,0,0.6624675613264279
1372,0,0.396563595835246
1373,1,0.881157602744546
1374,1,0.6655442400452416
1375,0,0.4764290501734635
1376,0,0.14227797619667032
1377,0,0.7927717355880067
1378,0,0.3394628293202524
1379,0,0.8015451076117713
1380,0,0.3661012726303716
1381,0,0.2452834716255983
1382,0,0.2748792674502564
1383,0,0.36855642494994634
1384,0,0.7232762884586793
1385,1,0.6182298958056075
1386,0,0.6925542539590311
1387,0,0.25169538065824176
1388,0,0.4015655622269131
1389,0,0.2614668620464944
1390,1,0.8503368505700232
1391,0,0.19950703691975008
1392,0,0.633791512605768
1393,0,0.12819820654085964
1394,1,0.8640943935639455
1395,0,0.1456151959992895
1396,0,0.40295689125844936
1397,1,0.3602588630013721
1398,0,0.3848838890837049
1399,0,0.2765874101137165
1400,0,0.169768635796348
1401,1,0.8167216306030478
1402,0,0.7732937105092362
1403,0,0.19288456354233788
1404,1,0.4026815452660016
1405,0,0.2845764959142532
1406,0,0.3305424099745601
1407,0,0.5514316125980957
1408,0,0.43345115987941407
1409,0,0.07419428422158772
1410,0,0.23068851242590463
1411,1,0.35364900632057167
1412,0,0.2746535150984761
1413,0,0.5202763055359811
1414,0,0.22440179572467006
1415,0,0.39852721308881756
1416,0,0.2746703563236475
1417,0,0.3038406308015752
1418,0,0.8041894646064185
1419,0,0.560648715144631
1420,0,0.2654564440122255
1421,0,0.30077671403864115
1422,0,0.15740617220876754
1423,1,0.8082542632920942
1424,1,0.898997004374851
1425,1,0.7734386438437453
1426,1,0.8344508581212605
1427,0,0.13148421208151131
1428,0,0.31426769456205206
1429,0,0.20676445974727561
1430,0,0.3155113933315085
1431,0,0.5610242534698198
1432,0,0.29734774011303927
1433,0,0.08598276543964875
1434,0,0.45925907946290295
1435,0,0.2674679490847895
1436,1,0.27391143936589335
1437,0,0.541753446902463
1438,0,0.2736775425525233
1439,0,0.2959990780948571
1440,0,0.31168538263708706
1441,0,0.35197978653600276
1442,0,0.303222002803753
1443,0,0.35742596296558643
1444,0,0.20851212345451497
1445,0,0.16871554509673514
1446,0,0.0993701168700886
1447,0,0.19546741426056433
1448,0,0.3340845125938431
1449,1,0.27581985412923726
1450,0,0.37053418546650363
1451,0,0.33657003067887004
1452,1,0.3378583350921851
1453,0,0.3642614426029944
1454,0,0.4200105361399145
1455,0,0.1900970116945793
1456,0,0.1927331912273381
1457,1,0.4987063723331094
1458,1,0.30069762419047097
1459,0,0.8072629465885703
1460,0,0.8039940452030983
1461,0,0.17355702503581008
1462,0,0.18253363585694424
1463,0,0.3091618770917913
1464,1,0.8392050634847465
1465,0,0.15945163851525052
1466,0,0.2862357695627144
1467,1,0.3795289774378259
1468,0,0.3788237890611733
1469,1,0.1853421548672944
1470,0,0.7414823157202806
1471,0,0.29659645760825454
1472,0,0.8053278373069854
1473,0,0.1623896853648446
1474,0,0.16680129859927692
1475,0,0.09500111930261144
1476,1,0.910486405013521
1477,0,0.33965071537533764
1478,0,0.2218593683709168
1479,0,0.20254860426780966
1480,0,0.382642614913431
1481,1,0.7548880358494001
1482,0,0.3470531438215643
1483,0,0.7633672231288031
1484,0,0.1546867004848574
1485,0,0.7167427373347526
1486,0,0.17371743314364185
1487,0,0.25074483087451716
1488,0,0.43344380195975096
1489,0,0.35664401402982016
1490,1,0.7250919472239539
1491,0,0.6694615292497089
1492,1,0.37559576900749714
1493,1,0.6238512283631661
1494,0,0.2388226667168585
1495,0,0.3657884115185731
1496,0,0.49067040156242625
1497,0,0.37421493751069507
1498,0,0.36247124219444093
1499,0,0.41605303365013413
1500,0,0.38285243374000993
1501,0,0.5434230844443323
1502,0,0.4654116570725635
1503,1,0.6626358151959855
1504,0,0.6555129281087098
1505,0,0.16752805968021525
1506,1,0.24300989823427385
1507,1,0.4096153581867169
1508,0,0.4329976396056535
1509,0,0.4143909718640487
1510,0,0.156153194638519
1511,0,0.3328247951190061
1512,0,0.24373268505784387
1513,1,0.857959701998344
1514,0,0.14379010155879884
1515,0,0.47315777678540266
1516,0,0.911291313613499
1517,0,0.4428553670649967
1518,0,0.390842829740094
1519,0,0.30321180159778205
1520,1,0.9057467161189162
1521,0,0.28851097705722606
1522,0,0.10662747395753248
1523,0,0.6652302295556127
1524,0,0.13127865347584258
1525,0,0.1891958034772182
1526,0,0.24306864932211977
1527,1,0.9238000205234077
1528,1,0.8893695128961486
1529,0,0.30798397173072645
1530,1,0.5654654074297908
1531,0,0.7880682866224756
1532,1,0.7474178512271618
1533,0,0.4509915039140401
1534,0,0.47410037685545425
1535,0,0.3126079629843526
1536,0,0.26263376780611286
1537,1,0.8171251941471995
1538,0,0.23117502671420634
1539,1,0.32325479761013454
1540,0,0.39023855670632074
1541,0,0.1439618966303762
1542,0,0.4472300915564823
1543,0,0.23510019435672905
1544,0,0.48644923121318917
1545,0,0.15812770767082124
1546,0,0.21108676522985614
1547,1,0.7516529951142139
1548,0,0.3441032949255704
1549,0,0.7687894148198392
1550,0,0.27718851466632477
1551,0,0.2676776165299463
1552,0,0.8462057865279862
1553,0,0.8089483703192175
1554,0,0.3279484647333156
1555,0,0.8742620889293012
1556,0,0.2657344923401314
1557,0,0.25264528567253913
1558,0,0.9560818890380968
1559,0,0.2080344896993168
1560,0,0.5307575941600677
1561,0,0.37519590943783726
1562,0,0.1624754865070288
1563,0,0.0729862316854071
1564,1,0.45313154334265454
1565,0,0.37738832288262353
1566,0,0.2134293017620479
1567,0,0.22999568671353818
1568,0,0.2893871642454366
1569,1,0.7830951568187594
1570,0,0.24452281783526003
1571,0,0.8487321979961358
1572,0,0.3294983878969166
1573,0,0.48747502613007454
1574,0,0.27462289778516125
1575,0,0.6302895938966527
1576,1,0.20420649889126352
1577,1,0.8881697677470513
1578,0,0.41031749774034487
1579,0,0.15468287776103096
1580,1,0.7312209780541512
1581,1,0.34400885132470643
1582,0,0.5667018915684525
1583,0,0.23094471575430942
1584,0,0.4520594599343586
1585,0,0.5209561787390524
1586,0,0.38557720191096356
1587,0,0.6762083885153392
1588,0,0.8702656993936075
1589,0,0.23931555003506133
1590,0,0.36315292184882414
1591,0,0.18619152691373878
1592,0,0.5890394891418386
1593,0,0.28341354054127904
1594,0,0.29129900261375363
1595,0,0.22994591771149647
1596,1,0.6488609276910136
1597,0,0.07897010819911181
1598,0,0.45349309985068137
1599,0,0.7428171556256367
1600,0,0.229518883440452
1601,0,0.24137068181077803
1602,0,0.14204724797726132
1603,0,0.4104244484855784
1604,0,0.22332190875407498
1605,1,0.8432402991188804
1606,0,0.42802491046463403
1607,0,0.22920167405055047
1608,0,0.1656232240001856
1609,1,0.8593690943049619
1610,0,0.675057727649276
1611,1,0.6166668766616479
1612,0,0.4732386564424758
1613,1,0.6975793631427776
1614,0,0.13949016720139082
1615,0,0.7747984768582167
1616,1,0.42085753936365583
1617,0,0.1666858463980395
1618,0,0.36006238050015926
1619,0,0.19792919867356534
1620,1,0.4241607690831715
1621,0,0.24118019501614163
1622,0,0.554434733944785
1623,0,0.35491383660965753
1624,0,0.8955006082817986
1625,0,0.40298439137843883
1626,0,0.759496407778541
1627,0,0.26458021079306243
1628,0,0.21498523019808297
1629,0,0.7233194634004433
1630,0,0.3236299801960726
1631,0,0.7365245937814167
1632,0,0.42079820360921816
1633,0,0.19910061170598034
1634,0,0.5299317102574868
1635,0,0.4253317398378531
1636,0,0.27515305436778364
1637,1,0.21252601815276456
1638,0,0.29265883841784
1639,1,0.3688628507668609
1640,0,0.21008952080962384
1641,0,0.34738301234157887
1642,0,0.41148455768840586
1643,0,0.1327398506571566
1644,0,0.49555602372898155
1645,0,0.48168123066941143
1646,0,0.3352475950281898
1647,0,0.4072253091266387
1648,0,0.36117111402013413
1649,1,0.84351894366405
1650,0,0.29765916197310566
1651,0,0.24689612554548038
1652,0,0.07579668140437995
1653,0,0.39501310832619707
1654,0,0.06523290473122706
1655,0,0.3400018060299537
1656,1,0.9212015785715854
1657,0,0.35649394324744416
1658,0,0.24216399992358087
1659,0,0.3328791439716879
1660,0,0.2548270888524175
1661,0,0.1668733601417915
1662,0,0.29648404735189005
1663,0,0.47957825727109565
1664,0,0.3778302721144965
1665,0,0.3888120512121463
1666,1,0.7622583902770387
1667,0,0.3509719732839835
1668,0,0.32411195568050993
1669,1,0.21757581319057628
1670,0,0.4698113275959092
1671,0,0.16781850437375526
1672,0,0.4390575402945845
1673,0,0.5875386785504347
1674,0,0.33033519184490023
1675,1,0.7485319327769776
1676,1,0.866881085727062
1677,1,0.38223633163434295
1678,0,0.5728372068319646
1679,0,0.1893127911867419
1680,0,0.1661937430257038
1681,0,0.807872905346762
1682,0,0.22520164216793012
1683,1,0.9181183483865247
1684,0,0.3911631133516675
1685,1,0.8050073424314677
1686,0,0.3708883512848219
1687,0,0.32421335907963467
1688,1,0.7124945858923027
1689,0,0.28665598447612634
1690,1,0.44280539134237734
1691,1,0.8679944567246362
1692,0,0.4893018277128751
1693,0,0.7366010690197906
1694,0,0.3047277266657195
1695,0,0.2828560588794987
1696,0,0.41083590365699374
1697,0,0.11587284248787723
1698,0,0.4371971988208701
1699,0,0.18430851641026286
1700,0,0.26310551619575995
1701,0,0.7407627653191261
1702,0,0.2800629267915645
1703,0,0.34340151511773315
1704,1,0.6622554554022273
1705,0,0.16883789659846332
1706,0,0.4983983620022919
1707,0,0.19414195090775205
1708,0,0.33267347147340287
1709,0,0.1777176015876664
1710,0,0.26353497417794697
1711,0,0.4034786291054641
1712,1,0.9140932769929653
1713,1,0.26943035766473644
1714,0,0.45283375955723193
1715,0,0.15576528689761776
1716,0,0.3880338930096823
1717,0,0.11879413279661419
1718,0,0.43721009148767964
1719,1,0.6704035657761679
1720,0,0.21913174686553424
1721,0,0.34635425938510805
1722,0,0.2973422994293405
1723,0,0.2131899462220749
1724,1,0.3106330025706512
1725,0,0.1598163145905331
1726,0,0.1344105265802976
1727,0,0.7339001048343229
1728,0,0.2567012924053455
1729,1,0.3240170867799309
1730,0,0.40461505550529464
1731,0,0.3581042736822599
1732,0,0.21552250041083681
1733,0,0.8292015575857016
1734,0,0.6225022502995244
1735,0,0.19656890026163065
1736,0,0.3243259964418465
1737,0,0.36280125900271776
1738,0,0.3401814492855334
1739,0,0.22591554353966878
1740,0,0.2962588261214376
1741,1,0.9058065449018744
1742,0,0.3123386754159039
1743,0,0.18223703493678717
1744,0,0.36930699926166727
1745,0,0.1260136861705211
1746,1,0.8667217306019818
1747,0,0.5029959585584258
1748,0,0.37905813473820676
1749,0,0.08738156490230754
1750,0,0.1446257943268857
1751,1,0.9164327316092118
1752,1,0.9022193803246528
1753,0,0.1666436047159153
1754,1,0.5580899707760463
1755,0,0.36387267522462885
1756,0,0.25262639912691104
1757,0,0.6859294712704245
1758,0,0.19351341847572964
1759,0,0.36873387665836455
1760,0,0.1828568007171639
1761,0,0.15515759625030762
1762,0,0.2700399005313502
1763,1,0.7228463655999796
1764,0,0.21066085829776918
1765,0,0.13154620645612392
1766,0,0.43990916790224655
1767,0,0.28250994148404457
1768,0,0.19374304732938127
1769,0,0.5728795570920594
1770,0,0.1735904890855069
1771,0,0.23779804724200407
1772,0,0.49402371023577224
1773,0,0.2908133406321092
1774,0,0.4112151888493321
1775,1,0.3462162266354494
1776,0,0.27340767235768365
1777,1,0.33453878481694993
1778,0,0.15010234302745643
1779,0,0.42254270054321574
1780,0,0.37876910410958786
1781,0,0.3497367042076999
1782,1,0.6352228725421575
1783,0,0.19298312045690888
1784,0,0.3423492995546834
1785,0,0.5493787475439053
1786,0,0.66410293057063
1787,0,0.5932282701045944
1788,1,0.3819869307134985
1789,0,0.4794277843604228
1790,0,0.41194364993150323
1791,0,0.39269156476239486
1792,0,0.706129007199139
1793,1,0.4734450166355134
1794,0,0.5695940436904501
1795,0,0.16095140227739788
1796,1,0.14835777021293764
1797,0,0.7666913802945998
1798,1,0.3377456767108617
1799,0,0.6646979054859442
1800,0,0.24491446841470116
1801,0,0.1611626822321625
1802,0,0.13429777036374993
1803,0,0.09677053438052673
1804,0,0.538199839688376
1805,0,0.18391995436951003
1806,0,0.6366578006504193
1807,0,0.4373361639326059
1808,0,0.6834531811935578
1809,0,0.47756231636512736
1810,0,0.7897036236348327
1811,0,0.15031616960957983
1812,0,0.4116060539882938
1813,0,0.2334042345456246
1814,0,0.22473095363252996
1815,0,0.16976487723923867
1816,0,0.28014588422894426
1817,1,0.7513389113013096
1818,0,0.6451558946589974
1819,0,0.44794425059359805
1820,0,0.4750374302384382
1821,0,0.322684914400088
1822,0,0.40564113328899964
1823,1,0.8858229898191137
1824,0,0.5885621829383826
1825,0,0.2917518728531316
1826,0,0.35382646705937987
1827,0,0.43200664233220953
1828,0,0.36667779985688476
1829,0,0.7311870288303502
1830,0,0.2390909446565972
1831,1,0.09253816245490945
1832,0,0.3261466740150396
1833,0,0.32216119841820823
1834,0,0.4074782142937554
1835,0,0.4953802003794565
1836,0,0.5652478070837682
1837,0,0.09311957090135108
1838,0,0.12956648960217174
1839,0,0.28363864802224975
1840,0,0.5899490954687521
1841,0,0.2095926641891125
1842,0,0.3516881880218498
1843,0,0.4502879202637964
1844,0,0.32834448091985685
1845,0,0.4014290288287561
1846,1,0.7484330818704673
1847,0,0.35237361224778174
1848,0,0.437310536402352
1849,0,0.379352820016453
1850,0,0.2977084241881753
1851,1,0.8813489088090836
1852,0,0.2638159508415639
1853,1,0.5319034186318199
1854,0,0.633759688828072
1855,0,0.5622672534633737
1856,0,0.36163221044439003
1857,0,0.7365246839342965
1858,0,0.4511998655585772
1859,0,0.4474323844032697
1860,0,0.350032893638204
1861,0,0.28004817998240833
1862,0,0.3502520926771606
1863,1,0.46471725314544815
1864,0,0.20154119016141167
1865,1,0.21666272169632672
1866,0,0.34205996812801137
1867,0,0.14888265774333603
1868,0,0.09627165064554952
1869,0,0.23190567100652984
1870,0,0.20651313989538742
1871,0,0.4321974076225278
1872,0,0.3961633568607067
1873,0,0.10400895284534899
1874,0,0.32061589860305667
1875,1,0.28769623085540263
1876,0,0.18091172301700506
1877,0,0.3670125688481997
1878,0,0.21314843902233382
1879,0,0.050676279709411284
1880,0,0.7633698673300003
1881,1,0.9104650659738697
1882,0,0.20950409020061386
1883,0,0.2911444703297209
1884,0,0.5014917472086728
1885,1,0.8366777352676296
1886,0,0.4103580227785672
1887,0,0.12398285014186504
1888,0,0.12883544586166368
1889,0,0.5774192310779173
1890,0,0.36876006184048804
1891,0,0.2141267336490052
1892,0,0.17412285145097403
1893,0,0.19762025123496207
1894,0,0.22881733402619758
1895,0,0.38717901776916686
1896,1,0.8512422413744554
1897,0,0.32527162532042325
1898,1,0.42789842095444297
1899,0,0.416330549059021
1900,0,0.30842816423505526
1901,1,0.6136054594432592
1902,0,0.3070239987033746
1903,0,0.634878897761707
1904,0,0.2873699985875053
1905,0,0.808504300784828
1906,0,0.2422646920997055
1907,0,0.2671798465641453
1908,0,0.25129356300248756
1909,0,0.5400649618262313
1910,0,0.1756139958926416
1911,0,0.476754563290711
1912,0,0.17463562249946565
1913,0,0.23228125121248133
1914,0,0.369544553355796
1915,0,0.21449474763562193
1916,1,0.7108693712073209
1917,0,0.15131507669393643
1918,0,0.3428112142844267
1919,0,0.5923030701563359
1920,0,0.2539789462510819
1921,0,0.9017897989367176
1922,0,0.49647020346990045
1923,0,0.539282044456103
1924,0,0.3429504858549039
1925,0,0.8363499551907491
1926,0,0.5150788291281225
1927,1,0.7951668012767263
1928,0,0.1526520139622945
1929,0,0.26293338069891803
1930,1,0.5662642594414596
1931,1,0.8795031979031677
1932,0,0.3425741552638815
1933,0,0.2824231591586635
1934,1,0.527690031481093
1935,0,0.2284829651647018
1936,1,0.7779406105908258
1937,0,0.3757043771700004
1938,0,0.30711998935996154
1939,0,0.16175277936118992
1940,0,0.14226896866984387
1941,0,0.5238107199807026
1942,0,0.46583798773116575
1943,1,0.8947251785234098
1944,0,0.45104707644996167
1945,1,0.40344639279043504
1946,1,0.3682626058138668
1947,1,0.8442919260107236
1948,0,0.10766816588902049
1949,0,0.3666371268600631
1950,0,0.7843565073160172
1951,0,0.5718217354059341
1952,0,0.5826236061130637
1953,0,0.08607489265593098
1954,0,0.11483176015586843
1955,0,0.2522669600061571
1956,0,0.14480185066030318
1957,0,0.5252287911305119
1958,0,0.40940203816928517
1959,0,0.1967031339620227
1960,1,0.8595888408930853
1961,0,0.14283888664144667
1962,0,0.38525890109218786
1963,0,0.2836130165431965
1964,0,0.32234378765349037
1965,0,0.354922619833328
1966,0,0.228965175704734
1967,1,0.8720834672837114
1968,0,0.17671227749211788
1969,0,0.444210166231806
1970,0,0.8015856759889444
1971,1,0.5319478359819743
1972,0,0.36313858969742524
1973,0,0.21825692000247013
1974,1,0.2959805504898215
1975,0,0.33351751906138893
1976,1,0.6990229933956685
1977,0,0.5977283024666733
1978,1,0.6216000372328103
1979,0,0.13820035698470629
1980,0,0.21200835678401597
1981,0,0.16635632472407771
1982,0,0.19809444773528115
1983,0,0.27757160535322295
1984,0,0.4248315467186787
1985,1,0.8339042298709791
1986,1,0.22317509662985366
1987,0,0.2535644002803872
1988,0,0.38893778893190223
1989,0,0.329279333142677
1990,0,0.27750176372212365
1991,0,0.16833539586490723
1992,1,0.8553353268463532
1993,0,0.4630262335350587
1994,0,0.1566672295101727
1995,1,0.19567110732102105
1996,1,0.5979322563707009
1997,0,0.13789170772601678
1998,0,0.22903753318610282
1999,0,0.4177083661005301
2000,0,0.214984873640016
2001,0,0.25995897275555496
2002,1,0.28336685866497535
2003,0,0.15054125750232109
2004,0,0.3900624961833813
2005,0,0.23588279741653562
2006,0,0.568407038634593
2007,0,0.3387334261588844
2008,0,0.2920646715750084
2009,0,0.3885106114478641
2010,1,0.2849256263528005
2011,1,0.7944070206994209
2012,0,0.19747580762514133
2013,0,0.35088978835433887
2014,1,0.3552963658526015
2015,0,0.380227547411806
2016,0,0.36604501585213434
2017,0,0.2539191253387314
2018,0,0.3510921674564258
2019,0,0.38768179330665853
2020,0,0.08722335737292046
2021,0,0.342665657542087
2022,0,0.225175090367395
2023,0,0.17412887714543618
2024,0,0.3350286617399064
2025,0,0.5181215074911133
2026,1,0.6948268155685565
2027,0,0.8050728915075043
2028,0,0.2865077014718322
2029,1,0.3360363877474558
2030,0,0.27054314990383765
2031,0,0.3349983239573094
2032,0,0.2666871011054451
2033,0,0.3802543766381394
2034,0,0.4842818882293743
2035,0,0.2843710340886824
2036,1,0.4707732984563823
2037,0,0.3507130178465775
2038,0,0.8446489330307249
2039,1,0.3643621749196774
2040,0,0.29301163949012926
2041,0,0.441605097778698
2042,0,0.322925482256614
2043,1,0.9223660658944423
2044,1,0.12146265685869402
2045,1,0.9114244832724618
2046,0,0.28477104361364103
2047,1,0.3793391323556347
2048,1,0.23923656458121476
2049,0,0.30619259092731593
2050,0,0.6837792774372337
2051,1,0.3624776030054082
2052,0,0.3264990518639019
2053,0,0.3623900262241232
2054,0,0.0855298793148071
2055,0,0.26970016008072145
2056,0,0.10417634704935874
2057,0,0.45325114500644453
2058,1,0.5350086054796614
2059,0,0.08243057853877962
2060,0,0.13253064106120027
2061,0,0.3400277773642535
2062,0,0.3058723065179644
2063,0,0.35273257970517513
2064,0,0.6799817290049198
2065,0,0.35780804860982945
2066,1,0.848474694906312
2067,0,0.3926028436857551
2068,1,0.8721038772982656
2069,0,0.20477236757752224
2070,1,0.2769242718183962
2071,0,0.3555123946716291
2072,0,0.4907873927691037
2073,0,0.7030409673582395
2074,0,0.7750669726659352
2075,0,0.535506227441758
2076,1,0.6005821724206523
2077,0,0.3557225009018738
2078,0,0.48911623518005265
2079,0,0.6322980890182486
2080,0,0.21159837877789353
2081,1,0.566908132979295
2082,0,0.45773588492332157
2083,0,0.11629940210412207
2084,1,0.18751948072920382
2085,0,0.31776190411002037
2086,0,0.14957834231973466
2087,0,0.47386894947614244
2088,0,0.40100404117059996
2089,1,0.8414410727772587
2090,0,0.1422834572108208
2091,1,0.7468603105747336
2092,1,0.3193037861627157
2093,0,0.33734692851739984
2094,1,0.8264973927358449
2095,0,0.32335167768217615
2096,1,0.32770434440677865
2097,0,0.35630955504428846
2098,0,0.3144274618068232
2099,0,0.6151397059001692
2100,0,0.32659267653657437
2101,0,0.14889983632074688
2102,0,0.4804978239989199
2103,1,0.7547756110167382
2104,0,0.5233287235341294
2105,0,0.09450353230180678
2106,0,0.32443532038945117
2107,0,0.12882142672489805
2108,0,0.5598225184864437
2109,0,0.3474249476222893
2110,0,0.3760530733056467
2111,1,0.18253249054420273
2112,1,0.3499106799320031
2113,0,0.29717326857918314
2114,0,0.24036396502873736
2115,0,0.3856729742480995
2116,0,0.3494762947620352
2117,0,0.43761044504855207
2118,0,0.09520068207733498
2119,0,0.3565209729463615
2120,0,0.27959772617187645
2121,0,0.5297268160616544
2122,0,0.38901522017905643
2123,0,0.2396155264534031
2124,0,0.3759758885948642
2125,0,0.5742675783191464
2126,1,0.3229213942631233
2127,0,0.14204895788039523
2128,1,0.5086789590993795
2129,0,0.5170409446706694
2130,1,0.38766920233339847
2131,0,0.33071545571478245
2132,0,0.6626547751555328
2133,0,0.16933690341051416
2134,0,0.23349593769109286
2135,0,0.7814400423037317
2136,1,0.5608543275631459
2137,1,0.7945780411667843
2138,0,0.36845683892394626
2139,0,0.7123870256528396
2140,0,0.27665058652590035
2141,0,0.6441169324733313
2142,1,0.8492721322782377
2143,0,0.3363775974889524
2144,0,0.2518868266484809
2145,0,0.41101133580510485
2146,0,0.19660707327366742
2147,0,0.15055497957201988
2148,0,0.19261428021832872
2149,0,0.3052118251652374
2150,0,0.28837803632912545
2151,0,0.2814947315211432
2152,0,0.3862313082947865
2153,0,0.5198846063002015
2154,1,0.6559171521566391
2155,1,0.8735525131205374
2156,0,0.23843194328913614
2157,0,0.1145010025198959
2158,0,0.3370485202474676
2159,0,0.6901700683728564
2160,1,0.2854899453720154
2161,0,0.1939344406962367
2162,0,0.24014674604567243
2163,1,0.36533010779791775
2164,1,0.6580688605811912
2165,0,0.07043233842864051
2166,0,0.24639482464904444
2167,0,0.2775117355775717
2168,0,0.19188092126570333
2169,0,0.22945804795443642
2170,0,0.19506617570418483
2171,0,0.9081560330075972
2172,1,0.7895960018158433
2173,0,0.4959195653552151
2174,1,0.8478441797570475
2175,0,0.26956950876303964
2176,0,0.11624091193741191
2177,0,0.1430985672208571
2178,0,0.3919642955850371
2179,0,0.2419172445632219
2180,1,0.8197164831777448
2181,0,0.21250953865991046
2182,1,0.5006495799834899
2183,0,0.3896108486841734
2184,1,0.13229157594479513
2185,0,0.4386816067208813
2186,0,0.3996349176075864
2187,0,0.18038332659936182
2188,1,0.9187570819432405
2189,0,0.178454305566373
2190,0,0.2772424559728529
2191,0,0.19687727413391048
2192,0,0.09842621680765327
2193,0,0.22540529470410356
2194,0,0.25348822013907535
2195,0,0.17682732247233357
2196,0,0.46693133837044626
2197,0,0.49908820830121237
2198,0,0.6036593363893132
2199,0,0.24328645837244717
2200,0,0.2456362974446626
2201,1,0.8133649166885756
2202,1,0.5380091640689283
2203,0,0.32286764169154236
2204,0,0.2930260912125617
2205,0,0.27143820477768577
2206,0,0.1755595336015821
2207,0,0.19540771457574774
2208,1,0.2384641548129789
2209,1,0.9241531432064503
2210,1,0.3349977614395779
2211,0,0.167678783467941
2212,0,0.8336849988508385
2213,0,0.33318206126740224
2214,0,0.20693502529691787
2215,0,0.1818249978592846
2216,0,0.7689099849007718
2217,0,0.2547090833807842
2218,0,0.29859171417536173
2219,0,0.4695262068251443
2220,0,0.2673284913257729
2221,0,0.360512110130507
2222,0,0.19377389367654832
2223,0,0.23876352652024363
2224,0,0.16122657922885353
2225,0,0.7846712352951916
2226,1,0.207120623185892
2227,0,0.44527123994461365
2228,0,0.8811297507363566
2229,0,0.13238769957264535
2230,1,0.19832606543476528
2231,1,0.314533765726432
2232,0,0.3240765997754788
2233,0,0.42044917001504084
2234,0,0.1114914699277878
2235,1,0.6382826715352053
2236,0,0.29702813803103717
2237,0,0.35653400185639883
2238,1,0.2623617223061908
2239,1,0.22708784261630235
2240,0,0.28261915584865244
2241,0,0.18851279119154188
2242,0,0.20851043545508063
2243,0,0.6863215279627984
2244,0,0.3922442498055054
2245,0,0.4225092247298087
2246,0,0.47539442076801924
2247,0,0.35101498426128075
2248,1,0.643775798340549
2249,0,0.35381755379165414
2250,1,0.5989514454809759
2251,0,0.19998414008193957
2252,0,0.2745550218216789
2253,0,0.29261021743476884
2254,0,0.2536851202619101
2255,0,0.877938693584554
2256,0,0.6426186125127825
2257,0,0.22968186276801142
2258,0,0.4324204091736427
2259,0,0.6830576238689998
2260,0,0.23712922087646182
2261,1,0.1490249306536869
2262,0,0.31089248571928146
2263,1,0.4381650096206265
2264,1,0.3487545216721852
2265,0,0.22954377704386733
2266,0,0.1803900021893322
2267,0,0.2459275663360641
2268,0,0.20051227154878506
2269,0,0.3030440270031859
2270,1,0.4427265700759449
2271,1,0.5821971368391347
2272,0,0.6730706856793393
2273,1,0.6887203189469955
2274,0,0.33513120882941416
2275,0,0.4172478675096032
2276,0,0.5106971315902264
2277,0,0.18517036258808697
2278,0,0.4313115429151317
2279,0,0.3338866221884247
2280,0,0.4033760606819125
2281,0,0.3935580084432737
2282,0,0.33919898640814594
2283,1,0.25454931751049664
2284,1,0.7710064253644268
2285,0,0.45905851435434386
2286,1,0.34557227777544924
2287,0,0.5825761623815702
2288,1,0.8048777623146317
2289,0,0.1308180161194995
2290,1,0.3288725797721314
2291,0,0.2464238790645962
2292,0,0.26825449773441057
2293,1,0.8843159314083086
2294,0,0.4597087370173123
2295,0,0.29037388839430844
2296,0,0.30133250063091965
2297,0,0.2894205243940732
2298,0,0.35651770559655316
2299,0,0.2774931434398601
2300,0,0.6281863370437071
2301,0,0.42224308092592466
2302,0,0.20907252957996075
2303,0,0.3034721944348194
2304,0,0.19544867740486876
2305,0,0.21865172071437067
2306,0,0.31287381804988085
2307,1,0.29301343994302625
2308,0,0.3867492973770177
2309,0,0.32717454273122876
2310,1,0.19194235956494532
2311,0,0.79078688010168
2312,0,0.3187782757984471
2313,0,0.37581652490845596
2314,1,0.4686741184724388
2315,0,0.398906955358348
2316,0,0.47485444747117134
2317,0,0.15006857502657234
2318,0,0.7247527120019336
2319,0,0.29064005230100054
2320,0,0.8376732880585895
2321,1,0.8135950571707609
2322,0,0.15682791029478296
2323,0,0.07937434749233824
2324,0,0.3094200911180476
2325,0,0.22907009489756
2326,1,0.4256912444212567
2327,1,0.5873541445217918
2328,0,0.2467223222018076
2329,0,0.5016842604930446
2330,0,0.4496597811897673
2331,0,0.2179657072161929
2332,1,0.6210706647811319
2333,0,0.34881120845364527
2334,0,0.38104541135080244
2335,0,0.38027474853493926
2336,0,0.905101959343983
2337,0,0.471823452976545
2338,0,0.3829249928721292
2339,0,0.22092413815049683
2340,1,0.29871735506274344
2341,1,0.7718535293313227
2342,1,0.7701696524026608
2343,0,0.43288067736965585
2344,0,0.24564231196058572
2345,0,0.7507564700605127
2346,0,0.4723042000368499
2347,0,0.7044681873056039
2348,1,0.8643735925075555
2349,0,0.2944952056583123
2350,0,0.3056956668318721
2351,0,0.5288037840592088
2352,0,0.22124411992815562
2353,0,0.3831749642149716
2354,0,0.32618232376957434
2355,0,0.42419506092788806
2356,0,0.2515205224727472
2357,0,0.30840967548130904
2358,1,0.8338728930288277
2359,1,0.3270971671816184
2360,0,0.7264588029220218
2361,0,0.19105101284765452
2362,0,0.2218183798979036
2363,1,0.2886554092187934
2364,0,0.31589561856846904
2365,0,0.8119772968160754
2366,1,0.7096418989155352
2367,1,0.34616062363205913
2368,0,0.27271742731947557
2369,1,0.5411559764947144
2370,0,0.8143361149547431
2371,1,0.8222743708222953
2372,0,0.3572133351756412
2373,0,0.4334410572569908
2374,0,0.451998522214639
2375,0,0.3969437922331901
2376,0,0.8147001941197688
2377,0,0.7429384260684402
2378,0,0.2862739638191123
2379,0,0.18462732448497973
2380,0,0.14072317998077563
2381,0,0.1220939828582079
2382,1,0.39622976258793613
2383,0,0.2563517935589436
2384,1,0.5734211296587176
2385,0,0.7874537574110743
2386,1,0.8243995524838158
2387,0,0.769255264784716
2388,0,0.16251838082406755
2389,0,0.4620063041411596
2390,1,0.5411597732985778
2391,0,0.30429408079575554
2392,0,0.3861391757064663
2393,0,0.3146904806802324
2394,1,0.7605949566957625
2395,0,0.7895280243213982
2396,0,0.28408762030319085
2397,0,0.14950285745053654
2398,0,0.2727492403313192
2399,0,0.16031505736060128
2400,0,0.23716159237186116
2401,0,0.20312244707088817
2402,0,0.44580160540429403
2403,0,0.2461826121764316
2404,1,0.31416623156096596
2405,0,0.80605345945668
2406,0,0.25676736279589096
2407,1,0.6847851702773862
2408,0,0.4790147935456247
2409,1,0.9560882802201712
2410,0,0.7731388780059945
2411,0,0.8033656385327241
2412,1,0.6373184330163373
2413,0,0.17473950107235484
2414,0,0.49533424094024503
2415,0,0.3213050623650021
2416,0,0.15331524716871775
2417,1,0.30118559807315637
2418,0,0.1795823596085774
2419,0,0.9066735312331964
2420,0,0.34680061145813
2421,1,0.5960423645137127
2422,0,0.36557630193264834
2423,0,0.23597637023762574
2424,0,0.27440387080564793
2425,0,0.2893924460407994
2426,0,0.38101913064361476
2427,0,0.7533794668790995
2428,0,0.14338866660357408
2429,0,0.2229418686290536
2430,0,0.37429565572668977
2431,0,0.1578664982763601
2432,1,0.2974178675971023
2433,0,0.15659865626247188
2434,0,0.3946499776106551
2435,0,0.39856342556355917
2436,0,0.20074276767016339
2437,0,0.3469740024796926
2438,0,0.23716049842111006
2439,0,0.1680596449761059
2440,0,0.14333911623643225
2441,0,0.33057884569336443
2442,0,0.32516593951925366
2443,1,0.9014492961474306
2444,0,0.653703270288415
2445,0,0.3317220910381488
2446,0,0.1948696116094309
2447,0,0.46661537837605294
2448,0,0.3131153594430696
2449,0,0.5569183248343557
2450,0,0.346492373705034
2451,1,0.4692657886769239
2452,0,0.2616522702768431
2453,1,0.31950407667088115
2454,0,0.34438286357008785
2455,0,0.4386701287543831
2456,0,0.2669460201316298
2457,0,0.44560304071458895
2458,0,0.3176542095431265
2459,0,0.3427301546151045
2460,1,0.7626239496413143
2461,1,0.2107947901484592
2462,0,0.611635565981121
2463,0,0.23703787150189576
2464,1,0.695086010353961
2465,0,0.296131907221808
2466,1,0.3705963633150684
2467,0,0.15868912861423257
2468,1,0.6603320378466762
2469,1,0.8677417494642197
2470,0,0.2699197730812463
2471,0,0.22395819244476323
2472,0,0.19067022007687856
2473,0,0.6318576960353804
2474,1,0.4583079934756771
2475,0,0.17107118646198155
2476,0,0.29612056751131943
2477,0,0.3344427666121781
2478,1,0.3987033686544561
2479,1,0.3219233535555866
2480,1,0.49223358566098907
2481,0,0.18647542928144914
2482,0,0.2832762345949618
2483,1,0.5648732076429434
2484,1,0.8160271604091668
2485,0,0.222189869394822
2486,0,0.588859321486653
2487,0,0.28382835223341
2488,0,0.40084904376602254
2489,0,0.2924147826403576
2490,1,0.9306062045987146
2491,0,0.43624793376566273
2492,0,0.31373336452889655
2493,0,0.18998110916747804
2494,0,0.5626053069039211
2495,0,0.27612160051075274
2496,1,0.6531269389294116
2497,0,0.21622329465623383
2498,0,0.864294099072105
2499,0,0.3066061786104717
2500,0,0.1879910964977516
2501,1,0.5391059213600657
2502,0,0.3836148826766489
2503,0,0.09729599766250789
2504,1,0.5548812300175787
2505,0,0.10800975457962153
2506,0,0.23320379222524631
2507,0,0.5215264914080274
2508,1,0.43640253814307584
2509,1,0.6872727191592699
2510,0,0.5161076434957558
2511,0,0.18888573004395515
2512,0,0.16384805125227572
2513,0,0.4578487229778242
2514,0,0.2787400964623551
2515,1,0.4667959583552892
2516,0,0.6322067525592296
2517,0,0.26734083554444954
2518,1,0.3417724782137405
2519,0,0.1662212630898637
2520,0,0.2698602216453181
2521,1,0.7757763221464797
2522,0,0.32708678566580685
2523,1,0.6567880295857391
2524,1,0.7412651974234019
2525,0,0.19119890515217017
2526,1,0.8148102432663183
2527,0,0.5975816397825764
2528,0,0.28089234523931156
2529,0,0.8546789789561163
2530,1,0.3041853523524212
2531,0,0.3937943488407047
2532,0,0.30675433574929445
2533,0,0.301715328189284
2534,0,0.36123351858759895
2535,0,0.2576305571855048
2536,0,0.17562020579460932
2537,0,0.32193597724119294
2538,0,0.5410837436052494
2539,1,0.8663320001418197
2540,0,0.3625440826084456
2541,0,0.781875548314966
2542,0,0.23364529230014355
2543,0,0.21339392219806924
2544,0,0.3848421466427049
2545,0,0.42969504656184626
2546,0,0.8426988652521017
2547,1,0.3376918109839462
2548,0,0.3403596030300134
2549,0,0.2212341585016894
2550,0,0.20946691460562497
2551,0,0.16783509073784814
2552,0,0.25710028007649166
2553,0,0.23482420115809316
2554,0,0.1545893008128885
2555,0,0.37914127369318473
2556,0,0.8155353187378098
2557,0,0.4589536749608341
2558,0,0.14418520974507332
2559,0,0.3290656329010052
2560,1,0.30470782883675995
2561,0,0.3198571596617057
2562,0,0.20827506630557394
2563,0,0.3115701941281672
2564,0,0.22664021800737874
2565,1,0.3055374333962743
2566,0,0.1701487290661307
2567,0,0.6403129063854189
2568,0,0.314771446281352
2569,0,0.2847312849566355
2570,1,0.6647777711916283
2571,0,0.40323760247640145
2572,0,0.6609924141683057
2573,0,0.10100769244002994
2574,0,0.18550698831852905
2575,0,0.18897335344435906
2576,0,0.3710244832315726
2577,0,0.25880015579161314
2578,0,0.2663304813356182
2579,0,0.12994969044262855
2580,0,0.23951870568565628
2581,0,0.1673334928464754
2582,0,0.24054010194832232
2583,0,0.45871700424556666
2584,0,0.32339594556209805
2585,0,0.2260847381127755
2586,0,0.5271326208451188
2587,1,0.9145857763599112
2588,0,0.19422150606021035
2589,0,0.35583544534514044
2590,0,0.25088281317231115
2591,0,0.4007951599624905
2592,1,0.325303196633328
2593,0,0.20016179565696404
2594,1,0.2074556068117399
2595,0,0.15143267916320194
2596,0,0.48222324928069454
2597,1,0.6637031858836397
2598,0,0.3378675120965939
2599,0,0.29771020069062276
2600,0,0.3165330348486307
2601,0,0.35484196574020416
2602,0,0.12318384195711252
2603,0,0.25347415028275483
2604,0,0.0725674561509912
2605,0,0.15937865565889506
2606,0,0.13198599525046603
2607,0,0.3999418637244332
2608,0,0.4072499394047604
2609,0,0.23822517781955774
2610,0,0.17988412212846594
2611,0,0.45118624356172077
2612,0,0.2753976828345086
2613,0,0.48592876745369645
2614,0,0.3275658791172876
2615,0,0.3744035451578687
2616,0,0.6428527036056236
2617,0,0.3752813793251265
2618,0,0.5323075058975811
2619,0,0.2981934375249129
2620,0,0.6908305113950333
2621,0,0.32472614681645345
2622,0,0.3611834356034965
2623,0,0.6357905167004124
2624,1,0.7289290465348867
2625,0,0.26234603343579055
2626,1,0.8041577451842072
2627,1,0.853726676382206
2628,0,0.2511418633355629
2629,0,0.33271858075176963
2630,1,0.3385747921672222
2631,1,0.7918915084621196
2632,0,0.747830884423644
2633,0,0.37508180994182994
2634,0,0.32154207477114255
2635,1,0.7923779791976723
2636,0,0.38231572896791677
2637,0,0.09887348722820706
2638,0,0.2398078195907384
2639,0,0.24608566061682086
2640,0,0.30418922624753064
2641,1,0.6600768235493506
2642,0,0.42801494011849933
2643,0,0.4917201439535592
2644,0,0.16417882159288313
2645,0,0.7125890087182712
2646,0,0.664493797263647
2647,0,0.3815992458220545
2648,0,0.5032627885770679
2649,0,0.3726198478739719
2650,1,0.5849986834631207
2651,1,0.5891114344011279
2652,0,0.11833104376462579
2653,0,0.38426689232967554
2654,0,0.4962981022505552
2655,0,0.21629169483901964
2656,1,0.7579914049267292
2657,1,0.7195629562039195
2658,0,0.1418701733595231
2659,1,0.3911763154116484
2660,0,0.2876929694959057
2661,0,0.2916591325556951
2662,1,0.955727028076104
2663,0,0.12339419177909086
2664,0,0.20141040478448172
2665,0,0.49770909665301816
2666,0,0.22659904459052993
2667,1,0.8801999234592577
2668,1,0.3663279535221202
2669,0,0.1444149696346665
2670,0,0.2922280320483647
2671,0,0.22191994452526706
2672,0,0.18512515752595995
2673,0,0.4808054955508473
2674,0,0.39384068158617175
2675,0,0.11785635015069258
2676,0,0.6435191951843722
2677,0,0.11622216301678398
2678,0,0.12289759133840664
2679,0,0.3585180589095301
2680,0,0.10304823559153313
2681,1,0.37473126389255257
2682,0,0.29615024904371245
2683,1,0.9087424785582519
2684,1,0.6510180234147733
2685,0,0.28907956909091115
2686,0,0.1783934892938507
2687,0,0.5465189805532903
2688,0,0.6080754655809745
2689,0,0.20009375333146745
2690,0,0.7082832302586474
2691,0,0.3120270359661656
2692,0,0.07679687844693676
2693,0,0.10203184560063285
2694,0,0.12467112882112746
2695,1,0.9632909450350968
2696,0,0.35972341710870254
2697,0,0.2963159974668025
2698,0,0.7191361499596646
2699,0,0.26240705240945467
2700,0,0.28158428206984093
2701,1,0.34044342472022604
2702,0,0.41294344011108985
2703,0,0.37095190406235956
2704,0,0.7056339301775225
2705,1,0.4562768680980181
2706,0,0.45762988264259624
2707,0,0.48799238981275794
2708,0,0.385631966577277
2709,0,0.28749281735046706
2710,0,0.30038605646741556
2711,0,0.18244678782247692
2712,0,0.18875780911950607
2713,0,0.24225719918166821
2714,0,0.28296790386366866
2715,0,0.11586791824563965
2716,0,0.3239021596804084
2717,0,0.33776615717679703
2718,0,0.30981908454386553
2719,1,0.34150934898926855
2720,0,0.5166132974836881
2721,0,0.2751663014066294
2722,0,0.27999115619513143
2723,0,0.16497657891362422
2724,0,0.731679263801162
2725,0,0.16666655686847243
2726,0,0.1708983696906872
2727,0,0.1823631810578151
2728,0,0.1399933140448629
2729,1,0.8230437459489295
2730,1,0.6384090801712428
2731,1,0.29719975227062884
2732,0,0.42900835428927614
2733,0,0.4217952139880588
2734,0,0.6265845896021462
2735,1,0.3023730621277029
2736,0,0.19376305966374022
2737,0,0.4667457700699103
2738,1,0.3634008897131021
2739,0,0.23055350042447306
2740,0,0.27145638827273016
2741,0,0.2819280366581133
2742,0,0.1594421816705395
2743,0,0.19040815672457487
2744,0,0.2640545941059001
2745,1,0.7905976958333131
2746,0,0.3114157176960188
2747,0,0.15931607483428686
2748,0,0.2024062382931538
2749,0,0.2896597295642942
2750,0,0.2723874871509946
2751,1,0.2590305648610152
2752,0,0.14821425295618154
2753,0,0.4099622445802103
2754,0,0.19997953550889885
2755,0,0.16834753366670996
2756,0,0.8239100863328336
2757,0,0.5265434871698378
2758,0,0.8109396101232232
2759,0,0.4521504218008863
2760,0,0.15703430147474015
2761,0,0.2456329001601061
2762,1,0.8750254887873818
2763,0,0.2500036737829803
2764,0,0.1598165312633468
2765,1,0.18312460432476033
2766,1,0.5404598808097327
2767,0,0.3481118279465622
2768,0,0.8347158651135288
2769,0,0.21221434931453234
2770,0,0.29096185726366647
2771,0,0.259139601802624
2772,0,0.41801405508129563
2773,1,0.9162854141320023
2774,1,0.1195266269352585
2775,0,0.22500319060596247
2776,1,0.40645063740592385
2777,0,0.05673109923998504
2778,0,0.44222897286691293
2779,0,0.42903939170457656
2780,0,0.47123063425279815
2781,1,0.7440901498916495
2782,0,0.11102722520216311
2783,0,0.19149186848857827
2784,0,0.4499003075183108
2785,0,0.20702344745001672
2786,1,0.20853647625587776
2787,0,0.3244890771818724
2788,0,0.9227541924952348
2789,0,0.44900638724526176
2790,0,0.21642840550521888
2791,0,0.24249306403304918
2792,0,0.5031131853066596
2793,0,0.6032166075347339
2794,0,0.4635062801558613
2795,0,0.17408437247809533
2796,0,0.8890954811068917
2797,0,0.8252066237618407
2798,0,0.17023469538984431
2799,0,0.31192966087455604
2800,0,0.23337179799621124
2801,0,0.17562706334798797
2802,0,0.47556430620589896
2803,0,0.2664979977820305
2804,0,0.22457989245482196
2805,0,0.4244426000989898
2806,1,0.5347948061055116
2807,0,0.2888270402592024
2808,0,0.23838491584712287
2809,0,0.33130137765515244
2810,0,0.418680566952531
2811,0,0.3578319588347577
2812,0,0.4664566484943417
2813,0,0.07740140497572304
2814,0,0.3551319659881551
2815,1,0.8513841760749514
2816,0,0.3266523477275412
2817,0,0.46465619139647735
2818,0,0.7913664192609937
2819,0,0.3230996850556182
2820,1,0.13123744401827697
2821,0,0.41819504830967624
2822,0,0.3357275216772044
2823,0,0.25476912526567047
2824,0,0.1328628362299159
2825,0,0.39353615668021596
2826,0,0.20852127344348992
2827,0,0.5461883692654181
2828,0,0.22911463956792794
2829,0,0.3879629869878666
2830,0,0.4344577841092668
2831,1,0.7241339330881915
2832,0,0.3385728911704024
2833,0,0.33041668336651125
2834,0,0.44027318144112115
2835,0,0.2978097524973991
2836,0,0.3593386764738099
2837,1,0.8041551530424281
2838,0,0.2939820626155258
2839,1,0.6948454543174327
2840,0,0.4042729547891256
2841,0,0.29731623892354453
2842,1,0.3280945422174262
2843,0,0.43084560766580643
2844,0,0.07718240413774362
2845,1,0.551736845357874
2846,0,0.5037206456966858
2847,0,0.24530910846830412
2848,0,0.2713069351822312
2849,1,0.7829301269426723
2850,1,0.9273663584421908
2851,0,0.3369256995837043
2852,0,0.6249579788845817
2853,0,0.15726591169284063
2854,0,0.308581015223309
2855,0,0.27594831162867733
2856,0,0.7264791779126145
2857,0,0.09326659672826279
2858,0,0.8215080896868138
2859,0,0.23004595514634335
2860,0,0.2111141871604565
2861,0,0.5799265045363746
2862,0,0.28147729848301833
2863,1,0.8354288098779838
2864,1,0.3523708128682282
2865,0,0.6214252390435546
2866,0,0.36877928408236377
2867,0,0.34360385430008233
2868,0,0.09154801351916365
2869,0,0.36818034036566183
2870,1,0.8551434768682598
2871,0,0.3802164070945571
2872,0,0.35798549983648903
2873,1,0.365273859938665
2874,1,0.6431853577962172
2875,0,0.4630703441033446
2876,0,0.1642186895996759
2877,0,0.3013340374723609
2878,0,0.26456996246611847
2879,0,0.2550980011508008
2880,1,0.7542732974089743
2881,0,0.4647506080773675
2882,1,0.8112203305713446
2883,0,0.34475784146836636
2884,1,0.2676738382539998
2885,0,0.5107071542738488
2886,1,0.8850533441284224
2887,0,0.48371499428568476
2888,1,0.16931127436484078
2889,0,0.14918166909986727
2890,1,0.439990159368463
2891,0,0.29294065255937946
2892,0,0.21066798774439432
2893,1,0.8086101920407266
2894,1,0.8633182530755397
2895,0,0.3362810637177089
2896,1,0.34551779390154
2897,0,0.4425538892898237
2898,0,0.8925851739788995
2899,0,0.42907683745116576
2900,0,0.5712413417023521
2901,1,0.7836374653083794
2902,1,0.8455177184623912
2903,0,0.46158849272605373
2904,0,0.15096550903015862
2905,0,0.4503508381809875
2906,0,0.25002868598553574
2907,0,0.6158801311544619
2908,0,0.21914979874406246
2909,0,0.31679341505157677
2910,0,0.04564476256887347
2911,1,0.8891883633378076
2912,0,0.21134828320068202
2913,1,0.21476735354461163
2914,0,0.08958668715352924
2915,0,0.39998165755531956
2916,0,0.29471756131961796
2917,0,0.281087405727469
2918,0,0.3219022325647908
2919,0,0.05565844329518004
2920,1,0.29175019097757654
2921,0,0.30620629459730453
2922,1,0.8383301223720491
2923,0,0.4144880054288946
2924,0,0.6495925505029672
2925,0,0.2615671731052661
2926,0,0.22572236172617324
2927,0,0.34547263386144167
2928,1,0.8785171334138607
2929,0,0.48661797161806847
2930,1,0.7853631724480956
2931,0,0.3706912592533255
2932,0,0.7615051653821391
2933,1,0.2760580537969837
2934,0,0.25908356868038995
2935,0,0.06097997979071466
2936,0,0.23060182594693587
2937,0,0.17306242509617456
2938,0,0.3639042214159602
2939,0,0.19573183470361208
2940,0,0.23901632885302565
2941,0,0.3052754097571363
2942,0,0.37528607952320314
2943,0,0.24887407896410432
2944,1,0.8265981514454759
2945,1,0.8961635989342978
2946,0,0.2370503746350562
2947,0,0.5840166287908221
2948,0,0.17623883923989503
2949,0,0.265554777928747
2950,0,0.38018900670552525
2951,1,0.7860657342307116
2952,0,0.5757635848603723
2953,0,0.3608970699158309
2954,0,0.29282096181833894
2955,0,0.22862210502201846
2956,0,0.30446314428749255
2957,0,0.3656345339099218
2958,1,0.641536429126267
2959,0,0.39688922991554626
2960,1,0.4722421381869488
2961,0,0.3321517626690924
2962,0,0.39463234011194054
2963,1,0.5364835974357657
2964,0,0.730996467082309
2965,0,0.3986347166253798
2966,1,0.6184170581940294
2967,0,0.25345728789256666
2968,0,0.2628605119970414
2969,0,0.38056976318337304
2970,0,0.2729794749944964
2971,0,0.28013398736026746
2972,0,0.314860584437521
2973,0,0.3037894281251975
2974,0,0.2794417988239992
2975,0,0.34124967307164183
2976,1,0.6433800147962621
2977,0,0.08101477991586896
2978,0,0.37539117477738976
2979,0,0.2521432045090521
2980,0,0.2800986646016049
2981,1,0.9072110145736866
2982,0,0.283252276452215
2983,0,0.38179498025865594
2984,0,0.19087559239276972
2985,1,0.8619867509836433
2986,0,0.44252113203715543
2987,0,0.3712696008330502
2988,1,0.8345750125861341
2989,0,0.4215846271131726
2990,0,0.740299145970737
2991,0,0.3835689956586159
2992,0,0.24012197749543676
2993,0,0.22574487871429028
2994,0,0.6727594032467514
2995,1,0.2792495613538789
2996,1,0.4868691185953255
2997,0,0.41430690086236355
2998,0,0.4011007483395548
2999,0,0.3789554973811243
3000,0,0.33922022918939976
3001,0,0.1673993131520921
3002,0,0.3255453114433955
3003,0,0.4232374737320446
3004,0,0.3653016987685616
3005,0,0.4042099038472582
3006,0,0.24819829711392402
3007,0,0.2955813846195596
3008,0,0.40127204907777625
3009,0,0.3595474237208143
3010,0,0.6721522522598862
3011,0,0.13499537795040184
3012,0,0.26216582373981795
3013,0,0.2273525550354087
3014,1,0.47702155764971094
3015,1,0.37200365932162904
3016,0,0.5966514546576002
3017,0,0.397527233331051
3018,0,0.2351593400294506
3019,0,0.195747946861063
3020,0,0.14643732125185444
3021,0,0.13831959902080715
3022,0,0.26894348838478804
3023,1,0.15436112783556674
3024,0,0.2457335178117269
3025,0,0.2785190846522698
3026,0,0.2693439762037004
3027,0,0.3075542800682797
3028,0,0.3444353178095902
3029,0,0.3563652694826751
3030,0,0.38037795416161707
3031,0,0.3752258115078076
3032,1,0.3577749985998234
3033,0,0.45041797269234957
3034,0,0.39807735902010255
3035,0,0.8030509247435385
3036,0,0.16059749973865947
3037,1,0.8732048082063808
3038,1,0.78985231147767
3039,0,0.16584029891975063
3040,0,0.41454137296102883
3041,1,0.5626402086494428
3042,0,0.5435387077884521
3043,1,0.3959910697526061
3044,0,0.322174011623883
3045,0,0.24415263400788692
3046,0,0.7135135218295949
3047,1,0.8143609128324022
3048,0,0.3529822866468965
3049,1,0.7741544650053236
3050,1,0.42872949340850275
3051,0,0.41878753797122265
3052,0,0.35718152396369646
3053,0,0.5791674618103282
3054,0,0.19113056061083508
3055,0,0.10871060887126488
3056,0,0.20492874330154504
3057,1,0.5483012826781818
3058,0,0.5162768484796827
3059,0,0.18021680669658416
3060,0,0.35003091684544
3061,0,0.3696800500624948
3062,0,0.2883700462331674
3063,0,0.1996833108595716
3064,0,0.4841171276129826
3065,1,0.6026680032874338
3066,0,0.3174363374032508
3067,1,0.668545803274292
3068,1,0.40714396809499415
3069,1,0.27087175359927174
3070,0,0.36873713098118827
3071,0,0.13196527029891222
3072,0,0.31089237763810734
3073,0,0.32627858651255953
3074,0,0.38167307458799826
3075,0,0.3458458629647799
3076,0,0.6903421118006334
3077,0,0.40675079081498894
3078,1,0.7087885383801377
3079,1,0.3706512775700432
3080,0,0.10775657749860189
3081,0,0.25400377909760385
3082,0,0.42247782643830134
3083,0,0.3003058835407896
3084,0,0.8236520295690356
3085,0,0.7208359029135972
3086,0,0.27016658555047085
3087,0,0.12706920776638422
3088,1,0.2419234023946128
3089,1,0.3386515725387306
3090,0,0.40352543077939124
3091,0,0.2778425779907904
3092,1,0.813148806391147
3093,0,0.8524337706789076
3094,0,0.1325214674407978
3095,0,0.3244169936488291
3096,0,0.8260850148600867
3097,0,0.3984769403087322
3098,1,0.8567223034110968
3099,0,0.31445365876143144
3100,0,0.38511204220498796
3101,1,0.7069063244447779
3102,0,0.2633560738570301
3103,0,0.10148868544659248
3104,0,0.30949089942894475
3105,0,0.47326810063124414
3106,0,0.13236983185387163
3107,0,0.23042343641929466
3108,1,0.2422017442340339
3109,0,0.32515729618092615
3110,0,0.08359724622327044
3111,1,0.5826637859950157
3112,0,0.1119416262848244
3113,0,0.23242435665319255
3114,0,0.3386906348892942
3115,0,0.3182420054326709
3116,0,0.21987943636310553
3117,0,0.22279036208354724
3118,1,0.6290079000730465
3119,1,0.5348848694998241
3120,0,0.37173867551911177
3121,0,0.24974873115911767
3122,0,0.45323735281064786
3123,0,0.053505786399078124
3124,0,0.24129361317362125
3125,0,0.2914707160232943
3126,0,0.2839670017429132
3127,1,0.854441092557359
3128,0,0.30942085689888527
3129,0,0.3080890636176887
3130,0,0.32423833286328024
3131,1,0.3544010489101568
3132,1,0.4498809839978272
3133,0,0.20832560837614927
3134,1,0.2991828954120032
3135,0,0.39190026670295836
3136,1,0.8495674037046578
3137,0,0.40309665196315353
3138,0,0.4207420195486641
3139,1,0.6172280326497414
3140,0,0.1868077676224438
3141,1,0.844213560479247
3142,0,0.13673190900940374
3143,0,0.3627176092300577
3144,0,0.28057036723797
3145,1,0.7448785548936
3146,0,0.4141591200431889
3147,0,0.7717156382490749
3148,0,0.22252037640679798
3149,0,0.6277668492316596
3150,0,0.2466212185433956
3151,1,0.7133520740312406
3152,0,0.2279166610830069
3153,0,0.32240072022227595
3154,0,0.3005630246505767
3155,0,0.2079002152067656
3156,0,0.39162874751960375
3157,0,0.3369999849007098
3158,0,0.15843293824732055
3159,1,0.2145124266864632
3160,0,0.49616160548576127
3161,0,0.16391796141579193
3162,0,0.3500568066942121
3163,0,0.3866060801890324
3164,0,0.21602236325333624
3165,0,0.43593334193239586
3166,0,0.2421234399942208
3167,1,0.7929651863759365
3168,0,0.28450530209569186
3169,0,0.25518508329214773
3170,1,0.6337467177084767
3171,1,0.9616319017719597
3172,0,0.36843676273743464
3173,0,0.36801797584062385
3174,1,0.2719811025498772
3175,0,0.2058208712046338
3176,1,0.351775603241775
3177,0,0.5735612573305545
3178,0,0.3600099149004516
3179,0,0.4766151839951806
3180,1,0.8199729536496874
3181,1,0.3155802079474666
3182,0,0.7358397298083267
3183,1,0.2713778063989731
3184,0,0.316463940582945
3185,0,0.16596367414637953
3186,0,0.16854659127304486
3187,1,0.32027027556840953
3188,0,0.27524257450956363
3189,1,0.6804145062431711
3190,0,0.4484658858966671
3191,0,0.3044461938597448
3192,0,0.19735500855276933
3193,0,0.2478124411624935
3194,1,0.5770284310511555
3195,0,0.2799655340445786
3196,1,0.8949094998431021
3197,0,0.14167550143164703
3198,0,0.11795790039666175
3199,0,0.40380869564025246
3200,0,0.5721976935251046
3201,1,0.8509098491460015
3202,0,0.31794674087840197
3203,0,0.47934610682002954
3204,1,0.3101146021453295
3205,0,0.24764849178194115
3206,0,0.5444353707365461
3207,0,0.28747434982873016
3208,0,0.25773863498719995
3209,0,0.2446237272795092
3210,0,0.130654136925719
3211,0,0.18585948689979695
3212,0,0.2460519930652367
3213,1,0.37029572392234245
3214,0,0.40297056170061446
3215,0,0.24666267506985176
3216,1,0.5330563835832792
3217,0,0.42837581297490246
3218,0,0.15195311717128182
3219,0,0.8536470422392471
3220,0,0.29199446647180677
3221,0,0.29492252838908056
3222,0,0.20346057173379292
3223,0,0.4018607023652393
3224,0,0.3136245528149766
3225,1,0.8993682448357917
3226,0,0.10017933931462566
3227,1,0.3683206594090187
3228,0,0.8400320366215638
3229,0,0.18288936672537368
3230,1,0.5659204030283144
3231,1,0.6626890930776532
3232,0,0.128811028342738
3233,0,0.2941909236904048
3234,0,0.3254295933606983
3235,0,0.35767720310426854
3236,0,0.29887710346579327
3237,1,0.45099773290881034
3238,1,0.5179744909843419
3239,0,0.5557473545422245
3240,0,0.48302108452671044
3241,1,0.6965693280331218
3242,0,0.4893063688557994
3243,0,0.37611471834943316
3244,0,0.7267419341550222
3245,0,0.10707028299721877
3246,0,0.36786654095023846
3247,0,0.14019782993211893
3248,0,0.3603239083089882
3249,0,0.7016286087956598
3250,0,0.21147759567584187
3251,1,0.8771398727929568
3252,1,0.4258115671107312
3253,0,0.3964227252872584
3254,1,0.3786236875459379
3255,0,0.33465736900030996
3256,0,0.3416072068163469
3257,0,0.8037793273064305
3258,0,0.5282362968020643
3259,1,0.29628798486150304
3260,0,0.5860531265681228
3261,0,0.1573902905368216
3262,0,0.24223931544681396
3263,0,0.18252147556863207
3264,0,0.2923590366449403
3265,1,0.6406371008182477
3266,0,0.4192929890377514
3267,0,0.28781925456374186
3268,0,0.5778163033554462
3269,0,0.42895949327882216
3270,0,0.28898671441993407
3271,0,0.24642453469232514
3272,0,0.1350815495103952
3273,0,0.29382209870285414
3274,0,0.3831333452734746
3275,0,0.1284910181483698
3276,0,0.35284700062071905
3277,0,0.17224427181304086
3278,0,0.7022253008248367
3279,0,0.2784856339667807
3280,1,0.7465166008557204
3281,0,0.2239223510494346
3282,0,0.339663249987326
3283,1,0.702209713183654
3284,0,0.23675715827551105
3285,1,0.8539492476913112
3286,0,0.11881756622757429
3287,0,0.2851846747630051
3288,0,0.228118896302352
3289,0,0.2231145327530822
3290,0,0.35473365165149606
3291,1,0.6791998617168662
3292,0,0.3767129682539517
3293,0,0.6598815131962127
3294,0,0.7592956336530104
3295,1,0.8956115741306117
3296,0,0.29063426389983443
3297,1,0.10325498300449787
3298,0,0.4269788026854976
3299,0,0.21370401806003136
3300,0,0.2984569230175834
3301,0,0.2697429424711388
3302,0,0.11193909729408041
3303,0,0.2663720530366138
3304,0,0.6769746948325861
3305,0,0.4101861053184345
3306,1,0.9077571343682287
3307,0,0.4687058951015499
3308,1,0.48227332688186336
3309,0,0.27238537054480444
3310,1,0.7746016927254246
3311,0,0.364506358408293
3312,0,0.28195590629503436
3313,0,0.2523675677925983
3314,1,0.5952960958741291
3315,0,0.4799322029721683
3316,1,0.32539204295781665
3317,0,0.26367357200341013
3318,0,0.8119071775619698
3319,0,0.22969542958848804
3320,0,0.12856568541909696
3321,0,0.15666745720484795
3322,0,0.20981270236484817
3323,1,0.2620586537698078
3324,0,0.20180106586988336
3325,1,0.792515548629491
3326,0,0.582287094009622
3327,0,0.6337850779196273
3328,0,0.7890393303554208
3329,0,0.25158693040810076
3330,0,0.41980863507246147
3331,1,0.8502511815129351
3332,0,0.37879250735818
3333,0,0.31557939903197196
3334,0,0.2852684172688575
3335,0,0.3954839715630549
3336,0,0.2154524151635058
3337,0,0.22973763858516769
3338,0,0.6292973113456175
3339,0,0.31653432318797947
3340,0,0.6422575549310018
3341,1,0.7068017618005072
3342,0,0.14249766434217645
3343,0,0.34864045229334073
3344,0,0.16803568001601124
3345,0,0.3395656706557822
3346,0,0.2823908388949676
3347,0,0.09725415344585249
3348,1,0.8289412876608615
3349,1,0.6839183679873979
3350,0,0.24674388838353714
3351,0,0.5307896801546247
3352,1,0.7742481998504087
3353,0,0.399297090920497
3354,1,0.6930579325862126
3355,1,0.8405535344930938
3356,0,0.4201616143141224
3357,1,0.4743817043534689
3358,0,0.1939668156983589
3359,0,0.406089792922825
3360,1,0.8249178713291851
3361,0,0.21286470208389877
3362,0,0.36281365906328367
3363,0,0.4643052606771836
3364,0,0.15361096793336124
3365,0,0.30815018831562796
3366,0,0.294470354244757
3367,0,0.21904213574385334
3368,0,0.07233055690186614
3369,0,0.8285012258853065
3370,0,0.8288910864591463
3371,0,0.20383329953293408
3372,0,0.13080298269536814
3373,0,0.38607774726561594
3374,0,0.38296143569380925
3375,0,0.051576187798497194
3376,1,0.4126571162613329
3377,0,0.25078134777749894
3378,0,0.2857440465329485
3379,0,0.46519995171193407
3380,0,0.3371698160071095
3381,0,0.4240960418236524
3382,0,0.4587091663536173
3383,0,0.4415545180619664
3384,0,0.4286733220735217
3385,0,0.13667291821563443
3386,0,0.3881469659915737
3387,1,0.6279785070490259
3388,0,0.8351606790884927
3389,0,0.31460994329536546
3390,0,0.468351625934119
3391,0,0.13555023818944792
3392,0,0.17328510561283214
3393,0,0.31139338683941026
3394,1,0.8904782394911641
3395,0,0.431313484321935
3396,0,0.32258245886895137
3397,0,0.23078488577095668
3398,0,0.6209079976804547
3399,0,0.3957031754055011
3400,0,0.5481909680822524
3401,0,0.34252056176258094
3402,0,0.16976104689224059
3403,1,0.8057424279594795
3404,0,0.25846950550253084
3405,1,0.5360751927598184
3406,0,0.7314818931359623
3407,1,0.7331845404858001
3408,1,0.6570080626015237
3409,0,0.6668424669921853
3410,0,0.7200168633495647
3411,0,0.7478862834681957
3412,0,0.13911641362177424
3413,1,0.78814535913197
3414,1,0.36010322467271344
3415,0,0.44541960318582924
3416,0,0.8106582469107642
3417,0,0.35507360929472864
3418,0,0.30013421909523763
3419,1,0.3246242794115308
3420,1,0.22352168234767286
3421,0,0.422033295154381
3422,0,0.6201505759052416
3423,0,0.21986867691853768
3424,0,0.42486088304254893
3425,0,0.19724836055623537
3426,0,0.20520354268610114
3427,0,0.2291110474748676
3428,0,0.35034150956101195
3429,0,0.20270192208062673
3430,0,0.41878409526940635
3431,0,0.5272833626792842
3432,0,0.21511264227516366
3433,0,0.17689167859570076
3434,0,0.7559625036623899
3435,0,0.19896979504098206
3436,1,0.9163924022468245
3437,1,0.23070787665464082
3438,0,0.27372762940548956
3439,0,0.22068703075801388
3440,0,0.21196906735139456
3441,0,0.17364667208233886
3442,0,0.4024432462109099
3443,0,0.43693633197554005
3444,0,0.29891128380375787
3445,0,0.28789027456949545
3446,0,0.11094927086716685
3447,1,0.5214159705202953
3448,0,0.43716926461562156
3449,0,0.42465891814716145
3450,0,0.4547600393436049
3451,1,0.3419069538892237
3452,0,0.6746606650350888
3453,0,0.3065090639408966
3454,1,0.8065452617441414
3455,0,0.2984677806116117
3456,1,0.3220416238914002
3457,1,0.3349432031721472
3458,1,0.2821138621283203
3459,0,0.3838759543171134
3460,0,0.31916767832349185
3461,0,0.3775079930912712
3462,0,0.42547152354752427
3463,0,0.4466075317082953
3464,0,0.2505866930856401
3465,1,0.26729080546345085
3466,0,0.4767707142381831
3467,0,0.21156042151662635
3468,0,0.4234589477426578
3469,1,0.8732354885755841
3470,0,0.5364311105167472
3471,0,0.4539563974989305
3472,0,0.8056422954250748
3473,0,0.315379414991589
3474,0,0.17225151909452005
3475,0,0.1950490078609499
3476,0,0.4309654073045195
3477,0,0.329575212021365
3478,0,0.32158500467403484
3479,0,0.671883685683428
3480,0,0.3372288206838002
3481,0,0.3548068562230869
3482,0,0.899642617662034
3483,0,0.3604306399022193
3484,0,0.1162307795359885
3485,0,0.1574251671988869
3486,1,0.5365682038970244
3487,1,0.6880335353102741
3488,0,0.2993582736370438
3489,0,0.5907439233295676
3490,0,0.41577678678278607
3491,0,0.33895048373155584
3492,0,0.27497622974488467
3493,0,0.3150702305947641
3494,0,0.47007745717956256
3495,1,0.31105787504207355
3496,0,0.1941843257101006
3497,0,0.633354844484941
3498,0,0.29471409956264166
3499,0,0.36935619453521007
3500,0,0.4120674552244757
3501,0,0.4065096452373067
3502,0,0.09903933934144851
3503,0,0.3065983165134605
3504,0,0.18877492835875095
3505,0,0.5109987213311399
3506,0,0.3765639425463226
3507,0,0.3867173345789414
3508,0,0.17664660426922255
3509,0,0.23755240446978138
3510,0,0.3721681701884726
3511,0,0.23371400811411105
3512,0,0.855014479212988
3513,0,0.2217566837367483
3514,0,0.16398372643091516
3515,0,0.333989060203664
3516,0,0.4171329783383307
3517,0,0.16961310803916724
3518,1,0.26525896499955637
3519,0,0.1918495756583823
3520,1,0.517137541796458
3521,0,0.27792696363638053
3522,0,0.47553348965360426
3523,1,0.3638182877062585
3524,0,0.2826184776867995
3525,0,0.406209175714835
3526,1,0.6831729197138202
3527,1,0.8382388231001117
3528,1,0.8787171085462958
3529,0,0.3125730661117146
3530,0,0.49530149549205077
3531,0,0.23539626562171254
3532,1,0.2217884867576543
3533,1,0.8496983318112641
3534,0,0.24196026976385096
3535,0,0.38287516599740273
3536,1,0.8611772343229763
3537,0,0.448029329790954
3538,0,0.19420123332660155
3539,0,0.41915307955920594
3540,1,0.36465470745657663
3541,0,0.31304624721876456
3542,1,0.24446802282241945
3543,0,0.8167616851006726
3544,0,0.18518637373064437
3545,0,0.20732675513971655
3546,0,0.05720827942053815
3547,0,0.3027093746793376
3548,0,0.23655887021654842
3549,0,0.1446852666804657
3550,0,0.46112970730428565
3551,0,0.34171308293559766
3552,0,0.39184410513431495
3553,1,0.36354742825868014
3554,0,0.1890509101210989
3555,1,0.4033560545149779
3556,0,0.2549817802186163
3557,0,0.1825867969759038
3558,0,0.35653126916480565
3559,1,0.8260096653140298
3560,1,0.874359051485252
3561,0,0.6572424727086453
3562,0,0.6411554126895066
3563,0,0.24842969953528904
3564,0,0.2314138247388457
3565,1,0.8171353677103366
3566,0,0.547518820023165
3567,0,0.3553643860897089
3568,0,0.12578969100236073
3569,0,0.2954284846020614
3570,0,0.37995547312589073
3571,1,0.2285666194080585
3572,0,0.3880320546485926
3573,0,0.60621289223544
3574,0,0.2078530256612282
3575,0,0.35188185427964086
3576,0,0.1841055029107299
3577,0,0.2576235624946292
3578,0,0.32624496439692086
3579,0,0.3467360313453051
3580,0,0.11011273000779465
3581,0,0.4375526867674821
3582,0,0.522269605541535
3583,0,0.45933911945079026
3584,0,0.30042149108525695
3585,1,0.31323652367419946
3586,0,0.3203023646891881
3587,0,0.1476172946625688
3588,0,0.3336664315778737
3589,0,0.13082071111291696
3590,0,0.3659182215237123
3591,0,0.8047735841722541
3592,0,0.22210380652160794
3593,0,0.6231632590627911
3594,0,0.3081483644758971
3595,0,0.39330666980640705
3596,0,0.739483905972108
3597,0,0.23835266152138726
3598,0,0.31940203211147683
3599,0,0.2884065213086037
3600,0,0.6076732016172647
3601,1,0.9055987302101972
3602,1,0.33927667667017497
3603,1,0.4106162052599947
3604,0,0.3692954382655301
3605,0,0.7395151492513118
3606,0,0.3297410052352635
3607,1,0.08379574096233613
3608,0,0.11875167785683692
3609,0,0.5326587043198889
3610,0,0.2629464863643848
3611,0,0.4358462978420424
3612,0,0.3892305439097403
3613,0,0.15170401081643248
3614,0,0.27078533851418046
3615,0,0.6011890756156332
3616,0,0.5954470574170947
3617,1,0.8273554522073374
3618,1,0.28229138015974903
3619,0,0.1619382241522362
3620,1,0.5841584910342285
3621,0,0.3416748265378919
3622,0,0.3502588363044707
3623,0,0.2800076330953382
3624,0,0.25533762521074865
3625,0,0.25454814559140904
3626,0,0.07535498883122056
3627,0,0.4448466111849745
3628,0,0.23117364536960902
3629,0,0.3702999211912107
3630,0,0.1536465187442619
3631,0,0.2522608577088245
3632,0,0.2586953207298317
3633,0,0.16653757080414633
3634,0,0.14879169544869766
3635,1,0.9053621919283047
3636,0,0.29912828144081943
3637,0,0.15666727772679503
3638,0,0.35989870518107814
3639,0,0.437387259346877
3640,0,0.11511033170626041
3641,0,0.22934265968697157
3642,1,0.31452919426963843
3643,0,0.202464486643362
3644,0,0.5054322204526767
3645,1,0.4039851158083346
3646,1,0.6575538705355173
3647,1,0.8596522416481294
3648,1,0.8523520201976084
3649,0,0.35881385310640285
3650,0,0.8782910765650422
3651,0,0.5105281098388802
3652,0,0.11932929881736429
3653,0,0.7187769375187868
3654,0,0.30732108603223407
3655,0,0.482864533024245
3656,0,0.3824834278249517
3657,0,0.1776526264758552
3658,0,0.2923664500256994
3659,0,0.07730495093360257
3660,0,0.3417474476448871
3661,0,0.32910955924250807
3662,0,0.4183090304560411
3663,0,0.1920111122786726
3664,1,0.5990788624238188
3665,0,0.2779961737557597
3666,0,0.858726690012995
3667,0,0.14922613891460754
3668,0,0.3591431498457439
3669,0,0.35995877881971483
3670,0,0.30223990399680273
3671,1,0.8296034983531456
3672,0,0.45118303478057475
3673,0,0.6263726136455356
3674,0,0.2822692701891785
3675,0,0.2265658828053657
3676,1,0.6215292374891924
3677,1,0.8996713953514273
3678,1,0.6455883866190182
3679,0,0.2138745807100645
3680,1,0.605440864509926
3681,0,0.866594164696665
3682,0,0.3996638334105491
3683,0,0.15524740556478756
3684,0,0.8507074592361011
3685,0,0.3616648963471498
3686,0,0.5687485420832484
3687,0,0.2982730865971855
3688,0,0.12267417170880669
3689,0,0.4164169443737657
3690,1,0.24590483364568744
3691,0,0.3727668639947824
3692,1,0.872463872372466
3693,0,0.17281872228517625
3694,0,0.39007423936202584
3695,0,0.2951000476006871
3696,1,0.3395266970177253
3697,0,0.24931210281426686
3698,0,0.24894541252562644
3699,1,0.40366035662473665
3700,1,0.4094743677110908
3701,0,0.26582081894839255
3702,0,0.09545569849200511
3703,0,0.2288413925246516
3704,1,0.5301431144533584
3705,1,0.6374329640438126
3706,0,0.3020487228850113
3707,0,0.28443975383399855
3708,0,0.18232093963940812
3709,0,0.29293520281853985
3710,0,0.15680891474245548
3711,0,0.2562108397044523
3712,0,0.5263233627940133
3713,0,0.564884336325964
3714,0,0.42481222342833463
3715,0,0.6022996934164584
3716,0,0.2698599922904291
3717,0,0.5784349688428031
3718,0,0.3671729512948504
3719,0,0.5303134651120592
3720,0,0.05240297614762818
3721,0,0.42931383046220206
3722,0,0.7649608115880562
3723,0,0.4319803302622144
3724,0,0.7794406357884907
3725,0,0.14918382888375217
3726,0,0.25668402340638014
3727,1,0.34700058244700555
3728,0,0.39884173099155423
3729,0,0.45740122343723144
3730,0,0.25426125562111834
3731,0,0.17576299835205156
3732,1,0.4120316102963561
3733,1,0.34775948333110845
3734,1,0.4355001102002427
3735,0,0.5749792003580194
3736,0,0.3995842483551644
3737,0,0.2183528523131745
3738,1,0.9157776316799455
3739,1,0.40118037285508845
3740,0,0.6672027120279276
3741,0,0.3815399438379462
3742,1,0.6500567770010985
3743,1,0.3128314841205906
3744,1,0.8876007627323551
3745,0,0.40448529173243697
3746,0,0.1347935469502952
3747,0,0.4233448432069812
3748,0,0.22510233814418068
3749,1,0.800481907219809
3750,0,0.7808379373197133
3751,0,0.2916346252731167
3752,0,0.19628604197135402
3753,0,0.48298126645898387
3754,0,0.5801382741665462
3755,1,0.8181883550961833
3756,0,0.5789408238893153
3757,0,0.18249645193346406
3758,0,0.29781695631843397
3759,1,0.5581650816590054
3760,0,0.3576752139984168
3761,0,0.37109760599179054
3762,0,0.32140395924359205
3763,0,0.3046651781969783
3764,0,0.37942183751921094
3765,0,0.2882423728680959
3766,1,0.7287578157005982
3767,0,0.2766123175902744
3768,0,0.32419616361089576
3769,0,0.5401434412818861
3770,0,0.1378932969185837
3771,1,0.28216246736326495
3772,1,0.8201729659430861
3773,0,0.28222068423580166
3774,0,0.1418894152934486
3775,0,0.4825642671890264
3776,1,0.30374519702980474
3777,0,0.17561836792825575
3778,0,0.2710208852914885
3779,0,0.5437576993610521
3780,1,0.9262227132032399
3781,1,0.21495774224160397
3782,1,0.5534254722373735
3783,0,0.4833814800162164
3784,0,0.13163990871988965
3785,0,0.11239681441494329
3786,1,0.5496646172259488
3787,1,0.6009353319873948
3788,0,0.1353304656886739
3789,0,0.1725512750121432
3790,1,0.29105193683748704
3791,0,0.21618773200607985
3792,0,0.14806645827881626
3793,0,0.21061421488217186
3794,0,0.3326057733572737
3795,0,0.38171418128754275
3796,0,0.41102043834301427
3797,1,0.3969460727491335
3798,0,0.8331142697935366
3799,1,0.2702496250049391
3800,0,0.32462831165757017
3801,0,0.3107961205478816
3802,1,0.26773374688246465
3803,0,0.3066541459579394
3804,1,0.44395675150141645
3805,1,0.7592219673906737
3806,0,0.21758598387747355
3807,0,0.8951262024490955
3808,1,0.5955151187878909
3809,0,0.400838958999069
3810,0,0.09063279169488689
3811,1,0.0935999553774623
3812,0,0.44584748835192445
3813,0,0.49746658408997035
3814,0,0.7511236409541796
3815,0,0.7696826891263473
3816,1,0.7670893438895682
3817,0,0.28599914173885965
3818,1,0.6692514973368039
3819,0,0.14445549115654396
3820,0,0.263657995370153
3821,0,0.36486484126032
3822,0,0.5241292127120116
3823,0,0.43272106082089323
3824,0,0.68961240189243
3825,0,0.32765757832740944
3826,1,0.7748011420884235
3827,0,0.15510781807820948
3828,0,0.4447472048707866
3829,0,0.37855036582143425
3830,0,0.7695023935712585
3831,0,0.26732599633967247
3832,0,0.22242913131309427
3833,0,0.18273234659443863
3834,0,0.7784362779585219
3835,0,0.11769739605936927
3836,0,0.3252181968799318
3837,1,0.3594710139022231
3838,0,0.2056194381511256
3839,0,0.1365729352459471
3840,0,0.19466135918766472
3841,0,0.3457077983770273
3842,1,0.8010834446381757
3843,0,0.3227646270135887
3844,0,0.4283000320049732
3845,0,0.5222471618770231
3846,0,0.18899451580254595
3847,0,0.3454372105622314
3848,0,0.3125535434612484
3849,0,0.8180801476683207
3850,0,0.14106918323830808
3851,1,0.15012920422123252
3852,1,0.4265430948313913
3853,0,0.7758823963684475
3854,0,0.20397585064032048
3855,0,0.18771425095783084
3856,0,0.1748813479970376
3857,0,0.5890169893059326
3858,0,0.3888721400192978
3859,1,0.4393163010703781
3860,0,0.6622074856459984
3861,0,0.4068169240098563
3862,0,0.6346359007197152
3863,0,0.1846091262060839
3864,0,0.4325908253251783
3865,1,0.8643194855287193
3866,1,0.34421808036177354
3867,0,0.6230501027010016
3868,1,0.827300020139558
3869,0,0.24548536275348945
3870,1,0.6334819012859509
3871,0,0.4188809623275237
3872,1,0.696361708474878
3873,0,0.23623735945175148
3874,0,0.38217475600478445
3875,0,0.6736342807436527
3876,0,0.16204560284387598
3877,0,0.44045258860166103
3878,0,0.3332008755301803
3879,1,0.7711115121420149
3880,0,0.7227169417385482
3881,0,0.20120603957484712
3882,0,0.10989442806988302
3883,1,0.8181773642713118
3884,0,0.21918808365398493
3885,0,0.4729409735237718
3886,0,0.5315450090143657
3887,0,0.22245215455393905
3888,0,0.2797031824844108
3889,0,0.35474021094475533
3890,0,0.2610577867986991
3891,0,0.3502989845331935
3892,1,0.9167436139345705
3893,0,0.10163487135260864
3894,0,0.6383232173698986
3895,0,0.2990695424433416
3896,0,0.27390867786455986
3897,0,0.29269424638494146
3898,0,0.3044841058767132
3899,0,0.5732132073008811
3900,0,0.1856564763389488
3901,0,0.3443112605336945
3902,1,0.7626467467598299
3903,1,0.9131015864109553
3904,0,0.06840921391544422
3905,0,0.6233717330960085
3906,0,0.6683927918170011
3907,0,0.20591596696780293
3908,0,0.8566881853928823
3909,1,0.9649544531335122
3910,0,0.3596551543117099
3911,0,0.2038984883147172
3912,1,0.4937336148211298
3913,0,0.2298281050063122
3914,1,0.7731897192267911
3915,0,0.33959670101564826
3916,0,0.6091465017310987
3917,1,0.7949647161346408
3918,0,0.33861296221472365
3919,1,0.46627992573833454
3920,0,0.2561827470571496
3921,1,0.2946026615555275
3922,0,0.2838366795177103
3923,0,0.5833399346618449
3924,0,0.287134648923138
3925,0,0.5739153994723056
3926,0,0.30608920113309784
3927,0,0.6329869677764637
3928,0,0.3750605752358777
3929,0,0.8142184097075159
3930,1,0.8411942851252084
3931,0,0.3009979145053903
3932,0,0.6770039055281597
3933,0,0.28708561731558746
3934,0,0.3925097459926172
3935,1,0.9142433853109698
3936,0,0.6315622053631147
3937,1,0.3695801282922816
3938,0,0.6521029796481201
3939,0,0.18259320245913419
3940,0,0.2881384371092647
3941,0,0.48244800103893043
3942,0,0.23941950832406014
3943,0,0.9029378842545012
3944,0,0.46288752429233226
3945,1,0.883418602586711
3946,0,0.22105561510829452
3947,0,0.3968731206791245
3948,0,0.2625229960372481
3949,0,0.3059856959324639
3950,0,0.19355302963535867
3951,0,0.3637016538207628
3952,0,0.456875448634901
3953,0,0.07116407029954976
3954,0,0.16346760823713502
3955,0,0.24582539031264716
3956,0,0.5257902950473163
3957,0,0.3452960923314211
3958,1,0.4184147463985875
3959,0,0.44266599915497623
3960,0,0.125979244689239
3961,0,0.2585293959348726
3962,0,0.10882066095988155
3963,0,0.4199585720615764
3964,0,0.4551666900644167
3965,0,0.2736767788280954
3966,0,0.2791749866701119
3967,0,0.3570882368838349
3968,0,0.2542567502597717
3969,0,0.4645924632774811
3970,1,0.6250762952837
3971,0,0.3818854057550163
3972,0,0.359676308324537
3973,0,0.15131773970675297
3974,0,0.27246438164706543
3975,0,0.4264526839370672
3976,0,0.2982836574058402
3977,1,0.781192709424533
3978,0,0.23110436494431352
3979,0,0.22709852283080817
3980,1,0.8977459156180916
3981,0,0.2375274627127286
3982,0,0.20895952147912564
3983,0,0.7251882951621816
3984,1,0.8011150477511607
3985,0,0.2275507271077355
3986,0,0.21670030655905403
3987,1,0.8895490069654453
3988,1,0.8942252124138024
3989,1,0.47422944066485484
3990,0,0.3511553395709658
3991,0,0.31113898643268645
3992,0,0.2605472562010994
3993,1,0.2552439674855005
3994,1,0.605512499762793
3995,0,0.3237329122454171
3996,0,0.27256596956159135
3997,0,0.7968687291720226
3998,0,0.7300924752881218
3999,0,0.1943256060429906
4000,0,0.3815161684772079
4001,0,0.671743762992723
4002,0,0.18075820064193404
4003,0,0.3949446041818863
4004,0,0.4573695116310208
4005,0,0.26708518173522355
4006,1,0.9068237030794244
4007,0,0.30689602816980316
4008,1,0.27041811628503576
4009,0,0.13211704866400717
4010,0,0.3208769311491716
4011,1,0.5303551442213369
4012,0,0.30642033980233385
4013,1,0.23811515577781234
4014,0,0.738086682701041
4015,0,0.18277315950930206
4016,0,0.7133278288356975
4017,0,0.06370156011932572
4018,0,0.6436236803559032
4019,0,0.3576297173179153
4020,0,0.40979930773038964
4021,0,0.15204238263958936
4022,0,0.29333852818696937
4023,0,0.2098128571324438
4024,0,0.3319464078150245
4025,0,0.8794073203395831
4026,0,0.09353283864148895
4027,0,0.13579106146414952
4028,0,0.6140279324273348
4029,1,0.5845016210023464
4030,0,0.34050499860762407
4031,1,0.577461368945191
4032,0,0.3700257861721958
4033,0,0.2866061901698005
4034,0,0.11957226962056827
4035,0,0.1550889691343245
4036,0,0.7555080197129352
4037,0,0.32212182407751583
4038,0,0.18439885590965208
4039,0,0.3712596011592131
4040,0,0.2533343426423884
4041,0,0.2983364321001303
4042,0,0.29655369357675954
4043,0,0.10881562029561519
4044,0,0.3495405095178459
4045,0,0.1843801540377047
4046,0,0.3443500072817533
4047,0,0.3504576359836221
4048,0,0.41567054439126716
4049,1,0.4403570575316448
4050,1,0.824402117280625
4051,0,0.5307476721387561
4052,0,0.5771170928484886
4053,0,0.7912905812463219
4054,0,0.1999446619475032
4055,1,0.6475592877465058
4056,0,0.16707643115645573
4057,1,0.8115332039032986
4058,0,0.1650557208504396
4059,0,0.722874088381849
4060,0,0.14481611882459472
4061,0,0.2768366782456088
4062,1,0.4164127920688039
4063,0,0.13322290639136725
4064,0,0.12087614373491004
4065,0,0.19218939629194673
4066,0,0.426105518408132
4067,0,0.6327008339427816
4068,0,0.38438563020088895
4069,0,0.5451634283274301
4070,0,0.17171826316156427
4071,0,0.4706902039501222
4072,0,0.37722772640951696
4073,1,0.5504436730577073
4074,0,0.17428358322310178
4075,1,0.23060645459049478
4076,0,0.27986945885567
4077,0,0.23733066093127764
4078,0,0.22545541187552737
4079,0,0.38719233975159106
4080,0,0.3097043562444792
4081,0,0.41984704413127494
4082,0,0.4325490611457252
4083,0,0.3595527340559785
4084,1,0.29533181716922885
4085,0,0.27493249222168414
4086,0,0.14164833199027924
4087,0,0.269229700611689
4088,1,0.5746613335869903
4089,0,0.1010718579137129
4090,0,0.3559253732818515
4091,0,0.24223061737806528
4092,0,0.23489573864380253
4093,1,0.6142757607847059
4094,0,0.7008860580557542
4095,0,0.1473171634666575
4096,0,0.6569156814188771
4097,0,0.32707302088886864
4098,0,0.17626679124163572
4099,1,0.8162710466924602
4100,0,0.23510126641840148
4101,1,0.3375984654826951
4102,0,0.2866671308465715
4103,1,0.4325626020546423
4104,1,0.7234552435007265
4105,0,0.28969226098194567
4106,0,0.33566515361078275
4107,0,0.2812788856838085
4108,0,0.2642024397484061
4109,0,0.11990074341522361
4110,0,0.320715405683533
4111,0,0.2095404401712528
4112,0,0.15735510043955744
4113,1,0.26811960394610074
4114,0,0.5970612869070119
4115,0,0.0731927655768268
4116,0,0.15611073620663782
4117,0,0.3861819092824576
4118,0,0.40808401396904803
4119,1,0.6392939537969223
4120,0,0.20734103819550417
4121,0,0.48854106019896243
4122,1,0.4673043962131812
4123,0,0.6906190047997892
4124,0,0.3572189328224219
4125,0,0.40729652945210737
4126,0,0.15528748679996496
4127,0,0.2858439071993064
4128,0,0.31190422033282106
4129,1,0.6957578627835562
4130,0,0.12725683243224362
4131,0,0.16059275956768712
4132,0,0.5362023249866467
4133,0,0.3082587814518199
4134,1,0.8017174117439038
4135,0,0.28607332228006715
4136,0,0.18014384767054775
4137,1,0.8774772116163924
4138,1,0.8320489462668861
4139,0,0.7824100536889621
4140,0,0.825891134727268
4141,0,0.1864328917604457
4142,0,0.3898459484603791
4143,0,0.4778300323087006
4144,0,0.4762291429227082
4145,1,0.6674930278145123
4146,0,0.3406832884156687
4147,0,0.30494627134982727
4148,0,0.17657690739085766
4149,0,0.2816785053603582
4150,0,0.8648991351414358
4151,1,0.5471096919602324
4152,0,0.3074788579636991
4153,0,0.2897527133480749
4154,0,0.8398315887218759
4155,0,0.5592890312295524
4156,0,0.12164031408075388
4157,0,0.21897777886694617
4158,0,0.28951560289109773
4159,0,0.33313367006136063
4160,1,0.8001012863851128
4161,1,0.8361046810409881
4162,0,0.1899757694685999
4163,0,0.5498924308787925
4164,0,0.4441606678556269
4165,0,0.1466221844123765
4166,1,0.8585067834895844
4167,1,0.8390544430469741
4168,0,0.3588773881725112
4169,0,0.5373116982452573
4170,1,0.36858072474139464
4171,1,0.3474737446558885
4172,1,0.3524285149534524
4173,0,0.3407433701626515
4174,1,0.6127031765462866
4175,1,0.3560344914331644
4176,0,0.44573415464894744
4177,1,0.807449727435913
4178,0,0.16808873221964632
4179,0,0.7729617054244534
4180,0,0.19516589598859277
4181,0,0.4483334049491735
4182,0,0.7711551145049351
4183,0,0.3584200091817442
4184,0,0.2767028245209604
4185,0,0.6894050791746337
4186,0,0.43097768004498965
4187,1,0.28711977432301705
4188,0,0.33486453327570376
4189,0,0.32167249541564014
4190,1,0.11597607025709385
4191,1,0.7828175412082459
4192,1,0.3985341880363361
4193,0,0.2783758713420983
4194,0,0.3751932752695996
4195,0,0.4075899263931857
4196,1,0.49612378760332404
4197,1,0.44247220320478414
4198,0,0.3809028770100997
4199,0,0.18220604244985045
4200,1,0.46827732083016615
4201,0,0.24995056144939876
4202,0,0.18768650983632326
4203,0,0.2143399928750544
4204,0,0.45063138028718863
4205,1,0.27308104432168295
4206,1,0.7488501146077711
4207,0,0.16841921330024792
4208,0,0.13318166841591808
4209,0,0.6213146616819611
4210,0,0.6205718007865438
4211,0,0.11136440978616387
4212,0,0.3618940887959799
4213,0,0.23750812196221324
4214,0,0.3122171076412731
4215,0,0.852493426519646
4216,0,0.4972735886097565
4217,0,0.34162842835434765
4218,0,0.6645865226015334
4219,1,0.5504902802941181
4220,0,0.2890645986217032
4221,0,0.351071831155674
4222,0,0.38064464246854773
4223,0,0.3331694854760759
4224,0,0.35308533866791647
4225,1,0.4906192932262655
4226,1,0.8533843306145255
4227,0,0.30967930361739543
4228,0,0.14471066500674262
4229,0,0.22137298028442762
4230,0,0.5048982166781016
4231,1,0.6398925660165374
4232,1,0.20298659523019388
4233,0,0.18486466479676278
4234,0,0.23168467372947388
4235,0,0.2127392318421861
4236,0,0.2831600700520801
4237,0,0.2018753977829847
4238,1,0.7545324005986325
4239,0,0.1646245514263514
4240,0,0.16314701471147638
4241,0,0.23281394490220195
4242,1,0.4151529461331595
4243,0,0.14556341177750842
4244,0,0.7174262270091251
4245,0,0.41405455807284836
4246,0,0.49232503960660623
4247,0,0.49694851737051876
4248,0,0.4536323042335831
4249,0,0.18241321863026547
4250,1,0.9100613624771506
4251,0,0.33921415249662656
4252,0,0.31612978854019913
4253,1,0.9391012021189611
4254,1,0.5930289596949087
4255,0,0.31011554671762676
4256,0,0.27681913087796195
4257,1,0.6607316514612918
4258,1,0.5446484481476429
4259,0,0.2582374222206933
4260,0,0.31697072896527095
4261,1,0.7904338845291486
4262,1,0.8427914468399587
4263,1,0.3509982007705603
4264,0,0.130864274725898
4265,0,0.448962079365979
4266,0,0.238546769504398
4267,1,0.40253942387026037
4268,0,0.8228342871495176
4269,0,0.4643344588667287
4270,0,0.26785073917577773
4271,0,0.15104837863384185
4272,1,0.4121490017146786
4273,1,0.6620745461452658
4274,0,0.45962154172656333
4275,0,0.4027228806773679
4276,0,0.19093165989997968
4277,0,0.06459088980656723
4278,0,0.32024864547875503
4279,0,0.29051362613394005
4280,0,0.6375875296314866
4281,0,0.25160139867189135
4282,0,0.1281319080632462
4283,0,0.34687580518412126
4284,0,0.43054626535758844
4285,0,0.5870935705661392
4286,0,0.24508557476123138
4287,0,0.5149684665136461
4288,0,0.4658645741762333
4289,0,0.44513055121519374
4290,0,0.29627532159523484
4291,0,0.22788823625460808
4292,0,0.6866419881677308
4293,0,0.48185215242716645
4294,0,0.13727639545561784
4295,0,0.627552676234952
4296,0,0.4275041633611146
4297,1,0.41411947421936424
4298,0,0.6408556384457382
4299,0,0.4120830807376622
4300,0,0.2098319540465159
4301,1,0.566755971580226
4302,0,0.668071263893634
4303,0,0.12762984259763796
4304,0,0.14808320314468845
4305,0,0.08204979659560094
4306,0,0.09937865972158809
4307,1,0.4422033886285328
4308,1,0.8900720846115472
4309,0,0.38465344012322644
4310,0,0.11658861279161328
4311,0,0.5424742369162672
4312,0,0.6407819715584402
4313,0,0.1758822887459746
4314,1,0.7178520664203528
4315,1,0.33914075819546996
4316,0,0.15847581892668586
4317,0,0.08325576648577247
4318,1,0.23177291384251242
4319,0,0.2626652219498594
4320,0,0.39274920260988716
4321,0,0.22299176006847585
4322,0,0.7171998286178807
4323,0,0.31875612535069153
4324,1,0.8430997794029649
4325,0,0.42757130993585685
4326,1,0.6403027205980907
4327,0,0.5947068955761371
4328,1,0.6013825203530235
4329,0,0.21215618305668624
4330,0,0.43708638911403286
4331,1,0.8538409377563663
4332,0,0.05892740517365866
4333,0,0.44797552873619567
4334,0,0.5913530567495848
4335,1,0.5481835554943227
4336,0,0.6555755931262067
4337,1,0.2792829052944952
4338,0,0.33113122530555605
4339,0,0.2607083476276629
4340,0,0.4073132608520497
4341,0,0.19136488927835058
4342,0,0.2873275478172088
4343,0,0.26746490361788966
4344,0,0.5223759003279274
4345,1,0.8530132262247422
4346,1,0.6674170327569268
4347,1,0.8017416633414467
4348,0,0.1776128153632328
4349,1,0.5776285706362337
4350,0,0.27473105640677303
4351,1,0.5806695484829142
4352,1,0.7252168760791479
4353,0,0.39294789924455786
4354,0,0.37470760252068885
4355,0,0.19428197587450177
4356,0,0.37029319094982377
4357,0,0.25854239548627933
4358,0,0.3718104430614984
4359,0,0.5038212306841587
4360,0,0.5229685524106272
4361,0,0.7578940891005171
4362,0,0.30442918091832216
4363,1,0.42690203731737975
4364,0,0.13969419500181177
4365,0,0.414856699772169
4366,0,0.2849937029000389
4367,1,0.6510407488799969
4368,0,0.2782700781030438
4369,1,0.8144256563943523
4370,0,0.31736733482620777
4371,0,0.13959993311618635
4372,0,0.643263088438252
4373,1,0.5807930856278919
4374,0,0.37172210304620407
4375,0,0.21734538897741462
4376,0,0.7764442078156677
4377,0,0.23073374602279217
4378,0,0.46858023416391925
4379,0,0.23363355356257492
4380,0,0.46434885248898394
4381,0,0.2313367417093581
4382,0,0.17566582893275265
4383,0,0.1991443087062544
4384,1,0.7725028535310676
4385,0,0.8153970938821309
4386,0,0.36896472208074177
4387,0,0.27804047063846266
4388,0,0.26570234526533887
4389,0,0.25742723737998613
4390,0,0.5409237172063097
4391,1,0.3412047201424207
4392,1,0.8942586582358097
4393,1,0.3267667829304851
4394,0,0.36576145497549517
4395,0,0.4969830979004622
4396,1,0.7546968220697233
4397,0,0.27130378913973086
4398,0,0.3600975407256236
4399,0,0.48854814766853716
4400,0,0.19311943302351356
4401,0,0.7541130165486443
4402,0,0.7673274770093411
4403,0,0.26068315400414394
4404,0,0.3601495243806967
4405,1,0.8324898127525933
4406,0,0.24442095293836796
4407,0,0.3568760889316618
4408,0,0.1124327191358878
4409,0,0.5670900580180512
4410,0,0.37661970892353674
4411,0,0.34976690338839167
4412,1,0.9179459486858254
4413,0,0.3050796084211916
4414,0,0.22231800231222856
4415,0,0.24121644485659288
4416,0,0.48565079120966637
4417,1,0.5325574789813444
4418,1,0.3555713101012262
4419,0,0.3611495238198759
4420,1,0.694809246901095
4421,0,0.25954165898907167
4422,0,0.32409834418902705
4423,0,0.04659398018096583
4424,0,0.1850709339522282
4425,0,0.2714681011434902
4426,1,0.3526873087744909
4427,0,0.3749337316243168
4428,1,0.36730839621084327
4429,0,0.30761123484643804
4430,0,0.31859994198641656
4431,0,0.47034419517745435
4432,0,0.8423031798753984
4433,0,0.33480704332112377
4434,0,0.7251431862901272
4435,1,0.6855226311097131
4436,0,0.4216958663064358
4437,0,0.34013347594908183
4438,1,0.24458578921484
4439,0,0.38980770080574634
4440,0,0.5952078782844641
4441,0,0.3920008599957322
4442,1,0.3795261674143737
4443,0,0.8708992998402798
4444,0,0.056561783952934264
4445,0,0.22137047841516924
4446,0,0.36940957772463906
4447,0,0.18260758839871774
4448,0,0.34641805114933555
4449,1,0.4048817177403087
4450,0,0.30905094817203665
4451,0,0.1771801983035982
4452,0,0.38168908063211104
4453,0,0.4076662548486518
4454,1,0.31167433473301775
4455,1,0.6349757059500566
4456,0,0.31821182281478766
4457,0,0.6387297955984932
4458,0,0.43505346028185143
4459,1,0.3580362193296783
4460,1,0.5346751606167746
4461,0,0.2866061629055176
4462,0,0.3303645182566901
4463,0,0.6685806947754921
4464,1,0.8437561453238929
4465,1,0.34050282121987785
4466,0,0.4825351225322388
4467,1,0.8360106832029861
4468,0,0.34288917492692667
4469,0,0.2304725782076748
4470,1,0.3223940756228063
4471,1,0.3835671090934721
4472,1,0.6995386748670697
4473,1,0.8025357296563063
4474,0,0.13233392274995712
4475,1,0.8075752540439426
4476,0,0.4062960508776549
4477,0,0.5727606672921567
4478,0,0.4098647912565527
4479,0,0.29462077526413893
4480,0,0.4082766746713324
4481,0,0.3700056881569938
4482,0,0.7868672455765366
4483,0,0.38916730672660876
4484,1,0.8369057312380929
4485,1,0.4384667063605265
4486,0,0.26583883502885114
4487,0,0.4144230304981216
4488,0,0.2661380058111562
4489,0,0.36682589837263885
4490,0,0.7233803185483274
4491,1,0.718223929435622
4492,0,0.4796108743604545
4493,0,0.11011009541390063
4494,0,0.2181066297102922
4495,1,0.6759572984318833
4496,0,0.2662164663885592
4497,0,0.1847953140559769
4498,0,0.26544080169176515
4499,0,0.26627436809727134
4500,0,0.3335023447845709
4501,1,0.36878287829657164
4502,0,0.8208891494415326
4503,0,0.2463310439587687
4504,0,0.38851762801834155
4505,0,0.9054478965925702
4506,1,0.3677261894433861
4507,1,0.9615964121769686
4508,0,0.4086171167513682
4509,0,0.3150556300718239
4510,0,0.4877966426686159
4511,0,0.387660159286907
4512,0,0.37697588961961936
4513,0,0.7175538948598482
4514,0,0.36999416707193594
4515,0,0.1851502646378034
4516,0,0.2599637254236663
4517,0,0.4383760362338444
4518,0,0.3670785175206944
4519,1,0.5572954605737741
4520,0,0.2551672189649914
4521,0,0.35407163000062325
4522,0,0.3866185923918502
4523,0,0.2242333997764793
4524,0,0.3870308082893182
4525,0,0.3169522945420984
4526,1,0.8914260397445627
4527,0,0.39932922304129853
4528,0,0.3063964301029053
4529,0,0.2460817139721828
4530,0,0.5559009756360472
4531,0,0.25561224687428
4532,1,0.5204806398434337
4533,0,0.1742582442689299
4534,0,0.7480344580007089
4535,1,0.8386758905789732
4536,0,0.08466482818295429
4537,0,0.5023486194054285
4538,0,0.14487457576311658
4539,0,0.5724831145762339
4540,0,0.19418396535267216
4541,0,0.5756883278782887
4542,0,0.4798343363335816
4543,0,0.7774306594889734
4544,0,0.4083631070744893
4545,0,0.5118263106858109
4546,0,0.6989728829842552
4547,0,0.33794354154987877
4548,1,0.7730245914103775
4549,0,0.33822319348905894
4550,0,0.5402644654007988
4551,0,0.41403840029123656
4552,0,0.40123235298324395
4553,0,0.2252007131488708
4554,0,0.7341381074881518
4555,0,0.1419442327722864
4556,0,0.37652347516708945
4557,1,0.39566029289091065
4558,0,0.4686152264658031
4559,1,0.7831085749994309
4560,0,0.08042104195713706
4561,0,0.13685149368233498
4562,0,0.14678499984620555
4563,0,0.2806954950291594
4564,0,0.44546453877950015
4565,0,0.13373187413506135
4566,1,0.7521404088589767
4567,1,0.3953497243116692
4568,0,0.3587346304077366
4569,0,0.211718528051672
4570,1,0.7665130150553159
4571,0,0.3300111919314363
4572,0,0.2034481202223434
4573,0,0.3076099945371209
4574,0,0.18172668329245062
4575,1,0.5862575512187749
4576,1,0.8552705130067814
4577,0,0.27513314904933184
4578,0,0.3035954722785586
4579,0,0.32735284674773074
4580,0,0.24976298661417812
4581,0,0.14319237445407343
4582,0,0.7854380697763531
4583,0,0.10934122206293984
4584,0,0.35304919692217235
4585,0,0.3655888462666133
4586,0,0.4643831146845474
4587,0,0.26580634577266316
4588,0,0.7278471757890824
4589,1,0.301115790254744
4590,0,0.1882894946551386
4591,0,0.3689031750953029
4592,1,0.8771307601205498
4593,1,0.5177540166153645
4594,0,0.22921129561246809
4595,0,0.2529882493309932
4596,0,0.3019733130456305
4597,0,0.3329573617685515
4598,0,0.24557731134188326
4599,0,0.3998848120483197
4600,0,0.34706764508724575
4601,1,0.5521433258212715
4602,0,0.32284119637006514
4603,0,0.42677658681999486
4604,0,0.6459804048215934
4605,0,0.17736597880914612
4606,1,0.4558052265187953
4607,0,0.17847977308899005
4608,0,0.4856352215037839
4609,0,0.41951171014487043
4610,0,0.3271831053539074
4611,0,0.38832432347192564
4612,0,0.13520665906790724
4613,0,0.4239867872495164
4614,1,0.45661629735695136
4615,0,0.15832367768716504
4616,0,0.3247965214255009
4617,0,0.8427918110393512
4618,0,0.17883389160887797
4619,0,0.31906437107468044
4620,0,0.24528789893420247
4621,0,0.25079005081843264
4622,0,0.595752654682235
4623,0,0.8103602486531183
4624,0,0.2956382147456999
4625,0,0.27097571444231255
4626,0,0.5250944141307288
4627,0,0.2244040531148352
4628,0,0.43332053011288774
4629,0,0.30260416397471307
4630,0,0.2902599969492444
4631,0,0.404031208096626
4632,0,0.404285835008358
4633,0,0.16834486043836613
4634,1,0.352507946600244
4635,0,0.7167428803961644
4636,0,0.7199328377342066
4637,1,0.884800869923168
4638,1,0.47708064176731496
4639,0,0.2809829840016036
4640,1,0.263101200230226
4641,0,0.7087584336080534
4642,0,0.12896091006256782
4643,0,0.10510422312053239
4644,0,0.22245681629010583
4645,0,0.2931712818015736
4646,0,0.29812559126420907
4647,1,0.38128877444087356
4648,1,0.9540737896377874
4649,1,0.36180089066878035
4650,1,0.3720559735091517
4651,0,0.4705228822225413
4652,0,0.15665303273601125
4653,1,0.868884609317212
4654,0,0.2911518475034459
4655,0,0.328970186038285
4656,0,0.3013341873291031
4657,0,0.3281758722404898
4658,1,0.8839947838370509
4659,0,0.5825862684337004
4660,0,0.22299690290714833
4661,0,0.7268194685627181
4662,0,0.29333156002082483
4663,1,0.8214620515780857
4664,0,0.2623951889698166
4665,0,0.2838255065450274
4666,0,0.43837329890755805
4667,0,0.2451749138589483
4668,0,0.28749728796026136
4669,0,0.30918503163932565
4670,0,0.2714787396305244
4671,0,0.3808695095092598
4672,1,0.31136894406289506
4673,1,0.6273467166043065
4674,0,0.18937087229825394
4675,0,0.2284125343440564
4676,0,0.30626394860119505
4677,0,0.5521696324946447
4678,0,0.14982020233968724
4679,0,0.21486901860667795
4680,0,0.29064323841051015
4681,0,0.46043357432037774
4682,1,0.17622173659333537
4683,1,0.8009523357461604
4684,1,0.20193330956556038
4685,0,0.3211069009423506
4686,0,0.16568262990287735
4687,0,0.5136396500677166
4688,0,0.09521768756581801
4689,0,0.337580262451063
4690,1,0.6553660254334843
4691,1,0.9612423672017932
4692,0,0.12229917016562583
4693,0,0.23591624006006007
4694,0,0.5384324674772175
4695,0,0.25481314704150554
4696,0,0.5124792043021683
4697,0,0.3820272407896255
4698,0,0.3898657314478223
4699,0,0.10924015395819145
4700,0,0.13501876337029337
4701,0,0.3270657709530139
4702,0,0.46643798757068616
4703,0,0.39531484593946525
4704,0,0.31549901882467124
4705,0,0.4367050228055611
4706,1,0.448773320169533
4707,0,0.3146844381920989
4708,0,0.873040196775994
4709,1,0.9005655707772743
4710,0,0.11280085926774115
4711,0,0.6726414939858744
4712,0,0.7015445180055214
4713,0,0.3416271432347161
4714,0,0.1604924838011136
4715,0,0.16297587044306258
4716,0,0.3771395903243625
4717,1,0.7403742440526758
4718,0,0.1870082903065271
4719,0,0.4359432173529709
4720,0,0.31080482526808334
4721,0,0.40187565869081604
4722,0,0.18730052225166166
4723,0,0.24784757788779602
4724,0,0.264133476253096
4725,0,0.2874743712321197
4726,0,0.1487429177467826
4727,0,0.12395741340119251
4728,0,0.24968013562231017
4729,0,0.34873963649331574
4730,1,0.2896647087897919
4731,0,0.8970304244180919
4732,1,0.281802706522931
4733,0,0.13367492202822517
4734,0,0.3177692158743285
4735,1,0.5944324902114151
4736,0,0.2545347347103
4737,0,0.18929344178076488
4738,0,0.9132407028155346
4739,0,0.37110946896444647
4740,0,0.5663100556981552
4741,0,0.5007753068032101
4742,0,0.46879422594009595
4743,1,0.6938680138271762
4744,0,0.1426831891029645
4745,0,0.1557417691653302
4746,0,0.38408629763290647
4747,0,0.3132802248587218
4748,1,0.8714465966599974
4749,0,0.18808354820289522
4750,0,0.3736176417228288
4751,1,0.4524107493869527
4752,0,0.15106707322130572
4753,1,0.8771494664385356
4754,0,0.7765514203293422
4755,0,0.13110506180568374
4756,0,0.31906126189685013
4757,0,0.36100094480461253
4758,0,0.33212835644320743
4759,0,0.42306087092223277
4760,1,0.8882891944260564
4761,0,0.10855502744674547
4762,0,0.17001974811826925
4763,1,0.7572752337607583
4764,0,0.32052456637771726
4765,1,0.34694091192927884
4766,0,0.3497151309046279
4767,0,0.480413424064987
4768,0,0.40700519580487715
4769,0,0.3523613526132271
4770,0,0.3362972465044837
4771,0,0.07989220706649774
4772,1,0.6854176852845296
4773,0,0.3296959461093128
4774,0,0.32209842165225827
4775,1,0.39275471418547475
4776,0,0.31938043564160173
4777,1,0.7429598471337521
4778,0,0.09980228236815769
4779,1,0.214206915750436
4780,0,0.15030885920619352
4781,1,0.4991654552751578
4782,0,0.7941586422046197
4783,0,0.8255256073525413
4784,0,0.28555995304137805
4785,0,0.29743181161619875
4786,0,0.33273603236457155
4787,0,0.4220916932729375
4788,0,0.6453475109450452
4789,0,0.08851133670634885
4790,0,0.32147303311831055
4791,0,0.1800420574628469
4792,0,0.3408512888263675
4793,0,0.3606761843459343
4794,0,0.3909842104141109
4795,0,0.47722857620944703
4796,1,0.3997149476654226
4797,1,0.8273622083711741
4798,0,0.44848869365855704
4799,0,0.281159848799874
4800,0,0.53569158334676
4801,1,0.2399280423060414
4802,0,0.32073012678235224
4803,0,0.1350172259562602
4804,0,0.15910749500092078
4805,0,0.47095634398313996
4806,0,0.3034792077687152
4807,0,0.29958691207408017
4808,0,0.2121637418934565
4809,0,0.6022053976404745
4810,0,0.365861154768756
4811,1,0.8205050574650592
4812,0,0.13665001771605312
4813,1,0.7493923114783407
4814,1,0.40758791349565177
4815,0,0.29988034844196604
4816,0,0.31726351550929754
4817,0,0.379097866337768
4818,0,0.2489108745303383
4819,1,0.5138407849997354
4820,1,0.37189763805473697
4821,0,0.11101508464208766
4822,0,0.24913602309876928
4823,0,0.09325406385028735
4824,0,0.3733287934220409
4825,0,0.3784741349085428
4826,0,0.48431425007946016
4827,0,0.2927310457261857
4828,0,0.1736532560094497
4829,0,0.35776468037506876
4830,1,0.4037675711072471
4831,0,0.468299943403218
4832,1,0.6475565857352993
4833,0,0.1929948319143269
4834,1,0.4881254681467231
4835,0,0.06372825828826334
4836,0,0.18369097572229814
4837,0,0.3898443410445848
4838,0,0.3621068482017694
4839,0,0.30191047698326046
4840,0,0.1536789211054548
4841,0,0.30441676861215233
4842,0,0.20402618333969344
4843,0,0.2676994104388173
4844,0,0.13230676864055954
4845,0,0.3450101020697627
4846,0,0.5915597453083239
4847,0,0.4811552616335933
4848,0,0.26960696900689046
4849,0,0.4077656602523942
4850,0,0.15261012640960453
4851,0,0.3045446243093279
4852,0,0.32269782839913697
4853,0,0.4702030314261989
4854,1,0.4281870171413206
4855,0,0.8478030712337496
4856,0,0.2956856526828569
4857,0,0.343168155051511
4858,0,0.21439331672226136
4859,1,0.8267775234131095
4860,1,0.729447205542806
4861,0,0.15733053080106207
4862,0,0.4709927766928086
4863,0,0.71639957006537
4864,0,0.28945437441434224
4865,0,0.18508535891696062
4866,0,0.12509939611774695
4867,1,0.3283106720738932
4868,0,0.22267517528550573
4869,1,0.6737095444664608
4870,0,0.3326784939066769
4871,0,0.45223243891949666
4872,1,0.3478664797595494
4873,1,0.3906156291208922
4874,0,0.31796872278852356
4875,0,0.5119102889020483
4876,0,0.2913058296659591
4877,1,0.711614411771099
4878,1,0.6308650305316794
4879,0,0.3690929317026517
4880,0,0.14122487227378813
4881,0,0.07869266146384846
4882,0,0.3566917902705102
4883,0,0.42817726307059956
4884,1,0.32031742149490966
4885,0,0.3389767163614871
4886,0,0.35802489738808957
4887,0,0.1556157773914176
4888,0,0.889303229815134
4889,1,0.33191781472789617
4890,0,0.20939356233016881
4891,0,0.8614422614412489
4892,1,0.7113688228586496
4893,1,0.6957398581529712
4894,0,0.7737553660645702
4895,0,0.0808030696584651
4896,0,0.44682632880942974
4897,0,0.45387662234827353
4898,0,0.6830607523903933
4899,0,0.26947977405846607
4900,0,0.8249096037405039
4901,1,0.5973216928120526
4902,0,0.17640052776463466
4903,0,0.17954015839617474
4904,0,0.1466871573799393
4905,0,0.14592763806368245
4906,0,0.5631504810129372
4907,0,0.3929748709520773
4908,0,0.2984820266955623
4909,0,0.17222895260628923
4910,0,0.2890328453658408
4911,0,0.19143220045287493
4912,0,0.09019024952091177
4913,0,0.45400733459941855
4914,0,0.23482801991249638
4915,0,0.46750539807029434
4916,1,0.4074165562130036
4917,0,0.8952486104618823
4918,1,0.7844278746134797
4919,0,0.3147938786038663
4920,0,0.30598124551078076
4921,0,0.23412371869746135
4922,1,0.5214256929185206
4923,0,0.32015490428173476
4924,0,0.41708909441781394
4925,0,0.6428411309462986
4926,0,0.08964756678575914
4927,0,0.7049079496137785
4928,1,0.8447142910879211
4929,0,0.5809879182512593
4930,0,0.5801095882161196
4931,1,0.35485163856291957
4932,1,0.8759101518051566
4933,0,0.39800040700632877
4934,0,0.41023346666669896
4935,0,0.368501321138325
4936,0,0.22931259961741518
4937,1,0.3674220377688808
4938,0,0.30823979592281897
4939,0,0.5236300859172086
4940,0,0.28597766615624476
4941,0,0.23331988041055232
4942,1,0.7709071760163733
4943,0,0.47143621863331686
4944,1,0.8471448478644942
4945,1,0.3109527574703449
4946,1,0.8900808191980241
4947,0,0.373315233419571
4948,1,0.8455400502735456
4949,1,0.3830732908539031
4950,0,0.2740053031365599
4951,0,0.4754472423836187
4952,0,0.25989802546667307
4953,0,0.2763365954694058
4954,0,0.13893216457470078
4955,0,0.3954627351566496
4956,0,0.24056895946337345
4957,1,0.40663740437144497
4958,0,0.8576823595327073
4959,0,0.1881186131305567
4960,1,0.5950026780599182
4961,1,0.6367988469472019
4962,0,0.5354946673963569
4963,0,0.6137604609995065
4964,0,0.47921976149267104
4965,0,0.5323177396685156
4966,0,0.5899892250381565
4967,1,0.38755826327856313
4968,0,0.38701686140085106
4969,0,0.4676135399228881
4970,0,0.2759447520351823
4971,0,0.6363900944969556
4972,0,0.28432937801235136
4973,1,0.9164395671792992
4974,0,0.3446857946924645
4975,0,0.21236320808848203
4976,0,0.29999401952945903
4977,0,0.14083111237028345
4978,0,0.25547793862313617
4979,0,0.1642079580676027
4980,1,0.7121212384457669
4981,0,0.5820994376123779
4982,0,0.501161859001932
4983,0,0.23505307886432422
4984,0,0.849219915464569
4985,0,0.363474894490605
4986,0,0.20680027058323833
4987,0,0.3401476594079138
4988,1,0.6576570163668488
4989,1,0.29690316769162384
4990,0,0.3742663161865382
4991,1,0.41623079317034956
4992,1,0.9424431786613452
4993,0,0.2782752816205739
4994,0,0.45849776665036773
4995,0,0.35499058587046745
4996,0,0.18939400862279984
4997,1,0.845846927138524
4998,0,0.4191808922032118
4999,0,0.393840654772305
5000,0,0.40213219287674595
5001,0,0.4452762371192323
5002,0,0.1761734852775242
5003,0,0.37360718921940717
5004,0,0.23422724211717455
5005,0,0.1692226599331473
5006,1,0.676169199046567
5007,1,0.34103560399436056
5008,0,0.09402065575545113
5009,0,0.29294270117629667
5010,0,0.7414130096820132
5011,0,0.7929005046191974
5012,0,0.22352673397839987
5013,1,0.49769210250700546
5014,0,0.6145153470626039
5015,0,0.10857035017126586
5016,0,0.366294974138847
5017,1,0.35790565029173477
5018,0,0.7497527962895829
5019,0,0.3153420237958992
5020,0,0.48988270133669126
5021,0,0.3316902772646315
5022,1,0.8491125622928507
5023,1,0.3021704110556507
5024,0,0.7281722510461757
5025,0,0.38286713237801023
5026,1,0.75761174729539
5027,0,0.6656420645234149
5028,0,0.9606680246134256
5029,0,0.6381070629269778
5030,0,0.24870575143331025
5031,0,0.4493820465993494
5032,0,0.33159322254667545
5033,0,0.2711247182907217
5034,1,0.4471663472806398
5035,0,0.7787139548548819
5036,0,0.13608445645995762
5037,0,0.15867463852695182
5038,0,0.3137220764667741
5039,0,0.12556061479756064
5040,0,0.2632346388800049
5041,1,0.7039475977680215
5042,0,0.161761181363602
5043,0,0.2483391235916481
5044,1,0.2814561647680413
5045,0,0.7092260694743434
5046,0,0.470924340883646
5047,0,0.8421537878795559
5048,0,0.4126038436825757
5049,0,0.20922546253368285
5050,0,0.31448069908201076
5051,0,0.2053276662050521
5052,0,0.3724902669465922
5053,0,0.1919338158468146
5054,0,0.4694991961653905
5055,0,0.3031412650022746
5056,0,0.43608006147962053
5057,0,0.5420267924763703
5058,0,0.3464038090062072
5059,0,0.25872151704222235
5060,0,0.29053521539742827
5061,0,0.19049958793371002
5062,0,0.6549269559557667
5063,0,0.06042221803210756
5064,1,0.7893374799606212
5065,0,0.3252240854015844
5066,1,0.3384305098550891
5067,0,0.22310083795046157
5068,0,0.4412539619829463
5069,1,0.3650108160586647
5070,0,0.4494842980699583
5071,0,0.07092735307346854
5072,0,0.361764636074376
5073,0,0.3492578397879283
5074,1,0.3612571510724463
5075,0,0.3024802945596189
5076,0,0.19681386002932177
5077,0,0.21312015393758085
5078,0,0.31096085442865096
5079,0,0.36868460789386126
5080,1,0.8324844303311629
5081,1,0.6710784186643902
5082,0,0.30924951465854805
5083,0,0.2531492232949194
5084,0,0.213580819247831
5085,0,0.26692477019691296
5086,0,0.5039354809729137
5087,0,0.273238537191579
5088,1,0.3893530596649284
5089,0,0.8155453293591464
5090,0,0.15191748560657956
5091,0,0.14183550558954036
5092,1,0.392392017189189
5093,0,0.21798845283441118
5094,0,0.5677510522073465
5095,0,0.43637050847835424
5096,0,0.2759844122053853
5097,0,0.2879845189488917
5098,1,0.5613193343195799
5099,0,0.1428556404575672
5100,0,0.2500096583491817
5101,0,0.3238807882207261
5102,0,0.09339477820170623
5103,0,0.2688553103957549
5104,0,0.2522593500130216
5105,0,0.5401216025635004
5106,0,0.5191831921471958
5107,1,0.8438539015192031
5108,0,0.2368348790299408
5109,0,0.7568881663171662
5110,0,0.500966930337198
5111,0,0.2912353832889614
5112,1,0.9061831423863757
5113,0,0.31647077794910816
5114,1,0.6589126639373462
5115,1,0.5863083675785101
5116,0,0.17156409886548546
5117,1,0.6884770044684132
5118,1,0.2107266168287089
5119,0,0.678578055364443
5120,0,0.11560678412301588
5121,0,0.19767072862124896
5122,0,0.40635250243710197
5123,0,0.2421678747018409
5124,0,0.4853590257395984
5125,0,0.1091207623225624
5126,1,0.333417987987772
5127,0,0.18038588346689735
5128,0,0.3044666724590226
5129,0,0.2402024152344823
5130,0,0.31477841871626355
5131,0,0.41030545878080843
5132,0,0.3334509201837124
5133,0,0.2168941614377405
5134,0,0.21190448620090202
5135,0,0.36971428662727024
5136,0,0.5588889555800959
5137,0,0.14747039632182674
5138,0,0.6504988552910528
5139,0,0.35165995894648183
5140,1,0.20289889408090542
5141,0,0.3568334023669805
5142,0,0.3166510560625219
5143,0,0.19169135577266613
5144,1,0.8725127475374842
5145,0,0.44075339509577965
5146,1,0.4383436947139041
5147,0,0.18803281640129782
5148,0,0.409405660681621
5149,0,0.3114264721688877
5150,1,0.6405434834103494
5151,0,0.2611953884992864
5152,0,0.6710893547587723
5153,0,0.5611217269720572
5154,0,0.27827988145028576
5155,0,0.18877899248119512
5156,1,0.3781279276983151
5157,0,0.571816070129621
5158,0,0.7732034895344937
5159,1,0.1753697082565059
5160,0,0.15290808492267954
5161,0,0.2212046964393058
5162,1,0.8166940847185399
5163,0,0.42954638449343263
5164,0,0.1800888555371942
5165,1,0.2533760642814131
5166,0,0.27811902095538005
5167,0,0.32569526767944107
5168,0,0.25410819325014367
5169,0,0.16157307022023873
5170,0,0.513176073018469
5171,0,0.23370642947775608
5172,1,0.9578321141260432
5173,1,0.8954670022289157
5174,0,0.2937252003688149
5175,0,0.17949105556410555
5176,0,0.4797787173466643
5177,0,0.1158255312970301
5178,0,0.21572134152751465
5179,1,0.18845741453977102
5180,0,0.16076576486640629
5181,1,0.3606296758814509
5182,0,0.16073929883587862
5183,0,0.6699051637769279
5184,0,0.36608768066342584
5185,0,0.38988094012019014
5186,0,0.17975340451604424
5187,0,0.3008591217680537
5188,1,0.9591554362424646
5189,0,0.3359157100417343
5190,0,0.5396930423408234
5191,0,0.3858808121247468
5192,0,0.21932476243095686
5193,0,0.08053783834029428
5194,0,0.3419762124308566
5195,0,0.6422756699067257
5196,0,0.2962420209862506
5197,1,0.28582918424510084
5198,0,0.2013049889834728
5199,0,0.3914929917288803
5200,0,0.34402888731607206
5201,1,0.29094189205729803
5202,0,0.268879359974924
5203,0,0.8439195039490892
5204,1,0.6055083840078749
5205,0,0.3651344117573209
5206,1,0.7099619899351413
5207,0,0.23556285296199583
5208,0,0.2156553633948584
5209,0,0.1606213855371562
5210,1,0.880233225105203
5211,0,0.5088590961936019
5212,0,0.4321974076225278
5213,0,0.1949732986097658
5214,0,0.41004914961917727
5215,1,0.7365857265817435
5216,0,0.8573149155616245
5217,0,0.3568676522302477
5218,0,0.31513238792077025
5219,0,0.48154803542322455
5220,0,0.3079295294448488
5221,1,0.805923109204432
5222,0,0.5590424498576652
5223,0,0.2021294602091044
5224,0,0.24795607824731633
5225,1,0.49671880482431063
5226,0,0.45424818920200644
5227,0,0.29538138964697724
5228,0,0.22189139062440388
5229,0,0.32482043893749923
5230,0,0.6535441781837937
5231,0,0.07568344708812934
5232,1,0.8576572293345444
5233,1,0.2419500562480585
5234,1,0.7242278323037055
5235,1,0.6977710673674484
5236,0,0.28121591569958243
5237,1,0.7185129432186607
5238,1,0.5105581663842027
5239,0,0.273712659225466
5240,0,0.44909717254167975
5241,0,0.5298941975215973
5242,0,0.44099540870038645
5243,0,0.18097789310502155
5244,0,0.4359162308446796
5245,1,0.39910825753064755
5246,0,0.36595086152513895
5247,0,0.546131588321133
5248,0,0.49897742105979503
5249,0,0.2774977206133691
5250,0,0.15573822446410976
5251,0,0.19233276346606532
5252,0,0.27785831326489724
5253,0,0.08515485983793317
5254,1,0.9001260142437595
5255,0,0.2754968216264754
5256,0,0.13076256182733192
5257,0,0.7271416002625409
5258,0,0.15445299330469803
5259,0,0.0972698875489537
5260,0,0.3665812015589879
5261,1,0.7485216955951656
5262,0,0.35397518151064583
5263,1,0.7913713209347242
5264,1,0.3103930302697426
5265,0,0.17253990262322494
5266,0,0.11608320528320222
5267,0,0.2868957660188352
5268,0,0.16114147112909888
5269,0,0.2406610420173496
5270,0,0.3310936983026196
5271,0,0.428478283499281
5272,0,0.17769034082329047
5273,0,0.1290733342260607
5274,0,0.7144206176474328
5275,0,0.39873551280659464
5276,0,0.1476345287086648
5277,0,0.2578341869687515
5278,0,0.4602997671804166
5279,0,0.3566494746753937
5280,1,0.4738877075223491
5281,0,0.3130242586716051
5282,0,0.32931364099374494
5283,0,0.47982017834111745
5284,0,0.2412950045652851
5285,0,0.17297799467910863
5286,1,0.5764554465926975
5287,1,0.3097675101462745
5288,0,0.22701410151146195
5289,0,0.44022408671648416
5290,0,0.3356770352017624
5291,1,0.7825871211379123
5292,0,0.4452390555178964
5293,0,0.6982563938638059
5294,0,0.22854967159109704
5295,0,0.16284595027762433
5296,0,0.40302211241487595
5297,0,0.23241221216769653
5298,0,0.08314398843854785
5299,0,0.25166781005429195
5300,0,0.35201273663968086
5301,0,0.2771011072974136
5302,0,0.13984272651165497
5303,0,0.36428021881786615
5304,0,0.18024561927038987
5305,0,0.15432243534093126
5306,0,0.2263671944596537
5307,0,0.30172862674671475
5308,0,0.4726634983337836
5309,0,0.19195585760528786
5310,0,0.45655391219511665
5311,0,0.575910599627104
5312,1,0.14792460581606132
5313,0,0.5039949736681808
5314,0,0.8667130642463036
5315,1,0.823523448525851
5316,1,0.5328226015833517
5317,0,0.7491251162935526
5318,0,0.14256280130894283
5319,1,0.8326849332813151
5320,0,0.08062947070663902
5321,0,0.18646916028890664
5322,0,0.8919844840771192
5323,1,0.3799367758516577
5324,0,0.5634497492437918
5325,1,0.6949730360597919
5326,0,0.5535063439291018
5327,0,0.26226793105089563
5328,0,0.2317632648000321
5329,0,0.490712305989226
5330,0,0.7824186307787366
5331,0,0.2889058520061802
5332,1,0.45534856558200604
5333,0,0.2644532037614027
5334,0,0.27112492796841897
5335,0,0.16962726239461262
5336,1,0.1534192907423329
5337,0,0.1960129683755239
5338,0,0.37931378103870833
5339,0,0.43131213974273713
5340,1,0.7860329298844151
5341,0,0.8219710091006073
5342,0,0.3493162609236986
5343,0,0.5746885153504608
5344,0,0.26119626812213637
5345,0,0.23626174632843508
5346,0,0.2872792426784487
5347,0,0.5964194054621006
5348,0,0.2982321667370104
5349,0,0.39639945816927324
5350,0,0.3707319525851439
5351,1,0.8250928778475309
5352,1,0.7070394194925055
5353,0,0.7993862684629991
5354,0,0.20960397297091074
5355,1,0.641435380972925
5356,0,0.33354946047156436
5357,0,0.384316510843725
5358,0,0.3639085780061094
5359,1,0.9317103712593854
5360,0,0.5853092714190008
5361,0,0.2631063023190241
5362,1,0.7952003519237008
5363,0,0.2479811486472209
5364,0,0.42357529252942916
5365,0,0.15857454304961835
5366,0,0.42787428672726585
5367,0,0.12972737491831787
5368,0,0.18076312809895215
5369,0,0.22248631352014
5370,1,0.16111278753115513
5371,1,0.1967445415490669
5372,0,0.4485951114922976
5373,0,0.326552484139529
5374,0,0.5848830219602417
5375,1,0.7371205158883951
5376,1,0.3055728870458609
5377,1,0.47753404476711575
5378,1,0.27094543558337914
5379,0,0.34510987118385167
5380,0,0.21128962584643657
5381,0,0.4751027748518217
5382,0,0.2509088172688065
5383,1,0.4105629620392052
5384,0,0.7770557294989066
5385,0,0.6011231575325929
5386,0,0.22780058162219607
5387,0,0.19848265799165504
5388,0,0.17574249982801582
5389,0,0.5151579970336561
5390,0,0.6873500084765374
5391,1,0.8583799683278278
5392,0,0.14604345237932076
5393,0,0.220035765166263
5394,0,0.4009135515578394
5395,0,0.27082812520663846
5396,0,0.32344342678452537
5397,1,0.852613975881589
5398,1,0.35188193257362854
5399,0,0.5784017340543325
5400,1,0.3643122820341575
5401,0,0.2057236956908478
5402,0,0.5219381306801474
5403,1,0.3292815339724748
5404,0,0.3191330981669639
5405,0,0.14867933981071244
5406,0,0.25579944035543367
5407,0,0.38193737029156266
5408,0,0.6209830168539998
5409,0,0.20732933550493807
5410,0,0.17568848695926256
5411,0,0.40804322212023597
5412,0,0.14145302530995985
5413,1,0.9001306406346683
5414,0,0.13532781079710793
5415,0,0.2623192702589477
5416,0,0.4645394927937522
5417,0,0.35918922318618823
5418,0,0.21420531202696608
5419,0,0.24693448632163062
5420,1,0.2974041994197083
5421,0,0.3128008678312432
5422,0,0.08915669723540998
5423,0,0.1470255027500315
5424,0,0.21866569553325113
5425,0,0.7202777223367418
5426,0,0.3473145387768928
5427,0,0.5685160028334374
5428,0,0.31878228309874646
5429,0,0.38867070537980497
5430,0,0.304469827441077
5431,0,0.32839632011701103
5432,1,0.4026776330309667
5433,0,0.470931685965507
5434,0,0.3521198788287162
5435,0,0.5012452927669729
5436,0,0.29845395258017615
5437,1,0.8422524846776084
5438,1,0.5734670476671194
5439,0,0.28746300598047414
5440,1,0.29534739593323517
5441,0,0.34887075678156987
5442,1,0.3618900837938614
5443,0,0.35242422384353567
5444,1,0.908031057851861
5445,0,0.45871942186221715
5446,1,0.6460257666434289
5447,1,0.7087878430008162
5448,0,0.21671389164805674
5449,0,0.2170683499615577
5450,0,0.3286247587340166
5451,0,0.35832875347654564
5452,0,0.3029197679825533
5453,0,0.33205565508358953
5454,1,0.21890612957302374
5455,0,0.161843708302106
5456,0,0.6302360564457985
5457,1,0.3538621017075782
5458,0,0.3490289442978443
5459,0,0.26287625023836475
5460,0,0.25735482651272373
5461,1,0.9632307156852646
5462,0,0.49959523851790627
5463,0,0.2589123165682553
5464,0,0.2301047281796886
5465,0,0.6426429740312782
5466,0,0.28552109401279485
5467,0,0.31494035679717375
5468,1,0.2021744968984256
5469,0,0.22444877007262498
5470,1,0.34977650064087035
5471,1,0.671964112405113
5472,0,0.36100166661522587
5473,0,0.15477947091853494
5474,0,0.19739768467941396
5475,0,0.3332250618118577
5476,0,0.6685171381511466
5477,0,0.4498839130758862
5478,0,0.19225602124400085
5479,0,0.1531709539142157
5480,0,0.2912272590187177
5481,0,0.2881653211599401
5482,0,0.893932304715363
5483,1,0.9249923384640616
5484,1,0.5000475842192558
5485,0,0.14698007292979598
5486,1,0.7565435775813156
5487,1,0.8708888210608425
5488,0,0.235134739478924
5489,0,0.372180880372446
5490,0,0.40484921915700334
5491,0,0.35905655617129173
5492,0,0.4090249729708289
5493,1,0.5838760499058138
5494,0,0.5592381413824165
5495,0,0.2920897418147679
5496,0,0.291060052370013
5497,0,0.29612827611534887
5498,0,0.36606285528309374
5499,0,0.6035867564758114
5500,1,0.25888867611960037
5501,0,0.5186350025615829
5502,1,0.9170049452418851
5503,0,0.17901967976165245
5504,0,0.4159572852539704
5505,0,0.2014202570712429
5506,0,0.16242797525361868
5507,0,0.3089038264192853
5508,0,0.29407062478485607
5509,0,0.3442643308725872
5510,0,0.3450528188928385
5511,0,0.2661613232469903
5512,0,0.4377583208971658
5513,1,0.6066217518232679
5514,0,0.259682790218717
5515,0,0.73823218582196
5516,0,0.14644861072502852
5517,0,0.3181667294219665
5518,0,0.14876027822391447
5519,0,0.28971445726389544
5520,1,0.8374267243988872
5521,0,0.23350367547129372
5522,0,0.6463734321103035
5523,0,0.32954458686069793
5524,0,0.2955620282729505
5525,0,0.16692809063008396
5526,0,0.39834571948008524
5527,0,0.3489196193492964
5528,0,0.28393424353177954
5529,0,0.8634583552013256
5530,0,0.19406761366248396
5531,0,0.15267176680919245
5532,0,0.922205293521196
5533,0,0.2589778272250822
5534,0,0.09891901443680023
5535,0,0.19391684965635303
5536,0,0.6689367913847916
5537,0,0.5297036903228521
5538,0,0.5067839208557028
5539,1,0.644035750711152
5540,1,0.5429003634718411
5541,0,0.4326757979829683
5542,0,0.7497018558783612
5543,0,0.17578883578283017
5544,0,0.19615553483127177
5545,0,0.12414640079427552
5546,0,0.5482854370175471
5547,0,0.43453013019771114
5548,0,0.33665915914310285
5549,0,0.578916197161996
5550,0,0.39234758691709304
5551,1,0.39659603237305474
5552,0,0.3936696339790847
5553,0,0.5210637124609764
5554,0,0.3751868026860927
5555,0,0.4156390634502741
5556,1,0.9273950178052699
5557,0,0.4496157142127799
5558,0,0.17051676298640117
5559,0,0.18466841743927487
5560,0,0.41410092394881537
5561,0,0.3125260619715193
5562,0,0.23222380064655934
5563,0,0.21804051951867834
5564,1,0.8207764993707076
5565,1,0.8587970650794398
5566,1,0.2775932303140759
5567,0,0.06530006914732461
5568,0,0.3881695047236613
5569,1,0.9037567756659897
5570,0,0.37647078096120545
5571,0,0.85941935429814
5572,1,0.5832904168568473
5573,0,0.37336602111638956
5574,0,0.3418812340234616
5575,0,0.18354038182346025
5576,1,0.29240755526995993
5577,0,0.6349451551793318
5578,1,0.6424133883378036
5579,0,0.6592009970869505
5580,1,0.828969030762527
5581,0,0.48644923121318917
5582,0,0.3535169156668473
5583,0,0.06533094735863729
5584,0,0.2857704090053309
5585,1,0.8251279599836314
5586,0,0.4103712088879821
5587,0,0.2772635232427033
5588,1,0.6498119788778531
5589,1,0.7490004423091634
5590,0,0.6116433884275774
5591,1,0.7431361674437765
5592,1,0.7391086528404317
5593,0,0.2534134026968184
5594,0,0.23447205100992705
5595,0,0.19925112936956751
5596,0,0.2536869495426685
5597,0,0.17786365513366875
5598,0,0.3407219097903183
5599,0,0.6053615048783805
5600,1,0.27068071016880046
5601,1,0.30132704407616523
5602,0,0.42673792476375566
5603,0,0.35104862523891583
5604,0,0.1404473256938895
5605,1,0.4918998033806232
5606,0,0.3339367429135537
5607,0,0.38128699661734716
5608,1,0.872535471163634
5609,0,0.17286417466551005
5610,0,0.2234131103256367
5611,0,0.42800027552904085
5612,1,0.6853801731189928
5613,0,0.35521483693843364
5614,0,0.20303177925355112
5615,0,0.23503209406651787
5616,0,0.1864108206846285
5617,1,0.5778039438256158
5618,1,0.45506888438463294
5619,1,0.7799507523131518
5620,0,0.30303708471643387
5621,1,0.575438013893018
5622,0,0.3265140918990463
5623,0,0.8993611680215738
5624,1,0.580861845436837
5625,0,0.27149368521772804
5626,0,0.20964677406056484
5627,0,0.20497839697588588
5628,1,0.7739049341871991
5629,0,0.2063837041803625
5630,0,0.3322566358111559
5631,1,0.3159948561288508
5632,0,0.0967990863333098
5633,0,0.6454349288838802
5634,1,0.8352020587319431
5635,1,0.30354393192612106
5636,0,0.4330567518467784
5637,1,0.8117898023435913
5638,1,0.2884173473729821
5639,0,0.3917738308791231
5640,0,0.20167333562748296
5641,0,0.2834914613654859
5642,0,0.29324706923406146
5643,0,0.39242867933570447
5644,0,0.14054298875747645
5645,0,0.39256924960464146
5646,0,0.18744863607873188
5647,0,0.45815486975524805
5648,0,0.34210334640086515
5649,0,0.19198912946555904
5650,0,0.3060220710709927
5651,0,0.5478115657926638
5652,0,0.2339966601100792
5653,0,0.3282817114284442
5654,0,0.6782018469326158
5655,0,0.3481071192215595
5656,0,0.38973833026097326
5657,0,0.3533356230653905
5658,0,0.37506306932105443
5659,1,0.8982573640076105
5660,0,0.15902970988233217
5661,0,0.444112934061256
5662,0,0.25105104070080575
5663,1,0.6379761892095016
5664,0,0.2973056126431561
5665,0,0.21716111306953542
5666,0,0.13875416288888995
5667,0,0.18705576852279454
5668,0,0.8023647280728254
5669,0,0.22946999335201645
5670,0,0.08757764270933772
5671,0,0.3624723508500469
5672,0,0.15417155656248988
5673,0,0.42836418022303474
5674,0,0.5494003109251049
5675,1,0.2688914731558718
5676,0,0.2822075866776719
5677,0,0.4123494085726266
5678,0,0.2839145586601989
5679,0,0.2474319506384355
5680,1,0.8284618255890301
5681,0,0.3026424709502244
5682,0,0.0781033039403121
5683,0,0.808486439802993
5684,0,0.7224195019351363
5685,0,0.36221332748088436
5686,1,0.7933425788507279
5687,0,0.20962080894331162
5688,0,0.12141568820178848
5689,0,0.2752708180495701
5690,0,0.39137798763952225
5691,0,0.23522471436814077
5692,1,0.6451123515791689
5693,0,0.2591869927928726
5694,0,0.22006113367352442
5695,0,0.21277005032986973
5696,1,0.2805229296496521
5697,1,0.18339295287180268
5698,0,0.594903145622182
5699,0,0.7557428230349282
5700,0,0.4017261626653719
5701,0,0.17742014345518878
5702,0,0.6526521383041676
5703,0,0.2663095311510551
5704,1,0.33116418555458
5705,0,0.4149350612820738
5706,0,0.29554684932336156
5707,0,0.4842980075001404
5708,0,0.22353630575209874
5709,0,0.2899029243660866
5710,1,0.5199642327140698
5711,0,0.43589978643006816
5712,0,0.4119108425313843
5713,0,0.14178921460612376
5714,0,0.6428943428926059
5715,1,0.16826518521885694
5716,0,0.35568969655856447
5717,0,0.8796434137091242
5718,1,0.9087327429782716
5719,0,0.40780056573057266
5720,0,0.49831746319417874
5721,1,0.7890420522900079
5722,0,0.136714274084744
5723,0,0.3508636885949059
5724,0,0.22067392173422884
5725,0,0.1271660601736215
5726,0,0.2360299992999908
5727,0,0.18215488904423577
5728,1,0.8848482042112888
5729,0,0.3854486007552552
5730,0,0.21167627775178535
5731,0,0.25595357166855914
5732,1,0.31665338114937436
5733,0,0.44529169771951965
5734,0,0.19578186753403665
5735,0,0.3409545690041113
5736,0,0.26730597507530357
5737,0,0.31426614810038317
5738,0,0.6452714556542406
5739,0,0.8649258159814706
5740,0,0.057697760852050105
5741,0,0.13507662484895896
5742,0,0.6963975968413273
5743,1,0.3903867861739211
5744,0,0.20306661664463976
5745,1,0.24280379683606734
5746,1,0.7587364556710844
5747,0,0.2993231086038828
5748,0,0.18122058144042122
5749,1,0.8117722708745448
5750,0,0.2557617895771629
5751,0,0.8510050699470316
5752,0,0.5178545862774059
5753,0,0.5162955410391524
5754,0,0.1895383338822595
5755,0,0.36280201895434727
5756,0,0.32051034201546036
5757,1,0.12338924878253323
5758,0,0.319689501396827
5759,1,0.8944231928477617
5760,0,0.3329270943129604
5761,0,0.1830246076528247
5762,1,0.3445740828944017
5763,0,0.29230074692139685
5764,0,0.14089450362279549
5765,1,0.17065367719008578
5766,1,0.6625518079731557
5767,1,0.5901016885798807
5768,0,0.28753804317982895
5769,0,0.1819085349412954
5770,0,0.1672567175305247
5771,0,0.15930153775845945
5772,0,0.28557803139810134
5773,0,0.4612269228455611
5774,0,0.49819329692892106
5775,1,0.8282380365834021
5776,0,0.23967402253504086
5777,0,0.31530262503410245
5778,0,0.35058190303350095
5779,1,0.8418616025878356
5780,1,0.8356031994395724
5781,0,0.36745407055323115
5782,0,0.19765513229696258
5783,0,0.33156864061642904
5784,1,0.3980083378908518
5785,0,0.31678145500853283
5786,0,0.2890164132495784
5787,0,0.34451645816754256
5788,1,0.458561904920079
5789,0,0.19955033616150467
5790,0,0.11375756098014465
5791,0,0.11724834903300482
5792,0,0.4262657826756626
5793,0,0.43029358389071753
5794,0,0.24940853476299785
5795,1,0.7042379619940407
5796,1,0.8970190494853104
5797,0,0.2742293826984812
5798,1,0.786051783658352
5799,1,0.2499839642223817
5800,1,0.2697651077714023
5801,0,0.29308117593255884
5802,0,0.29496643749106377
5803,0,0.4957535987628816
5804,1,0.3515947996708935
5805,0,0.2950747913721848
5806,0,0.2122990464340035
5807,0,0.19086106947190032
5808,0,0.13705970800205602
5809,0,0.2655703139292319
5810,0,0.2665518820591173
5811,0,0.34798346974020633
5812,0,0.3605022723431096
5813,1,0.7464355400737466
5814,0,0.15693138917672297
5815,0,0.31118951966706654
5816,0,0.26265761756109574
5817,0,0.27642956249290884
5818,0,0.6118817823628531
5819,0,0.6658216161346521
5820,0,0.8236160519405259
5821,0,0.5797492839846452
5822,0,0.2823281447152577
5823,0,0.217928894853305
5824,0,0.17148152160206961
5825,0,0.3386378586414087
5826,0,0.23071838837393574
5827,1,0.47441934363355664
5828,0,0.3879562222834557
5829,0,0.2983429415475312
5830,0,0.49716628588152756
5831,0,0.3374957511817353
5832,0,0.30176961541436076
5833,1,0.8123146044144955
5834,0,0.39662111545833517
5835,0,0.30373819882538483
5836,0,0.4656653773300996
5837,0,0.3155245904070021
5838,0,0.3810105141340197
5839,0,0.2159081755661056
5840,1,0.8092573605331265
5841,0,0.34743852915458945
5842,1,0.8113606944584436
5843,0,0.29225370538213746
5844,0,0.48032414778336585
5845,0,0.18836306580723303
5846,0,0.19840511457396123
5847,0,0.25160690845128425
5848,1,0.6772358339802395
5849,0,0.09973682512148808
5850,1,0.8792650709650005
5851,1,0.37511266603131843
5852,0,0.15652087803098425
5853,0,0.32075381648917217
5854,0,0.8130207447615144
5855,0,0.17357743862404257
5856,0,0.30324690387914666
5857,0,0.278925699607419
5858,0,0.8335347589082681
5859,0,0.2184831381309245
5860,0,0.854509380608556
5861,0,0.18759778407235728
5862,0,0.41614802949729496
5863,1,0.8449813280937042
5864,0,0.3322085463535849
5865,0,0.3813588046530405
5866,1,0.2301006579790299
5867,0,0.5400224044608312
5868,0,0.3680980562442487
5869,1,0.3046965925553633
5870,0,0.1660122712266752
5871,0,0.34577720755987573
5872,0,0.33322387114942587
5873,0,0.40107011084213506
5874,0,0.32850559302012605
5875,0,0.3006632375709309
5876,0,0.3691745131339388
5877,0,0.41781677081766416
5878,0,0.15481188347053074
5879,0,0.37549917304000824
5880,1,0.1803258480557268
5881,0,0.44328795349016586
5882,0,0.38963487680799763
5883,0,0.26565238820452114
5884,0,0.7566481137655687
5885,0,0.15898889124747256
5886,0,0.18104206288559183
5887,0,0.3170070593888409
5888,0,0.4849369950905229
5889,0,0.22465439660378098
5890,0,0.2937557292651299
5891,0,0.8079542874053648
5892,0,0.28720711456111414
5893,1,0.409587716762764
5894,0,0.19719856048604265
5895,0,0.5499128993795027
5896,0,0.30748879648247046
5897,1,0.286222517659212
5898,1,0.5451585644933952
5899,1,0.8858327892702452
5900,0,0.8079990734911235
5901,0,0.3378511906299482
5902,0,0.13015470936419146
5903,0,0.30666076169639267
5904,0,0.20384274304046232
5905,1,0.7968766166871788
5906,0,0.42892331191147653
5907,0,0.10271182941540127
5908,0,0.25028853269594104
5909,0,0.6753117380213436
5910,0,0.284141593517173
5911,0,0.6447363638917669
5912,0,0.17556549214918196
5913,1,0.2406593039655713
5914,0,0.32511217646584817
5915,0,0.43878536669395957
5916,1,0.2208171739145838
5917,0,0.20975806276442774
5918,0,0.659442470447144
5919,0,0.1597652459789866
5920,0,0.24237786547304346
5921,1,0.32874089617850544
5922,0,0.5006993701873909
5923,0,0.2798942367997631
5924,0,0.25788786932888885
5925,0,0.6362826128722776
5926,0,0.20820895614995721
5927,0,0.16614997037401533
5928,0,0.34220981384534604
5929,0,0.35707436371756046
5930,0,0.4445109496093437
5931,0,0.6046451102169957
5932,0,0.3562288921560044
5933,0,0.2854786450194812
5934,1,0.9031128839953615
5935,0,0.3600729812833313
5936,0,0.1369666346144761
5937,0,0.27281949355047286
5938,0,0.38817583311186143
5939,0,0.3784933242774442
5940,1,0.4350024743630651
5941,1,0.38487521117584916
5942,0,0.24811087208616592
5943,0,0.2203186175985795
5944,0,0.3648718672433578
5945,0,0.1951314758626978
5946,0,0.4477103145172233
5947,1,0.5128199728195303
5948,0,0.1810589960343815
5949,0,0.563790308012639
5950,0,0.43407789853111256
5951,0,0.6867624799440294
5952,0,0.3725331401144065
5953,1,0.17627645948243148
5954,0,0.11936072544015237
5955,1,0.45485371854655116
5956,0,0.2580320595468619
5957,1,0.3330889439410846
5958,1,0.2692668061266967
5959,0,0.2010289221175686
5960,1,0.8277840018050762
5961,0,0.12489392938847978
5962,0,0.3091405533849154
5963,0,0.3907386233900329
5964,0,0.31191803644878013
5965,0,0.27122449683576655
5966,1,0.8505185015312626
5967,0,0.8674694193430819
5968,0,0.40556413060311414
5969,0,0.3087678731713772
5970,0,0.38508730744046393
5971,0,0.14481698712486143
5972,0,0.28109874674869606
5973,0,0.3110221501111538
5974,0,0.541932098073458
5975,0,0.24115830731811505
5976,0,0.2871998397400576
5977,0,0.4735217804219882
5978,0,0.17856503193124634
5979,0,0.2480854378087539
5980,0,0.5099515820348631
5981,1,0.9016185253493983
5982,0,0.18666604252386523
5983,0,0.19301530264567213
5984,1,0.3752092344431428
5985,0,0.32348888544500787
5986,0,0.16875756099052616
5987,0,0.08689221637659987
5988,0,0.41014952526910115
5989,0,0.3992923198381939
5990,0,0.15817700876278734
5991,0,0.4359321002827693
5992,1,0.7516526082017952
5993,0,0.40303259944996755
5994,0,0.3693962115476651
5995,0,0.13057397028770404
5996,0,0.7683125134028185
5997,0,0.20752347761791107
5998,0,0.3378306995506036
5999,0,0.21015842817654776
