index,y_true,prob_default
0,0,0.9067359
1,0,0.5869958
2,0,0.6957349
3,1,0.2672454
4,0,0.6106926
5,1,0.58721715
6,0,0.30172306
7,1,0.92131793
8,0,0.19174628
9,0,0.3739716
10,0,0.67725474
11,1,0.50030226
12,1,0.59384567
13,0,0.37300667
14,0,0.6596449
15,0,0.33837664
16,1,0.84734535
17,0,0.316425
18,0,0.58399093
19,0,0.27746573
20,0,0.36565349
21,0,0.22081783
22,0,0.40270874
23,0,0.86660427
24,0,0.17297588
25,0,0.48681155
26,1,0.38486677
27,0,0.36525908
28,1,0.60269624
29,0,0.45942762
30,1,0.8409597
31,0,0.2020703
32,0,0.15422085
33,0,0.16372149
34,0,0.66779774
35,0,0.50792044
36,0,0.43989024
37,0,0.8865471
38,1,0.56193596
39,0,0.7668425
40,0,0.48663962
41,1,0.66275984
42,0,0.11565512
43,1,0.7569223
44,0,0.61409634
45,0,0.46616316
46,0,0.60917044
47,0,0.2796497
48,0,0.4985831
49,0,0.26523647
50,0,0.30742997
51,1,0.87355554
52,1,0.92172813
53,0,0.21973309
54,0,0.5421797
55,1,0.38352832
56,0,0.3849805
57,0,0.52020234
58,0,0.48381853
59,0,0.26337397
60,0,0.5644731
61,0,0.5013949
62,0,0.1909141
63,0,0.4442848
64,0,0.1933613
65,0,0.4517945
66,0,0.1596414
67,0,0.45250148
68,0,0.17874198
69,0,0.24879573
70,1,0.86872214
71,1,0.20249648
72,1,0.81327266
73,0,0.21902165
74,0,0.52978855
75,0,0.4345017
76,0,0.2745127
77,0,0.34170118
78,0,0.72735775
79,0,0.41658723
80,1,0.40416908
81,1,0.8906176
82,0,0.48267442
83,1,0.5122377
84,0,0.32538894
85,0,0.33351165
86,0,0.7185147
87,0,0.47987223
88,0,0.3604028
89,0,0.29138905
90,0,0.39457065
91,0,0.45605588
92,0,0.59393376
93,0,0.14179628
94,0,0.31338158
95,0,0.5290344
96,0,0.72756034
97,1,0.40028107
98,1,0.35948393
99,1,0.87489146
100,0,0.6054562
101,0,0.67560977
102,0,0.34223258
103,0,0.2975388
104,1,0.62079436
105,1,0.4228505
106,0,0.37738132
107,0,0.4678169
108,0,0.2686717
109,1,0.8474888
110,0,0.49971157
111,0,0.35583058
112,0,0.2868006
113,0,0.59097815
114,0,0.23641616
115,0,0.37814534
116,0,0.17423083
117,0,0.29012147
118,1,0.6123646
119,0,0.25848636
120,1,0.52980196
121,1,0.2403794
122,0,0.40349755
123,0,0.45868126
124,0,0.364814
125,1,0.6978963
126,1,0.45138726
127,0,0.23675443
128,0,0.7951291
129,0,0.36945757
130,0,0.28513703
131,1,0.25851566
132,0,0.33199915
133,0,0.6610806
134,0,0.49721655
135,0,0.2951209
136,0,0.28638643
137,0,0.25814852
138,0,0.2693003
139,0,0.30539268
140,0,0.46192443
141,0,0.35989642
142,0,0.3454927
143,0,0.32884192
144,0,0.6570172
145,0,0.78919655
146,0,0.82878387
147,0,0.45372277
148,0,0.436957
149,0,0.48911855
150,0,0.26593402
151,1,0.101944536
152,0,0.5516815
153,0,0.2284236
154,0,0.83079875
155,0,0.39545754
156,0,0.5039383
157,0,0.4995967
158,0,0.24400938
159,0,0.40183756
160,0,0.1762782
161,1,0.775214
162,0,0.2752057
163,0,0.15213367
164,0,0.50271463
165,0,0.41442293
166,0,0.22857232
167,0,0.1869874
168,1,0.69954187
169,0,0.23709856
170,0,0.34009933
171,1,0.30322242
172,0,0.20166218
173,0,0.3010982
174,0,0.31774342
175,1,0.36174223
176,1,0.42748275
177,1,0.29026985
178,1,0.81079394
179,0,0.32845497
180,0,0.19451545
181,0,0.35671934
182,0,0.20581374
183,0,0.19153428
184,0,0.47947672
185,0,0.34918824
186,0,0.21984483
187,0,0.50868917
188,0,0.14484398
189,1,0.6084237
190,0,0.8646572
191,1,0.58012116
192,0,0.23844577
193,0,0.6069033
194,0,0.7295436
195,0,0.38996336
196,1,0.30993727
197,1,0.20935898
198,0,0.16696048
199,0,0.47913164
200,0,0.37626293
201,0,0.367054
202,0,0.61580074
203,0,0.18187922
204,0,0.2505633
205,0,0.68861437
206,0,0.33910516
207,0,0.6234028
208,0,0.2715931
209,1,0.49025464
210,0,0.1503541
211,0,0.28533778
212,0,0.20065303
213,1,0.5441527
214,0,0.29729554
215,1,0.93927705
216,0,0.46658015
217,0,0.2734879
218,0,0.22788592
219,0,0.3057533
220,0,0.23103705
221,1,0.9152418
222,1,0.9149241
223,0,0.3229405
224,0,0.38742042
225,0,0.4069605
226,0,0.39225027
227,0,0.42456776
228,0,0.1487031
229,0,0.35764694
230,0,0.13315979
231,0,0.32646203
232,0,0.7452625
233,0,0.23763219
234,0,0.37859252
235,0,0.330371
236,0,0.51508826
237,0,0.32062727
238,0,0.35714597
239,0,0.2077037
240,0,0.5885481
241,1,0.31008458
242,0,0.40563896
243,0,0.42004943
244,1,0.67981553
245,0,0.25014666
246,0,0.3386384
247,0,0.9106664
248,0,0.565284
249,1,0.525317
250,0,0.15329003
251,0,0.21972679
252,0,0.19531891
253,0,0.72703207
254,0,0.91198367
255,0,0.48472744
256,0,0.53603566
257,0,0.26059976
258,0,0.46213505
259,0,0.59843177
260,0,0.59544957
261,0,0.34387586
262,0,0.43710637
263,0,0.33747786
264,1,0.8633769
265,0,0.3816631
266,0,0.17360254
267,0,0.17751516
268,0,0.4773483
269,1,0.6341479
270,0,0.20551787
271,0,0.15856975
272,0,0.31095386
273,0,0.3504346
274,0,0.27725568
275,0,0.9111867
276,0,0.22029148
277,0,0.15684113
278,0,0.23066944
279,1,0.8772479
280,0,0.4912891
281,0,0.66713786
282,1,0.7003663
283,0,0.2667732
284,0,0.39669734
285,1,0.9026936
286,0,0.5430674
287,1,0.5379777
288,0,0.7697899
289,0,0.13151085
290,0,0.18925959
291,0,0.3326781
292,0,0.40990373
293,1,0.83695704
294,0,0.5668494
295,0,0.40440673
296,0,0.22394761
297,0,0.29251277
298,0,0.09842611
299,0,0.16041802
300,0,0.3542893
301,1,0.37352088
302,0,0.22642706
303,0,0.28877968
304,1,0.3088817
305,0,0.27648756
306,1,0.5385851
307,0,0.18497233
308,0,0.42815387
309,1,0.8683997
310,1,0.8930524
311,0,0.35591158
312,1,0.2827746
313,0,0.22544521
314,0,0.33139262
315,0,0.29936555
316,0,0.24653165
317,0,0.4917236
318,0,0.43965507
319,0,0.17083457
320,0,0.757303
321,0,0.11319413
322,0,0.29537934
323,0,0.13638566
324,0,0.12106863
325,1,0.4602734
326,1,0.6752369
327,1,0.44366217
328,1,0.93120587
329,0,0.60737765
330,0,0.49371025
331,1,0.525408
332,0,0.61583203
333,0,0.43428648
334,0,0.5469874
335,0,0.18282174
336,1,0.31441426
337,1,0.92321354
338,0,0.553035
339,0,0.37150538
340,0,0.67298156
341,1,0.7199427
342,0,0.5600935
343,1,0.6458175
344,0,0.33716357
345,0,0.49428618
346,0,0.3632413
347,0,0.24927929
348,0,0.29154792
349,0,0.4066614
350,0,0.20799644
351,0,0.29491147
352,0,0.26436993
353,0,0.17159192
354,0,0.911582
355,0,0.34508175
356,0,0.21465968
357,0,0.50090575
358,0,0.25720295
359,0,0.25851566
360,0,0.18686944
361,0,0.39843464
362,0,0.45455003
363,1,0.38201147
364,0,0.4943606
365,0,0.25189996
366,0,0.4517548
367,0,0.31455714
368,1,0.3215926
369,0,0.23372455
370,0,0.9196854
371,0,0.3435846
372,0,0.25389114
373,0,0.16076589
374,0,0.2121558
375,0,0.2365878
376,0,0.24939363
377,0,0.3691788
378,0,0.26075882
379,0,0.60390615
380,0,0.21134667
381,1,0.42795667
382,0,0.36933964
383,1,0.74231434
384,1,0.90885705
385,0,0.25036982
386,0,0.40201822
387,0,0.27160704
388,0,0.49605408
389,1,0.38219684
390,1,0.3203633
391,0,0.39487508
392,1,0.2657496
393,0,0.20905176
394,0,0.34982076
395,0,0.42987418
396,0,0.55172205
397,0,0.35165048
398,0,0.3430515
399,0,0.659152
400,0,0.21133128
401,0,0.26560658
402,1,0.59469134
403,0,0.30914748
404,0,0.36431745
405,0,0.30094868
406,0,0.20913844
407,0,0.2745811
408,0,0.82466954
409,0,0.6663849
410,0,0.91660494
411,0,0.20953768
412,0,0.5603335
413,0,0.40318453
414,0,0.25586048
415,0,0.34692627
416,1,0.7423326
417,0,0.33866978
418,0,0.41542742
419,0,0.31243977
420,1,0.41865462
421,0,0.36425704
422,0,0.25698423
423,0,0.3231465
424,0,0.33209378
425,0,0.2424544
426,0,0.34759992
427,0,0.21190235
428,0,0.12833838
429,0,0.43802482
430,1,0.37562484
431,0,0.70877457
432,0,0.4055179
433,0,0.21882617
434,1,0.29304084
435,0,0.28518555
436,0,0.26855606
437,0,0.39846474
438,0,0.3181524
439,0,0.09772488
440,0,0.7482744
441,0,0.46142998
442,0,0.48772287
443,0,0.8684409
444,0,0.27167162
445,0,0.29893684
446,0,0.3782288
447,1,0.8948303
448,0,0.522182
449,0,0.43581006
450,0,0.19593327
451,0,0.25888574
452,0,0.2533205
453,0,0.8273019
454,0,0.30809006
455,0,0.35826546
456,0,0.14514971
457,0,0.32326764
458,1,0.20604691
459,0,0.36500424
460,0,0.36340442
461,0,0.19766386
462,0,0.4957825
463,0,0.1989125
464,1,0.5277789
465,0,0.2084999
466,1,0.79245406
467,0,0.50673497
468,0,0.57224673
469,0,0.23501657
470,0,0.2421167
471,1,0.5394675
472,0,0.3227516
473,0,0.47486746
474,0,0.5856576
475,1,0.940073
476,0,0.45619094
477,0,0.5373921
478,0,0.39005128
479,0,0.2032434
480,0,0.40753004
481,0,0.39728743
482,0,0.44911587
483,0,0.17555694
484,0,0.41290104
485,0,0.6402937
486,0,0.11766084
487,0,0.5650429
488,1,0.4333327
489,0,0.2986063
490,0,0.55322
491,0,0.26456758
492,0,0.31475407
493,1,0.9259401
494,0,0.38236514
495,1,0.4297581
496,0,0.36216816
497,1,0.39807367
498,1,0.898277
499,0,0.3516292
500,0,0.081287205
501,1,0.9228767
502,0,0.21282375
503,0,0.097623445
504,0,0.15237595
505,0,0.7838152
506,0,0.3657828
507,0,0.12405002
508,0,0.20580384
509,0,0.42023978
510,1,0.7770042
511,1,0.9146702
512,0,0.20367466
513,0,0.30018365
514,0,0.8000409
515,0,0.21504734
516,0,0.409821
517,0,0.32983917
518,0,0.23459992
519,1,0.7552267
520,0,0.19163132
521,0,0.41872695
522,0,0.7185917
523,0,0.091117516
524,1,0.9174959
525,0,0.20598274
526,0,0.33450457
527,1,0.5591992
528,1,0.8568846
529,0,0.19517122
530,0,0.3524079
531,0,0.28918222
532,0,0.56564766
533,0,0.33707136
534,0,0.2188732
535,0,0.6959357
536,0,0.2974788
537,1,0.5061389
538,1,0.84604365
539,0,0.19236603
540,0,0.31042287
541,0,0.4415688
542,1,0.4163853
543,0,0.6196785
544,0,0.5080956
545,0,0.43345985
546,0,0.56170994
547,0,0.56372976
548,1,0.35161376
549,0,0.3036364
550,0,0.41204968
551,0,0.33442697
552,0,0.24677312
553,0,0.49025464
554,1,0.63137287
555,0,0.24144539
556,0,0.62601376
557,0,0.5185974
558,0,0.35043672
559,0,0.46085805
560,0,0.87166667
561,0,0.8569829
562,0,0.4913554
563,0,0.21893956
564,0,0.2650438
565,0,0.4604202
566,0,0.23693715
567,1,0.57049453
568,0,0.26885024
569,0,0.25659156
570,1,0.35591957
571,0,0.32264265
572,0,0.28163192
573,1,0.2429125
574,0,0.12362577
575,0,0.52457273
576,0,0.24676697
577,0,0.6182216
578,0,0.14458787
579,0,0.071429275
580,0,0.22479874
581,1,0.6879301
582,0,0.27748612
583,0,0.52881783
584,0,0.2615104
585,0,0.325524
586,0,0.50962245
587,0,0.25988647
588,0,0.36822084
589,1,0.434519
590,0,0.27691
591,0,0.19638383
592,0,0.41337863
593,1,0.5068127
594,0,0.21022756
595,0,0.3712225
596,0,0.45763546
597,1,0.5572028
598,1,0.8868716
599,0,0.20409293
600,0,0.19325149
601,0,0.3517217
602,0,0.3088225
603,0,0.19665353
604,0,0.5540767
605,0,0.28182134
606,0,0.49282193
607,1,0.39679438
608,0,0.5011577
609,1,0.86521965
610,1,0.83925635
611,0,0.46395114
612,0,0.3049252
613,0,0.22543462
614,0,0.39602143
615,0,0.23039484
616,0,0.93282026
617,0,0.19489041
618,0,0.53840876
619,0,0.20211072
620,0,0.34829423
621,1,0.83479184
622,1,0.61362123
623,0,0.25793847
624,1,0.88071245
625,1,0.46878335
626,0,0.19293897
627,1,0.9130931
628,1,0.4460168
629,0,0.1694384
630,0,0.44295785
631,1,0.3833286
632,0,0.5906296
633,0,0.27837372
634,0,0.26887804
635,0,0.31227478
636,1,0.8708092
637,0,0.110267416
638,1,0.5088626
639,0,0.06096097
640,1,0.53476816
641,1,0.91853577
642,0,0.3494277
643,0,0.38086423
644,0,0.19851585
645,0,0.36666664
646,1,0.53358036
647,0,0.15399422
648,0,0.4089267
649,1,0.36010805
650,0,0.85454094
651,0,0.45036697
652,0,0.4444484
653,0,0.600423
654,0,0.8999949
655,0,0.379744
656,0,0.7648035
657,1,0.6142527
658,1,0.6639816
659,0,0.12996194
660,1,0.3776025
661,0,0.25455904
662,1,0.92791915
663,0,0.864887
664,0,0.33261928
665,0,0.3824724
666,0,0.200047
667,0,0.35109055
668,0,0.23516546
669,0,0.1611804
670,0,0.27348647
671,0,0.25839892
672,0,0.40495822
673,1,0.73179525
674,0,0.8541595
675,0,0.37086615
676,0,0.3977164
677,1,0.62280315
678,0,0.3865701
679,1,0.6758717
680,0,0.53256804
681,0,0.5764818
682,0,0.5181026
683,0,0.626789
684,0,0.18634972
685,0,0.22294195
686,0,0.53205603
687,0,0.55098915
688,1,0.9083295
689,0,0.20727526
690,0,0.33415204
691,0,0.27662668
692,0,0.60983557
693,0,0.2563067
694,0,0.15159084
695,0,0.38304356
696,0,0.5905687
697,1,0.9004197
698,0,0.16887765
699,0,0.27232683
700,1,0.25878856
701,0,0.26895478
702,0,0.35830143
703,0,0.23540525
704,0,0.26577643
705,1,0.8545392
706,1,0.63438
707,1,0.9106026
708,0,0.4019332
709,1,0.34966165
710,1,0.41377395
711,1,0.7000688
712,1,0.9019125
713,1,0.5533143
714,1,0.6341479
715,0,0.22926073
716,1,0.39385563
717,0,0.2954945
718,1,0.74828035
719,0,0.36433944
720,0,0.24173091
721,0,0.32312882
722,0,0.3336663
723,0,0.2914545
724,0,0.3437655
725,0,0.5946426
726,0,0.48312554
727,1,0.9060548
728,0,0.12940322
729,0,0.20872863
730,0,0.16256352
731,0,0.70558953
732,0,0.4177269
733,0,0.7500153
734,1,0.9158518
735,0,0.9158509
736,1,0.9065952
737,0,0.42224312
738,0,0.7627322
739,1,0.5370707
740,0,0.2358208
741,0,0.17121823
742,1,0.44316313
743,0,0.37937734
744,0,0.9170451
745,1,0.6182088
746,1,0.33346003
747,0,0.60320693
748,0,0.90954894
749,0,0.3102533
750,1,0.6095505
751,0,0.22978263
752,0,0.37591887
753,0,0.3874435
754,0,0.5029526
755,0,0.23548192
756,1,0.52848715
757,0,0.42408764
758,1,0.33470953
759,0,0.32015073
760,0,0.24662744
761,0,0.20470892
762,0,0.36962897
763,0,0.8961422
764,0,0.13049836
765,0,0.4156784
766,0,0.89394575
767,0,0.54210323
768,0,0.33592132
769,0,0.24604
770,1,0.2568437
771,0,0.47910297
772,0,0.4509983
773,0,0.17473155
774,0,0.36042953
775,0,0.29952487
776,1,0.31610847
777,0,0.1649835
778,1,0.3992677
779,0,0.7187071
780,1,0.6550932
781,0,0.263035
782,1,0.46285117
783,1,0.24319983
784,0,0.22949511
785,0,0.5191149
786,0,0.5877594
787,0,0.38832626
788,0,0.41173694
789,0,0.44521332
790,0,0.40110627
791,0,0.091867015
792,0,0.36783814
793,0,0.89487714
794,0,0.34026802
795,0,0.36510357
796,0,0.14917424
797,0,0.4972183
798,0,0.2693604
799,1,0.90680313
800,1,0.34273002
801,0,0.4939778
802,0,0.24179336
803,0,0.33938754
804,0,0.43987057
805,0,0.49350396
806,1,0.27260882
807,1,0.88550764
808,0,0.09823014
809,0,0.3458043
810,0,0.27641967
811,0,0.2729789
812,0,0.3671203
813,0,0.34634623
814,0,0.22165997
815,0,0.36510313
816,1,0.3846646
817,0,0.91096413
818,0,0.14104055
819,0,0.12529017
820,0,0.46701065
821,1,0.6912015
822,1,0.37248567
823,1,0.8752961
824,0,0.299942
825,0,0.36502808
826,0,0.35412857
827,0,0.20437156
828,0,0.9030928
829,0,0.24487327
830,0,0.14203042
831,0,0.5649539
832,0,0.49835628
833,0,0.47483167
834,0,0.5393724
835,0,0.21418205
836,1,0.5745121
837,0,0.21351485
838,0,0.46003133
839,0,0.527895
840,0,0.3586107
841,0,0.15854098
842,0,0.23374602
843,0,0.91142577
844,0,0.25527108
845,0,0.2661574
846,0,0.47103947
847,0,0.6333677
848,0,0.37583762
849,1,0.31526187
850,0,0.3097231
851,0,0.29961818
852,0,0.44611955
853,0,0.28762397
854,0,0.39617306
855,0,0.35845026
856,0,0.37780654
857,0,0.25975692
858,0,0.28743497
859,1,0.27905205
860,1,0.7690134
861,0,0.27589145
862,1,0.47550705
863,0,0.6161627
864,0,0.38926637
865,1,0.9292583
866,0,0.45915848
867,0,0.24945872
868,0,0.45361158
869,0,0.49577066
870,0,0.38335294
871,1,0.48926312
872,0,0.3677712
873,0,0.86144984
874,0,0.31019023
875,0,0.25852856
876,0,0.41007125
877,0,0.31915134
878,0,0.24720135
879,0,0.21757795
880,0,0.24032798
881,0,0.1135795
882,1,0.3939982
883,0,0.28859866
884,1,0.9247852
885,0,0.24924524
886,0,0.6706516
887,1,0.3307359
888,1,0.19176008
889,0,0.29364154
890,0,0.20434485
891,0,0.19376221
892,0,0.20476788
893,1,0.48323634
894,0,0.6054562
895,0,0.4189834
896,0,0.45806187
897,1,0.7412217
898,1,0.49186668
899,1,0.39344075
900,1,0.62590736
901,0,0.47936788
902,0,0.3522808
903,0,0.34962243
904,0,0.6266018
905,0,0.27113348
906,1,0.32642847
907,0,0.22494376
908,0,0.21750356
909,1,0.6838523
910,0,0.48441428
911,0,0.32412988
912,0,0.39385462
913,0,0.1548158
914,0,0.14617148
915,0,0.30876192
916,1,0.6778507
917,1,0.35072017
918,0,0.23269182
919,0,0.47140545
920,0,0.3115463
921,1,0.69587886
922,0,0.19304553
923,0,0.22116175
924,0,0.33970085
925,1,0.8984122
926,0,0.18154733
927,0,0.41705108
928,0,0.17835455
929,1,0.8888545
930,0,0.44419634
931,0,0.1996712
932,1,0.727793
933,0,0.24553417
934,0,0.64108634
935,0,0.37818727
936,1,0.89499116
937,1,0.619764
938,0,0.36398602
939,0,0.3885423
940,1,0.83583224
941,1,0.4955178
942,0,0.27101946
943,0,0.5031326
944,0,0.5973959
945,1,0.20406441
946,1,0.89756036
947,0,0.19864696
948,1,0.8102351
949,1,0.90167624
950,0,0.91628397
951,0,0.49198627
952,1,0.48619556
953,1,0.9186026
954,0,0.91082144
955,0,0.13080688
956,1,0.81117094
957,0,0.18727063
958,0,0.12646414
959,0,0.3309427
960,0,0.47112915
961,0,0.434761
962,0,0.44775128
963,1,0.43869182
964,0,0.5937726
965,0,0.11159789
966,0,0.26919392
967,0,0.8843088
968,1,0.6944845
969,0,0.29231417
970,0,0.3982151
971,0,0.32505187
972,0,0.30164182
973,0,0.4636485
974,1,0.8857185
975,1,0.47424677
976,0,0.3363958
977,0,0.24878463
978,0,0.42480984
979,0,0.55057704
980,1,0.40389842
981,0,0.33097333
982,0,0.51830983
983,1,0.8581935
984,0,0.22538209
985,0,0.5451124
986,0,0.82249033
987,0,0.2701017
988,0,0.16631274
989,1,0.87617564
990,0,0.6522603
991,0,0.29087472
992,1,0.9134738
993,0,0.28333384
994,0,0.8101003
995,1,0.9024419
996,0,0.1368936
997,0,0.25466034
998,0,0.28097385
999,1,0.6699667
1000,0,0.21971832
1001,0,0.8251369
1002,0,0.37600666
1003,0,0.48136327
1004,1,0.8930985
1005,1,0.7971875
1006,0,0.42211607
1007,0,0.58690727
1008,0,0.20553628
1009,0,0.17743342
1010,0,0.2662191
1011,0,0.3098778
1012,0,0.21527547
1013,1,0.653518
1014,0,0.29931274
1015,0,0.6068304
1016,0,0.45949414
1017,0,0.23646241
1018,0,0.3436954
1019,1,0.9173465
1020,1,0.2299375
1021,0,0.18796586
1022,0,0.29261163
1023,0,0.21515907
1024,0,0.23721488
1025,0,0.63508725
1026,0,0.45619458
1027,0,0.5988536
1028,0,0.29525307
1029,0,0.22854109
1030,1,0.8851937
1031,1,0.5404947
1032,0,0.29023418
1033,1,0.91907763
1034,1,0.55781686
1035,0,0.28792506
1036,0,0.3608941
1037,0,0.11925997
1038,1,0.93927705
1039,0,0.5487223
1040,1,0.32315555
1041,1,0.8641065
1042,1,0.50513226
1043,0,0.16537629
1044,0,0.26690015
1045,0,0.47287363
1046,1,0.8436441
1047,0,0.37097892
1048,0,0.3001273
1049,1,0.27126732
1050,0,0.40535638
1051,0,0.46507922
1052,1,0.8576597
1053,0,0.2750477
1054,0,0.4560603
1055,0,0.6405693
1056,0,0.07088661
1057,0,0.14219162
1058,0,0.6550599
1059,0,0.47809678
1060,0,0.53537154
1061,0,0.53139424
1062,1,0.68495893
1063,0,0.4186041
1064,0,0.1452192
1065,0,0.43482098
1066,1,0.49554098
1067,0,0.25681728
1068,0,0.24570167
1069,0,0.24279365
1070,1,0.3335904
1071,0,0.2559242
1072,1,0.48983663
1073,0,0.36968356
1074,1,0.39617804
1075,0,0.1783345
1076,1,0.571241
1077,1,0.9213371
1078,1,0.48656765
1079,0,0.23622605
1080,0,0.23221204
1081,0,0.30598295
1082,0,0.24929793
1083,0,0.2580934
1084,0,0.24476826
1085,0,0.61362123
1086,0,0.2758442
1087,0,0.2969855
1088,0,0.41325715
1089,0,0.67606467
1090,0,0.2643517
1091,0,0.5656201
1092,0,0.33445492
1093,0,0.40430108
1094,0,0.66923136
1095,0,0.3051073
1096,0,0.7519018
1097,1,0.9055199
1098,0,0.38281745
1099,0,0.23923197
1100,1,0.5362207
1101,0,0.3721787
1102,1,0.5112143
1103,1,0.8740448
1104,0,0.93393344
1105,1,0.39757025
1106,0,0.19614424
1107,0,0.48581538
1108,0,0.854853
1109,0,0.46301997
1110,0,0.19954957
1111,0,0.4154275
1112,0,0.19937164
1113,1,0.41057697
1114,1,0.66055745
1115,1,0.82280535
1116,0,0.59407216
1117,1,0.3768898
1118,0,0.27589145
1119,0,0.3168114
1120,0,0.40884602
1121,0,0.19850092
1122,0,0.83751154
1123,0,0.13546425
1124,0,0.35424665
1125,0,0.4125072
1126,1,0.85666865
1127,0,0.29848593
1128,0,0.28155416
1129,0,0.21663244
1130,0,0.25475278
1131,0,0.27528325
1132,1,0.9297943
1133,0,0.28985146
1134,1,0.8879226
1135,1,0.44471964
1136,1,0.43128735
1137,0,0.2846304
1138,1,0.8944987
1139,0,0.3952305
1140,0,0.42083177
1141,0,0.13108617
1142,0,0.7482708
1143,0,0.82845277
1144,0,0.20700325
1145,0,0.21473089
1146,0,0.8091755
1147,0,0.26474914
1148,1,0.5524288
1149,1,0.6331007
1150,1,0.71505237
1151,0,0.36791602
1152,1,0.43315965
1153,0,0.3557313
1154,1,0.6298779
1155,1,0.3738187
1156,0,0.27552116
1157,0,0.37314093
1158,0,0.34673005
1159,0,0.18761042
1160,0,0.28818122
1161,0,0.44344643
1162,0,0.39438936
1163,0,0.2606129
1164,0,0.6424356
1165,0,0.8456553
1166,0,0.2338771
1167,1,0.92364055
1168,1,0.42814872
1169,0,0.4119596
1170,0,0.24391149
1171,1,0.323902
1172,1,0.902097
1173,0,0.15204448
1174,0,0.34315753
1175,0,0.80676657
1176,0,0.2559242
1177,0,0.50757134
1178,0,0.21475798
1179,0,0.2181912
1180,0,0.25292534
1181,0,0.42612663
1182,0,0.49843565
1183,0,0.19457483
1184,0,0.23322846
1185,0,0.58252376
1186,0,0.23954913
1187,0,0.16260794
1188,0,0.39258233
1189,0,0.33429128
1190,1,0.9346156
1191,0,0.30394354
1192,1,0.8993392
1193,0,0.46271804
1194,0,0.3771158
1195,0,0.44343457
1196,0,0.3889388
1197,0,0.26321188
1198,0,0.62219834
1199,0,0.385733
1200,0,0.29943264
1201,1,0.8742913
1202,0,0.9185855
1203,0,0.8549094
1204,1,0.36071396
1205,0,0.28341147
1206,0,0.34615746
1207,0,0.23339424
1208,0,0.3742111
1209,1,0.89800227
1210,1,0.6459146
1211,1,0.26234227
1212,0,0.1629635
1213,0,0.20484969
1214,0,0.5106831
1215,0,0.40003723
1216,0,0.29605305
1217,0,0.37902495
1218,0,0.2722957
1219,0,0.5496255
1220,1,0.4108792
1221,1,0.915367
1222,1,0.16869129
1223,0,0.5694189
1224,0,0.4334319
1225,0,0.34288973
1226,0,0.21108013
1227,1,0.92584467
1228,0,0.9117301
1229,0,0.2807
1230,1,0.57736456
1231,0,0.091424614
1232,0,0.49081331
1233,0,0.27294004
1234,0,0.17116451
1235,0,0.12030343
1236,0,0.4805845
1237,0,0.34449503
1238,0,0.14032371
1239,0,0.3057533
1240,0,0.9002082
1241,0,0.3290331
1242,0,0.39631602
1243,1,0.34186321
1244,1,0.8761264
1245,1,0.65171236
1246,0,0.60062605
1247,0,0.20511693
1248,0,0.18204711
1249,0,0.2083468
1250,0,0.27313447
1251,0,0.44539174
1252,0,0.21439917
1253,0,0.32403877
1254,0,0.32241246
1255,0,0.16291296
1256,0,0.4184158
1257,1,0.7118756
1258,0,0.2665508
1259,1,0.23743413
1260,0,0.50896686
1261,0,0.69663256
1262,0,0.21219714
1263,0,0.22851798
1264,1,0.8757484
1265,0,0.1989891
1266,0,0.7406215
1267,0,0.3346924
1268,1,0.39544016
1269,1,0.836741
1270,0,0.4102154
1271,1,0.33495453
1272,0,0.3337501
1273,0,0.48509264
1274,0,0.41153905
1275,1,0.88874894
1276,0,0.17065044
1277,0,0.42408097
1278,1,0.4419401
1279,0,0.3821812
1280,0,0.1631404
1281,1,0.5522347
1282,1,0.6294386
1283,0,0.17977697
1284,1,0.27213785
1285,0,0.4003956
1286,0,0.24425726
1287,0,0.24951303
1288,0,0.82476926
1289,0,0.18670462
1290,0,0.41667128
1291,0,0.23447444
1292,1,0.46890724
1293,0,0.32897383
1294,0,0.2966659
1295,1,0.7480195
1296,0,0.77378243
1297,0,0.32602906
1298,0,0.33543453
1299,0,0.48373985
1300,0,0.34447628
1301,0,0.3006816
1302,1,0.6032054
1303,0,0.19759658
1304,1,0.361643
1305,0,0.58108014
1306,1,0.44382384
1307,0,0.22321321
1308,1,0.4581084
1309,1,0.8882367
1310,0,0.12511966
1311,1,0.92368484
1312,0,0.12751737
1313,0,0.28077295
1314,1,0.89749813
1315,0,0.17714612
1316,0,0.43863264
1317,0,0.17306532
1318,0,0.22158879
1319,0,0.40562275
1320,0,0.17641921
1321,0,0.3663067
1322,0,0.31721163
1323,0,0.23587586
1324,0,0.45405617
1325,0,0.4591519
1326,0,0.1494368
1327,0,0.14986764
1328,0,0.34256747
1329,0,0.44482538
1330,1,0.8768579
1331,1,0.59311926
1332,0,0.2805875
1333,0,0.1606731
1334,1,0.6478091
1335,0,0.29018542
1336,1,0.62681204
1337,0,0.3526201
1338,0,0.25082147
1339,1,0.5515018
1340,0,0.48846126
1341,0,0.30435556
1342,0,0.3205288
1343,0,0.26189974
1344,0,0.19186215
1345,0,0.12650435
1346,0,0.11728155
1347,0,0.22951756
1348,1,0.31610376
1349,0,0.1660737
1350,0,0.27510434
1351,0,0.46523893
1352,0,0.22301544
1353,0,0.6326068
1354,1,0.42286512
1355,0,0.27688727
1356,1,0.9043547
1357,0,0.5183053
1358,0,0.39289206
1359,0,0.6349648
1360,0,0.18828711
1361,1,0.73008525
1362,1,0.8134575
1363,1,0.8608758
1364,1,0.41972306
1365,1,0.717389
1366,0,0.46489954
1367,0,0.5580068
1368,0,0.36957824
1369,1,0.39012924
1370,0,0.4624617
1371,0,0.43207994
1372,0,0.3642092
1373,1,0.5039389
1374,0,0.22315617
1375,0,0.43454337
1376,0,0.2623092
1377,1,0.93146396
1378,0,0.49176654
1379,0,0.16376624
1380,0,0.34422687
1381,0,0.59547836
1382,1,0.85678315
1383,0,0.336788
1384,0,0.2325343
1385,0,0.36010805
1386,0,0.28638175
1387,0,0.54912
1388,0,0.28552887
1389,0,0.18630001
1390,1,0.52201277
1391,0,0.24102192
1392,0,0.3206423
1393,1,0.54666567
1394,0,0.632886
1395,0,0.24508722
1396,0,0.29959247
1397,0,0.27844703
1398,0,0.22578266
1399,0,0.17120618
1400,1,0.34664273
1401,0,0.113696925
1402,0,0.43313596
1403,0,0.28364024
1404,0,0.63915354
1405,0,0.45558098
1406,0,0.19855094
1407,1,0.9339351
1408,0,0.16769634
1409,0,0.38956168
1410,0,0.11985868
1411,0,0.31659415
1412,0,0.29335335
1413,0,0.19624627
1414,0,0.14386876
1415,0,0.3666381
1416,0,0.5994932
1417,0,0.16440971
1418,0,0.28239036
1419,0,0.793973
1420,0,0.27882507
1421,0,0.8483888
1422,0,0.42456776
1423,1,0.6367736
1424,0,0.5088626
1425,0,0.20739241
1426,0,0.23480585
1427,0,0.58069843
1428,1,0.8598472
1429,1,0.8665477
1430,0,0.19584742
1431,0,0.47708118
1432,0,0.38390267
1433,1,0.89887285
1434,0,0.2385082
1435,0,0.6321003
1436,0,0.09507435
1437,1,0.86070406
1438,0,0.29985675
1439,0,0.23391241
1440,0,0.38856846
1441,0,0.2197215
1442,0,0.6254561
1443,0,0.34504253
1444,0,0.12375424
1445,0,0.20676975
1446,0,0.40654787
1447,0,0.293369
1448,0,0.44072682
1449,0,0.16833629
1450,0,0.20309585
1451,0,0.44954807
1452,0,0.37176347
1453,1,0.91385126
1454,0,0.3974482
1455,0,0.3285154
1456,0,0.3618047
1457,0,0.36392644
1458,0,0.38072652
1459,1,0.9125538
1460,0,0.23462947
1461,0,0.3290252
1462,1,0.95331156
1463,0,0.6243443
1464,0,0.714913
1465,0,0.48441228
1466,0,0.45436606
1467,1,0.2476691
1468,0,0.6630015
1469,0,0.54925185
1470,1,0.88999075
1471,1,0.8650464
1472,0,0.34663916
1473,0,0.296705
1474,0,0.24188186
1475,0,0.18718621
1476,0,0.27092275
1477,1,0.91830766
1478,0,0.36569688
1479,1,0.18374504
1480,1,0.40532956
1481,0,0.49250275
1482,0,0.32390383
1483,0,0.3161278
1484,1,0.7499449
1485,0,0.19242962
1486,0,0.6679586
1487,0,0.15494317
1488,1,0.52166307
1489,0,0.25226042
1490,0,0.5423257
1491,0,0.6095505
1492,0,0.3280716
1493,0,0.4834439
1494,1,0.5741976
1495,0,0.3451169
1496,0,0.26552844
1497,0,0.15476252
1498,0,0.15201871
1499,1,0.539675
1500,1,0.67995137
1501,1,0.92415035
1502,0,0.1595509
1503,0,0.4308379
1504,0,0.26558608
1505,0,0.44639137
1506,0,0.32711446
1507,0,0.31793693
1508,0,0.38761112
1509,0,0.18629095
1510,1,0.31999877
1511,0,0.30129007
1512,0,0.2763555
1513,0,0.47221273
1514,0,0.5398883
1515,1,0.26423705
1516,0,0.16980098
1517,0,0.8689788
1518,0,0.3744284
1519,0,0.14971216
1520,0,0.43542153
1521,0,0.367237
1522,0,0.36275268
1523,0,0.7281534
1524,0,0.65667975
1525,0,0.3246465
1526,1,0.35502556
1527,0,0.14792408
1528,0,0.45783067
1529,1,0.58015835
1530,0,0.1363709
1531,1,0.35931998
1532,1,0.2935833
1533,0,0.17654614
1534,0,0.3624592
1535,0,0.71995777
1536,0,0.24324383
1537,1,0.926751
1538,0,0.14170592
1539,1,0.9102806
1540,1,0.783049
1541,0,0.29301777
1542,0,0.41248798
1543,0,0.11405785
1544,0,0.4059112
1545,0,0.30737546
1546,0,0.8764734
1547,0,0.24422856
1548,0,0.5846719
1549,0,0.1686249
1550,0,0.40181446
1551,0,0.45838055
1552,0,0.9209569
1553,0,0.32766053
1554,0,0.34501842
1555,0,0.65330464
1556,0,0.21261472
1557,1,0.4573628
1558,0,0.58829284
1559,0,0.8235311
1560,1,0.4149486
1561,0,0.3115846
1562,1,0.3018181
1563,0,0.2582174
1564,0,0.18348964
1565,0,0.3601132
1566,0,0.29487172
1567,1,0.89547193
1568,0,0.12617801
1569,0,0.30647385
1570,0,0.62679225
1571,0,0.37344813
1572,0,0.3228957
1573,0,0.39892814
1574,0,0.3509593
1575,0,0.28291303
1576,0,0.13822971
1577,1,0.49913675
1578,0,0.5752656
1579,0,0.30283397
1580,1,0.51607305
1581,1,0.5511864
1582,0,0.20385772
1583,0,0.7108392
1584,0,0.39605454
1585,0,0.8301004
1586,0,0.38796145
1587,0,0.29360119
1588,0,0.20053257
1589,0,0.30062503
1590,0,0.22005397
1591,0,0.12072613
1592,0,0.4517791
1593,0,0.38104445
1594,1,0.5867354
1595,0,0.18930615
1596,0,0.29905102
1597,0,0.23634394
1598,0,0.27418903
1599,0,0.44671243
1600,1,0.7751136
1601,0,0.31224972
1602,1,0.22829245
1603,0,0.5550694
1604,0,0.8574743
1605,1,0.26681086
1606,0,0.43047816
1607,0,0.41968524
1608,0,0.1385996
1609,0,0.31543025
1610,1,0.5189523
1611,0,0.25785056
1612,0,0.26103553
1613,0,0.62614846
1614,0,0.27600902
1615,0,0.19068713
1616,1,0.27689764
1617,0,0.17766792
1618,0,0.31821823
1619,0,0.20114571
1620,0,0.18326057
1621,1,0.74217826
1622,1,0.27823982
1623,0,0.4108254
1624,0,0.7882876
1625,0,0.12606937
1626,0,0.49626186
1627,1,0.9182878
1628,0,0.32375133
1629,0,0.30656454
1630,0,0.24405569
1631,1,0.6582378
1632,0,0.3069093
1633,0,0.20063531
1634,0,0.5361623
1635,0,0.34143338
1636,0,0.2469512
1637,0,0.39026415
1638,0,0.28738704
1639,0,0.49915844
1640,0,0.5585775
1641,0,0.25767118
1642,0,0.10427802
1643,1,0.92911994
1644,0,0.1597669
1645,0,0.27109322
1646,0,0.32121897
1647,0,0.7070374
1648,0,0.31407467
1649,0,0.20694907
1650,0,0.6742635
1651,0,0.42791948
1652,0,0.20844206
1653,0,0.8004766
1654,0,0.19081248
1655,0,0.4032837
1656,0,0.27243355
1657,0,0.2744831
1658,0,0.43190485
1659,0,0.39446035
1660,0,0.64926785
1661,0,0.36738294
1662,0,0.18898046
1663,0,0.5649844
1664,1,0.29082817
1665,0,0.22915101
1666,0,0.41003904
1667,0,0.26761195
1668,1,0.45003814
1669,0,0.453049
1670,0,0.51551557
1671,0,0.42773914
1672,0,0.21771803
1673,0,0.15485524
1674,0,0.9112962
1675,0,0.30295253
1676,1,0.9074706
1677,0,0.45331275
1678,1,0.32221055
1679,0,0.5926846
1680,0,0.16459352
1681,1,0.9269134
1682,1,0.6408984
1683,0,0.2721938
1684,0,0.33333302
1685,0,0.38349774
1686,0,0.39829186
1687,0,0.35232857
1688,0,0.35014117
1689,0,0.27358797
1690,0,0.4389257
1691,1,0.8083023
1692,0,0.30950868
1693,0,0.19249585
1694,1,0.5853728
1695,1,0.6929122
1696,1,0.3231397
1697,0,0.34958938
1698,1,0.21147087
1699,0,0.16331646
1700,0,0.1313468
1701,0,0.24313295
1702,0,0.14392053
1703,0,0.45295584
1704,0,0.3233771
1705,0,0.21884249
1706,0,0.32063758
1707,0,0.3459333
1708,0,0.2168766
1709,0,0.2610719
1710,0,0.53581935
1711,0,0.45626032
1712,1,0.6178406
1713,0,0.61362123
1714,0,0.30447957
1715,0,0.24364501
1716,0,0.47986454
1717,0,0.44604823
1718,0,0.27458745
1719,0,0.6065491
1720,0,0.2531218
1721,0,0.7530791
1722,0,0.32599232
1723,0,0.1648959
1724,0,0.36925682
1725,1,0.806784
1726,1,0.7338424
1727,0,0.33158824
1728,0,0.42237633
1729,0,0.40150204
1730,0,0.14610207
1731,1,0.89400357
1732,0,0.2965504
1733,1,0.63029236
1734,1,0.25466034
1735,0,0.29841858
1736,0,0.6815717
1737,0,0.49611318
1738,0,0.5088879
1739,1,0.7004708
1740,0,0.71780217
1741,0,0.21543305
1742,1,0.39523715
1743,0,0.2468977
1744,0,0.81055176
1745,0,0.16652726
1746,0,0.40884224
1747,0,0.22558492
1748,0,0.6083405
1749,0,0.2175548
1750,0,0.22294351
1751,0,0.22190149
1752,0,0.18372075
1753,1,0.55444586
1754,0,0.24145977
1755,1,0.89875114
1756,0,0.16973998
1757,0,0.21670337
1758,1,0.38060704
1759,0,0.39138472
1760,0,0.28653517
1761,0,0.5378951
1762,0,0.32307658
1763,1,0.68078274
1764,0,0.20392206
1765,0,0.578267
1766,1,0.9100952
1767,0,0.20371601
1768,0,0.55576575
1769,0,0.35200214
1770,0,0.25071827
1771,0,0.42895553
1772,1,0.6948369
1773,0,0.33014202
1774,1,0.93250793
1775,0,0.2698614
1776,1,0.4884844
1777,0,0.55894953
1778,0,0.32727286
1779,0,0.47757307
1780,0,0.22310688
1781,0,0.35877424
1782,0,0.40930957
1783,0,0.29004005
1784,0,0.16857289
1785,0,0.29634205
1786,0,0.3828709
1787,1,0.4964886
1788,0,0.45904642
1789,0,0.4181275
1790,1,0.49633014
1791,0,0.26719204
1792,0,0.34874764
1793,0,0.25192568
1794,0,0.30092648
1795,0,0.4263355
1796,0,0.4371585
1797,0,0.51611257
1798,1,0.61097395
1799,0,0.44883415
1800,0,0.18296288
1801,1,0.30943924
1802,0,0.2667333
1803,1,0.7547186
1804,0,0.17810756
1805,0,0.37355042
1806,0,0.50662327
1807,0,0.3039619
1808,0,0.15324867
1809,0,0.44583103
1810,0,0.7097529
1811,0,0.20524998
1812,0,0.18609393
1813,0,0.11420386
1814,0,0.54483134
1815,0,0.4008689
1816,0,0.7648431
1817,0,0.3326133
1818,1,0.9162053
1819,0,0.4450095
1820,0,0.26875594
1821,1,0.8759899
1822,0,0.19422743
1823,0,0.6585074
1824,0,0.3303359
1825,0,0.4657323
1826,1,0.8501994
1827,0,0.3033701
1828,0,0.41578764
1829,0,0.10792881
1830,0,0.42776766
1831,0,0.31760174
1832,0,0.71846825
1833,1,0.89890265
1834,0,0.3591381
1835,0,0.21995895
1836,1,0.7339406
1837,0,0.43162674
1838,1,0.9239399
1839,0,0.39558628
1840,0,0.42187032
1841,0,0.23112531
1842,0,0.7468792
1843,1,0.26888365
1844,0,0.26998717
1845,0,0.44709674
1846,1,0.4944308
1847,0,0.15904476
1848,0,0.20373307
1849,1,0.85848176
1850,0,0.49064073
1851,0,0.348908
1852,0,0.38535386
1853,0,0.24949098
1854,0,0.12223459
1855,0,0.24878682
1856,0,0.15005764
1857,1,0.8580253
1858,0,0.31579244
1859,0,0.248893
1860,0,0.41902688
1861,0,0.5074845
1862,0,0.5441527
1863,0,0.19021043
1864,1,0.8937006
1865,0,0.2944206
1866,1,0.70889425
1867,0,0.4624663
1868,1,0.9092449
1869,0,0.43567643
1870,0,0.47719604
1871,0,0.17796338
1872,0,0.16435191
1873,0,0.33004856
1874,0,0.2815917
1875,0,0.2939235
1876,0,0.5610869
1877,0,0.26493227
1878,0,0.357625
1879,0,0.2988832
1880,0,0.8878512
1881,1,0.3763795
1882,0,0.21144423
1883,0,0.61696595
1884,0,0.21119592
1885,0,0.48883897
1886,1,0.93199414
1887,0,0.48893222
1888,0,0.13880731
1889,0,0.50291777
1890,0,0.5869958
1891,0,0.2983171
1892,0,0.8711746
1893,0,0.6072119
1894,1,0.8769722
1895,0,0.8068874
1896,0,0.3692317
1897,0,0.5431409
1898,0,0.26069126
1899,0,0.5915875
1900,1,0.8648484
1901,1,0.7365077
1902,0,0.23591015
1903,0,0.15552172
1904,1,0.6440433
1905,0,0.37347943
1906,0,0.7497413
1907,0,0.32882017
1908,0,0.1839389
1909,0,0.30001092
1910,0,0.18224978
1911,0,0.12355042
1912,0,0.60778356
1913,1,0.6357061
1914,0,0.52307683
1915,0,0.28370583
1916,0,0.58483016
1917,1,0.62439585
1918,0,0.32721314
1919,0,0.32971576
1920,0,0.35894924
1921,0,0.8897614
1922,0,0.47223815
1923,1,0.6964479
1924,0,0.24952473
1925,1,0.33235228
1926,0,0.27242354
1927,0,0.22193687
1928,1,0.23369335
1929,0,0.35318252
1930,0,0.92344797
1931,0,0.66096854
1932,1,0.3683989
1933,0,0.2533622
1934,0,0.36755064
1935,0,0.8645602
1936,0,0.39769396
1937,0,0.23952417
1938,0,0.3377025
1939,1,0.64800304
1940,0,0.21226776
1941,0,0.123963356
1942,0,0.6939539
1943,0,0.47760412
1944,1,0.93074536
1945,0,0.1486611
1946,0,0.34548828
1947,0,0.4665467
1948,0,0.21577378
1949,0,0.14319047
1950,0,0.2777668
1951,0,0.1942406
1952,0,0.5228949
1953,1,0.32623056
1954,0,0.381819
1955,0,0.45249912
1956,0,0.42509177
1957,1,0.40218657
1958,1,0.86513376
1959,0,0.33198026
1960,0,0.09859806
1961,1,0.8816425
1962,0,0.23478346
1963,0,0.37259063
1964,0,0.28351492
1965,0,0.43265957
1966,0,0.6539327
1967,0,0.31697512
1968,0,0.5268714
1969,0,0.25293285
1970,0,0.40101638
1971,0,0.27984527
1972,1,0.35471246
1973,1,0.5015938
1974,0,0.33774155
1975,0,0.21916425
1976,0,0.20177764
1977,0,0.26374972
1978,0,0.2713744
1979,1,0.57703173
1980,0,0.55894953
1981,0,0.356228
1982,0,0.7902241
1983,0,0.30898
1984,1,0.3109849
1985,0,0.21780486
1986,0,0.35764694
1987,0,0.4751865
1988,0,0.43088934
1989,1,0.82376075
1990,1,0.9293452
1991,0,0.29066172
1992,0,0.219722
1993,0,0.5364125
1994,1,0.85768044
1995,0,0.2069923
1996,0,0.33586615
1997,1,0.845772
1998,0,0.10159119
1999,0,0.28429326
2000,1,0.6176606
2001,0,0.29835364
2002,0,0.2574562
2003,0,0.50406593
2004,0,0.2242131
2005,0,0.46372822
2006,0,0.28411892
2007,0,0.8143416
2008,1,0.92976487
2009,0,0.16049053
2010,0,0.35713506
2011,1,0.5894235
2012,0,0.2774917
2013,0,0.3684685
2014,0,0.2015877
2015,0,0.3012424
2016,1,0.47408116
2017,0,0.26619
2018,0,0.28343043
2019,0,0.41831756
2020,0,0.29585707
2021,0,0.27948856
2022,1,0.40031335
2023,0,0.5244789
2024,1,0.8323363
2025,0,0.44581497
2026,0,0.16716485
2027,1,0.7928667
2028,0,0.62056834
2029,0,0.66697454
2030,0,0.89287955
2031,0,0.27807415
2032,0,0.28059947
2033,0,0.07392974
2034,0,0.26614434
2035,0,0.20875661
2036,0,0.45187512
2037,1,0.90236694
2038,0,0.37950745
2039,0,0.40242216
2040,0,0.20054853
2041,0,0.7037253
2042,1,0.8372882
2043,0,0.23099875
2044,0,0.16365732
2045,0,0.2870039
2046,0,0.20756496
2047,0,0.26203597
2048,0,0.38048336
2049,0,0.17438069
2050,0,0.20651655
2051,0,0.5969635
2052,1,0.81061554
2053,0,0.571009
2054,0,0.4091479
2055,0,0.35952148
2056,0,0.5021553
2057,0,0.3109885
2058,1,0.93927705
2059,0,0.43598443
2060,0,0.8784266
2061,0,0.9188557
2062,0,0.44669077
2063,0,0.26307416
2064,1,0.30247998
2065,1,0.8934058
2066,0,0.3945984
2067,0,0.39368364
2068,0,0.22415854
2069,1,0.64997524
2070,1,0.6154921
2071,1,0.5018275
2072,1,0.9335565
2073,0,0.21954498
2074,0,0.52518684
2075,0,0.31347716
2076,0,0.90276265
2077,0,0.19707553
2078,0,0.27089643
2079,1,0.86743945
2080,0,0.4394753
2081,0,0.45891213
2082,1,0.387565
2083,0,0.32680556
2084,1,0.40260452
2085,0,0.52274764
2086,0,0.20157556
2087,0,0.40857872
2088,0,0.27991652
2089,0,0.12529278
2090,0,0.3469298
2091,1,0.4706513
2092,1,0.6215745
2093,0,0.4405788
2094,0,0.25812784
2095,0,0.18095134
2096,1,0.69169074
2097,0,0.3298723
2098,1,0.26518458
2099,0,0.4595568
2100,0,0.42947787
2101,0,0.4456374
2102,0,0.6352163
2103,0,0.47658938
2104,0,0.20806256
2105,0,0.43082896
2106,1,0.8852802
2107,0,0.26812166
2108,0,0.28105634
2109,0,0.3747495
2110,0,0.27700034
2111,1,0.76012284
2112,0,0.32072052
2113,0,0.36282226
2114,0,0.29229856
2115,1,0.604735
2116,0,0.45671374
2117,1,0.9206027
2118,1,0.87096274
2119,0,0.21942969
2120,1,0.35697305
2121,1,0.6254561
2122,0,0.44210643
2123,0,0.39026415
2124,0,0.56201434
2125,0,0.22467354
2126,0,0.21864659
2127,0,0.584153
2128,0,0.6896565
2129,0,0.28878924
2130,0,0.44099736
2131,0,0.2547479
2132,1,0.26127872
2133,0,0.36878195
2134,0,0.36633965
2135,0,0.26267833
2136,0,0.86366135
2137,0,0.5402662
2138,1,0.8270201
2139,0,0.5650462
2140,1,0.57814115
2141,1,0.59023994
2142,0,0.36719745
2143,0,0.38714877
2144,0,0.21484421
2145,0,0.37566957
2146,0,0.3037718
2147,0,0.8352159
2148,0,0.20999011
2149,0,0.18037009
2150,0,0.29845476
2151,0,0.20174187
2152,0,0.4920956
2153,0,0.2599788
2154,1,0.51176435
2155,0,0.5607049
2156,0,0.29538172
2157,0,0.12751736
2158,0,0.51963854
2159,0,0.3627523
2160,0,0.21171549
2161,0,0.2731079
2162,0,0.39179835
2163,0,0.45582283
2164,0,0.86854184
2165,0,0.87759596
2166,0,0.36292726
2167,0,0.41193593
2168,0,0.65533817
2169,0,0.91359705
2170,1,0.36092603
2171,0,0.43738523
2172,0,0.11611447
2173,0,0.48372272
2174,0,0.21223141
2175,0,0.36060816
2176,0,0.30426788
2177,0,0.3166018
2178,1,0.094368145
2179,0,0.21411858
2180,0,0.83428586
2181,0,0.30175105
2182,0,0.33804652
2183,0,0.29096237
2184,0,0.6117214
2185,0,0.08127631
2186,1,0.24868634
2187,0,0.07801275
2188,0,0.20783933
2189,0,0.81026316
2190,0,0.31495303
2191,0,0.27355197
2192,0,0.36161092
2193,0,0.16822949
2194,0,0.5020641
2195,1,0.7203509
2196,0,0.32629365
2197,1,0.8555802
2198,0,0.5301836
2199,1,0.17982455
2200,0,0.4158073
2201,0,0.57416993
2202,1,0.5098582
2203,0,0.30311176
2204,0,0.49627578
2205,0,0.40724304
2206,0,0.47989678
2207,1,0.76690525
2208,0,0.14699182
2209,0,0.20058517
2210,0,0.27867284
2211,0,0.18284814
2212,0,0.39896312
2213,1,0.39977705
2214,0,0.32449228
2215,0,0.46351984
2216,0,0.33064085
2217,0,0.56763595
2218,1,0.9280944
2219,0,0.22500603
2220,0,0.17940906
2221,0,0.15733808
2222,1,0.5678656
2223,0,0.3246641
2224,0,0.33994284
2225,0,0.4808238
2226,1,0.88346916
2227,0,0.5499465
2228,0,0.22489612
2229,0,0.3214399
2230,1,0.9262683
2231,0,0.4551206
2232,1,0.3223565
2233,0,0.19382876
2234,0,0.20787884
2235,1,0.8573347
2236,0,0.48966125
2237,0,0.27814704
2238,0,0.42743757
2239,1,0.37823555
2240,0,0.2987692
2241,0,0.2087127
2242,0,0.29363757
2243,0,0.45801395
2244,0,0.27841434
2245,1,0.4676601
2246,0,0.36892182
2247,0,0.48901704
2248,0,0.18408568
2249,0,0.44213098
2250,0,0.32066894
2251,0,0.84753805
2252,0,0.38808385
2253,0,0.33042076
2254,0,0.4271706
2255,1,0.8821205
2256,0,0.38148314
2257,0,0.46246305
2258,0,0.93515116
2259,0,0.26657152
2260,0,0.25118268
2261,0,0.24843846
2262,0,0.6962587
2263,0,0.2462836
2264,0,0.4630556
2265,0,0.22155857
2266,0,0.3389851
2267,1,0.34768432
2268,1,0.48590636
2269,0,0.46829695
2270,0,0.29533035
2271,0,0.41624728
2272,0,0.23481384
2273,1,0.4595332
2274,0,0.493706
2275,1,0.41100675
2276,0,0.46945843
2277,0,0.32931367
2278,0,0.3510607
2279,0,0.38918474
2280,0,0.29473317
2281,0,0.32810292
2282,0,0.29743254
2283,0,0.44120872
2284,1,0.39107227
2285,1,0.45930335
2286,1,0.5908787
2287,0,0.31686682
2288,1,0.22793
2289,1,0.25274253
2290,0,0.119919024
2291,0,0.4022166
2292,0,0.41216695
2293,0,0.40018058
2294,0,0.2803338
2295,0,0.34002873
2296,0,0.21119942
2297,0,0.30071184
2298,0,0.33952135
2299,0,0.2084939
2300,1,0.3460946
2301,1,0.9075318
2302,0,0.52807677
2303,0,0.336398
2304,0,0.39030188
2305,0,0.350398
2306,0,0.3091274
2307,0,0.50272053
2308,1,0.9250711
2309,0,0.35052598
2310,0,0.5384647
2311,0,0.23495674
2312,0,0.91879684
2313,1,0.89486516
2314,1,0.3378593
2315,0,0.29348984
2316,0,0.15604816
2317,0,0.14076708
2318,0,0.35735336
2319,1,0.71561354
2320,0,0.6519592
2321,0,0.4175963
2322,1,0.85562855
2323,0,0.3094022
2324,0,0.61806464
2325,0,0.2554183
2326,0,0.082519926
2327,1,0.21348435
2328,1,0.7137478
2329,0,0.43452844
2330,0,0.46306717
2331,0,0.66291016
2332,0,0.9130693
2333,0,0.26857242
2334,0,0.33332467
2335,0,0.1133556
2336,0,0.5744119
2337,0,0.33206773
2338,1,0.58760005
2339,0,0.22702305
2340,0,0.25256598
2341,0,0.27503186
2342,0,0.467848
2343,0,0.41498402
2344,0,0.1432595
2345,0,0.46562135
2346,0,0.3487833
2347,0,0.37565574
2348,0,0.4620237
2349,1,0.9289669
2350,0,0.14125195
2351,0,0.6007126
2352,1,0.72959256
2353,1,0.9172561
2354,0,0.49662453
2355,0,0.13947698
2356,0,0.57224673
2357,1,0.85465044
2358,0,0.18712401
2359,0,0.36480317
2360,0,0.35585618
2361,0,0.29369023
2362,0,0.29998273
2363,0,0.18668434
2364,0,0.64724386
2365,0,0.3380281
2366,0,0.91132647
2367,0,0.20844355
2368,0,0.23211733
2369,1,0.22412744
2370,0,0.5269441
2371,1,0.6431556
2372,1,0.85294384
2373,0,0.2987921
2374,0,0.16117522
2375,0,0.15619996
2376,0,0.39912504
2377,0,0.29848552
2378,0,0.36109662
2379,0,0.23619758
2380,1,0.36911124
2381,0,0.49073315
2382,0,0.54909205
2383,1,0.8943782
2384,0,0.47642893
2385,0,0.26369366
2386,1,0.7102572
2387,0,0.21755148
2388,0,0.42929596
2389,1,0.42057237
2390,0,0.39717683
2391,1,0.92117214
2392,0,0.47201172
2393,0,0.21378712
2394,0,0.3371811
2395,0,0.1662141
2396,0,0.5926015
2397,0,0.5068674
2398,0,0.15569139
2399,1,0.43650877
2400,0,0.14739868
2401,0,0.2446617
2402,0,0.22063226
2403,1,0.38244644
2404,0,0.2480974
2405,0,0.2939119
2406,0,0.30845517
2407,0,0.27795085
2408,0,0.6991168
2409,0,0.14477852
2410,0,0.5723686
2411,0,0.23689887
2412,1,0.63167524
2413,0,0.12483012
2414,0,0.38841778
2415,0,0.48784232
2416,1,0.6154616
2417,0,0.21929087
2418,1,0.75538534
2419,0,0.19576313
2420,0,0.8624278
2421,0,0.895601
2422,0,0.48113146
2423,1,0.67028195
2424,0,0.124804325
2425,0,0.3667298
2426,0,0.18476893
2427,0,0.28298306
2428,0,0.22647141
2429,1,0.28399736
2430,0,0.8048228
2431,0,0.4127961
2432,0,0.42034468
2433,0,0.50460654
2434,1,0.5434163
2435,1,0.7348449
2436,0,0.2558263
2437,0,0.22148152
2438,1,0.75353813
2439,0,0.39629647
2440,0,0.28374383
2441,1,0.9043157
2442,1,0.85781455
2443,0,0.16674018
2444,0,0.2185335
2445,0,0.18488136
2446,0,0.32698095
2447,0,0.2445613
2448,1,0.581694
2449,0,0.16354786
2450,0,0.2399817
2451,0,0.1710689
2452,0,0.2752211
2453,1,0.75196964
2454,0,0.4320425
2455,0,0.5197187
2456,1,0.9320456
2457,0,0.2818673
2458,1,0.4477928
2459,0,0.6564116
2460,0,0.34639886
2461,0,0.4139248
2462,0,0.44138777
2463,0,0.88348174
2464,1,0.35401058
2465,0,0.3526111
2466,1,0.6820626
2467,0,0.33355212
2468,0,0.27169362
2469,0,0.14186727
2470,0,0.2898507
2471,0,0.48494205
2472,0,0.46363565
2473,0,0.18567987
2474,0,0.32678795
2475,0,0.7167775
2476,1,0.79644924
2477,0,0.47643498
2478,1,0.92026424
2479,0,0.3962039
2480,1,0.35692486
2481,0,0.48746565
2482,0,0.09324692
2483,1,0.65340644
2484,1,0.37776348
2485,0,0.2523471
2486,0,0.4355375
2487,1,0.36145428
2488,0,0.27918574
2489,0,0.16369732
2490,0,0.13874349
2491,0,0.12645036
2492,0,0.8264004
2493,0,0.16986078
2494,0,0.4263827
2495,0,0.4574447
2496,0,0.15430899
2497,0,0.73011154
2498,0,0.4135544
2499,0,0.8435745
2500,0,0.20154919
2501,0,0.68493533
2502,0,0.4711943
2503,0,0.38897654
2504,0,0.51511586
2505,0,0.23581454
2506,1,0.34434047
2507,0,0.5902976
2508,0,0.44785777
2509,0,0.68882424
2510,0,0.26461592
2511,0,0.37822738
2512,1,0.8922855
2513,0,0.19128598
2514,0,0.26413938
2515,0,0.29690075
2516,0,0.26219353
2517,1,0.78834003
2518,1,0.6180129
2519,0,0.61321867
2520,0,0.39733693
2521,0,0.239911
2522,0,0.35538334
2523,1,0.16405383
2524,0,0.20909075
2525,1,0.90365803
2526,0,0.12222453
2527,0,0.2640527
2528,0,0.32556972
2529,1,0.86472416
2530,0,0.7045529
2531,1,0.92485666
2532,0,0.35845026
2533,0,0.2772371
2534,1,0.8641065
2535,0,0.24056375
2536,0,0.31278643
2537,1,0.46536767
2538,0,0.20638773
2539,1,0.55678743
2540,0,0.3908046
2541,0,0.4569333
2542,0,0.22215039
2543,1,0.9104209
2544,0,0.3495607
2545,0,0.33537078
2546,0,0.3678763
2547,0,0.35699973
2548,0,0.92073977
2549,1,0.86559945
2550,1,0.86370724
2551,0,0.37038156
2552,0,0.43760496
2553,0,0.2631384
2554,0,0.8991199
2555,0,0.4731379
2556,1,0.35393962
2557,0,0.3194947
2558,0,0.26336327
2559,1,0.117389284
2560,0,0.24201669
2561,0,0.23419343
2562,0,0.45501897
2563,0,0.36652902
2564,0,0.1418094
2565,0,0.21424857
2566,1,0.7816798
2567,1,0.15310732
2568,1,0.90850914
2569,0,0.34210587
2570,0,0.23951788
2571,0,0.49373156
2572,0,0.29940528
2573,0,0.1712424
2574,0,0.3067218
2575,0,0.27078786
2576,0,0.5441613
2577,0,0.47515717
2578,0,0.44455382
2579,0,0.20389047
2580,0,0.36552802
2581,1,0.6217151
2582,1,0.7190613
2583,1,0.19374059
2584,0,0.91833436
2585,0,0.19786803
2586,0,0.18270789
2587,0,0.36400008
2588,0,0.36750478
2589,0,0.18929821
2590,1,0.85000694
2591,0,0.15643162
2592,0,0.20335455
2593,1,0.7291604
2594,0,0.5778308
2595,0,0.28763452
2596,0,0.5994932
2597,1,0.5017459
2598,1,0.7148901
2599,0,0.40802583
2600,0,0.14434697
2601,0,0.17600629
2602,0,0.35032356
2603,0,0.41823816
2604,1,0.7352509
2605,0,0.81258553
2606,0,0.64073485
2607,0,0.88879544
2608,0,0.1987593
2609,0,0.8647401
2610,0,0.38659188
2611,0,0.6936085
2612,0,0.24165866
2613,0,0.27282715
2614,0,0.31005085
2615,0,0.22485647
2616,0,0.113582544
2617,0,0.3126572
2618,1,0.29461852
2619,0,0.38954508
2620,0,0.18972997
2621,0,0.36876044
2622,0,0.39761344
2623,0,0.28427014
2624,1,0.8816429
2625,0,0.12526926
2626,0,0.579952
2627,0,0.35749337
2628,1,0.9312039
2629,0,0.2971951
2630,0,0.2045174
2631,0,0.18055137
2632,1,0.856647
2633,0,0.80412155
2634,0,0.42622915
2635,0,0.42375785
2636,0,0.47287524
2637,0,0.2711259
2638,0,0.64212286
2639,0,0.41771933
2640,0,0.34808752
2641,0,0.16505653
2642,0,0.23942147
2643,0,0.16162449
2644,0,0.38733837
2645,0,0.6113291
2646,0,0.26734075
2647,0,0.4091355
2648,1,0.37301508
2649,0,0.2784135
2650,0,0.34035987
2651,0,0.21555094
2652,1,0.8888488
2653,1,0.92227757
2654,0,0.44254112
2655,0,0.58543843
2656,0,0.63957196
2657,0,0.49596867
2658,0,0.329041
2659,0,0.22159846
2660,0,0.24698952
2661,1,0.93255806
2662,0,0.3120091
2663,0,0.5108391
2664,0,0.17491609
2665,0,0.42342058
2666,0,0.30117366
2667,0,0.35099936
2668,0,0.42749578
2669,0,0.33543453
2670,1,0.6701724
2671,0,0.5318069
2672,0,0.20863165
2673,1,0.7415929
2674,0,0.90116256
2675,1,0.22174627
2676,0,0.16281666
2677,0,0.18078813
2678,0,0.48780608
2679,0,0.1375053
2680,0,0.21665785
2681,0,0.33841985
2682,1,0.9074855
2683,1,0.4218223
2684,0,0.553853
2685,1,0.5726873
2686,0,0.3238216
2687,1,0.30223122
2688,0,0.3236978
2689,1,0.34957436
2690,0,0.23124045
2691,0,0.19834924
2692,0,0.3621288
2693,1,0.34154907
2694,0,0.27002424
2695,0,0.60665953
2696,0,0.20795721
2697,0,0.5515273
2698,1,0.91516757
2699,0,0.4857868
2700,0,0.41428146
2701,0,0.3258051
2702,0,0.48607507
2703,0,0.1537893
2704,0,0.30040175
2705,0,0.14673577
2706,0,0.52227247
2707,1,0.67840433
2708,0,0.41927308
2709,0,0.7496019
2710,0,0.10986388
2711,0,0.33621594
2712,0,0.2646581
2713,0,0.14209706
2714,0,0.20605339
2715,0,0.65095323
2716,0,0.31217238
2717,0,0.5181026
2718,0,0.3409568
2719,0,0.2116507
2720,0,0.49172044
2721,0,0.3038433
2722,0,0.8934107
2723,0,0.15136479
2724,0,0.40318248
2725,1,0.883142
2726,0,0.2852343
2727,0,0.20030496
2728,0,0.39751995
2729,0,0.3408426
2730,0,0.3693349
2731,0,0.39783007
2732,0,0.10134999
2733,0,0.59736323
2734,0,0.35638067
2735,0,0.7040978
2736,0,0.8534401
2737,0,0.24694735
2738,0,0.41329667
2739,0,0.40205568
2740,1,0.7229531
2741,0,0.25137892
2742,1,0.8961903
2743,0,0.8573573
2744,0,0.21678616
2745,0,0.3477902
2746,0,0.2473441
2747,0,0.77993643
2748,0,0.1524353
2749,0,0.45196152
2750,1,0.5184008
2751,0,0.2708558
2752,0,0.528264
2753,0,0.32513484
2754,0,0.28256226
2755,0,0.46450052
2756,1,0.48905855
2757,1,0.9051456
2758,0,0.24406475
2759,0,0.17370903
2760,1,0.92734224
2761,0,0.4320584
2762,0,0.29949695
2763,0,0.88532907
2764,1,0.8696402
2765,0,0.1864874
2766,1,0.4421387
2767,0,0.3788716
2768,0,0.2651127
2769,0,0.5952646
2770,0,0.1801912
2771,0,0.20295207
2772,0,0.42666572
2773,0,0.28275606
2774,1,0.8941764
2775,0,0.67373836
2776,1,0.87469643
2777,0,0.28280345
2778,0,0.35630074
2779,0,0.29487047
2780,0,0.40147892
2781,0,0.1233285
2782,0,0.22320965
2783,1,0.81564623
2784,0,0.23094676
2785,0,0.18922664
2786,0,0.5443966
2787,0,0.20227906
2788,0,0.7971122
2789,1,0.37969857
2790,1,0.5711956
2791,1,0.39295766
2792,0,0.37415624
2793,0,0.18193191
2794,0,0.2132411
2795,0,0.12553102
2796,0,0.32174203
2797,1,0.8971849
2798,1,0.8697336
2799,0,0.2872102
2800,0,0.3336691
2801,0,0.5774717
2802,1,0.38856414
2803,0,0.26283088
2804,1,0.83787954
2805,0,0.30743507
2806,1,0.52202284
2807,1,0.5181026
2808,1,0.75256526
2809,0,0.14549962
2810,0,0.45720136
2811,0,0.6321405
2812,0,0.43181813
2813,1,0.69984466
2814,0,0.36053374
2815,0,0.73353606
2816,0,0.19949968
2817,0,0.5861461
2818,0,0.24568693
2819,0,0.2805645
2820,0,0.13698317
2821,0,0.33203954
2822,0,0.38428274
2823,0,0.29643217
2824,0,0.37724298
2825,0,0.3234563
2826,1,0.88981444
2827,1,0.91908294
2828,0,0.30115
2829,0,0.28002113
2830,0,0.27913684
2831,0,0.607316
2832,0,0.5469543
2833,1,0.2604019
2834,0,0.30943662
2835,0,0.33562875
2836,0,0.51957285
2837,0,0.1942318
2838,0,0.37520874
2839,0,0.13552251
2840,1,0.84197736
2841,0,0.14956437
2842,0,0.49025887
2843,0,0.5506328
2844,0,0.18487632
2845,1,0.86160654
2846,0,0.27847287
2847,0,0.3535911
2848,0,0.39421085
2849,1,0.45675728
2850,0,0.43256757
2851,0,0.27098906
2852,0,0.272906
2853,0,0.6454888
2854,0,0.2542187
2855,0,0.56406575
2856,0,0.35558733
2857,1,0.48558444
2858,0,0.34379613
2859,0,0.46339944
2860,1,0.6794732
2861,1,0.52914286
2862,0,0.43442348
2863,0,0.34646094
2864,0,0.5950282
2865,1,0.9171099
2866,0,0.39693844
2867,0,0.2445447
2868,1,0.21122852
2869,0,0.38639602
2870,0,0.33790642
2871,0,0.45168525
2872,0,0.5807327
2873,1,0.9169909
2874,0,0.36914948
2875,0,0.46219042
2876,1,0.64962757
2877,0,0.4195444
2878,0,0.4216467
2879,0,0.31335407
2880,1,0.84788895
2881,0,0.20749874
2882,0,0.45686078
2883,1,0.6818125
2884,0,0.44371632
2885,0,0.35394707
2886,0,0.39028233
2887,0,0.36460713
2888,0,0.40856758
2889,1,0.937172
2890,1,0.86584413
2891,0,0.388942
2892,0,0.33705536
2893,0,0.5258914
2894,0,0.42368084
2895,0,0.5835348
2896,0,0.17449719
2897,0,0.16706249
2898,1,0.76314455
2899,1,0.8443539
2900,0,0.4458583
2901,1,0.46331638
2902,0,0.24207987
2903,0,0.29671225
2904,0,0.64972496
2905,0,0.22858573
2906,0,0.5067862
2907,0,0.49364668
2908,0,0.23428279
2909,0,0.4393748
2910,0,0.30148855
2911,0,0.22915086
2912,0,0.3632602
2913,1,0.44255644
2914,0,0.44871604
2915,0,0.1851751
2916,0,0.20429513
2917,1,0.8710849
2918,0,0.15025494
2919,0,0.4650358
2920,1,0.86524
2921,1,0.8490756
2922,0,0.28314134
2923,0,0.6766155
2924,0,0.31570086
2925,0,0.31960803
2926,0,0.32666424
2927,0,0.2630894
2928,0,0.33080724
2929,1,0.93441314
2930,0,0.18735197
2931,0,0.42707273
2932,0,0.27558205
2933,1,0.37551108
2934,0,0.3948026
2935,0,0.20732528
2936,0,0.18054974
2937,0,0.37610334
2938,0,0.2434414
2939,0,0.22514994
2940,1,0.8264953
2941,0,0.4227459
2942,0,0.16439079
2943,0,0.39256954
2944,0,0.2656354
2945,1,0.27264258
2946,0,0.42584923
2947,0,0.24284881
2948,0,0.4251571
2949,0,0.20335501
2950,0,0.29807588
2951,1,0.4964219
2952,0,0.32818952
2953,0,0.28313377
2954,1,0.9113366
2955,1,0.8912835
2956,1,0.89511806
2957,0,0.41238213
2958,1,0.31396532
2959,0,0.37706116
2960,0,0.28879562
2961,0,0.21558161
2962,0,0.33341175
2963,0,0.1375136
2964,0,0.44039413
2965,0,0.30442163
2966,0,0.6064988
2967,1,0.6147448
2968,0,0.49678347
2969,1,0.43424284
2970,0,0.2628751
2971,0,0.28589863
2972,0,0.58773196
2973,0,0.6650508
2974,1,0.44454253
2975,0,0.45252323
2976,0,0.41297498
2977,0,0.574709
2978,1,0.32122934
2979,0,0.8889801
2980,0,0.27458644
2981,0,0.12099823
2982,1,0.8516574
2983,0,0.120258674
2984,0,0.16634816
2985,0,0.4204467
2986,0,0.2562928
2987,0,0.14428318
2988,0,0.5779932
2989,0,0.33568895
2990,0,0.6294618
2991,0,0.31259733
2992,0,0.2798887
2993,0,0.37900645
2994,0,0.4296623
2995,0,0.26158306
2996,0,0.20666744
2997,0,0.28235832
2998,0,0.31810024
2999,1,0.726058
3000,0,0.17697279
3001,0,0.38220954
3002,1,0.45926192
3003,0,0.2927272
3004,0,0.12822968
3005,0,0.20154336
3006,0,0.2988324
3007,0,0.2236072
3008,0,0.35600656
3009,0,0.13296406
3010,0,0.23591127
3011,0,0.44615728
3012,0,0.34725755
3013,0,0.15106033
3014,0,0.15176895
3015,0,0.5912308
3016,0,0.1906872
3017,0,0.29056904
3018,0,0.35914308
3019,0,0.69636875
3020,0,0.22508156
3021,0,0.3920767
3022,1,0.7167747
3023,0,0.44721
3024,0,0.33350587
3025,0,0.5329234
3026,0,0.17793067
3027,1,0.8959467
3028,0,0.23108059
3029,0,0.3617934
3030,1,0.28935632
3031,0,0.17107154
3032,0,0.19527066
3033,0,0.19600868
3034,0,0.1550515
3035,0,0.5952646
3036,0,0.2831664
3037,0,0.35390022
3038,0,0.550732
3039,1,0.38928866
3040,0,0.8817889
3041,0,0.2968547
3042,0,0.65736425
3043,1,0.18525518
3044,1,0.39149353
3045,1,0.69925797
3046,0,0.6263769
3047,0,0.34442636
3048,0,0.16696781
3049,0,0.14518808
3050,0,0.32197106
3051,1,0.35997993
3052,1,0.48590177
3053,0,0.5457588
3054,1,0.54099745
3055,0,0.784273
3056,1,0.8362194
3057,0,0.70801234
3058,0,0.5833621
3059,1,0.43802416
3060,0,0.17762621
3061,1,0.85225105
3062,0,0.1663173
3063,0,0.11967316
3064,0,0.29573116
3065,1,0.34825814
3066,0,0.5636782
3067,0,0.176279
3068,0,0.28858963
3069,0,0.3540987
3070,0,0.2653176
3071,0,0.6142527
3072,0,0.1966176
3073,0,0.34071818
3074,0,0.36191735
3075,0,0.9268546
3076,1,0.3203153
3077,0,0.2844827
3078,0,0.9167025
3079,0,0.16650292
3080,0,0.3448452
3081,1,0.7700797
3082,0,0.31965938
3083,0,0.49154958
3084,1,0.31706125
3085,1,0.9400435
3086,0,0.28961617
3087,0,0.24569295
3088,0,0.5700552
3089,0,0.5766977
3090,0,0.24621424
3091,0,0.78627473
3092,1,0.36371166
3093,0,0.19023475
3094,1,0.85388714
3095,0,0.49455404
3096,0,0.5237799
3097,0,0.15394144
3098,0,0.44231012
3099,0,0.8605127
3100,0,0.1232177
3101,0,0.3388922
3102,0,0.28856337
3103,0,0.28681302
3104,0,0.13051158
3105,0,0.30547714
3106,0,0.4330686
3107,0,0.33396322
3108,0,0.49804065
3109,1,0.4304853
3110,0,0.36146882
3111,0,0.2402408
3112,1,0.30513293
3113,0,0.43036318
3114,0,0.75504297
3115,1,0.59023994
3116,0,0.23435107
3117,0,0.24160609
3118,0,0.37772414
3119,1,0.85929114
3120,0,0.25778836
3121,0,0.23809586
3122,1,0.2608663
3123,1,0.51427215
3124,0,0.23746078
3125,0,0.3102744
3126,1,0.76802194
3127,1,0.92209685
3128,0,0.21166058
3129,0,0.5973959
3130,1,0.9260417
3131,0,0.24694735
3132,0,0.3514518
3133,0,0.41468188
3134,0,0.61152583
3135,0,0.5975259
3136,0,0.1921092
3137,0,0.3080623
3138,0,0.27758923
3139,0,0.24636136
3140,1,0.62778014
3141,0,0.08201828
3142,0,0.6877029
3143,0,0.35464263
3144,0,0.2143108
3145,0,0.83470446
3146,0,0.21823408
3147,0,0.19467025
3148,1,0.7007933
3149,1,0.44166827
3150,0,0.2599406
3151,0,0.43793482
3152,1,0.6080021
3153,0,0.30825397
3154,1,0.5441527
3155,0,0.56381685
3156,0,0.27139676
3157,0,0.32078543
3158,1,0.45456475
3159,1,0.8024155
3160,0,0.26140976
3161,0,0.51580095
3162,1,0.40260893
3163,0,0.30120975
3164,0,0.27326518
3165,0,0.38325596
3166,0,0.33458045
3167,1,0.8284791
3168,0,0.653518
3169,0,0.62597513
3170,1,0.34469908
3171,0,0.8386758
3172,1,0.64192945
3173,1,0.67978317
3174,0,0.15837538
3175,0,0.16186225
3176,0,0.5041314
3177,1,0.26398647
3178,0,0.54909205
3179,0,0.25499
3180,0,0.34555763
3181,0,0.35442585
3182,0,0.31320462
3183,0,0.35104388
3184,0,0.19601624
3185,0,0.23936252
3186,0,0.92257905
3187,1,0.9344102
3188,0,0.38874438
3189,0,0.15763573
3190,0,0.3290372
3191,1,0.63681316
3192,0,0.86841154
3193,0,0.23706485
3194,0,0.39463872
3195,0,0.3131195
3196,0,0.6235652
3197,0,0.37015337
3198,0,0.19908434
3199,0,0.39449388
3200,0,0.5221375
3201,0,0.2916365
3202,0,0.40275452
3203,0,0.26666713
3204,0,0.34255016
3205,1,0.6197006
3206,1,0.92630285
3207,0,0.32217
3208,0,0.34497115
3209,0,0.17176838
3210,1,0.8766691
3211,0,0.23917204
3212,0,0.36666998
3213,0,0.29542586
3214,0,0.3331287
3215,0,0.29426542
3216,0,0.6067046
3217,0,0.28864932
3218,0,0.55154765
3219,0,0.48383826
3220,1,0.83470225
3221,0,0.17437463
3222,0,0.2158868
3223,0,0.37095818
3224,1,0.5918006
3225,1,0.798092
3226,0,0.20600909
3227,1,0.9291512
3228,1,0.8814575
3229,0,0.24031541
3230,0,0.72371614
3231,0,0.4926154
3232,1,0.85445416
3233,0,0.2600085
3234,0,0.36217815
3235,0,0.51650894
3236,0,0.8647208
3237,0,0.35531655
3238,0,0.3279471
3239,0,0.4108467
3240,0,0.29363367
3241,0,0.2314159
3242,0,0.14175572
3243,0,0.28160498
3244,0,0.25955123
3245,0,0.16301747
3246,0,0.63642555
3247,0,0.24750453
3248,0,0.656787
3249,0,0.8058614
3250,0,0.08085015
3251,0,0.13450836
3252,0,0.56763196
3253,1,0.91198623
3254,1,0.69265324
3255,1,0.9241687
3256,0,0.2780273
3257,1,0.60530156
3258,0,0.3282636
3259,0,0.24990113
3260,0,0.37611133
3261,1,0.3246595
3262,0,0.30202168
3263,0,0.21283083
3264,0,0.29052177
3265,0,0.35230738
3266,0,0.5692331
3267,1,0.54876864
3268,0,0.33028233
3269,1,0.34421304
3270,0,0.31801188
3271,0,0.6133113
3272,0,0.1596609
3273,0,0.17242567
3274,0,0.33170396
3275,1,0.7816462
3276,0,0.23786187
3277,0,0.52650994
3278,0,0.52021503
3279,0,0.5626889
3280,0,0.16457295
3281,0,0.18831623
3282,1,0.6589924
3283,1,0.87533057
3284,0,0.4948188
3285,0,0.20792913
3286,0,0.43612787
3287,0,0.3412304
3288,0,0.6137854
3289,0,0.31457296
3290,0,0.27814412
3291,0,0.28388232
3292,0,0.7654706
3293,0,0.31782043
3294,0,0.26725307
3295,1,0.9142624
3296,0,0.4599322
3297,0,0.24271923
3298,0,0.22618254
3299,1,0.8869471
3300,0,0.19186585
3301,0,0.40710783
3302,1,0.5485803
3303,0,0.17080267
3304,0,0.6512992
3305,0,0.23219739
3306,0,0.431771
3307,0,0.2777422
3308,0,0.28123668
3309,0,0.21695463
3310,0,0.40267247
3311,0,0.48114812
3312,0,0.26782376
3313,0,0.310714
3314,0,0.8419643
3315,0,0.22528961
3316,0,0.34329623
3317,0,0.7708498
3318,1,0.6363941
3319,0,0.16942292
3320,0,0.5398841
3321,0,0.26599777
3322,0,0.20908038
3323,1,0.89763755
3324,1,0.80974674
3325,0,0.17707975
3326,0,0.70081896
3327,0,0.8437921
3328,0,0.3748608
3329,0,0.14765434
3330,0,0.36869735
3331,0,0.42227662
3332,0,0.5129608
3333,0,0.42080906
3334,0,0.5525724
3335,0,0.25819063
3336,0,0.33431464
3337,0,0.41416872
3338,0,0.35328275
3339,0,0.31539667
3340,1,0.653518
3341,0,0.1811763
3342,1,0.8550186
3343,0,0.25886318
3344,0,0.34777197
3345,0,0.29615587
3346,0,0.1338301
3347,0,0.3091681
3348,0,0.232053
3349,0,0.33770895
3350,1,0.53136086
3351,0,0.26094136
3352,1,0.88373387
3353,0,0.3226106
3354,1,0.67998624
3355,0,0.14894173
3356,0,0.16097218
3357,0,0.37881857
3358,0,0.21290764
3359,1,0.6007126
3360,0,0.27005243
3361,0,0.4257866
3362,1,0.6880919
3363,0,0.24035415
3364,0,0.21827516
3365,0,0.37927064
3366,0,0.18384327
3367,0,0.19064336
3368,1,0.3744739
3369,1,0.38421276
3370,0,0.8219744
3371,0,0.5826399
3372,0,0.5777959
3373,0,0.5915875
3374,0,0.6034872
3375,1,0.8975844
3376,0,0.39609858
3377,0,0.5838763
3378,0,0.8629031
3379,0,0.36592165
3380,0,0.5384392
3381,0,0.35325372
3382,0,0.61976796
3383,0,0.3420618
3384,1,0.84965664
3385,0,0.38128608
3386,0,0.64486086
3387,0,0.43858534
3388,0,0.2317447
3389,0,0.3381585
3390,1,0.30128092
3391,1,0.5441527
3392,0,0.57287854
3393,1,0.32144496
3394,0,0.5366074
3395,0,0.32108393
3396,0,0.20677803
3397,0,0.46403491
3398,0,0.5727321
3399,0,0.54071957
3400,1,0.81998605
3401,0,0.26654917
3402,0,0.197876
3403,0,0.104176804
3404,0,0.33484313
3405,1,0.39026415
3406,1,0.8571259
3407,0,0.4691306
3408,0,0.89066327
3409,0,0.24321125
3410,0,0.6076071
3411,1,0.74550027
3412,0,0.41166225
3413,1,0.730846
3414,1,0.36803252
3415,0,0.3581574
3416,0,0.45908958
3417,1,0.8179801
3418,0,0.377062
3419,1,0.9025329
3420,0,0.27675903
3421,0,0.21152757
3422,0,0.26585025
3423,0,0.24895032
3424,0,0.34524664
3425,0,0.26396003
3426,1,0.6704099
3427,0,0.24705808
3428,1,0.88501775
3429,1,0.58608484
3430,0,0.5906294
3431,1,0.40958145
3432,0,0.3277412
3433,0,0.90870535
3434,0,0.18933778
3435,0,0.24212359
3436,0,0.20992395
3437,0,0.8619103
3438,1,0.26833162
3439,1,0.85333735
3440,0,0.3347609
3441,0,0.26171345
3442,0,0.2177485
3443,0,0.3692142
3444,0,0.6777217
3445,0,0.41681397
3446,1,0.91015774
3447,0,0.78341156
3448,0,0.33487034
3449,0,0.30803293
3450,0,0.17349014
3451,0,0.5471252
3452,0,0.12200323
3453,0,0.6568298
3454,0,0.32053483
3455,1,0.30065086
3456,1,0.9197102
3457,0,0.09431044
3458,0,0.25580832
3459,0,0.88335115
3460,0,0.5830908
3461,1,0.8791242
3462,0,0.3285961
3463,0,0.3448452
3464,0,0.3137355
3465,1,0.7314996
3466,0,0.43114388
3467,1,0.38329747
3468,0,0.1401884
3469,0,0.2018129
3470,0,0.23159952
3471,0,0.33791637
3472,0,0.49882206
3473,0,0.29019922
3474,0,0.2821565
3475,1,0.9031068
3476,0,0.24044041
3477,0,0.31581667
3478,0,0.88562834
3479,0,0.25543612
3480,0,0.23430254
3481,0,0.2459419
3482,1,0.87508065
3483,0,0.64366084
3484,0,0.4996149
3485,0,0.195863
3486,0,0.44755426
3487,0,0.20920216
3488,0,0.16326442
3489,0,0.29046583
3490,1,0.6799743
3491,0,0.2286157
3492,1,0.59252393
3493,0,0.3890361
3494,0,0.32929203
3495,0,0.5019077
3496,0,0.29707208
3497,0,0.298168
3498,0,0.23278886
3499,0,0.5585993
3500,0,0.27581295
3501,1,0.36607963
3502,0,0.34465426
3503,0,0.27801314
3504,0,0.459737
3505,1,0.89518255
3506,0,0.15914536
3507,0,0.30635187
3508,0,0.4981244
3509,1,0.57978517
3510,0,0.23595299
3511,1,0.6604057
3512,0,0.36678386
3513,0,0.29766083
3514,0,0.15382752
3515,0,0.3247574
3516,0,0.38990057
3517,0,0.5029568
3518,1,0.8641816
3519,0,0.840253
3520,0,0.33017534
3521,0,0.5458981
3522,0,0.45874062
3523,0,0.3691549
3524,1,0.48530075
3525,0,0.63216585
3526,0,0.28935936
3527,0,0.3510469
3528,0,0.40533134
3529,0,0.912192
3530,1,0.7382101
3531,0,0.51580495
3532,0,0.47870642
3533,0,0.5364136
3534,0,0.36991075
3535,1,0.34122735
3536,0,0.24691528
3537,0,0.23270491
3538,0,0.07923095
3539,0,0.29248053
3540,0,0.24150059
3541,0,0.42537394
3542,1,0.8912143
3543,0,0.3094078
3544,0,0.4372099
3545,0,0.25962213
3546,0,0.40346846
3547,0,0.3352702
3548,0,0.92168295
3549,0,0.40191424
3550,1,0.852155
3551,0,0.24763289
3552,0,0.424409
3553,0,0.47680902
3554,0,0.0839187
3555,0,0.33452746
3556,0,0.27462626
3557,0,0.518273
3558,1,0.8989138
3559,0,0.52927965
3560,0,0.4922141
3561,0,0.26593402
3562,0,0.62160826
3563,0,0.7293
3564,0,0.26236162
3565,0,0.58526206
3566,1,0.88833266
3567,0,0.1562357
3568,1,0.4312128
3569,0,0.3785531
3570,0,0.43850923
3571,0,0.18039495
3572,0,0.27878588
3573,0,0.42390677
3574,0,0.27108088
3575,1,0.9205755
3576,0,0.18924771
3577,0,0.31532705
3578,1,0.5311415
3579,0,0.9289958
3580,0,0.9039644
3581,0,0.58098775
3582,0,0.5106495
3583,0,0.3100614
3584,0,0.37343833
3585,0,0.23596807
3586,0,0.18935208
3587,0,0.500808
3588,0,0.26621833
3589,0,0.20906232
3590,0,0.27120495
3591,0,0.5708776
3592,0,0.144853
3593,0,0.20199479
3594,0,0.41451755
3595,1,0.27471957
3596,0,0.37674358
3597,0,0.33419332
3598,0,0.17388213
3599,0,0.8783634
3600,1,0.876554
3601,0,0.4942124
3602,0,0.48965585
3603,0,0.51457274
3604,0,0.27631444
3605,1,0.6661666
3606,0,0.2969355
3607,1,0.89025307
3608,0,0.47389933
3609,1,0.34645617
3610,0,0.32328832
3611,0,0.91486377
3612,1,0.86953783
3613,0,0.33787674
3614,0,0.16171627
3615,1,0.4938719
3616,0,0.13720827
3617,0,0.30095264
3618,0,0.35670528
3619,0,0.63694865
3620,0,0.34015653
3621,0,0.37628943
3622,0,0.3753235
3623,1,0.61434007
3624,0,0.51872003
3625,0,0.5823933
3626,0,0.26079935
3627,1,0.9223598
3628,0,0.14337431
3629,0,0.29367408
3630,0,0.2681655
3631,1,0.85120004
3632,1,0.480286
3633,0,0.13795769
3634,0,0.18623175
3635,0,0.2245085
3636,0,0.42884642
3637,0,0.30914822
3638,0,0.20736565
3639,1,0.69775224
3640,0,0.41248977
3641,0,0.2933054
3642,0,0.2772377
3643,0,0.20757201
3644,1,0.58992165
3645,1,0.88005155
3646,0,0.4267389
3647,1,0.857419
3648,1,0.9248749
3649,1,0.8629538
3650,0,0.3658007
3651,0,0.31885612
3652,1,0.58671546
3653,0,0.20058247
3654,0,0.23301543
3655,0,0.6241538
3656,1,0.94088405
3657,1,0.4183967
3658,0,0.29952487
3659,0,0.31599873
3660,0,0.14495473
3661,0,0.28958997
3662,1,0.86160845
3663,0,0.2930971
3664,0,0.16559304
3665,0,0.6617656
3666,1,0.8894541
3667,0,0.5495661
3668,0,0.17620939
3669,1,0.51575494
3670,0,0.30102554
3671,0,0.6366623
3672,0,0.34901303
3673,0,0.45611817
3674,0,0.44911137
3675,0,0.2310764
3676,0,0.5890063
3677,1,0.9361907
3678,0,0.30181035
3679,0,0.15241244
3680,0,0.16704296
3681,0,0.77715516
3682,0,0.22244309
3683,1,0.76581454
3684,0,0.17324167
3685,0,0.18194434
3686,1,0.42373195
3687,0,0.343191
3688,0,0.18039474
3689,0,0.88699794
3690,1,0.9003236
3691,0,0.87869126
3692,0,0.38907608
3693,0,0.6668652
3694,0,0.35120198
3695,0,0.1873438
3696,0,0.55926865
3697,0,0.20461771
3698,1,0.33918136
3699,0,0.2767507
3700,0,0.45344263
3701,0,0.5415388
3702,0,0.787448
3703,0,0.43691003
3704,0,0.543683
3705,0,0.122014865
3706,1,0.72953475
3707,0,0.27151433
3708,1,0.39649588
3709,0,0.4273587
3710,1,0.5004529
3711,0,0.5568864
3712,0,0.34936294
3713,1,0.47638154
3714,0,0.45004937
3715,0,0.3933805
3716,1,0.5132709
3717,0,0.5315296
3718,0,0.3468888
3719,0,0.2862852
3720,0,0.29435378
3721,1,0.6686302
3722,0,0.3638562
3723,0,0.82249033
3724,0,0.4975047
3725,0,0.43181974
3726,1,0.3834891
3727,0,0.5953134
3728,0,0.2484427
3729,0,0.41091397
3730,0,0.80207086
3731,0,0.59276897
3732,0,0.43986633
3733,0,0.1714816
3734,0,0.38403326
3735,0,0.28280538
3736,0,0.7393514
3737,0,0.4311596
3738,0,0.06593079
3739,0,0.21678643
3740,0,0.21986772
3741,0,0.3864795
3742,0,0.22275265
3743,0,0.5784948
3744,0,0.6881651
3745,1,0.47257212
3746,0,0.6180134
3747,0,0.2792234
3748,0,0.41700262
3749,0,0.3588736
3750,1,0.9150331
3751,0,0.4678233
3752,0,0.120410174
3753,0,0.32556972
3754,0,0.21493295
3755,1,0.523038
3756,1,0.8746514
3757,0,0.37260962
3758,1,0.5282612
3759,0,0.26542473
3760,0,0.49254856
3761,1,0.43663517
3762,0,0.29584458
3763,1,0.87150186
3764,0,0.07993066
3765,0,0.4044013
3766,0,0.28988835
3767,1,0.90544456
3768,0,0.40340218
3769,1,0.87887436
3770,0,0.8813456
3771,0,0.13695478
3772,1,0.7588456
3773,0,0.35050106
3774,0,0.41393745
3775,0,0.2587304
3776,0,0.41435635
3777,0,0.3114363
3778,0,0.18210636
3779,0,0.27085155
3780,0,0.43802062
3781,0,0.587248
3782,1,0.8751808
3783,0,0.3625159
3784,1,0.41322362
3785,0,0.84909165
3786,0,0.3505688
3787,0,0.4780256
3788,1,0.64496297
3789,0,0.62268806
3790,0,0.20034356
3791,0,0.18376958
3792,1,0.30188
3793,0,0.29792085
3794,0,0.1605438
3795,0,0.2764987
3796,0,0.26736465
3797,0,0.7288112
3798,1,0.9088587
3799,0,0.27573517
3800,1,0.48356244
3801,0,0.23989314
3802,0,0.16218159
3803,0,0.62575436
3804,1,0.71852624
3805,0,0.24691528
3806,1,0.3000647
3807,0,0.15815179
3808,0,0.3720493
3809,0,0.5668747
3810,0,0.7542886
3811,0,0.23654184
3812,0,0.25319648
3813,0,0.2507354
3814,0,0.47300807
3815,0,0.25007597
3816,0,0.59542936
3817,1,0.40389296
3818,0,0.39033303
3819,1,0.3946902
3820,0,0.24578647
3821,1,0.38941354
3822,0,0.2634212
3823,0,0.31685403
3824,0,0.6183562
3825,0,0.44086406
3826,0,0.4157773
3827,0,0.28896892
3828,1,0.2460933
3829,0,0.06782345
3830,0,0.26660898
3831,0,0.54353786
3832,1,0.9064906
3833,1,0.9131358
3834,0,0.30369282
3835,0,0.15652731
3836,0,0.3789832
3837,0,0.75484246
3838,1,0.34399882
3839,0,0.66051245
3840,0,0.7563563
3841,1,0.90683603
3842,0,0.24987037
3843,0,0.273308
3844,0,0.2017278
3845,0,0.35228625
3846,0,0.25620657
3847,0,0.40125588
3848,0,0.3360078
3849,0,0.42634535
3850,0,0.77054477
3851,0,0.32477048
3852,0,0.21806224
3853,0,0.7246376
3854,0,0.3125917
3855,0,0.66728246
3856,0,0.24284263
3857,0,0.2652517
3858,0,0.23179063
3859,0,0.21123572
3860,0,0.30604318
3861,0,0.37174582
3862,0,0.66848534
3863,0,0.37940335
3864,0,0.31625703
3865,1,0.68074477
3866,0,0.13075379
3867,0,0.5845818
3868,0,0.20173621
3869,0,0.35488763
3870,1,0.64895463
3871,1,0.28851333
3872,1,0.8973614
3873,0,0.28791445
3874,0,0.45453435
3875,0,0.48989674
3876,1,0.8954455
3877,0,0.4165488
3878,0,0.6216925
3879,1,0.42359468
3880,0,0.21288925
3881,1,0.84746236
3882,1,0.39788508
3883,1,0.28471726
3884,0,0.46991816
3885,0,0.4429306
3886,0,0.33443907
3887,0,0.4567443
3888,0,0.56256497
3889,0,0.33840343
3890,0,0.3918875
3891,1,0.40184787
3892,0,0.45279574
3893,0,0.2533733
3894,1,0.3025928
3895,0,0.1375062
3896,0,0.35492566
3897,0,0.20799388
3898,1,0.6530867
3899,0,0.3025706
3900,0,0.24734603
3901,0,0.2193553
3902,1,0.93342924
3903,0,0.3204866
3904,0,0.20058244
3905,0,0.27017614
3906,0,0.54310423
3907,0,0.1705521
3908,0,0.267293
3909,0,0.52573663
3910,1,0.6856794
3911,0,0.27546194
3912,1,0.4287321
3913,0,0.39329636
3914,0,0.20796175
3915,1,0.728222
3916,0,0.4444498
3917,0,0.67172384
3918,0,0.35892856
3919,1,0.66571546
3920,0,0.26173607
3921,0,0.26624998
3922,0,0.49105027
3923,0,0.3636332
3924,0,0.20050442
3925,1,0.92073363
3926,1,0.41243914
3927,0,0.211429
3928,1,0.89483935
3929,1,0.41911858
3930,1,0.6776654
3931,0,0.38412043
3932,0,0.18749128
3933,0,0.5868555
3934,0,0.21882124
3935,0,0.40101314
3936,0,0.45104948
3937,0,0.35411713
3938,1,0.4633951
3939,0,0.30548075
3940,0,0.586488
3941,1,0.9091963
3942,1,0.38163844
3943,0,0.55254984
3944,1,0.19382876
3945,1,0.92205596
3946,0,0.18159303
3947,0,0.40793306
3948,0,0.5029568
3949,0,0.24637368
3950,0,0.8837633
3951,1,0.43675834
3952,0,0.20591144
3953,0,0.58682525
3954,0,0.2863167
3955,1,0.8981066
3956,1,0.6699667
3957,0,0.89244205
3958,0,0.117257565
3959,0,0.35395023
3960,0,0.13021211
3961,1,0.8356388
3962,1,0.7083011
3963,0,0.7737318
3964,1,0.90650666
3965,0,0.16663744
3966,0,0.51079154
3967,0,0.26482147
3968,0,0.3365993
3969,0,0.2825431
3970,0,0.6630226
3971,0,0.47145218
3972,0,0.38285768
3973,0,0.18164012
3974,0,0.34874448
3975,0,0.100757785
3976,1,0.51583725
3977,1,0.25604814
3978,0,0.7841388
3979,0,0.31269976
3980,1,0.38532326
3981,1,0.34957203
3982,0,0.27639732
3983,0,0.6580179
3984,0,0.3937116
3985,1,0.8938147
3986,0,0.18178518
3987,0,0.37976453
3988,0,0.26414824
3989,0,0.1664136
3990,0,0.23580144
3991,0,0.2800072
3992,0,0.1732707
3993,0,0.5888429
3994,0,0.15462515
3995,0,0.14586677
3996,0,0.2983009
3997,0,0.2014593
3998,0,0.38050523
3999,1,0.59183896
4000,0,0.20709155
4001,1,0.70270896
4002,0,0.26032132
4003,0,0.21763669
4004,0,0.33226627
4005,1,0.89843196
4006,0,0.8908743
4007,0,0.25859943
4008,1,0.39058527
4009,1,0.8990632
4010,0,0.4474264
4011,0,0.17505136
4012,0,0.23908827
4013,0,0.40093225
4014,0,0.48994264
4015,0,0.20780244
4016,0,0.3040239
4017,1,0.3666051
4018,1,0.49025464
4019,0,0.3444475
4020,1,0.8900275
4021,0,0.30368182
4022,0,0.3202467
4023,1,0.5414342
4024,0,0.72015744
4025,0,0.5672801
4026,0,0.7880477
4027,0,0.13265628
4028,0,0.5571209
4029,1,0.93353724
4030,0,0.17592843
4031,0,0.5164218
4032,0,0.19929777
4033,0,0.21382897
4034,0,0.294249
4035,0,0.28157884
4036,0,0.6133382
4037,1,0.8606699
4038,0,0.29101148
4039,0,0.14003547
4040,0,0.34241828
4041,0,0.37221083
4042,0,0.27378783
4043,1,0.810001
4044,1,0.5466484
4045,0,0.3939954
4046,0,0.48094803
4047,1,0.88412595
4048,1,0.72059554
4049,0,0.2607733
4050,0,0.19475238
4051,0,0.45250064
4052,0,0.31091407
4053,0,0.36052942
4054,0,0.38562888
4055,0,0.20484653
4056,0,0.37565118
4057,0,0.41009688
4058,0,0.6457181
4059,0,0.85345626
4060,0,0.19798766
4061,0,0.2150282
4062,0,0.2212834
4063,0,0.357737
4064,0,0.38773087
4065,0,0.4587286
4066,1,0.894639
4067,0,0.44189107
4068,0,0.33017594
4069,0,0.8593967
4070,0,0.3327283
4071,1,0.3799169
4072,1,0.6664306
4073,0,0.25730267
4074,0,0.17054628
4075,0,0.29443812
4076,0,0.35867122
4077,1,0.6184289
4078,0,0.33623633
4079,1,0.887233
4080,0,0.47210655
4081,0,0.199267
4082,0,0.32806855
4083,0,0.27887362
4084,0,0.39293054
4085,1,0.8611442
4086,0,0.22708301
4087,0,0.161142
4088,1,0.78236777
4089,0,0.3200607
4090,0,0.6454623
4091,1,0.8254636
4092,0,0.26042724
4093,1,0.2558264
4094,0,0.34169254
4095,0,0.27952582
4096,0,0.19411077
4097,0,0.32034087
4098,1,0.443109
4099,1,0.875634
4100,0,0.4925613
4101,0,0.33357415
4102,0,0.39090532
4103,0,0.9112035
4104,0,0.42252454
4105,0,0.12325319
4106,0,0.45383707
4107,0,0.3213449
4108,0,0.4128803
4109,0,0.4916009
4110,0,0.5105814
4111,0,0.21185435
4112,0,0.49371025
4113,1,0.34012854
4114,0,0.2572141
4115,0,0.64549583
4116,1,0.32026252
4117,0,0.884462
4118,0,0.39753655
4119,0,0.49075577
4120,0,0.41895965
4121,1,0.5969635
4122,0,0.3692489
4123,0,0.41841283
4124,0,0.35810682
4125,0,0.43928596
4126,0,0.26951215
4127,0,0.6797124
4128,0,0.38646844
4129,0,0.77754843
4130,0,0.19926031
4131,0,0.22842419
4132,0,0.2425015
4133,0,0.35137177
4134,1,0.39005652
4135,0,0.29792577
4136,0,0.8611638
4137,0,0.3560183
4138,0,0.5427323
4139,0,0.28240007
4140,0,0.39957115
4141,0,0.34723896
4142,0,0.4076413
4143,1,0.3588861
4144,0,0.16658384
4145,0,0.6192081
4146,0,0.13298841
4147,0,0.5701344
4148,0,0.7420824
4149,0,0.19996947
4150,1,0.3801693
4151,0,0.307962
4152,0,0.28958452
4153,0,0.38469929
4154,0,0.47716844
4155,0,0.71940404
4156,1,0.5398883
4157,0,0.4294638
4158,0,0.08330803
4159,0,0.26870543
4160,0,0.2613866
4161,0,0.23341817
4162,0,0.32599697
4163,0,0.67579705
4164,0,0.29682803
4165,1,0.91842484
4166,1,0.41625693
4167,0,0.2815817
4168,0,0.12201149
4169,0,0.2965262
4170,1,0.5431034
4171,0,0.9094532
4172,0,0.4516956
4173,0,0.5489779
4174,1,0.2161132
4175,0,0.2851991
4176,0,0.20122024
4177,0,0.46752185
4178,0,0.29225075
4179,0,0.36748087
4180,0,0.4807538
4181,0,0.39644194
4182,0,0.14643404
4183,0,0.20830967
4184,0,0.28762564
4185,0,0.13766915
4186,1,0.44550672
4187,1,0.5703239
4188,1,0.7087821
4189,0,0.3828774
4190,0,0.16280302
4191,0,0.1365942
4192,0,0.2501335
4193,0,0.28016278
4194,0,0.65041995
4195,0,0.14919473
4196,0,0.18163498
4197,0,0.2884974
4198,0,0.23337115
4199,0,0.63049763
4200,0,0.41731444
4201,1,0.915353
4202,0,0.59843177
4203,0,0.2588008
4204,0,0.83627594
4205,0,0.14810947
4206,0,0.69224274
4207,0,0.4118566
4208,0,0.32175013
4209,0,0.696514
4210,0,0.3067526
4211,1,0.3211376
4212,0,0.2634471
4213,1,0.8614164
4214,0,0.42944673
4215,0,0.19381282
4216,0,0.2649585
4217,0,0.20945568
4218,1,0.31573305
4219,0,0.47373343
4220,0,0.092679136
4221,0,0.43543473
4222,0,0.41964355
4223,0,0.60490376
4224,1,0.49448034
4225,0,0.37101865
4226,1,0.74412805
4227,0,0.25039327
4228,0,0.50866026
4229,0,0.1597802
4230,0,0.6884657
4231,0,0.46833444
4232,1,0.42880645
4233,0,0.4464464
4234,0,0.4976916
4235,0,0.47284368
4236,0,0.6136622
4237,0,0.67931104
4238,0,0.20072135
4239,0,0.7368424
4240,0,0.2461963
4241,0,0.8698004
4242,1,0.91023666
4243,0,0.47930744
4244,0,0.46933383
4245,0,0.4368343
4246,0,0.19832166
4247,1,0.806842
4248,0,0.29398254
4249,1,0.5973959
4250,0,0.45315775
4251,1,0.86127555
4252,1,0.9204906
4253,0,0.17212297
4254,0,0.3179874
4255,0,0.49835202
4256,0,0.4407743
4257,0,0.29804403
4258,0,0.60728335
4259,0,0.26796407
4260,0,0.35311824
4261,0,0.17907704
4262,1,0.42280754
4263,0,0.5614084
4264,1,0.898217
4265,0,0.8099502
4266,0,0.42774147
4267,1,0.57375556
4268,0,0.27140325
4269,0,0.41414127
4270,0,0.27302864
4271,0,0.19538158
4272,1,0.33608028
4273,0,0.19948088
4274,0,0.69734645
4275,0,0.3479833
4276,0,0.5818183
4277,0,0.63120115
4278,1,0.36034673
4279,0,0.13358314
4280,0,0.20878015
4281,1,0.92168844
4282,0,0.5379323
4283,0,0.46847695
4284,1,0.72084
4285,0,0.19789848
4286,0,0.2724341
4287,1,0.36209235
4288,1,0.35298565
4289,0,0.29559773
4290,0,0.38406676
4291,0,0.26267442
4292,0,0.14980857
4293,1,0.73255205
4294,0,0.21778893
4295,0,0.45756605
4296,1,0.3775331
4297,1,0.4409688
4298,0,0.41346288
4299,0,0.12531534
4300,0,0.21391818
4301,0,0.17121631
4302,0,0.24316604
4303,0,0.4330493
4304,0,0.88842094
4305,0,0.47191334
4306,0,0.20913553
4307,0,0.52433014
4308,0,0.44658372
4309,1,0.74370396
4310,0,0.765598
4311,0,0.5170966
4312,0,0.31555676
4313,0,0.19564025
4314,1,0.5651834
4315,0,0.4535607
4316,1,0.9196854
4317,1,0.66799265
4318,0,0.1534088
4319,0,0.21432814
4320,0,0.7578341
4321,0,0.25215605
4322,0,0.19142005
4323,1,0.7277121
4324,0,0.25515485
4325,0,0.27643424
4326,0,0.26250863
4327,0,0.27729756
4328,0,0.33237162
4329,0,0.57840747
4330,0,0.49197116
4331,1,0.92687225
4332,0,0.13961174
4333,0,0.11425833
4334,1,0.9154742
4335,1,0.89369595
4336,0,0.3131224
4337,1,0.516105
4338,0,0.29653987
4339,0,0.32198313
4340,1,0.93153536
4341,0,0.37386242
4342,0,0.19142118
4343,0,0.40162522
4344,0,0.30770352
4345,0,0.3217701
4346,0,0.49792522
4347,0,0.51624876
4348,0,0.16690773
4349,0,0.5956761
4350,0,0.51742285
4351,1,0.66102463
4352,0,0.7269675
4353,0,0.09405452
4354,0,0.3071402
4355,0,0.9229161
4356,1,0.8892674
4357,0,0.6084567
4358,0,0.2089188
4359,0,0.35052145
4360,0,0.19696876
4361,1,0.5202776
4362,0,0.39108914
4363,0,0.2505705
4364,0,0.41922888
4365,0,0.26566467
4366,0,0.2927111
4367,0,0.19924533
4368,0,0.24344335
4369,1,0.2585353
4370,0,0.63613856
4371,1,0.6054562
4372,0,0.5928295
4373,0,0.39797932
4374,0,0.52955717
4375,0,0.14549407
4376,0,0.14390472
4377,0,0.8340137
4378,0,0.19550127
4379,0,0.2193703
4380,0,0.24945872
4381,1,0.35134992
4382,1,0.18216036
4383,0,0.4025009
4384,0,0.24945872
4385,1,0.9361985
4386,0,0.20468815
4387,0,0.15295976
4388,0,0.14645527
4389,0,0.47342825
4390,0,0.239911
4391,0,0.493706
4392,0,0.43095607
4393,0,0.5320676
4394,0,0.32402253
4395,0,0.29297867
4396,0,0.4048491
4397,0,0.4618062
4398,0,0.3077224
4399,1,0.19989175
4400,0,0.32509485
4401,0,0.3073186
4402,1,0.92940605
4403,0,0.29499236
4404,1,0.92815506
4405,1,0.9113684
4406,1,0.41445446
4407,0,0.34780985
4408,0,0.2490124
4409,0,0.4088957
4410,0,0.4834567
4411,0,0.42793038
4412,0,0.8971789
4413,0,0.46215823
4414,0,0.25117812
4415,0,0.30480126
4416,0,0.27924514
4417,0,0.9046324
4418,0,0.4105718
4419,0,0.43081972
4420,0,0.259574
4421,0,0.31282723
4422,1,0.8648853
4423,1,0.88293403
4424,1,0.9047188
4425,0,0.47128737
4426,1,0.9152022
4427,0,0.28849843
4428,0,0.23247914
4429,0,0.52389604
4430,1,0.86751664
4431,0,0.26383
4432,0,0.36499685
4433,0,0.21668886
4434,0,0.37786803
4435,1,0.8704405
4436,0,0.28360912
4437,1,0.3223311
4438,0,0.3707247
4439,0,0.19380634
4440,0,0.5995313
4441,0,0.5421437
4442,0,0.7309931
4443,1,0.86552745
4444,0,0.7203311
4445,1,0.8987223
4446,0,0.18029857
4447,0,0.24094284
4448,0,0.25716
4449,0,0.09738935
4450,0,0.24868649
4451,0,0.3904768
4452,0,0.32904032
4453,0,0.21391927
4454,0,0.72459364
4455,1,0.8444661
4456,0,0.44917965
4457,1,0.6749159
4458,0,0.124398254
4459,0,0.29623383
4460,0,0.355946
4461,0,0.6326411
4462,1,0.45707282
4463,0,0.44027606
4464,0,0.39234722
4465,0,0.21548875
4466,0,0.25222912
4467,0,0.26912832
4468,1,0.24055296
4469,0,0.4704944
4470,0,0.2556731
4471,0,0.41497076
4472,1,0.43388358
4473,0,0.27657238
4474,0,0.55313694
4475,0,0.44554362
4476,0,0.2831646
4477,0,0.8524088
4478,0,0.21103446
4479,0,0.30437112
4480,0,0.25913844
4481,0,0.8364953
4482,0,0.18946058
4483,0,0.2688177
4484,0,0.46970242
4485,0,0.37602127
4486,0,0.89638484
4487,1,0.68703896
4488,0,0.26890877
4489,0,0.83966595
4490,0,0.22679801
4491,0,0.28516108
4492,0,0.28365543
4493,1,0.90189457
4494,0,0.3826778
4495,0,0.3439384
4496,0,0.24345347
4497,0,0.1672173
4498,0,0.41130003
4499,0,0.17998579
4500,0,0.38840088
4501,0,0.3148197
4502,0,0.23309582
4503,0,0.4155833
4504,0,0.32981777
4505,0,0.40446398
4506,0,0.29011813
4507,0,0.5953885
4508,0,0.17634585
4509,1,0.45615533
4510,0,0.40181524
4511,0,0.3736173
4512,0,0.4526594
4513,0,0.31602234
4514,0,0.421794
4515,1,0.6703242
4516,0,0.20195068
4517,0,0.1540686
4518,1,0.89374155
4519,0,0.4379742
4520,0,0.29122263
4521,0,0.9231867
4522,0,0.22739413
4523,0,0.1530438
4524,0,0.47193342
4525,0,0.18598945
4526,0,0.5181026
4527,0,0.14301921
4528,1,0.9140256
4529,0,0.10890906
4530,1,0.5517691
4531,0,0.392063
4532,0,0.4412357
4533,0,0.3554128
4534,0,0.3567023
4535,0,0.92460334
4536,0,0.91242844
4537,0,0.48490083
4538,0,0.6023228
4539,0,0.426849
4540,0,0.47956496
4541,1,0.47757405
4542,0,0.33327007
4543,0,0.24993034
4544,0,0.43469867
4545,0,0.83857435
4546,1,0.7553894
4547,1,0.9021477
4548,0,0.30609035
4549,0,0.13314886
4550,0,0.32745713
4551,0,0.37184572
4552,0,0.35473156
4553,0,0.35381266
4554,0,0.32425994
4555,0,0.17172056
4556,1,0.61641574
4557,1,0.5831154
4558,0,0.6116859
4559,0,0.23459865
4560,1,0.5846278
4561,0,0.4361963
4562,0,0.23682813
4563,0,0.0835022
4564,0,0.8995152
4565,0,0.4998253
4566,0,0.11455025
4567,0,0.24898502
4568,1,0.42279664
4569,0,0.3327301
4570,0,0.5441527
4571,0,0.60176027
4572,0,0.17718968
4573,0,0.27870226
4574,0,0.29874903
4575,0,0.39314964
4576,0,0.14870997
4577,1,0.2737274
4578,0,0.5338453
4579,0,0.21627785
4580,0,0.1954099
4581,0,0.1456337
4582,0,0.87679416
4583,0,0.16599272
4584,1,0.7875839
4585,1,0.12688114
4586,0,0.36436987
4587,0,0.2807509
4588,0,0.66321546
4589,0,0.15918872
4590,0,0.3164346
4591,0,0.36149558
4592,1,0.7254875
4593,1,0.7516655
4594,0,0.3459031
4595,0,0.3246149
4596,1,0.36783582
4597,0,0.50960714
4598,0,0.2811841
4599,0,0.2520989
4600,0,0.5987796
4601,1,0.88272184
4602,0,0.28535488
4603,0,0.51335263
4604,0,0.19089718
4605,0,0.3179192
4606,0,0.42244276
4607,1,0.87474155
4608,0,0.100296006
4609,1,0.80790293
4610,0,0.3137077
4611,0,0.09909031
4612,1,0.9107789
4613,0,0.7815095
4614,0,0.28202617
4615,0,0.4629726
4616,0,0.8393533
4617,0,0.79156274
4618,0,0.4415318
4619,0,0.72292465
4620,0,0.32552582
4621,0,0.29942214
4622,0,0.5138561
4623,0,0.68079454
4624,0,0.34049994
4625,1,0.866464
4626,0,0.4891261
4627,0,0.2858133
4628,1,0.41182175
4629,0,0.44292715
4630,1,0.9094992
4631,0,0.20340356
4632,1,0.48242763
4633,0,0.47568274
4634,0,0.22687972
4635,0,0.42350632
4636,0,0.18949763
4637,0,0.7790847
4638,0,0.33723345
4639,0,0.40666208
4640,0,0.15378387
4641,0,0.5415869
4642,0,0.30500826
4643,0,0.33464146
4644,0,0.3643588
4645,0,0.25717953
4646,0,0.27102938
4647,0,0.16037872
4648,0,0.3663796
4649,1,0.6671736
4650,0,0.36518413
4651,0,0.31318626
4652,0,0.14331974
4653,0,0.43606606
4654,0,0.12914658
4655,1,0.84992135
4656,0,0.8700003
4657,1,0.8540054
4658,0,0.37034237
4659,0,0.16979465
4660,0,0.4489653
4661,1,0.8754019
4662,0,0.21674086
4663,0,0.33757347
4664,0,0.22681627
4665,1,0.9307023
4666,0,0.4970944
4667,0,0.27854246
4668,0,0.30691925
4669,0,0.4104213
4670,0,0.39002195
4671,1,0.25621346
4672,0,0.15941475
4673,0,0.32596764
4674,0,0.376431
4675,0,0.34989202
4676,0,0.7024225
4677,0,0.3259682
4678,0,0.24410708
4679,0,0.21292703
4680,0,0.25204164
4681,1,0.5651806
4682,0,0.1682191
4683,0,0.3910043
4684,0,0.14068761
4685,0,0.17656818
4686,0,0.5445437
4687,0,0.6154948
4688,0,0.58273107
4689,1,0.74586594
4690,0,0.2084766
4691,1,0.32262114
4692,0,0.39491367
4693,0,0.30695024
4694,0,0.21587098
4695,0,0.14724262
4696,1,0.3979254
4697,0,0.22865182
4698,0,0.45570585
4699,1,0.8358651
4700,0,0.5337677
4701,0,0.20411462
4702,0,0.24309541
4703,0,0.3642153
4704,0,0.27699006
4705,1,0.2555763
4706,0,0.27724308
4707,0,0.6169139
4708,0,0.87870324
4709,0,0.27572745
4710,0,0.45574003
4711,0,0.29163873
4712,0,0.5343101
4713,0,0.3887557
4714,0,0.75405854
4715,0,0.13135745
4716,0,0.58273107
4717,1,0.83159417
4718,0,0.2515714
4719,0,0.22714567
4720,0,0.31208333
4721,1,0.582907
4722,0,0.3847115
4723,0,0.4325178
4724,1,0.27973887
4725,0,0.899819
4726,0,0.22155964
4727,0,0.3627643
4728,0,0.28403607
4729,0,0.27029136
4730,1,0.805745
4731,0,0.26226825
4732,1,0.5181026
4733,1,0.20989281
4734,1,0.8167465
4735,1,0.22692825
4736,1,0.87810224
4737,0,0.27425957
4738,0,0.41684622
4739,0,0.5928295
4740,0,0.21593864
4741,1,0.9083218
4742,0,0.22931172
4743,0,0.62463224
4744,0,0.31539482
4745,0,0.35868222
4746,0,0.476204
4747,0,0.36387
4748,1,0.5396084
4749,0,0.11453911
4750,0,0.24432705
4751,1,0.545376
4752,0,0.247822
4753,0,0.28053418
4754,0,0.27783045
4755,0,0.31071436
4756,0,0.28350505
4757,0,0.21128777
4758,0,0.26093474
4759,0,0.2878973
4760,1,0.8671525
4761,1,0.4822121
4762,0,0.14879687
4763,0,0.7456503
4764,0,0.41316023
4765,0,0.40711913
4766,0,0.47757974
4767,0,0.3470095
4768,0,0.13127655
4769,0,0.3191571
4770,1,0.88714004
4771,0,0.29893225
4772,0,0.74353373
4773,0,0.4162985
4774,0,0.38650098
4775,0,0.123721376
4776,0,0.38076934
4777,0,0.14787097
4778,0,0.3178644
4779,0,0.18515667
4780,0,0.13920265
4781,0,0.33524883
4782,0,0.27541775
4783,0,0.34209627
4784,0,0.1464553
4785,0,0.17627777
4786,0,0.33027372
4787,0,0.27170172
4788,0,0.26455587
4789,0,0.7106026
4790,0,0.3566739
4791,0,0.22743987
4792,0,0.23799047
4793,0,0.18527175
4794,0,0.9229454
4795,0,0.28709248
4796,1,0.28315082
4797,0,0.23090373
4798,1,0.8348238
4799,0,0.28920013
4800,0,0.46774104
4801,0,0.30975127
4802,0,0.7022008
4803,1,0.5113299
4804,0,0.27815184
4805,0,0.21748963
4806,0,0.29468507
4807,0,0.15065427
4808,0,0.25565082
4809,0,0.124649495
4810,0,0.27163568
4811,0,0.8291967
4812,0,0.19597325
4813,1,0.9125429
4814,0,0.19862637
4815,0,0.16970012
4816,0,0.25031206
4817,0,0.872739
4818,1,0.7747464
4819,1,0.36232162
4820,0,0.34155074
4821,0,0.26327682
4822,0,0.27264896
4823,1,0.91866875
4824,0,0.24583653
4825,0,0.58050585
4826,0,0.87929595
4827,0,0.2731033
4828,1,0.41003734
4829,0,0.72239625
4830,1,0.37721187
4831,0,0.4538651
4832,0,0.2548349
4833,0,0.13213111
4834,1,0.6698968
4835,1,0.6715625
4836,0,0.2551016
4837,0,0.18040782
4838,0,0.23930924
4839,0,0.17625304
4840,0,0.10792952
4841,0,0.2447865
4842,0,0.3278317
4843,0,0.1735184
4844,0,0.16133076
4845,0,0.59690535
4846,0,0.31206548
4847,0,0.13893321
4848,0,0.35232478
4849,0,0.32733878
4850,0,0.4862532
4851,0,0.35488325
4852,0,0.785207
4853,0,0.33322164
4854,0,0.29588628
4855,0,0.3146271
4856,0,0.12570229
4857,1,0.5874385
4858,0,0.42034557
4859,0,0.47224265
4860,1,0.24114184
4861,0,0.31801692
4862,0,0.5428043
4863,0,0.4303253
4864,0,0.30388007
4865,1,0.91602904
4866,0,0.4277614
4867,0,0.19054411
4868,1,0.35620484
4869,0,0.23014449
4870,1,0.32637012
4871,0,0.14491297
4872,0,0.19055831
4873,0,0.30704352
4874,0,0.12705714
4875,0,0.22753511
4876,1,0.95584995
4877,0,0.35838544
4878,1,0.44378093
4879,0,0.20784073
4880,0,0.30814165
4881,1,0.84455717
4882,0,0.2566672
4883,0,0.11821364
4884,0,0.41015753
4885,1,0.9340111
4886,0,0.20923212
4887,0,0.17824882
4888,0,0.34384784
4889,0,0.3873741
4890,0,0.41498727
4891,0,0.47071695
4892,0,0.30765188
4893,0,0.38732436
4894,0,0.28524622
4895,0,0.3639037
4896,0,0.23289682
4897,0,0.26628113
4898,0,0.39615464
4899,0,0.40308422
4900,0,0.47964323
4901,0,0.38374075
4902,0,0.34243718
4903,0,0.17701356
4904,0,0.380494
4905,0,0.46671233
4906,0,0.56148225
4907,0,0.36386123
4908,0,0.28601944
4909,0,0.27549514
4910,0,0.3336001
4911,0,0.32473287
4912,0,0.14543782
4913,0,0.2908421
4914,0,0.2917339
4915,1,0.7539213
4916,0,0.40155163
4917,0,0.27315444
4918,0,0.29056755
4919,0,0.1691347
4920,0,0.6448242
4921,0,0.34480035
4922,0,0.51855725
4923,1,0.67867947
4924,0,0.32420647
4925,0,0.16859394
4926,0,0.91724646
4927,0,0.075181656
4928,1,0.43765104
4929,0,0.6846567
4930,0,0.3230624
4931,0,0.18909352
4932,1,0.64710104
4933,1,0.3922499
4934,0,0.17524669
4935,0,0.31378734
4936,1,0.6620331
4937,0,0.22517449
4938,0,0.8877196
4939,1,0.3817504
4940,1,0.23658183
4941,0,0.31073758
4942,0,0.7273143
4943,0,0.30710122
4944,0,0.30086863
4945,0,0.23327707
4946,0,0.55547696
4947,0,0.15103863
4948,1,0.8700862
4949,0,0.21729185
4950,0,0.20827453
4951,0,0.5538334
4952,0,0.660963
4953,1,0.90309155
4954,0,0.22150016
4955,0,0.23554015
4956,1,0.88727784
4957,0,0.23906383
4958,0,0.70092446
4959,1,0.9202564
4960,0,0.23300172
4961,1,0.767542
4962,1,0.7442371
4963,0,0.2748503
4964,0,0.18749075
4965,0,0.67242724
4966,0,0.39267197
4967,0,0.91091126
4968,0,0.40411252
4969,0,0.7462779
4970,0,0.2730493
4971,0,0.29580504
4972,0,0.88514906
4973,0,0.30111778
4974,0,0.47340223
4975,1,0.81679475
4976,1,0.31936714
4977,0,0.61439914
4978,0,0.58976275
4979,0,0.23662503
4980,0,0.19570428
4981,0,0.36549276
4982,1,0.5595918
4983,1,0.60230184
4984,0,0.25848582
4985,0,0.20298094
4986,0,0.2260686
4987,0,0.4086974
4988,0,0.53012913
4989,0,0.40642142
4990,0,0.33540502
4991,0,0.31118235
4992,0,0.19893733
4993,0,0.20366625
4994,0,0.48605323
4995,1,0.9204493
4996,0,0.4406483
4997,0,0.096314356
4998,1,0.90415645
4999,0,0.17911561
5000,0,0.6979844
5001,0,0.16120411
5002,0,0.4870423
5003,1,0.88036436
5004,1,0.23435107
5005,0,0.411762
5006,0,0.64962757
5007,0,0.3116198
5008,0,0.3690227
5009,0,0.28834113
5010,1,0.28196543
5011,0,0.2621104
5012,0,0.3429783
5013,0,0.27913675
5014,0,0.2903227
5015,1,0.6499811
5016,0,0.6441312
5017,1,0.37573537
5018,0,0.33345258
5019,0,0.22461802
5020,0,0.42884868
5021,0,0.63928986
5022,0,0.4611687
5023,0,0.93003327
5024,0,0.4850909
5025,0,0.26276994
5026,0,0.31077713
5027,0,0.37206244
5028,1,0.8849063
5029,0,0.35794127
5030,0,0.36031222
5031,1,0.8584876
5032,1,0.33883566
5033,0,0.12172262
5034,0,0.28380466
5035,0,0.24113286
5036,0,0.28177854
5037,0,0.37223577
5038,0,0.94487
5039,0,0.3466835
5040,0,0.45253164
5041,1,0.8658719
5042,0,0.15724775
5043,0,0.24216574
5044,0,0.2506616
5045,0,0.21409124
5046,0,0.29004794
5047,0,0.3308871
5048,0,0.64229685
5049,0,0.1923514
5050,0,0.89663726
5051,1,0.73476064
5052,1,0.5812186
5053,0,0.39980227
5054,0,0.2055868
5055,0,0.332982
5056,0,0.64075124
5057,1,0.70592237
5058,0,0.16165252
5059,0,0.21124838
5060,0,0.23003727
5061,1,0.35488296
5062,0,0.36675665
5063,0,0.34126762
5064,0,0.26420978
5065,0,0.35647163
5066,1,0.9164164
5067,0,0.26899707
5068,0,0.6554321
5069,0,0.73745847
5070,1,0.8988551
5071,0,0.1886238
5072,0,0.38737404
5073,0,0.46290198
5074,0,0.45743147
5075,1,0.6908655
5076,0,0.51366526
5077,1,0.30329597
5078,0,0.22580084
5079,1,0.8669032
5080,0,0.2336233
5081,0,0.68465257
5082,0,0.20242512
5083,0,0.2539672
5084,1,0.7720475
5085,1,0.29095766
5086,0,0.86308527
5087,1,0.7730755
5088,0,0.3474675
5089,0,0.3473821
5090,0,0.5283816
5091,1,0.92273605
5092,1,0.42023692
5093,0,0.24264945
5094,1,0.24608684
5095,1,0.5513208
5096,0,0.25556922
5097,1,0.8990109
5098,1,0.7270998
5099,0,0.7703308
5100,0,0.56770283
5101,0,0.22494991
5102,0,0.09124942
5103,0,0.3317317
5104,0,0.5811228
5105,0,0.5490441
5106,0,0.7350715
5107,1,0.92417014
5108,1,0.9237829
5109,0,0.41325465
5110,0,0.7327334
5111,0,0.69071037
5112,0,0.8726645
5113,0,0.26761195
5114,0,0.26470405
5115,0,0.57626915
5116,0,0.23340559
5117,1,0.902408
5118,0,0.40156353
5119,0,0.37228695
5120,0,0.13995577
5121,0,0.49161726
5122,0,0.33998948
5123,1,0.8792519
5124,0,0.15535624
5125,1,0.39479294
5126,0,0.8575695
5127,0,0.2257396
5128,0,0.35795602
5129,1,0.5266616
5130,0,0.42740604
5131,0,0.2895693
5132,0,0.29776925
5133,0,0.11328403
5134,0,0.39678586
5135,0,0.29223213
5136,0,0.43946022
5137,0,0.204032
5138,0,0.35536364
5139,0,0.2148057
5140,0,0.49423283
5141,0,0.39014062
5142,1,0.37544018
5143,0,0.30897865
5144,0,0.34056926
5145,0,0.16366291
5146,1,0.91686493
5147,0,0.41369307
5148,0,0.6542697
5149,0,0.31299752
5150,0,0.25532368
5151,0,0.11686178
5152,0,0.49466032
5153,0,0.20929627
5154,1,0.46675715
5155,0,0.37543383
5156,1,0.33361396
5157,0,0.17435375
5158,1,0.81392103
5159,0,0.31858358
5160,1,0.35074544
5161,1,0.61144817
5162,0,0.46223894
5163,1,0.3367632
5164,0,0.2229291
5165,0,0.11634842
5166,1,0.90557915
5167,0,0.20703204
5168,0,0.4063858
5169,0,0.3222557
5170,0,0.13469788
5171,0,0.82707876
5172,0,0.49496982
5173,0,0.22290829
5174,1,0.4486651
5175,0,0.42973718
5176,1,0.3025928
5177,0,0.72958827
5178,0,0.22503838
5179,0,0.832762
5180,0,0.10525669
5181,0,0.26255414
5182,1,0.36199257
5183,0,0.15764998
5184,0,0.6952436
5185,0,0.3626847
5186,0,0.25408024
5187,1,0.6598205
5188,0,0.39833373
5189,1,0.70657015
5190,1,0.48569655
5191,1,0.5840873
5192,0,0.17286429
5193,0,0.3810032
5194,0,0.16591783
5195,0,0.34313408
5196,0,0.28556362
5197,0,0.28708673
5198,0,0.29131168
5199,0,0.35114998
5200,1,0.88555264
5201,0,0.24245058
5202,0,0.14991331
5203,0,0.5727683
5204,1,0.5054444
5205,0,0.22524978
5206,0,0.33476877
5207,0,0.26481217
5208,0,0.35475224
5209,0,0.2565227
5210,1,0.30817658
5211,1,0.5727071
5212,0,0.2223087
5213,1,0.4253908
5214,1,0.91726154
5215,0,0.4083983
5216,0,0.88094366
5217,1,0.89684427
5218,0,0.41202492
5219,0,0.5689162
5220,0,0.66931593
5221,0,0.34469438
5222,0,0.504094
5223,1,0.6671488
5224,0,0.13551942
5225,0,0.58212054
5226,0,0.3543814
5227,0,0.7069313
5228,0,0.35037494
5229,0,0.359627
5230,1,0.9021367
5231,0,0.46693206
5232,0,0.33589756
5233,0,0.2907623
5234,0,0.24759547
5235,0,0.62056065
5236,0,0.106761694
5237,0,0.16958609
5238,0,0.3544076
5239,0,0.18731606
5240,1,0.8746365
5241,0,0.5197377
5242,0,0.2613012
5243,1,0.71827626
5244,0,0.25448933
5245,0,0.21409704
5246,0,0.2774054
5247,0,0.12310435
5248,0,0.14572494
5249,1,0.31285894
5250,0,0.10726688
5251,0,0.49572203
5252,0,0.157466
5253,0,0.12882203
5254,0,0.70545834
5255,0,0.3871031
5256,0,0.55735934
5257,1,0.41464806
5258,0,0.25693318
5259,0,0.3114032
5260,0,0.2995193
5261,0,0.26634207
5262,0,0.47542545
5263,0,0.58399093
5264,0,0.46268296
5265,1,0.9260273
5266,0,0.3832469
5267,1,0.7036293
5268,0,0.19983304
5269,1,0.65580904
5270,0,0.6820428
5271,0,0.14589152
5272,0,0.451063
5273,0,0.26887456
5274,1,0.8884548
5275,0,0.30879518
5276,1,0.84470576
5277,0,0.30365154
5278,0,0.25755817
5279,0,0.504456
5280,0,0.27631643
5281,0,0.24301963
5282,0,0.37026858
5283,0,0.5275833
5284,0,0.5320676
5285,0,0.21798196
5286,0,0.37072998
5287,1,0.7064783
5288,1,0.36386237
5289,1,0.8627089
5290,0,0.1772682
5291,0,0.50699556
5292,0,0.16938236
5293,0,0.24395263
5294,0,0.23292881
5295,0,0.4308889
5296,1,0.35148114
5297,1,0.2791954
5298,0,0.24860173
5299,0,0.42725998
5300,0,0.40122256
5301,0,0.17778505
5302,0,0.29347464
5303,0,0.4440492
5304,0,0.21429437
5305,1,0.18706806
5306,0,0.6203262
5307,0,0.16571969
5308,1,0.36529723
5309,0,0.41342536
5310,0,0.40660834
5311,0,0.4897159
5312,0,0.6095233
5313,0,0.24311069
5314,0,0.29945198
5315,0,0.32963267
5316,0,0.16702993
5317,1,0.39208695
5318,0,0.24502216
5319,0,0.33962947
5320,0,0.16495614
5321,0,0.19327565
5322,0,0.34385234
5323,0,0.37135908
5324,0,0.26652703
5325,1,0.3528489
5326,0,0.41719514
5327,1,0.6618176
5328,0,0.38470966
5329,0,0.2934301
5330,0,0.29471338
5331,1,0.5774834
5332,0,0.33973005
5333,1,0.8754534
5334,1,0.8809128
5335,1,0.71416277
5336,0,0.24900804
5337,0,0.29932922
5338,0,0.22813754
5339,0,0.60039645
5340,0,0.23668028
5341,0,0.5950282
5342,0,0.25877258
5343,0,0.34375665
5344,0,0.19980793
5345,1,0.7333577
5346,0,0.6390552
5347,1,0.5050313
5348,0,0.15636352
5349,1,0.919953
5350,0,0.32424256
5351,0,0.61447865
5352,1,0.4164421
5353,1,0.22540918
5354,0,0.46690106
5355,1,0.29222226
5356,0,0.3872283
5357,1,0.70720273
5358,0,0.3632862
5359,1,0.55801356
5360,1,0.7544704
5361,0,0.08891112
5362,1,0.6026081
5363,0,0.38619637
5364,0,0.15020029
5365,0,0.42198008
5366,0,0.23604572
5367,1,0.94088405
5368,0,0.46099505
5369,0,0.34062314
5370,0,0.42605725
5371,1,0.94223255
5372,0,0.17688264
5373,0,0.29454818
5374,0,0.285277
5375,0,0.21660607
5376,1,0.9002517
5377,0,0.24803503
5378,0,0.44140235
5379,0,0.3285154
5380,0,0.31655037
5381,0,0.48390928
5382,0,0.15367338
5383,0,0.22228572
5384,1,0.3197938
5385,1,0.65741605
5386,1,0.9310895
5387,1,0.50601405
5388,1,0.6735647
5389,0,0.5181026
5390,0,0.32026675
5391,0,0.42071325
5392,0,0.1783471
5393,0,0.3937893
5394,0,0.22858886
5395,1,0.88891387
5396,1,0.7412294
5397,0,0.41391718
5398,0,0.31153077
5399,0,0.4086221
5400,1,0.7274496
5401,0,0.44333628
5402,0,0.44184357
5403,1,0.44374037
5404,1,0.8262062
5405,0,0.28204623
5406,1,0.8730928
5407,1,0.3020714
5408,0,0.3085142
5409,1,0.52801245
5410,0,0.43817043
5411,0,0.40760553
5412,1,0.7850523
5413,0,0.6036858
5414,1,0.40099874
5415,0,0.34944054
5416,0,0.5383165
5417,1,0.8710737
5418,0,0.65780395
5419,0,0.22355986
5420,0,0.35431796
5421,0,0.15733808
5422,0,0.29006043
5423,0,0.3024685
5424,0,0.40318775
5425,1,0.9132938
5426,1,0.31235057
5427,0,0.57021034
5428,0,0.46294114
5429,0,0.15810014
5430,0,0.42611477
5431,0,0.2889816
5432,1,0.38015974
5433,1,0.7038589
5434,1,0.3589073
5435,0,0.2536081
5436,0,0.26210383
5437,0,0.43849024
5438,0,0.44744527
5439,0,0.8267333
5440,0,0.30902502
5441,1,0.9164188
5442,0,0.3981741
5443,0,0.4466989
5444,0,0.8722106
5445,0,0.61478233
5446,0,0.29927602
5447,0,0.21214584
5448,0,0.16055113
5449,0,0.4847764
5450,0,0.38750234
5451,0,0.39156732
5452,0,0.1735316
5453,1,0.86056906
5454,0,0.18673722
5455,0,0.3322242
5456,1,0.4896186
5457,0,0.37777153
5458,0,0.45484272
5459,1,0.84445244
5460,0,0.5550373
5461,0,0.7881605
5462,0,0.34720463
5463,1,0.91548586
5464,0,0.3028561
5465,0,0.3931132
5466,0,0.52270055
5467,0,0.3887843
5468,1,0.79445773
5469,0,0.40327352
5470,0,0.2617397
5471,0,0.473149
5472,1,0.61263984
5473,0,0.23917899
5474,1,0.70163465
5475,0,0.4352476
5476,0,0.23746051
5477,1,0.32218128
5478,0,0.5276312
5479,0,0.32342142
5480,0,0.32280603
5481,0,0.17532858
5482,0,0.29069155
5483,0,0.3606337
5484,1,0.36113042
5485,0,0.2473839
5486,1,0.3781988
5487,0,0.33443618
5488,0,0.40423438
5489,0,0.27027842
5490,0,0.1566006
5491,0,0.105292626
5492,0,0.20295705
5493,0,0.29502532
5494,0,0.7416891
5495,0,0.17640075
5496,1,0.9148552
5497,1,0.6864761
5498,0,0.4690384
5499,0,0.92114764
5500,0,0.80224097
5501,0,0.32518598
5502,0,0.46281198
5503,0,0.3931074
5504,0,0.48468277
5505,0,0.47912994
5506,0,0.28185016
5507,0,0.22467843
5508,0,0.16420992
5509,1,0.5952646
5510,0,0.08123089
5511,0,0.5640328
5512,1,0.2787752
5513,0,0.2919806
5514,1,0.3894328
5515,0,0.4947909
5516,1,0.9021487
5517,0,0.51047695
5518,0,0.5037543
5519,0,0.3741444
5520,0,0.293635
5521,0,0.2468425
5522,0,0.37402338
5523,0,0.10615942
5524,0,0.38444543
5525,0,0.1629543
5526,0,0.32740647
5527,0,0.31794626
5528,1,0.6294421
5529,0,0.38597345
5530,0,0.6285287
5531,1,0.8919933
5532,0,0.31076652
5533,0,0.14395855
5534,0,0.30874422
5535,1,0.91501635
5536,0,0.18025585
5537,0,0.22099105
5538,0,0.49356574
5539,0,0.2102126
5540,0,0.27556464
5541,0,0.45438737
5542,0,0.38906348
5543,0,0.352978
5544,0,0.1326525
5545,0,0.2907721
5546,0,0.46975166
5547,0,0.446481
5548,0,0.36744684
5549,0,0.24963373
5550,0,0.28097424
5551,0,0.32606807
5552,0,0.48780313
5553,0,0.16231537
5554,1,0.67125106
5555,0,0.8389654
5556,0,0.3879219
5557,0,0.20119588
5558,0,0.88270134
5559,0,0.5522808
5560,0,0.14002806
5561,0,0.42576757
5562,0,0.2667329
5563,1,0.90075713
5564,0,0.43637398
5565,0,0.27106532
5566,0,0.493706
5567,0,0.5920584
5568,0,0.4258673
5569,1,0.7482436
5570,0,0.14321071
5571,1,0.619757
5572,1,0.6784672
5573,0,0.2775281
5574,0,0.277373
5575,0,0.4190401
5576,0,0.17203926
5577,0,0.13144289
5578,0,0.35012257
5579,0,0.2413139
5580,0,0.19814628
5581,1,0.47121733
5582,0,0.260972
5583,0,0.26699284
5584,0,0.19917464
5585,0,0.3031626
5586,0,0.14183183
5587,1,0.7683217
5588,0,0.60375714
5589,1,0.9175635
5590,0,0.4330551
5591,1,0.92405415
5592,0,0.37154278
5593,0,0.3259769
5594,1,0.48463365
5595,1,0.76884836
5596,0,0.4271013
5597,0,0.9316088
5598,1,0.9075319
5599,0,0.44717044
5600,0,0.27043894
5601,0,0.3448452
5602,0,0.1898313
5603,0,0.46197182
5604,0,0.26231185
5605,0,0.27624562
5606,0,0.46351945
5607,0,0.24075563
5608,0,0.48531333
5609,0,0.17728129
5610,0,0.6254561
5611,0,0.2067702
5612,1,0.41764113
5613,1,0.738559
5614,0,0.27812806
5615,1,0.48692486
5616,0,0.27073956
5617,0,0.3139935
5618,0,0.40542832
5619,0,0.26079902
5620,0,0.21489882
5621,1,0.63602424
5622,0,0.31091702
5623,1,0.45569417
5624,0,0.30057564
5625,1,0.89323974
5626,0,0.30212644
5627,1,0.89801866
5628,0,0.152175
5629,0,0.44352198
5630,1,0.74099076
5631,0,0.42666528
5632,1,0.9227414
5633,1,0.541361
5634,0,0.22757626
5635,0,0.14676796
5636,0,0.30999967
5637,0,0.29355898
5638,1,0.30720845
5639,0,0.44820938
5640,0,0.6236852
5641,0,0.4996675
5642,0,0.43648505
5643,0,0.32063758
5644,0,0.5116524
5645,0,0.43188354
5646,0,0.6095505
5647,0,0.32463193
5648,0,0.3363675
5649,0,0.25989464
5650,0,0.18796027
5651,0,0.28575087
5652,0,0.2545349
5653,1,0.83966637
5654,0,0.31084332
5655,0,0.41130427
5656,0,0.4291174
5657,0,0.27493972
5658,1,0.41451946
5659,0,0.2817218
5660,0,0.18942016
5661,0,0.6376518
5662,0,0.5059798
5663,0,0.21795627
5664,0,0.26237223
5665,0,0.8592326
5666,0,0.3479557
5667,0,0.39884073
5668,1,0.9065603
5669,1,0.59899956
5670,0,0.91829455
5671,0,0.12571982
5672,0,0.15111111
5673,0,0.45735425
5674,1,0.8174597
5675,0,0.3550889
5676,0,0.4637953
5677,0,0.45062017
5678,0,0.37841964
5679,0,0.8792757
5680,0,0.62460464
5681,0,0.21745436
5682,0,0.14527974
5683,0,0.31314772
5684,0,0.20763266
5685,0,0.29282674
5686,0,0.21566948
5687,0,0.38543332
5688,1,0.78747433
5689,0,0.3475679
5690,0,0.2664245
5691,0,0.40023398
5692,0,0.19861455
5693,0,0.27878487
5694,0,0.28455478
5695,0,0.41122103
5696,0,0.3123801
5697,0,0.2803008
5698,0,0.12359785
5699,0,0.4600517
5700,0,0.2650053
5701,1,0.25233763
5702,0,0.91212696
5703,0,0.18192458
5704,0,0.4988194
5705,1,0.51278526
5706,1,0.5909182
5707,0,0.40430292
5708,0,0.547565
5709,0,0.1597802
5710,0,0.08063452
5711,0,0.3581404
5712,0,0.12153911
5713,0,0.33468077
5714,0,0.42585218
5715,0,0.2381543
5716,0,0.23540106
5717,1,0.9319084
5718,0,0.502377
5719,0,0.40041462
5720,1,0.9230373
5721,0,0.15467551
5722,1,0.6605463
5723,0,0.5280654
5724,0,0.2406486
5725,0,0.33446345
5726,0,0.16311641
5727,0,0.21307994
5728,0,0.20083603
5729,1,0.37811443
5730,0,0.33547735
5731,0,0.37787136
5732,0,0.8949277
5733,0,0.42272034
5734,1,0.681135
5735,1,0.8416327
5736,0,0.15797095
5737,0,0.7066585
5738,0,0.37549117
5739,1,0.90942585
5740,0,0.88013566
5741,1,0.6272497
5742,0,0.31564498
5743,0,0.44073313
5744,1,0.8753412
5745,0,0.26676837
5746,0,0.33262897
5747,0,0.25112516
5748,0,0.35250962
5749,0,0.49025464
5750,0,0.35638466
5751,0,0.6598166
5752,0,0.26054147
5753,0,0.3954749
5754,0,0.51480514
5755,0,0.328408
5756,0,0.3976879
5757,0,0.2640307
5758,0,0.39200866
5759,0,0.40824708
5760,0,0.37533158
5761,0,0.28224796
5762,0,0.28114736
5763,0,0.27251774
5764,0,0.36097398
5765,1,0.50343597
5766,0,0.40754753
5767,0,0.21522248
5768,0,0.33599922
5769,1,0.68874425
5770,0,0.17782563
5771,0,0.63811445
5772,0,0.29915595
5773,0,0.4314357
5774,1,0.8766896
5775,0,0.39417103
5776,1,0.82009834
5777,0,0.31509775
5778,0,0.11137184
5779,0,0.5664033
5780,1,0.8427321
5781,1,0.9175552
5782,0,0.43946335
5783,0,0.2666479
5784,1,0.9224015
5785,0,0.2885823
5786,0,0.45807958
5787,0,0.19177543
5788,0,0.24171922
5789,0,0.22368695
5790,0,0.26661685
5791,0,0.2955849
5792,0,0.32193792
5793,0,0.15141223
5794,1,0.3347527
5795,0,0.29597816
5796,1,0.8173634
5797,0,0.15854098
5798,1,0.36497554
5799,0,0.31862357
5800,0,0.23776579
5801,0,0.30396137
5802,0,0.46151763
5803,0,0.3292734
5804,0,0.24940087
5805,1,0.54066926
5806,1,0.5293695
5807,0,0.65462863
5808,0,0.45883527
5809,1,0.75885296
5810,1,0.60776234
5811,1,0.93315595
5812,0,0.3015559
5813,0,0.20254236
5814,0,0.28851935
5815,1,0.27796486
5816,0,0.16654277
5817,0,0.34800363
5818,1,0.9059379
5819,0,0.43460858
5820,0,0.33735746
5821,0,0.40154025
5822,0,0.35623127
5823,1,0.7735004
5824,0,0.41008288
5825,1,0.89619696
5826,0,0.44244334
5827,0,0.26896402
5828,1,0.4009463
5829,0,0.34735924
5830,0,0.26579207
5831,1,0.40672132
5832,1,0.44956574
5833,0,0.4294607
5834,1,0.5367228
5835,0,0.9123238
5836,0,0.24954604
5837,1,0.5488972
5838,1,0.32210344
5839,0,0.55346143
5840,0,0.27792886
5841,0,0.43149477
5842,1,0.59156907
5843,0,0.27611515
5844,0,0.24715981
5845,1,0.89138657
5846,0,0.24493688
5847,0,0.22753689
5848,0,0.2567468
5849,0,0.3425279
5850,0,0.09309073
5851,1,0.7314428
5852,0,0.29775637
5853,1,0.8615147
5854,0,0.36686105
5855,0,0.2332785
5856,0,0.1670051
5857,0,0.096260495
5858,0,0.29250982
5859,0,0.21583578
5860,0,0.6214154
5861,1,0.9072826
5862,0,0.16417581
5863,0,0.3512664
5864,0,0.29471937
5865,0,0.3502082
5866,0,0.3097427
5867,1,0.66947997
5868,0,0.6409393
5869,0,0.19511253
5870,0,0.13808767
5871,0,0.41494045
5872,1,0.91984487
5873,0,0.3889855
5874,0,0.47049296
5875,0,0.19897029
5876,1,0.9266435
5877,0,0.22360966
5878,0,0.32746306
5879,0,0.37741274
5880,0,0.279686
5881,0,0.25679672
5882,0,0.6381978
5883,0,0.879859
5884,0,0.33169603
5885,1,0.6710118
5886,0,0.40071094
5887,1,0.52916604
5888,0,0.28953943
5889,0,0.52386034
5890,0,0.23632689
5891,0,0.8864062
5892,1,0.5746044
5893,0,0.89059114
5894,0,0.24594787
5895,0,0.34495133
5896,0,0.4439221
5897,0,0.20611775
5898,1,0.881337
5899,1,0.6242285
5900,0,0.4064745
5901,0,0.13987832
5902,1,0.866448
5903,0,0.25132537
5904,0,0.56168276
5905,0,0.30515826
5906,0,0.46647668
5907,0,0.21587956
5908,0,0.23773533
5909,0,0.364055
5910,0,0.3589574
5911,0,0.22305833
5912,0,0.14545122
5913,0,0.51000416
5914,0,0.32722202
5915,1,0.4950883
5916,0,0.52010894
5917,1,0.9163674
5918,1,0.85926193
5919,0,0.24697185
5920,0,0.37930864
5921,1,0.5792542
5922,0,0.76138055
5923,1,0.85955834
5924,0,0.17889485
5925,0,0.25170487
5926,1,0.44518593
5927,0,0.60481584
5928,0,0.20172763
5929,0,0.3176435
5930,0,0.42935088
5931,0,0.40261418
5932,1,0.46881747
5933,0,0.19323364
5934,0,0.25605297
5935,0,0.4709006
5936,1,0.67480755
5937,0,0.32158336
5938,0,0.42812493
5939,0,0.3192049
5940,0,0.61891574
5941,0,0.3445074
5942,0,0.115124926
5943,0,0.34059823
5944,0,0.49567574
5945,0,0.3107052
5946,0,0.4613811
5947,0,0.47463244
5948,0,0.22506036
5949,1,0.28796554
5950,0,0.33828214
5951,0,0.5181026
5952,0,0.76827395
5953,0,0.3401368
5954,0,0.09392854
5955,0,0.4591904
5956,0,0.29624102
5957,1,0.8367353
5958,1,0.31393108
5959,0,0.3677177
5960,0,0.29232454
5961,0,0.4158435
5962,1,0.65208447
5963,1,0.8620773
5964,1,0.8887029
5965,0,0.2671405
5966,1,0.54406863
5967,0,0.19518343
5968,0,0.39520013
5969,0,0.5438655
5970,0,0.24423891
5971,0,0.13852146
5972,1,0.868567
5973,0,0.26747525
5974,0,0.38677993
5975,1,0.19696423
5976,0,0.367054
5977,0,0.249532
5978,1,0.65749925
5979,0,0.42654043
5980,0,0.22889104
5981,0,0.35533562
5982,1,0.8838872
5983,0,0.2462102
5984,0,0.18813995
5985,0,0.22307816
5986,0,0.29137656
5987,0,0.3564853
5988,0,0.38377288
5989,0,0.4019987
5990,0,0.64511704
5991,0,0.28902042
5992,0,0.634573
5993,0,0.45898238
5994,1,0.5500696
5995,0,0.33768377
5996,1,0.3911413
5997,0,0.30059206
5998,1,0.6921656
5999,0,0.49429038
6000,0,0.5845621
6001,0,0.45945972
6002,0,0.45782098
6003,0,0.383738
6004,0,0.18915334
6005,0,0.32832742
6006,0,0.2808478
6007,1,0.25693768
6008,0,0.35630837
6009,0,0.28497303
6010,0,0.3046398
6011,1,0.64565104
6012,0,0.60102844
6013,0,0.51534
6014,1,0.34564194
6015,1,0.8345203
6016,0,0.43355224
6017,0,0.88873255
6018,0,0.5836579
6019,0,0.2850517
6020,1,0.47077706
6021,0,0.20269628
6022,0,0.17195818
6023,0,0.27209044
6024,0,0.26596567
6025,1,0.3691531
6026,0,0.38313222
6027,1,0.2562692
6028,0,0.29435378
6029,0,0.23784417
6030,0,0.21224026
6031,1,0.7531084
6032,1,0.9032765
6033,0,0.6984222
6034,0,0.34189737
6035,0,0.5419321
6036,1,0.30401155
6037,0,0.3634839
6038,1,0.9066524
6039,0,0.59372795
6040,0,0.45149893
6041,0,0.27860898
6042,0,0.18563956
6043,0,0.284805
6044,0,0.33229193
6045,0,0.3565359
6046,1,0.34874135
6047,0,0.20744324
6048,0,0.4705725
6049,1,0.4955374
6050,1,0.76131433
6051,0,0.3587303
6052,0,0.44576216
6053,1,0.6252805
6054,0,0.6814387
6055,0,0.46689785
6056,0,0.13123097
6057,0,0.6377652
6058,0,0.30902788
6059,0,0.669737
6060,0,0.2973647
6061,0,0.6522464
6062,1,0.62721235
6063,0,0.17948622
6064,1,0.88301164
6065,1,0.3542411
6066,0,0.3783928
6067,1,0.34807056
6068,1,0.25986043
6069,0,0.21678616
6070,0,0.25852856
6071,0,0.45314717
6072,0,0.270106
6073,0,0.47906128
6074,0,0.4930627
6075,0,0.6776108
6076,0,0.5997959
6077,0,0.34793136
6078,0,0.29438767
6079,0,0.20205568
6080,0,0.33715257
6081,0,0.20013319
6082,1,0.6842012
6083,1,0.93927705
6084,0,0.46393433
6085,0,0.13174707
6086,1,0.90634304
6087,0,0.41275102
6088,0,0.5706403
6089,0,0.3688803
6090,1,0.7974599
6091,0,0.26277494
6092,0,0.37177384
6093,0,0.167648
6094,1,0.8218907
6095,0,0.5307234
6096,0,0.6100559
6097,0,0.50980574
6098,1,0.91749024
6099,0,0.23871589
6100,0,0.3440429
6101,0,0.17830591
6102,0,0.15293261
6103,1,0.47761127
6104,1,0.7922592
6105,0,0.38096988
6106,0,0.3667639
6107,0,0.21981168
6108,0,0.29994738
6109,0,0.30938885
6110,0,0.25138187
6111,0,0.39654654
6112,1,0.5264903
6113,0,0.15181734
6114,0,0.36592764
6115,0,0.63306075
6116,0,0.6627699
6117,1,0.9045802
6118,0,0.37370512
6119,1,0.7411913
6120,0,0.2830445
6121,1,0.61361766
6122,1,0.5735957
6123,1,0.43716523
6124,0,0.24749619
6125,1,0.87226516
6126,0,0.33254746
6127,0,0.2731165
6128,0,0.39311033
6129,1,0.40912616
6130,0,0.15753764
6131,0,0.22355057
6132,0,0.62941796
6133,0,0.81685823
6134,0,0.54679966
6135,0,0.34325925
6136,0,0.48651713
6137,0,0.11397363
6138,0,0.2988274
6139,0,0.16044635
6140,0,0.5818037
6141,0,0.2628208
6142,0,0.24639116
6143,1,0.6791497
6144,0,0.2605821
6145,1,0.8772045
6146,0,0.25839213
6147,1,0.26296008
6148,1,0.6741855
6149,0,0.3427067
6150,0,0.18778625
6151,0,0.14996529
6152,0,0.48096976
6153,0,0.28319144
6154,0,0.5155257
6155,0,0.40425563
6156,0,0.44853657
6157,0,0.19457355
6158,0,0.2921413
6159,0,0.2941851
6160,0,0.3031714
6161,0,0.77613455
6162,0,0.3852133
6163,0,0.33173102
6164,0,0.1295584
6165,0,0.37724885
6166,0,0.20891389
6167,0,0.5374602
6168,0,0.4404473
6169,0,0.2643149
6170,0,0.63631284
6171,1,0.8530418
6172,1,0.7329614
6173,0,0.334598
6174,0,0.28689268
6175,1,0.9164471
6176,0,0.3126469
6177,0,0.10722159
6178,0,0.38022682
6179,0,0.2649765
6180,0,0.40979162
6181,0,0.26962584
6182,0,0.25476134
6183,1,0.91335464
6184,0,0.28629482
6185,1,0.38846967
6186,0,0.5506875
6187,0,0.83973217
6188,0,0.23066323
6189,1,0.35972843
6190,1,0.511186
6191,0,0.18406892
6192,0,0.276127
6193,0,0.8921022
6194,0,0.23882656
6195,1,0.63877076
6196,0,0.6099756
6197,0,0.15550353
6198,0,0.48158103
6199,1,0.8712563
6200,0,0.2592738
6201,0,0.45436627
6202,0,0.268671
6203,0,0.35374093
6204,0,0.14861012
6205,0,0.3259202
6206,0,0.48494205
6207,0,0.40891296
6208,0,0.6958791
6209,0,0.701742
6210,0,0.15527451
6211,0,0.37150502
6212,0,0.16779557
6213,0,0.32206625
6214,0,0.37231222
6215,0,0.38108417
6216,0,0.3133863
6217,0,0.5661243
6218,0,0.4027184
6219,0,0.2641903
6220,0,0.3061663
6221,0,0.42948702
6222,0,0.1823281
6223,1,0.50086915
6224,1,0.9240901
6225,0,0.53808075
6226,1,0.9084511
6227,0,0.446804
6228,0,0.28129134
6229,0,0.51645637
6230,1,0.7423091
6231,0,0.20757201
6232,0,0.2771623
6233,1,0.89603376
6234,0,0.47538012
6235,1,0.70682514
6236,0,0.2523389
6237,0,0.26762488
6238,0,0.45861343
6239,0,0.27490166
6240,0,0.33010098
6241,1,0.74078315
6242,0,0.32464367
6243,1,0.2684262
6244,0,0.15069678
6245,0,0.3287424
6246,0,0.34192285
6247,1,0.88974816
6248,0,0.39978403
6249,0,0.22340827
6250,0,0.24196804
6251,0,0.25494558
6252,0,0.24462289
6253,0,0.36752293
6254,0,0.51983166
6255,0,0.36243892
6256,0,0.1601212
6257,1,0.85302806
6258,0,0.41357306
6259,0,0.31699663
6260,0,0.35400543
6261,1,0.3530424
6262,0,0.17873947
6263,1,0.50357467
6264,0,0.39540318
6265,1,0.8876276
6266,1,0.6583731
6267,0,0.33766472
6268,0,0.38467643
6269,0,0.86198694
6270,0,0.35387737
6271,0,0.31453
6272,0,0.25264236
6273,0,0.44956893
6274,0,0.43615198
6275,0,0.82549316
6276,0,0.4134725
6277,0,0.52407575
6278,1,0.9307886
6279,0,0.39765427
6280,0,0.20030549
6281,0,0.2862116
6282,0,0.3755324
6283,1,0.9143746
6284,0,0.21072063
6285,0,0.12515381
6286,0,0.32947853
6287,1,0.7141683
6288,1,0.768709
6289,0,0.15060481
6290,0,0.6095505
6291,0,0.16940418
6292,0,0.25029695
6293,0,0.36217996
6294,1,0.70646435
6295,0,0.12585494
6296,0,0.23501973
6297,0,0.35845026
6298,0,0.46660396
6299,0,0.19509104
6300,0,0.26700097
6301,0,0.17648785
6302,1,0.66103715
6303,0,0.42851394
6304,0,0.3697445
6305,0,0.30026045
6306,0,0.38932046
6307,0,0.6822829
6308,1,0.8764734
6309,1,0.9214473
6310,0,0.24680361
6311,0,0.23764226
6312,0,0.40030053
6313,0,0.6757339
6314,1,0.41348687
6315,1,0.775144
6316,0,0.35401538
6317,0,0.5362786
6318,0,0.8788148
6319,1,0.318161
6320,1,0.9197692
6321,0,0.4725495
6322,0,0.3274321
6323,0,0.24367808
6324,1,0.53242916
6325,0,0.25648695
6326,1,0.87858266
6327,0,0.35745773
6328,1,0.2530372
6329,0,0.8709989
6330,1,0.89453065
6331,0,0.36495462
6332,0,0.69648564
6333,0,0.22743438
6334,0,0.2734879
6335,0,0.33463416
6336,0,0.28540888
6337,0,0.6081267
6338,0,0.16518262
6339,1,0.6775064
6340,1,0.8627264
6341,0,0.39885083
6342,0,0.17841467
6343,0,0.35515046
6344,0,0.3237229
6345,0,0.21094637
6346,1,0.340965
6347,0,0.32742977
6348,0,0.30175105
6349,0,0.27459103
6350,0,0.23699005
6351,0,0.20450148
6352,1,0.3955798
6353,0,0.23265955
6354,0,0.411873
6355,0,0.16724859
6356,1,0.8080891
6357,0,0.20606023
6358,1,0.77984583
6359,1,0.90133685
6360,0,0.36711973
6361,0,0.16635278
6362,1,0.36398602
6363,1,0.7133962
6364,0,0.44970566
6365,0,0.33918452
6366,0,0.34236157
6367,0,0.4809675
6368,0,0.17872642
6369,1,0.6515476
6370,0,0.26762673
6371,0,0.46890652
6372,0,0.37869507
6373,0,0.11858114
6374,0,0.23970845
6375,0,0.34743637
6376,0,0.47335538
6377,0,0.22436413
6378,0,0.23692328
6379,0,0.23164831
6380,0,0.17614557
6381,0,0.49925297
6382,0,0.58790106
6383,1,0.5084934
6384,0,0.17691112
6385,0,0.31913695
6386,0,0.37303022
6387,1,0.51828974
6388,0,0.31740484
6389,0,0.3255125
6390,0,0.38240725
6391,0,0.28681844
6392,0,0.32063758
6393,0,0.33668268
6394,1,0.6340219
6395,0,0.75828224
6396,0,0.4182205
6397,0,0.38403484
6398,0,0.07872583
6399,0,0.14786576
6400,0,0.29894966
6401,0,0.44319806
6402,1,0.7032728
6403,0,0.8067909
6404,0,0.1840486
6405,0,0.7025428
6406,0,0.41786823
6407,0,0.4570031
6408,0,0.2663282
6409,0,0.32601517
6410,0,0.42174062
6411,0,0.552585
6412,1,0.85393417
6413,1,0.4504677
6414,1,0.9194185
6415,0,0.1904192
6416,1,0.6324599
6417,0,0.18644994
6418,1,0.90645045
6419,0,0.18006931
6420,0,0.3081069
6421,0,0.10051622
6422,0,0.28681844
6423,0,0.22722422
6424,1,0.35253823
6425,0,0.34444734
6426,0,0.28320807
6427,1,0.6124516
6428,1,0.49077794
6429,0,0.44672257
6430,0,0.284937
6431,0,0.7807427
6432,0,0.13826773
6433,1,0.6477899
6434,0,0.28483278
6435,0,0.3909801
6436,0,0.24824302
6437,0,0.20152499
6438,0,0.334268
6439,0,0.22169432
6440,0,0.3992449
6441,0,0.27908492
6442,0,0.2994563
6443,0,0.39795327
6444,0,0.47387916
6445,0,0.30104965
6446,1,0.48758027
6447,0,0.5261827
6448,0,0.30739188
6449,0,0.42912966
6450,0,0.75307083
6451,1,0.3646359
6452,0,0.29026896
6453,0,0.18936178
6454,0,0.40434995
6455,0,0.30167797
6456,0,0.30722955
6457,0,0.32134822
6458,0,0.27599224
6459,1,0.50484765
6460,0,0.23766606
6461,0,0.45930964
6462,0,0.21866922
6463,1,0.921922
6464,1,0.92369795
6465,0,0.41701463
6466,0,0.3255897
6467,0,0.3163394
6468,0,0.4415834
6469,1,0.8397407
6470,1,0.88855004
6471,0,0.6529858
6472,0,0.44936514
6473,0,0.4387673
6474,0,0.544533
6475,1,0.51177627
6476,0,0.55603886
6477,0,0.53350264
6478,0,0.112129405
6479,0,0.35330233
6480,0,0.13916165
6481,0,0.21792015
6482,1,0.3593132
6483,0,0.3474735
6484,0,0.20671396
6485,0,0.23692247
6486,0,0.26684546
6487,0,0.24585344
6488,0,0.3468137
6489,0,0.20466776
6490,0,0.42609084
6491,0,0.283485
6492,0,0.40126294
6493,0,0.26577643
6494,0,0.30017895
6495,0,0.17009465
6496,1,0.39645234
6497,0,0.32378718
6498,0,0.26955032
6499,0,0.4495488
6500,0,0.3179406
6501,0,0.58127785
6502,0,0.13997778
6503,0,0.44869003
6504,0,0.17955148
6505,0,0.38617742
6506,0,0.5706451
6507,0,0.11630899
6508,0,0.8260484
6509,1,0.3176816
6510,1,0.777344
6511,1,0.6959985
6512,0,0.30734974
6513,0,0.5441527
6514,0,0.6419083
6515,1,0.5432249
6516,0,0.50378656
6517,0,0.4108861
6518,0,0.37176347
6519,0,0.6050685
6520,0,0.6146164
6521,0,0.50562054
6522,1,0.67852294
6523,0,0.28774753
6524,0,0.35452715
6525,0,0.48652947
6526,0,0.4028156
6527,0,0.38436508
6528,1,0.3203369
6529,1,0.6748612
6530,0,0.31259003
6531,0,0.531237
6532,0,0.5029781
6533,0,0.51347035
6534,1,0.34952483
6535,1,0.90198153
6536,0,0.32732704
6537,0,0.35892123
6538,0,0.45460284
6539,0,0.22034273
6540,0,0.5242351
6541,0,0.59150636
6542,0,0.24766551
6543,0,0.23178671
6544,0,0.8644752
6545,1,0.61936796
6546,1,0.88594073
6547,0,0.33174536
6548,1,0.862761
6549,0,0.34886852
6550,0,0.1832577
6551,1,0.39438358
6552,0,0.46916017
6553,0,0.2820222
6554,1,0.8476927
6555,1,0.87549764
6556,0,0.66722804
6557,0,0.4035625
6558,0,0.21850619
6559,0,0.2710832
6560,0,0.26673394
6561,0,0.34206477
6562,0,0.4535028
6563,1,0.88952446
6564,1,0.24182945
6565,0,0.53476393
6566,1,0.7975062
6567,0,0.5515645
6568,0,0.53310007
6569,1,0.47980887
6570,0,0.4966643
6571,1,0.2262119
6572,0,0.4091562
6573,0,0.41982853
6574,0,0.24336764
6575,0,0.36043438
6576,0,0.753914
6577,0,0.41835773
6578,0,0.21385758
6579,1,0.2114071
6580,0,0.46184236
6581,0,0.20315063
6582,1,0.9193799
6583,0,0.38009524
6584,0,0.44256654
6585,0,0.41469824
6586,1,0.80349743
6587,0,0.8425332
6588,0,0.3269893
6589,0,0.21173242
6590,1,0.26567197
6591,0,0.19522889
6592,0,0.26130605
6593,0,0.16932969
6594,1,0.40633607
6595,0,0.4765922
6596,1,0.38602582
6597,0,0.23536082
6598,0,0.4252253
6599,0,0.28350258
6600,0,0.36524874
6601,0,0.56752455
6602,0,0.47928724
6603,0,0.34970263
6604,1,0.3288624
6605,0,0.1956751
6606,0,0.3305455
6607,1,0.70077294
6608,0,0.18587087
6609,0,0.19098029
6610,1,0.7766583
6611,0,0.20720562
6612,0,0.27050936
6613,0,0.32996872
6614,0,0.50308436
6615,0,0.390018
6616,0,0.51047707
6617,0,0.23158227
6618,0,0.42555404
6619,0,0.23424365
6620,0,0.12932244
6621,0,0.35740182
6622,0,0.20306805
6623,0,0.6054562
6624,0,0.32065368
6625,0,0.34182215
6626,0,0.34737018
6627,0,0.36857542
6628,0,0.3669813
6629,0,0.33185166
6630,0,0.286036
6631,1,0.40416837
6632,1,0.3423784
6633,0,0.56010187
6634,0,0.31874618
6635,1,0.86732966
6636,0,0.17184684
6637,1,0.8680795
6638,0,0.28009382
6639,0,0.72144055
6640,0,0.24532455
6641,0,0.1224706
6642,1,0.86444044
6643,0,0.26761195
6644,0,0.5088514
6645,1,0.79912174
6646,0,0.37851587
6647,0,0.15164168
6648,1,0.8793314
6649,0,0.30332264
6650,0,0.5342827
6651,0,0.22528505
6652,0,0.31755754
6653,0,0.38362703
6654,0,0.61501616
6655,0,0.12995179
6656,0,0.25069594
6657,0,0.17522334
6658,1,0.90834385
6659,0,0.88007873
6660,0,0.22351979
6661,1,0.29167202
6662,0,0.6712592
6663,0,0.605608
6664,0,0.46384737
6665,0,0.2602298
6666,1,0.37814042
6667,0,0.41256222
6668,0,0.18193933
6669,0,0.18483081
6670,0,0.49480644
6671,0,0.35170478
6672,1,0.93446475
6673,0,0.2251318
6674,0,0.57847863
6675,0,0.60179156
6676,0,0.302675
6677,0,0.2088292
6678,0,0.15730931
6679,1,0.8855143
6680,0,0.24933904
6681,0,0.4480762
6682,0,0.72453046
6683,0,0.50515205
6684,0,0.23544818
6685,1,0.86893266
6686,0,0.29312143
6687,0,0.1260849
6688,0,0.3673307
6689,0,0.31081635
6690,0,0.3928394
6691,0,0.32899374
6692,0,0.74497646
6693,1,0.53892
6694,0,0.35727268
6695,0,0.24373817
6696,0,0.27988577
6697,0,0.5708229
6698,1,0.23545338
6699,0,0.27569243
6700,0,0.17764507
6701,0,0.64784026
6702,0,0.19871643
6703,0,0.29355776
6704,1,0.90148544
6705,0,0.3753055
6706,0,0.16006278
6707,0,0.3274036
6708,0,0.14884047
6709,0,0.1475344
6710,0,0.25563142
6711,0,0.20978656
6712,0,0.6295699
6713,0,0.16139895
6714,1,0.91280943
6715,0,0.522354
6716,0,0.44261852
6717,1,0.65040004
6718,0,0.50180423
6719,0,0.13321455
6720,0,0.20229289
6721,1,0.50477034
6722,0,0.75182295
6723,0,0.33951715
6724,1,0.82237136
6725,0,0.35088378
6726,0,0.56350666
6727,0,0.5685627
6728,0,0.22665396
6729,0,0.20580584
6730,1,0.6975204
6731,0,0.15368977
6732,0,0.47251084
6733,1,0.52390456
6734,0,0.32637998
6735,0,0.26610017
6736,0,0.6740768
6737,0,0.33660546
6738,1,0.30993754
6739,0,0.27861774
6740,0,0.30941093
6741,0,0.5497705
6742,0,0.41980344
6743,0,0.25882614
6744,1,0.23001494
6745,1,0.92285115
6746,0,0.13776727
6747,0,0.46343994
6748,1,0.89841986
6749,0,0.5398841
6750,1,0.51690614
6751,1,0.91725814
6752,0,0.29845417
6753,0,0.48434392
6754,0,0.61488765
6755,0,0.21202295
6756,0,0.19383842
6757,1,0.8760509
6758,0,0.24349745
6759,0,0.3700877
6760,0,0.35150173
6761,0,0.10672993
6762,1,0.8801658
6763,0,0.34029257
6764,0,0.2580647
6765,0,0.34520343
6766,0,0.24025299
6767,0,0.20712894
6768,0,0.28842887
6769,1,0.60169923
6770,1,0.9261994
6771,1,0.6955076
6772,1,0.58608484
6773,1,0.4425556
6774,0,0.2831227
6775,0,0.48435298
6776,0,0.3412559
6777,0,0.47689605
6778,0,0.26697963
6779,1,0.5696542
6780,1,0.27526703
6781,0,0.37206894
6782,0,0.76617396
6783,1,0.42161003
6784,1,0.38602147
6785,0,0.21659473
6786,0,0.45700774
6787,0,0.30239016
6788,0,0.2347288
6789,0,0.26494184
6790,0,0.19068693
6791,0,0.27059698
6792,1,0.7142781
6793,1,0.8969421
6794,0,0.52976686
6795,0,0.16966967
6796,0,0.291376
6797,0,0.14774156
6798,0,0.28178832
6799,0,0.36037242
6800,0,0.19598827
6801,0,0.3457466
6802,0,0.32545766
6803,0,0.34720385
6804,0,0.45040682
6805,0,0.25890502
6806,0,0.2236932
6807,0,0.734304
6808,1,0.5668175
6809,0,0.376073
6810,0,0.2999035
6811,0,0.21146902
6812,0,0.4660476
6813,0,0.38171685
6814,0,0.5851203
6815,0,0.70437336
6816,1,0.537066
6817,0,0.41844347
6818,0,0.38636035
6819,0,0.697394
6820,0,0.56996715
6821,0,0.32874495
6822,0,0.22501531
6823,0,0.40396488
6824,0,0.33536822
6825,1,0.46581247
6826,0,0.16766123
6827,1,0.8948563
6828,0,0.31348816
6829,0,0.32212147
6830,0,0.29250276
6831,0,0.12363179
6832,0,0.2807975
6833,0,0.41633743
6834,0,0.13526037
6835,1,0.6789655
6836,0,0.27135307
6837,1,0.5653414
6838,0,0.26846734
6839,0,0.60937476
6840,0,0.3031868
6841,0,0.28752095
6842,0,0.29331803
6843,0,0.49180508
6844,0,0.20489348
6845,0,0.6957983
6846,1,0.9323036
6847,1,0.9193314
6848,0,0.21999809
6849,0,0.42399073
6850,0,0.44085175
6851,0,0.33072042
6852,0,0.12845154
6853,0,0.16584367
6854,0,0.16201527
6855,0,0.50700116
6856,0,0.3706042
6857,0,0.23568897
6858,1,0.6294618
6859,0,0.6195441
6860,0,0.37031436
6861,0,0.3598877
6862,1,0.90559363
6863,0,0.22806558
6864,0,0.5266661
6865,0,0.14201726
6866,0,0.12849554
6867,1,0.9271558
6868,0,0.31304476
6869,0,0.38251802
6870,0,0.55291563
6871,1,0.7254857
6872,0,0.27639732
6873,0,0.17663711
6874,1,0.24569117
6875,1,0.9098022
6876,1,0.5149415
6877,0,0.5076641
6878,0,0.60244745
6879,0,0.5913677
6880,0,0.8063345
6881,1,0.87743723
6882,1,0.6957712
6883,0,0.8087649
6884,0,0.14104183
6885,0,0.23886685
6886,0,0.49896652
6887,0,0.32901454
6888,0,0.48378387
6889,0,0.28862098
6890,0,0.32612392
6891,0,0.1770107
6892,1,0.673531
6893,0,0.17698659
6894,1,0.61959654
6895,1,0.1684926
6896,1,0.46743494
6897,0,0.27829692
6898,0,0.24754667
6899,0,0.2771623
6900,0,0.40194598
6901,0,0.21224265
6902,0,0.37281197
6903,1,0.44689754
6904,0,0.24706168
6905,1,0.91686493
6906,1,0.6458851
6907,0,0.5293237
6908,0,0.73504907
6909,1,0.9279358
6910,0,0.6728408
6911,1,0.27509502
6912,0,0.39373356
6913,0,0.6150763
6914,0,0.4143196
6915,0,0.25909495
6916,0,0.7508685
6917,1,0.47741178
6918,0,0.27016142
6919,0,0.22644004
6920,0,0.17075999
6921,1,0.54899144
6922,0,0.30826083
6923,1,0.40631565
6924,0,0.19657421
6925,1,0.8724372
6926,1,0.39890894
6927,1,0.608685
6928,0,0.4227821
6929,0,0.28150487
6930,0,0.36448604
6931,0,0.361387
6932,0,0.23791462
6933,0,0.45549384
6934,1,0.8883768
6935,1,0.3094345
6936,1,0.73501587
6937,1,0.36397186
6938,0,0.30728978
6939,0,0.14371541
6940,0,0.12885346
6941,0,0.22276013
6942,0,0.22561914
6943,0,0.635642
6944,0,0.44383916
6945,0,0.4899383
6946,0,0.27234885
6947,1,0.43215272
6948,1,0.27283472
6949,0,0.64611876
6950,0,0.6413798
6951,0,0.7739179
6952,0,0.47421804
6953,0,0.1634419
6954,0,0.22652477
6955,0,0.38870144
6956,0,0.22103325
6957,0,0.1298837
6958,0,0.414097
6959,1,0.87071985
6960,0,0.1807824
6961,0,0.28843707
6962,0,0.33828798
6963,0,0.21983111
6964,0,0.32628492
6965,0,0.357215
6966,0,0.2210002
6967,0,0.23536082
6968,0,0.2223571
6969,0,0.43431732
6970,0,0.14812829
6971,0,0.26548627
6972,1,0.39276305
6973,0,0.6594377
6974,0,0.8861347
6975,0,0.17748007
6976,0,0.45648006
6977,0,0.28754017
6978,1,0.4551378
6979,1,0.35170078
6980,0,0.45383596
6981,0,0.35675088
6982,0,0.25583956
6983,1,0.88566405
6984,0,0.12612675
6985,0,0.2557973
6986,1,0.38433036
6987,0,0.34731755
6988,0,0.41728544
6989,0,0.26505503
6990,0,0.34289998
6991,0,0.4113589
6992,0,0.2363066
6993,0,0.30999362
6994,0,0.288898
6995,0,0.2701501
6996,0,0.37935126
6997,0,0.36968213
6998,1,0.8976848
6999,0,0.1955506
7000,0,0.33329743
7001,0,0.26086053
7002,0,0.4153534
7003,0,0.3971523
7004,0,0.29966584
7005,1,0.39638075
7006,0,0.48047665
7007,0,0.2862967
7008,0,0.2996197
7009,0,0.20095427
7010,0,0.12944706
7011,0,0.3686893
7012,0,0.38518944
7013,0,0.5269508
7014,1,0.78763694
7015,0,0.20810185
7016,0,0.51779544
7017,1,0.82459885
7018,1,0.18871829
7019,0,0.4967238
7020,1,0.5999077
7021,0,0.31005707
7022,1,0.94227785
7023,0,0.40692693
7024,0,0.34738436
7025,0,0.33256432
7026,0,0.363527
7027,1,0.68685395
7028,0,0.5237852
7029,0,0.35836464
7030,0,0.2823
7031,1,0.84778494
7032,0,0.6341479
7033,0,0.42689848
7034,0,0.90301156
7035,0,0.49709433
7036,0,0.5413948
7037,0,0.34114337
7038,0,0.30219126
7039,1,0.9136235
7040,0,0.45974165
7041,0,0.20903392
7042,0,0.83710104
7043,0,0.37760627
7044,0,0.15945333
7045,1,0.7860887
7046,1,0.9358085
7047,0,0.4802663
7048,1,0.4701208
7049,1,0.8211454
7050,0,0.5436231
7051,0,0.22792356
7052,1,0.385205
7053,1,0.65787727
7054,0,0.3470127
7055,0,0.29465088
7056,1,0.8366612
7057,0,0.2312864
7058,0,0.45574957
7059,0,0.13135125
7060,0,0.3148886
7061,0,0.2757998
7062,1,0.5051878
7063,0,0.14010243
7064,0,0.23897801
7065,0,0.25978863
7066,0,0.2744947
7067,1,0.8477388
7068,1,0.8804086
7069,0,0.20482561
7070,0,0.2406211
7071,0,0.17105134
7072,0,0.15807512
7073,1,0.52420694
7074,0,0.18818597
7075,1,0.26048082
7076,0,0.110481836
7077,1,0.8685463
7078,0,0.35804453
7079,1,0.81876296
7080,0,0.14292851
7081,0,0.3661709
7082,0,0.13246757
7083,0,0.38985485
7084,0,0.82330364
7085,0,0.15911126
7086,0,0.2796724
7087,1,0.916234
7088,0,0.70413625
7089,0,0.17802718
7090,0,0.24171838
7091,0,0.3331046
7092,1,0.91713756
7093,0,0.20234339
7094,1,0.38677993
7095,0,0.26775858
7096,1,0.5168541
7097,1,0.5928295
7098,1,0.93298376
7099,0,0.5217837
7100,0,0.2054064
7101,0,0.7209133
7102,0,0.61253166
7103,0,0.30396557
7104,1,0.7390552
7105,0,0.3092904
7106,1,0.5782088
7107,1,0.69285345
7108,0,0.3206726
7109,0,0.64962757
7110,0,0.5952646
7111,1,0.92075175
7112,0,0.2152838
7113,0,0.29227176
7114,0,0.20438293
7115,0,0.47714597
7116,0,0.49448967
7117,1,0.93522006
7118,0,0.23150101
7119,0,0.17089427
7120,0,0.4811985
7121,0,0.4118033
7122,1,0.3019313
7123,0,0.57584864
7124,0,0.4674516
7125,1,0.63632464
7126,0,0.5989925
7127,0,0.8646122
7128,0,0.10719413
7129,0,0.32633984
7130,0,0.30376008
7131,1,0.4425733
7132,0,0.4618155
7133,0,0.24919365
7134,0,0.4623721
7135,0,0.29283023
7136,1,0.9325454
7137,0,0.34612733
7138,0,0.34937084
7139,1,0.8811952
7140,1,0.87706697
7141,0,0.12259327
7142,0,0.3621418
7143,0,0.42396823
7144,0,0.26762325
7145,0,0.17948174
7146,0,0.21653336
7147,0,0.47284448
7148,0,0.32906398
7149,0,0.34032345
7150,1,0.85673904
7151,0,0.17321299
7152,0,0.41676983
7153,0,0.48267746
7154,0,0.3491349
7155,0,0.31343055
7156,0,0.29959247
7157,0,0.17778915
7158,0,0.6964898
7159,1,0.6661056
7160,0,0.5673135
7161,0,0.40087458
7162,1,0.89188564
7163,0,0.19430068
7164,0,0.6026847
7165,0,0.2522009
7166,1,0.8465741
7167,0,0.24148889
7168,0,0.92120856
7169,0,0.2534387
7170,0,0.3495366
7171,1,0.24300386
7172,1,0.9324822
7173,0,0.38896474
7174,0,0.40218642
7175,0,0.35148498
7176,0,0.5522268
7177,0,0.80462384
7178,0,0.17807904
7179,0,0.48550135
7180,0,0.64773774
7181,0,0.22392374
7182,0,0.33426246
7183,1,0.7145097
7184,0,0.24717939
7185,0,0.40044996
7186,1,0.8610186
7187,0,0.46089515
7188,0,0.20609689
7189,0,0.44183245
7190,0,0.24844544
7191,0,0.21683995
7192,1,0.51686954
7193,0,0.24227239
7194,0,0.21395986
7195,0,0.30575597
7196,0,0.8981742
7197,0,0.67186844
7198,0,0.32878298
7199,0,0.30243862
7200,0,0.15588439
7201,0,0.27682865
7202,0,0.34959933
7203,0,0.336461
7204,0,0.38387302
7205,0,0.49608284
7206,0,0.22569105
7207,0,0.3114716
7208,0,0.35966134
7209,1,0.89789903
7210,0,0.29146856
7211,1,0.58823055
7212,0,0.87299544
7213,1,0.7006211
7214,0,0.19517219
7215,0,0.29362643
7216,0,0.11934936
7217,0,0.17514345
7218,1,0.51812124
7219,0,0.7313195
7220,0,0.13571835
7221,1,0.48486507
7222,1,0.5995313
7223,0,0.3260216
7224,1,0.37087336
7225,0,0.34263742
7226,0,0.4521155
7227,0,0.8540916
7228,0,0.3731343
7229,0,0.28003135
7230,0,0.15263602
7231,0,0.5196014
7232,0,0.47928154
7233,0,0.46571532
7234,1,0.7273296
7235,1,0.5029526
7236,0,0.45023352
7237,0,0.5098783
7238,0,0.20628335
7239,0,0.31489393
7240,1,0.8778038
7241,0,0.2817347
7242,0,0.51474947
7243,1,0.6780759
7244,0,0.33543453
7245,0,0.11689612
7246,0,0.72923756
7247,0,0.65604156
7248,1,0.6506695
7249,0,0.38749442
7250,0,0.27348647
7251,0,0.18861915
7252,1,0.92532086
7253,1,0.63817036
7254,1,0.54115844
7255,0,0.25674704
7256,0,0.46567076
7257,1,0.23556492
7258,0,0.16013448
7259,0,0.4674392
7260,0,0.20391002
7261,0,0.41118205
7262,0,0.3582577
7263,0,0.35624787
7264,0,0.42416844
7265,0,0.8104976
7266,0,0.5028588
7267,0,0.632259
7268,0,0.15279928
7269,0,0.31857485
7270,0,0.17313361
7271,1,0.9182708
7272,1,0.5782884
7273,1,0.89935744
7274,0,0.32805556
7275,1,0.7591312
7276,0,0.3038594
7277,0,0.3697186
7278,0,0.25990936
7279,0,0.1921955
7280,0,0.18483984
7281,0,0.38360372
7282,1,0.39301684
7283,0,0.565925
7284,1,0.23165777
7285,1,0.25892738
7286,0,0.75184155
7287,0,0.40679273
7288,0,0.37861884
7289,0,0.39470756
7290,0,0.36571205
7291,0,0.3518782
7292,1,0.46894482
7293,0,0.8414648
7294,1,0.59292346
7295,0,0.7990639
7296,0,0.23341577
7297,0,0.4238707
7298,0,0.17682435
7299,0,0.43118244
7300,0,0.42745605
7301,1,0.2761307
7302,0,0.6167153
7303,0,0.3647419
7304,0,0.34324375
7305,0,0.29474846
7306,0,0.18363824
7307,0,0.91403824
7308,1,0.81868595
7309,0,0.20841229
7310,0,0.18631169
7311,0,0.18191224
7312,0,0.4584591
7313,0,0.8043943
7314,0,0.1886553
7315,0,0.22019863
7316,1,0.8720993
7317,1,0.86305857
7318,0,0.22298345
7319,0,0.33756092
7320,0,0.16858573
7321,0,0.27678818
7322,0,0.101448506
7323,0,0.39982834
7324,0,0.2711204
7325,0,0.2864813
7326,0,0.5055773
7327,1,0.280306
7328,0,0.34655428
7329,0,0.5297214
7330,1,0.83012736
7331,1,0.6924746
7332,0,0.14831159
7333,0,0.3773872
7334,0,0.44489965
7335,0,0.39914992
7336,0,0.10453898
7337,0,0.18800998
7338,0,0.25640497
7339,0,0.7595116
7340,0,0.42938703
7341,0,0.26826265
7342,0,0.8889537
7343,0,0.506592
7344,1,0.42038062
7345,0,0.21122214
7346,0,0.27600777
7347,0,0.22018152
7348,0,0.21240093
7349,0,0.35630584
7350,0,0.45052835
7351,0,0.24171838
7352,1,0.6123725
7353,0,0.35858083
7354,1,0.37087235
7355,0,0.20747559
7356,0,0.17090853
7357,0,0.3625448
7358,1,0.8704321
7359,0,0.28978428
7360,0,0.10139737
7361,1,0.6100559
7362,0,0.16087036
7363,0,0.24327505
7364,1,0.25258583
7365,1,0.89216775
7366,0,0.19418545
7367,0,0.44108224
7368,0,0.2617127
7369,0,0.26734012
7370,0,0.14126918
7371,0,0.48599398
7372,0,0.47573355
7373,1,0.89963204
7374,0,0.50478715
7375,0,0.38841802
7376,0,0.32851866
7377,0,0.15656275
7378,0,0.2680657
7379,1,0.5053021
7380,0,0.47096828
7381,0,0.34746373
7382,0,0.45359147
7383,1,0.6169394
7384,0,0.3158061
7385,0,0.13164626
7386,0,0.5043459
7387,0,0.19832686
7388,0,0.20337212
7389,0,0.7106807
7390,0,0.2846798
7391,1,0.5276863
7392,1,0.895244
7393,0,0.414431
7394,1,0.3522003
7395,0,0.24999046
7396,0,0.19229664
7397,1,0.2941049
7398,0,0.5421527
7399,1,0.83562624
7400,0,0.26380312
7401,1,0.78649974
7402,0,0.32239658
7403,0,0.27305037
7404,1,0.2655034
7405,0,0.28891948
7406,0,0.21255854
7407,0,0.35921103
7408,0,0.2743375
7409,0,0.2521016
7410,0,0.44158116
7411,0,0.19767484
7412,0,0.2070228
7413,0,0.17251143
7414,0,0.22307807
7415,0,0.30871463
7416,1,0.65334004
7417,1,0.5934694
7418,0,0.4287649
7419,0,0.29049504
7420,0,0.23922084
7421,0,0.20429109
7422,0,0.29229546
7423,0,0.36010563
7424,0,0.3776748
7425,1,0.48675674
7426,1,0.5735545
7427,0,0.31527624
7428,0,0.35669455
7429,0,0.6453337
7430,0,0.15999372
7431,0,0.93900913
7432,1,0.86339283
7433,0,0.16011032
7434,0,0.33049762
7435,0,0.17548212
7436,1,0.23590855
7437,0,0.21546271
7438,0,0.2510296
7439,0,0.28434485
7440,1,0.8026516
7441,0,0.269435
7442,0,0.90237325
7443,0,0.39034402
7444,0,0.3829078
7445,1,0.80968636
7446,0,0.8954628
7447,0,0.33614472
7448,0,0.11523749
7449,0,0.45675904
7450,0,0.19373158
7451,0,0.77095145
7452,0,0.47704405
7453,0,0.2822994
7454,0,0.6081432
7455,0,0.73974705
7456,0,0.66100454
7457,0,0.2674498
7458,0,0.7639993
7459,0,0.16314268
7460,0,0.8756758
7461,0,0.48224294
7462,0,0.64114535
7463,1,0.2879987
7464,1,0.66134995
7465,0,0.427804
7466,1,0.90685546
7467,0,0.33446097
7468,0,0.39577568
7469,0,0.44488475
7470,0,0.12849921
7471,0,0.49669582
7472,0,0.1877394
7473,0,0.2401498
7474,0,0.7348925
7475,0,0.4534574
7476,0,0.16597776
7477,0,0.45467302
7478,0,0.13824804
7479,0,0.70465094
7480,0,0.2403794
7481,0,0.4402563
7482,0,0.22965968
7483,0,0.2701017
7484,0,0.18434297
7485,0,0.15077431
7486,0,0.51563066
7487,0,0.2225411
7488,0,0.5627891
7489,0,0.20938446
7490,0,0.177143
7491,0,0.22275104
7492,0,0.51176226
7493,0,0.41317216
7494,0,0.33384296
7495,0,0.31681123
7496,1,0.5318316
7497,1,0.3557165
7498,0,0.7669773
7499,1,0.88961005
7500,0,0.20806727
7501,0,0.88629746
7502,0,0.5973452
7503,0,0.33312133
7504,0,0.22146377
7505,0,0.6762374
7506,0,0.610108
7507,1,0.5088626
7508,0,0.17584142
7509,0,0.26902777
7510,0,0.89486897
7511,0,0.56269187
7512,0,0.45462182
7513,0,0.2916792
7514,0,0.2506817
7515,1,0.84873515
7516,0,0.15199421
7517,0,0.43988603
7518,0,0.34041187
7519,0,0.46319613
7520,0,0.7387673
7521,0,0.2624228
7522,0,0.4150765
7523,1,0.8902258
7524,0,0.20361118
7525,0,0.25599155
7526,1,0.52812636
7527,0,0.3194428
7528,0,0.84106547
7529,0,0.1689694
7530,0,0.5550176
7531,1,0.9201932
7532,0,0.4161176
7533,1,0.8117491
7534,0,0.3640466
7535,0,0.32220006
7536,0,0.25929353
7537,0,0.37617266
7538,0,0.90099764
7539,0,0.33850464
7540,0,0.7282793
7541,0,0.49010393
7542,0,0.22497286
7543,0,0.3510919
7544,0,0.22985587
7545,1,0.22187018
7546,1,0.46684712
7547,0,0.22813867
7548,0,0.19336535
7549,0,0.37273896
7550,1,0.3203098
7551,0,0.39714682
7552,0,0.20765305
7553,1,0.37851027
7554,0,0.2721768
7555,0,0.65001726
7556,0,0.38972172
7557,0,0.5375839
7558,0,0.28058168
7559,0,0.3359743
7560,0,0.33504486
7561,0,0.11097449
7562,0,0.55902755
7563,0,0.2256441
7564,0,0.16273111
7565,0,0.17940795
7566,0,0.2411726
7567,0,0.24423304
7568,0,0.6686151
7569,0,0.50522864
7570,1,0.76383334
7571,1,0.16802375
7572,0,0.50048107
7573,0,0.30027264
7574,0,0.33384103
7575,0,0.2651532
7576,0,0.41154197
7577,0,0.32474437
7578,0,0.33534214
7579,1,0.92783886
7580,0,0.2838474
7581,0,0.644048
7582,0,0.4289108
7583,0,0.30917916
7584,0,0.3392273
7585,1,0.15159813
7586,0,0.34088463
7587,1,0.7908058
7588,0,0.6735284
7589,0,0.5475674
7590,0,0.37080997
7591,0,0.40382847
7592,0,0.43692943
7593,0,0.30152804
7594,0,0.35505363
7595,0,0.13711719
7596,0,0.33488545
7597,0,0.4280702
7598,0,0.19172487
7599,0,0.43598926
7600,1,0.19214953
7601,1,0.9094178
7602,0,0.56583154
7603,0,0.123572916
7604,0,0.47173283
7605,1,0.72448653
7606,1,0.28029096
7607,1,0.6778354
7608,0,0.3601325
7609,0,0.8267928
7610,0,0.2544316
7611,0,0.26549077
7612,1,0.5905862
7613,0,0.38754478
7614,0,0.34165058
7615,0,0.114299595
7616,0,0.57746077
7617,0,0.20306689
7618,0,0.19942063
7619,0,0.23732693
7620,1,0.31843534
7621,0,0.50285506
7622,1,0.44810328
7623,1,0.857497
7624,0,0.53182733
7625,0,0.7073683
7626,1,0.3807317
7627,0,0.18209319
7628,0,0.22073358
7629,0,0.25408024
7630,0,0.42852822
7631,0,0.28006646
7632,0,0.24406466
7633,1,0.66969883
7634,0,0.3119069
7635,0,0.17030421
7636,0,0.24626401
7637,0,0.84230566
7638,1,0.30491734
7639,0,0.43985996
7640,0,0.24148017
7641,1,0.35923064
7642,0,0.20994139
7643,0,0.49285865
7644,1,0.52008766
7645,1,0.8499997
7646,0,0.44027555
7647,0,0.7413427
7648,1,0.81272966
7649,0,0.24359871
7650,0,0.74604505
7651,0,0.41728634
7652,0,0.3521186
7653,1,0.5950033
7654,0,0.34405982
7655,0,0.43767822
7656,0,0.47385544
7657,1,0.9031113
7658,1,0.49590865
7659,0,0.8149535
7660,0,0.24041528
7661,0,0.26827803
7662,0,0.3594371
7663,0,0.1904236
7664,0,0.8954425
7665,1,0.33449817
7666,0,0.42491844
7667,0,0.17913564
7668,1,0.7373508
7669,0,0.58751506
7670,0,0.507351
7671,0,0.3164155
7672,0,0.38746065
7673,0,0.27243355
7674,0,0.29958966
7675,0,0.26937887
7676,0,0.34644857
7677,0,0.29832098
7678,0,0.22646397
7679,0,0.22658303
7680,0,0.21084245
7681,0,0.21748751
7682,0,0.15168661
7683,0,0.3618047
7684,0,0.1937588
7685,0,0.19493383
7686,0,0.109749466
7687,0,0.91588837
7688,0,0.17231126
7689,0,0.37724137
7690,1,0.35917193
7691,0,0.52020484
7692,1,0.49965
7693,1,0.5939209
7694,1,0.8855328
7695,0,0.1806622
7696,0,0.19703202
7697,0,0.71918064
7698,0,0.32538012
7699,0,0.25408024
7700,0,0.140587
7701,0,0.20748739
7702,0,0.24205364
7703,0,0.29845855
7704,0,0.39061782
7705,0,0.30899647
7706,1,0.91040844
7707,0,0.24967742
7708,0,0.29188058
7709,0,0.23699541
7710,1,0.9330577
7711,0,0.79916924
7712,0,0.6935662
7713,0,0.2467042
7714,0,0.8873436
7715,0,0.12987769
7716,0,0.715952
7717,1,0.8638748
7718,0,0.44251612
7719,1,0.49852544
7720,0,0.28738043
7721,0,0.094269305
7722,0,0.26742706
7723,0,0.39137143
7724,0,0.16423719
7725,1,0.43082353
7726,0,0.24190195
7727,1,0.7398459
7728,0,0.1376351
7729,0,0.18798438
7730,0,0.13585536
7731,0,0.28572822
7732,0,0.56713754
7733,0,0.33798337
7734,1,0.65614176
7735,0,0.2595977
7736,0,0.37520888
7737,0,0.28745252
7738,0,0.11913397
7739,0,0.16523652
7740,0,0.23264533
7741,0,0.8464312
7742,1,0.3844019
7743,0,0.36150825
7744,0,0.15381683
7745,0,0.56828886
7746,0,0.16440406
7747,0,0.45167258
7748,0,0.082126364
7749,0,0.49326172
7750,0,0.43667635
7751,0,0.28850824
7752,1,0.8372088
7753,0,0.48414555
7754,0,0.31660882
7755,0,0.33482435
7756,1,0.9493253
7757,0,0.20572783
7758,1,0.43429008
7759,1,0.43294007
7760,1,0.7332194
7761,1,0.25645196
7762,0,0.20279385
7763,0,0.25242287
7764,0,0.2315227
7765,0,0.24817269
7766,0,0.9082366
7767,0,0.13058177
7768,0,0.3515462
7769,0,0.2507498
7770,1,0.36684272
7771,0,0.34942815
7772,0,0.26867324
7773,0,0.22527687
7774,0,0.12946138
7775,0,0.4224744
7776,1,0.27656028
7777,0,0.65554255
7778,1,0.55517125
7779,0,0.3997548
7780,0,0.2954867
7781,0,0.40905705
7782,0,0.36588234
7783,0,0.44439647
7784,0,0.7617705
7785,0,0.48935527
7786,0,0.18800339
7787,0,0.11363342
7788,0,0.32249713
7789,0,0.25880292
7790,0,0.27175662
7791,0,0.19005434
7792,0,0.33926484
7793,0,0.4223281
7794,0,0.34558
7795,1,0.8669261
7796,0,0.21612623
7797,0,0.59266335
7798,0,0.29160944
7799,0,0.26437455
7800,0,0.3979823
7801,1,0.41131744
7802,1,0.7994681
7803,0,0.37095818
7804,0,0.7249868
7805,0,0.42233318
7806,0,0.37752742
7807,1,0.9171161
7808,0,0.25703108
7809,0,0.43119296
7810,0,0.46151763
7811,1,0.8779119
7812,0,0.49191323
7813,0,0.42636272
7814,0,0.19836038
7815,0,0.46547365
7816,1,0.9159202
7817,0,0.29394826
7818,0,0.38715467
7819,0,0.17449711
7820,0,0.21796088
7821,0,0.19179273
7822,0,0.16461486
7823,0,0.48336437
7824,0,0.5895864
7825,1,0.35342032
7826,0,0.14832324
7827,0,0.32222173
7828,1,0.82797176
7829,0,0.32743028
7830,0,0.2064217
7831,1,0.5108391
7832,0,0.36130944
7833,1,0.89193416
7834,0,0.29756075
7835,0,0.23380752
7836,1,0.29806417
7837,0,0.3180661
7838,0,0.7070936
7839,0,0.28424683
7840,1,0.17634626
7841,0,0.24763969
7842,0,0.8937277
7843,0,0.22136399
7844,0,0.29940528
7845,1,0.59161824
7846,0,0.17633581
7847,0,0.46004617
7848,0,0.37038845
7849,1,0.88014084
7850,0,0.37889287
7851,0,0.1802062
7852,0,0.16823038
7853,0,0.89669055
7854,1,0.4018377
7855,1,0.5494283
7856,0,0.16036658
7857,0,0.16195899
7858,1,0.18395525
7859,0,0.46483564
7860,0,0.25404525
7861,0,0.30381852
7862,0,0.34957203
7863,0,0.34722337
7864,1,0.56890416
7865,0,0.25091615
7866,0,0.8484481
7867,0,0.20818496
7868,1,0.384666
7869,0,0.13724379
7870,0,0.65569186
7871,1,0.92666847
7872,0,0.42023396
7873,0,0.32762903
7874,0,0.45291984
7875,1,0.19829042
7876,0,0.23643245
7877,0,0.300976
7878,0,0.48409426
7879,1,0.2768339
7880,0,0.22787581
7881,0,0.18281488
7882,1,0.7181367
7883,0,0.10668158
7884,1,0.4406017
7885,0,0.27447343
7886,1,0.54229647
7887,0,0.49452692
7888,0,0.27129173
7889,0,0.23152673
7890,0,0.3870254
7891,1,0.5467345
7892,0,0.24853109
7893,0,0.2963521
7894,0,0.38797107
7895,0,0.2991242
7896,0,0.908099
7897,0,0.742265
7898,0,0.23692247
7899,0,0.34456807
7900,0,0.34147105
7901,0,0.3363439
7902,1,0.45678967
7903,0,0.0974331
7904,1,0.9483233
7905,0,0.2257723
7906,0,0.37147987
7907,0,0.84829485
7908,0,0.51589435
7909,0,0.88095087
7910,0,0.16951016
7911,0,0.5604042
7912,0,0.22498512
7913,1,0.68659365
7914,0,0.8949204
7915,1,0.24708468
7916,0,0.35370964
7917,0,0.19384478
7918,0,0.41324496
7919,1,0.91972524
7920,0,0.21740037
7921,0,0.41776022
7922,0,0.29117635
7923,0,0.17645884
7924,0,0.45025027
7925,1,0.42788464
7926,0,0.18149617
7927,0,0.29603714
7928,0,0.30066592
7929,0,0.36715797
7930,0,0.3959655
7931,0,0.35908464
7932,0,0.20205386
7933,0,0.5440161
7934,0,0.6556093
7935,0,0.4412765
7936,0,0.35356355
7937,0,0.10751611
7938,1,0.8888691
7939,0,0.39502525
7940,1,0.9248558
7941,0,0.20241475
7942,1,0.75891685
7943,0,0.35020635
7944,1,0.89546233
7945,1,0.49661618
7946,0,0.3145304
7947,1,0.8450178
7948,1,0.5112099
7949,0,0.6960312
7950,1,0.9248082
7951,0,0.6473761
7952,0,0.18322055
7953,0,0.5283856
7954,0,0.41497883
7955,1,0.6795756
7956,0,0.26467112
7957,1,0.70136786
7958,0,0.14655495
7959,1,0.9383285
7960,1,0.35261363
7961,0,0.30065218
7962,0,0.63056546
7963,0,0.41342667
7964,0,0.3591841
7965,0,0.6898692
7966,0,0.39558938
7967,0,0.47018194
7968,0,0.23234259
7969,0,0.12483728
7970,1,0.26122767
7971,0,0.3240536
7972,1,0.27875552
7973,0,0.26405734
7974,0,0.39282507
7975,0,0.17918225
7976,0,0.16933821
7977,1,0.9383881
7978,1,0.222208
7979,0,0.1397351
7980,0,0.38751826
7981,1,0.22916508
7982,0,0.36359122
7983,0,0.2906894
7984,1,0.6095505
7985,0,0.2698614
7986,0,0.132878
7987,0,0.30416352
7988,0,0.53297216
7989,0,0.3268535
7990,0,0.41223776
7991,0,0.17468669
7992,0,0.30201864
7993,0,0.23871024
7994,0,0.31635013
7995,0,0.6950126
7996,0,0.40665886
7997,1,0.44649482
7998,0,0.377701
7999,0,0.12794289
8000,1,0.57130265
8001,1,0.4861987
8002,1,0.93522185
8003,0,0.24814337
8004,1,0.80651486
8005,0,0.22916727
8006,1,0.39048448
8007,0,0.13178816
8008,1,0.47288552
8009,0,0.14258574
8010,0,0.78186196
8011,0,0.79935044
8012,0,0.24254683
8013,0,0.61143124
8014,0,0.40557247
8015,1,0.4968523
8016,0,0.15878406
8017,0,0.85809064
8018,0,0.32908794
8019,0,0.35037786
8020,0,0.42050743
8021,0,0.63822716
8022,0,0.35902312
8023,0,0.29944953
8024,0,0.21689413
8025,0,0.5806434
8026,0,0.17622977
8027,0,0.27520502
8028,0,0.42392668
8029,0,0.37123564
8030,0,0.66328174
8031,0,0.8682359
8032,0,0.4443133
8033,0,0.2837825
8034,1,0.29665604
8035,1,0.8570146
8036,0,0.7109126
8037,0,0.41879135
8038,0,0.88518566
8039,0,0.81315523
8040,0,0.37269762
8041,0,0.43818873
8042,0,0.096366495
8043,0,0.2824237
8044,1,0.9444824
8045,1,0.76078254
8046,0,0.16248457
8047,0,0.3313018
8048,0,0.14262497
8049,0,0.33554083
8050,0,0.51720923
8051,1,0.88034993
8052,0,0.44732693
8053,0,0.11893169
8054,0,0.29920143
8055,0,0.17176838
8056,1,0.39623523
8057,0,0.28424683
8058,0,0.13793094
8059,0,0.5106871
8060,1,0.84783405
8061,1,0.35224354
8062,0,0.29643825
8063,0,0.17151137
8064,0,0.44875503
8065,0,0.36240527
8066,0,0.493706
8067,0,0.4291174
8068,0,0.7531057
8069,0,0.2128266
8070,1,0.58450276
8071,0,0.13188641
8072,0,0.4188547
8073,0,0.7976858
8074,0,0.15006135
8075,0,0.30621222
8076,0,0.68421817
8077,0,0.37026748
8078,0,0.3844125
8079,0,0.65857756
8080,1,0.88789123
8081,0,0.3823813
8082,1,0.48543376
8083,0,0.1248915
8084,0,0.46245962
8085,0,0.16719803
8086,0,0.2904026
8087,0,0.15312393
8088,0,0.15321526
8089,0,0.23737313
8090,0,0.24147333
8091,0,0.18247174
8092,1,0.6311525
8093,0,0.40596858
8094,0,0.10024402
8095,0,0.6861453
8096,0,0.11114411
8097,0,0.18579692
8098,0,0.40406674
8099,0,0.23392022
8100,0,0.5181026
8101,0,0.6404731
8102,1,0.51057506
8103,0,0.28016666
8104,0,0.25571164
8105,0,0.36595336
8106,0,0.17133468
8107,0,0.29959714
8108,0,0.12658438
8109,0,0.26300517
8110,0,0.3064284
8111,0,0.18097377
8112,0,0.5440243
8113,0,0.14522631
8114,1,0.26406977
8115,0,0.41111872
8116,0,0.6095505
8117,1,0.2708383
8118,0,0.5187002
8119,0,0.15740402
8120,0,0.4912119
8121,0,0.6295586
8122,0,0.51794297
8123,0,0.40122533
8124,0,0.3448452
8125,0,0.37602866
8126,0,0.32481444
8127,0,0.84173155
8128,0,0.39634916
8129,1,0.87956756
8130,0,0.58608484
8131,0,0.24855311
8132,0,0.1953644
8133,0,0.33375815
8134,0,0.27693453
8135,1,0.9109336
8136,0,0.37509438
8137,0,0.066928186
8138,1,0.92505664
8139,0,0.18240766
8140,0,0.28147605
8141,1,0.47861677
8142,1,0.31126326
8143,0,0.36872885
8144,1,0.3862442
8145,0,0.39372566
8146,0,0.24595079
8147,1,0.8537311
8148,0,0.23925932
8149,0,0.1347652
8150,1,0.7494416
8151,1,0.21437664
8152,1,0.8597335
8153,0,0.1291531
8154,0,0.46394473
8155,0,0.3882934
8156,0,0.39125335
8157,0,0.19171648
8158,0,0.37187508
8159,0,0.25872287
8160,0,0.14740436
8161,1,0.3114277
8162,0,0.15308654
8163,0,0.40131843
8164,0,0.43127626
8165,0,0.8587992
8166,1,0.36297867
8167,0,0.4306229
8168,0,0.17845678
8169,0,0.57573843
8170,0,0.27944502
8171,0,0.49197704
8172,0,0.2849149
8173,0,0.6922978
8174,0,0.22143292
8175,0,0.6026081
8176,0,0.16699469
8177,1,0.44879755
8178,0,0.42496154
8179,0,0.21218108
8180,1,0.7111986
8181,0,0.5088626
8182,1,0.6893092
8183,0,0.1705842
8184,0,0.37632954
8185,0,0.14655775
8186,0,0.25619924
8187,0,0.40917948
8188,0,0.32539988
8189,0,0.36231536
8190,0,0.4908064
8191,0,0.48027053
8192,0,0.63731307
8193,0,0.48869467
8194,0,0.31384403
8195,0,0.40179288
8196,0,0.27251044
8197,0,0.10904725
8198,1,0.82959926
8199,1,0.81875104
8200,0,0.22690402
8201,0,0.59134996
8202,0,0.27861226
8203,0,0.51104254
8204,1,0.3700791
8205,1,0.53326464
8206,0,0.20066977
8207,0,0.92142457
8208,0,0.25832
8209,0,0.22078887
8210,0,0.18067645
8211,0,0.19486272
8212,0,0.14424263
8213,0,0.5296527
8214,1,0.4923312
8215,0,0.18262787
8216,0,0.151416
8217,0,0.31807572
8218,0,0.60523266
8219,0,0.4338308
8220,0,0.4246053
8221,0,0.56335837
8222,0,0.27915967
8223,0,0.5640307
8224,0,0.36780733
8225,0,0.10051497
8226,0,0.39285865
8227,0,0.4247554
8228,0,0.27709663
8229,0,0.21382096
8230,1,0.754951
8231,0,0.31582773
8232,0,0.89176065
8233,0,0.12437597
8234,0,0.46219826
8235,1,0.29323566
8236,0,0.31637192
8237,1,0.91756773
8238,0,0.3301995
8239,0,0.34471452
8240,0,0.35318837
8241,0,0.24261692
8242,0,0.24464521
8243,1,0.36408108
8244,0,0.4138468
8245,0,0.790958
8246,0,0.2538691
8247,0,0.39226353
8248,1,0.7663109
8249,0,0.37490302
8250,0,0.17100012
8251,0,0.44737068
8252,0,0.6906291
8253,1,0.8916476
8254,0,0.20765333
8255,0,0.09176298
8256,0,0.22420825
8257,1,0.9057096
8258,1,0.5093895
8259,0,0.7661902
8260,1,0.6636456
8261,0,0.51556104
8262,0,0.6097741
8263,1,0.45596486
8264,0,0.64865243
8265,0,0.6877912
8266,0,0.513291
8267,0,0.17924573
8268,0,0.41019905
8269,0,0.23681118
8270,0,0.17177369
8271,1,0.5706681
8272,0,0.4310502
8273,1,0.5279541
8274,0,0.29906604
8275,0,0.7861221
8276,1,0.49143448
8277,0,0.638698
8278,0,0.21813913
8279,1,0.87781817
8280,1,0.9143341
8281,0,0.23369299
8282,0,0.58273107
8283,0,0.31681165
8284,0,0.6570618
8285,0,0.24385165
8286,1,0.8941221
8287,0,0.48707578
8288,0,0.34905818
8289,0,0.6973024
8290,0,0.37957412
8291,0,0.32663476
8292,0,0.29944104
8293,0,0.49148795
8294,0,0.3426866
8295,0,0.6095505
8296,0,0.37153286
8297,0,0.24261439
8298,0,0.5787628
8299,1,0.49452105
8300,0,0.15022504
8301,0,0.2387078
8302,0,0.34710386
8303,0,0.12785393
8304,0,0.13099821
8305,1,0.9171383
8306,0,0.3455182
8307,0,0.25773814
8308,1,0.7453207
8309,1,0.36503717
8310,1,0.7257698
8311,0,0.39615464
8312,0,0.44198242
8313,0,0.15097684
8314,0,0.3433343
8315,0,0.40321904
8316,1,0.92150706
8317,0,0.8644385
8318,0,0.09087654
8319,1,0.91904855
8320,0,0.3468671
8321,1,0.8850842
8322,0,0.5357309
8323,0,0.19764028
8324,0,0.19286996
8325,0,0.7544654
8326,0,0.1814957
8327,1,0.23420697
8328,0,0.74946606
8329,0,0.43874258
8330,0,0.12183292
8331,0,0.21395986
8332,0,0.32541603
8333,0,0.45397612
8334,0,0.41212142
8335,1,0.87524426
8336,0,0.6001122
8337,0,0.5441527
8338,0,0.7991238
8339,0,0.6017297
8340,0,0.62160826
8341,0,0.35974905
8342,1,0.7556647
8343,0,0.39079097
8344,0,0.18638812
8345,0,0.49561003
8346,0,0.3952504
8347,0,0.31947315
8348,0,0.2743053
8349,0,0.49025464
8350,0,0.48991907
8351,0,0.413968
8352,0,0.4208192
8353,0,0.3064212
8354,0,0.56217957
8355,1,0.51437086
8356,0,0.35764694
8357,0,0.40236667
8358,0,0.4069103
8359,0,0.62339306
8360,0,0.16278052
8361,1,0.48018467
8362,1,0.58507127
8363,0,0.23684844
8364,0,0.27298564
8365,0,0.4230504
8366,1,0.5424026
8367,0,0.25484544
8368,0,0.37345803
8369,1,0.8891088
8370,0,0.23862934
8371,0,0.26330045
8372,0,0.78249514
8373,1,0.63707453
8374,0,0.2970486
8375,0,0.40120363
8376,0,0.09420156
8377,0,0.31378964
8378,0,0.3739716
8379,0,0.69883114
8380,1,0.79990864
8381,0,0.4760746
8382,0,0.441134
8383,0,0.28852966
8384,0,0.13711397
8385,1,0.29915637
8386,0,0.3512166
8387,0,0.6113493
8388,0,0.34983423
8389,0,0.33747452
8390,1,0.8784522
8391,0,0.37526998
8392,0,0.26662648
8393,1,0.488507
8394,0,0.56105167
8395,0,0.41083178
8396,0,0.29754698
8397,0,0.28976807
8398,0,0.8596282
8399,0,0.1068989
8400,0,0.48546073
8401,0,0.5385018
8402,0,0.39783028
8403,1,0.15688092
8404,0,0.8842398
8405,0,0.32018358
8406,0,0.33296344
8407,0,0.20688611
8408,1,0.8803914
8409,0,0.33556938
8410,0,0.42287183
8411,0,0.54331684
8412,1,0.9016276
8413,0,0.18345685
8414,1,0.45335308
8415,1,0.5044039
8416,0,0.21551289
8417,0,0.2905968
8418,0,0.28503874
8419,1,0.8429416
8420,1,0.45890847
8421,1,0.47526893
8422,0,0.1797794
8423,0,0.2796209
8424,0,0.19485736
8425,1,0.9217176
8426,0,0.37416804
8427,0,0.87029487
8428,0,0.27834886
8429,0,0.27438492
8430,0,0.39655632
8431,1,0.7141405
8432,0,0.2762868
8433,1,0.35827267
8434,0,0.28624892
8435,0,0.6453802
8436,0,0.3064245
8437,0,0.3945638
8438,0,0.82895356
8439,0,0.42403576
8440,0,0.3337501
8441,0,0.3188449
8442,0,0.21918634
8443,0,0.21075863
8444,0,0.5403144
8445,0,0.54273176
8446,0,0.10082334
8447,0,0.26672554
8448,0,0.8691299
8449,0,0.4501359
8450,0,0.30707818
8451,1,0.7534129
8452,0,0.4062428
8453,0,0.2950559
8454,1,0.42083228
8455,1,0.8671665
8456,0,0.2586411
8457,0,0.40632668
8458,1,0.82906026
8459,0,0.54885536
8460,1,0.39327183
8461,0,0.1639246
8462,0,0.82008517
8463,0,0.17105822
8464,0,0.45274335
8465,0,0.45553848
8466,0,0.2727216
8467,0,0.23202208
8468,0,0.42789903
8469,0,0.8595433
8470,0,0.3226787
8471,0,0.9194137
8472,0,0.5054933
8473,1,0.6930508
8474,0,0.20276949
8475,0,0.22003922
8476,0,0.33154395
8477,0,0.3694864
8478,0,0.20333193
8479,1,0.88172287
8480,0,0.56403923
8481,0,0.30844343
8482,0,0.6677132
8483,0,0.22960636
8484,0,0.18337719
8485,0,0.27960357
8486,0,0.91030174
8487,0,0.18445227
8488,1,0.5971553
8489,0,0.3515446
8490,0,0.16686895
8491,0,0.17656824
8492,0,0.4353474
8493,0,0.14748876
8494,0,0.19501196
8495,0,0.36914474
8496,0,0.25722575
8497,0,0.37914634
8498,0,0.4223471
8499,1,0.4789471
8500,0,0.21937874
8501,1,0.49377608
8502,0,0.21220566
8503,1,0.85946023
8504,0,0.15088418
8505,0,0.30471268
8506,1,0.7187571
8507,0,0.16076699
8508,0,0.4414856
8509,0,0.42805597
8510,0,0.2762122
8511,0,0.18234383
8512,1,0.8516154
8513,0,0.3974358
8514,1,0.6484473
8515,0,0.7603497
8516,0,0.56502473
8517,0,0.2957261
8518,0,0.22898223
8519,0,0.44681075
8520,0,0.2342724
8521,0,0.4325046
8522,1,0.6173123
8523,0,0.28602228
8524,1,0.8749776
8525,0,0.17140216
8526,0,0.3895373
8527,0,0.21911685
8528,0,0.3758283
8529,0,0.7803292
8530,0,0.2910962
8531,0,0.38745698
8532,0,0.25783068
8533,0,0.20249726
8534,0,0.79927754
8535,0,0.64769346
8536,1,0.6257151
8537,0,0.5915369
8538,0,0.4076663
8539,0,0.33147374
8540,0,0.30336943
8541,0,0.5994932
8542,0,0.65307844
8543,0,0.21092278
8544,1,0.6032603
8545,0,0.40834513
8546,0,0.15047121
8547,0,0.26401687
8548,0,0.24967983
8549,0,0.46594545
8550,0,0.29408047
8551,0,0.21910448
8552,0,0.32227203
8553,0,0.20659442
8554,0,0.33484313
8555,0,0.11952235
8556,1,0.556242
8557,0,0.31032377
8558,0,0.41993567
8559,0,0.2884297
8560,0,0.54654115
8561,1,0.3781265
8562,0,0.6290116
8563,0,0.91960615
8564,0,0.9035754
8565,0,0.54458815
8566,0,0.5123533
8567,1,0.48615983
8568,1,0.4980449
8569,0,0.17043065
8570,0,0.13047546
8571,0,0.22335576
8572,0,0.34505934
8573,0,0.4337094
8574,0,0.6065491
8575,0,0.15795283
8576,0,0.13920516
8577,0,0.3070708
8578,1,0.89830244
8579,0,0.2252385
8580,0,0.14737739
8581,0,0.85200995
8582,0,0.25276136
8583,0,0.36212316
8584,1,0.41475347
8585,0,0.34306908
8586,0,0.713371
8587,0,0.19151835
8588,0,0.77188396
8589,1,0.8814238
8590,1,0.8690488
8591,0,0.33502546
8592,0,0.60025495
8593,0,0.20646104
8594,0,0.28833812
8595,0,0.41603085
8596,0,0.13466479
8597,0,0.43422505
8598,0,0.18228249
8599,0,0.232734
8600,0,0.19951537
8601,0,0.5143114
8602,1,0.35917193
8603,0,0.16629368
8604,1,0.8730623
8605,0,0.6286917
8606,1,0.9203622
8607,0,0.4321561
8608,0,0.28712425
8609,0,0.47944897
8610,0,0.9134926
8611,0,0.24783927
8612,0,0.25400567
8613,0,0.2449335
8614,0,0.25651038
8615,0,0.22840524
8616,0,0.48668158
8617,0,0.3257887
8618,0,0.48074037
8619,0,0.5054199
8620,0,0.4289922
8621,0,0.28826976
8622,0,0.24887876
8623,0,0.25785914
8624,0,0.24514942
8625,0,0.5666373
8626,1,0.9378363
8627,1,0.38964406
8628,0,0.59926724
8629,0,0.530096
8630,0,0.2449152
8631,0,0.29940996
8632,0,0.73450136
8633,0,0.47882488
8634,0,0.23842861
8635,0,0.30901682
8636,0,0.7859118
8637,0,0.3234468
8638,0,0.6393514
8639,0,0.36412176
8640,1,0.6052798
8641,0,0.15817273
8642,0,0.47072634
8643,1,0.5181026
8644,0,0.4542561
8645,0,0.36816
8646,0,0.1994593
8647,1,0.9220577
8648,0,0.27700686
8649,1,0.9167055
8650,1,0.37967652
8651,1,0.42427632
8652,0,0.23807022
8653,0,0.3287379
8654,0,0.29825088
8655,0,0.45887306
8656,1,0.7822173
8657,0,0.21075863
8658,1,0.37651905
8659,0,0.16542387
8660,0,0.18097402
8661,0,0.3295472
8662,0,0.56986433
8663,1,0.4265366
8664,0,0.177157
8665,0,0.75028104
8666,0,0.14883238
8667,0,0.36403582
8668,0,0.4852528
8669,0,0.49234885
8670,0,0.21002805
8671,0,0.16392456
8672,0,0.6181205
8673,0,0.41087797
8674,0,0.40591645
8675,0,0.5586818
8676,0,0.73643357
8677,0,0.25490993
8678,0,0.6074273
8679,0,0.2509367
8680,1,0.7386074
8681,0,0.34011757
8682,0,0.349017
8683,1,0.8468565
8684,1,0.9328975
8685,0,0.19055332
8686,0,0.4183271
8687,0,0.35967872
8688,0,0.51245505
8689,0,0.2987921
8690,0,0.46905285
8691,0,0.35591224
8692,0,0.13503498
8693,1,0.86876583
8694,0,0.4257892
8695,0,0.29122183
8696,0,0.612245
8697,0,0.8964917
8698,0,0.6168477
8699,0,0.55802715
8700,0,0.8496064
8701,0,0.23103568
8702,1,0.9008596
8703,0,0.2035021
8704,0,0.4358785
8705,0,0.34818083
8706,1,0.65520954
8707,0,0.2171337
8708,0,0.3448904
8709,0,0.43291345
8710,0,0.16946848
8711,0,0.27690807
8712,1,0.1673668
8713,0,0.32128897
8714,0,0.4901805
8715,0,0.1611138
8716,0,0.91315955
8717,0,0.4816909
8718,1,0.8774944
8719,0,0.36299163
8720,0,0.18971638
8721,0,0.3059063
8722,0,0.36919227
8723,0,0.40338597
8724,0,0.18690981
8725,0,0.32793948
8726,0,0.26779467
8727,0,0.18635075
8728,0,0.18192099
8729,0,0.5891982
8730,0,0.2310922
8731,0,0.22859246
8732,0,0.37927786
8733,0,0.36193526
8734,0,0.18240647
8735,0,0.38234088
8736,1,0.92206126
8737,0,0.20050964
8738,0,0.41547778
8739,1,0.86360943
8740,0,0.5361699
8741,0,0.25236365
8742,0,0.2350162
8743,0,0.4402009
8744,1,0.8772905
8745,0,0.17396048
8746,0,0.65411484
8747,0,0.7977238
8748,0,0.10194661
8749,0,0.22395115
8750,0,0.37958965
8751,0,0.33901885
8752,0,0.39348406
8753,0,0.2674641
8754,1,0.49248326
8755,0,0.18428493
8756,0,0.40331095
8757,0,0.3653127
8758,0,0.4674392
8759,0,0.35472172
8760,0,0.19353312
8761,0,0.19240429
8762,0,0.43530646
8763,1,0.38118
8764,0,0.21851228
8765,0,0.38304454
8766,0,0.2546195
8767,1,0.87245995
8768,0,0.37294033
8769,0,0.22185577
8770,0,0.28885135
8771,0,0.4878934
8772,0,0.22065942
8773,0,0.1882399
8774,0,0.42017314
8775,0,0.16851339
8776,1,0.79046637
8777,0,0.18127935
8778,0,0.3760915
8779,1,0.40737748
8780,1,0.91310394
8781,0,0.41471133
8782,0,0.52317643
8783,0,0.4836028
8784,0,0.42430294
8785,0,0.91515607
8786,0,0.40198725
8787,0,0.58461714
8788,0,0.52178717
8789,0,0.22192807
8790,0,0.2951481
8791,0,0.898241
8792,0,0.24764659
8793,0,0.29752162
8794,1,0.91999435
8795,0,0.3920857
8796,1,0.89331836
8797,0,0.65551853
8798,0,0.24319954
8799,0,0.86792016
8800,0,0.61362123
8801,0,0.4191267
8802,1,0.5986919
8803,0,0.1482152
8804,0,0.28850716
8805,0,0.25604585
8806,0,0.30792952
8807,0,0.28562123
8808,0,0.5050597
8809,0,0.7660582
8810,1,0.34998453
8811,0,0.2787735
8812,0,0.6886359
8813,0,0.20384645
8814,0,0.2500601
8815,0,0.15084082
8816,0,0.42563975
8817,1,0.548827
8818,0,0.47499987
8819,0,0.29798755
8820,1,0.86010194
8821,0,0.47757122
8822,0,0.30322012
8823,0,0.16654277
8824,1,0.29146108
8825,0,0.6142527
8826,0,0.3019313
8827,0,0.39394522
8828,1,0.28897288
8829,1,0.22054474
8830,0,0.36004293
8831,0,0.103934444
8832,0,0.24842551
8833,0,0.5900013
8834,0,0.18326434
8835,0,0.11312466
8836,0,0.38179773
8837,0,0.40924183
8838,0,0.24161996
8839,0,0.16800664
8840,1,0.881764
8841,1,0.8993988
8842,1,0.5812252
8843,0,0.89956856
8844,1,0.5796578
8845,1,0.54657096
8846,0,0.4805651
8847,0,0.4889089
8848,0,0.7568517
8849,0,0.293617
8850,1,0.7168182
8851,0,0.3431357
8852,0,0.19528168
8853,1,0.44903976
8854,0,0.31211352
8855,0,0.19864783
8856,0,0.37116796
8857,0,0.5441613
8858,0,0.6396683
8859,0,0.3173621
8860,0,0.9316223
8861,0,0.33169454
8862,0,0.30134803
8863,1,0.821031
8864,0,0.45437866
8865,0,0.8349602
8866,0,0.56000704
8867,1,0.94771934
8868,0,0.30907813
8869,1,0.84542376
8870,0,0.48214868
8871,0,0.21686484
8872,1,0.60129267
8873,0,0.23319858
8874,0,0.55075926
8875,1,0.45667195
8876,0,0.4123922
8877,0,0.23787093
8878,0,0.5671093
8879,1,0.5248793
8880,0,0.5968216
8881,0,0.4287498
8882,0,0.25298163
8883,0,0.41210467
8884,1,0.66885734
8885,0,0.35380617
8886,0,0.2657343
8887,1,0.90432954
8888,0,0.2096857
8889,1,0.9251094
8890,1,0.8344846
8891,1,0.8866322
8892,0,0.3553631
8893,1,0.61721605
8894,0,0.25267723
8895,1,0.91717446
8896,0,0.31505817
8897,0,0.25080442
8898,0,0.5619605
8899,0,0.43474653
8900,0,0.36003077
8901,0,0.27121598
8902,0,0.17705078
8903,0,0.1243165
8904,0,0.40572485
8905,1,0.61362123
8906,1,0.28060627
8907,0,0.27469292
8908,0,0.5352998
8909,0,0.18806039
8910,0,0.33578533
8911,0,0.250955
8912,1,0.89474684
8913,1,0.65258336
8914,0,0.22803077
8915,0,0.48631617
8916,1,0.9093066
8917,1,0.9004631
8918,0,0.20231959
8919,1,0.53182733
8920,0,0.3073713
8921,1,0.38475618
8922,1,0.67698056
8923,0,0.49860126
8924,0,0.22074057
8925,0,0.3618047
8926,1,0.54339945
8927,1,0.844873
8928,0,0.22337855
8929,0,0.14446503
8930,0,0.20786726
8931,0,0.33350527
8932,1,0.55645615
8933,0,0.36901784
8934,0,0.24132234
8935,1,0.9245218
8936,0,0.21971795
8937,1,0.59023994
8938,0,0.66403484
8939,0,0.36667758
8940,0,0.47113428
8941,0,0.31520063
8942,0,0.19580089
8943,1,0.79862106
8944,1,0.8610823
8945,0,0.28238437
8946,0,0.28725535
8947,0,0.35642204
8948,0,0.4958706
8949,0,0.35854915
8950,0,0.3430159
8951,1,0.47206035
8952,0,0.39711183
8953,0,0.11469321
8954,0,0.5122049
8955,1,0.8462146
8956,0,0.32654014
8957,0,0.32024118
8958,0,0.45998487
8959,0,0.17935362
8960,0,0.43636993
8961,0,0.43140322
8962,1,0.93714094
8963,0,0.30017185
8964,0,0.54053205
8965,0,0.4704632
8966,1,0.84250605
8967,0,0.8104299
8968,0,0.46088752
8969,1,0.9239288
8970,0,0.13171193
8971,0,0.47424635
8972,1,0.8404836
8973,0,0.26877707
8974,1,0.920301
8975,0,0.24323356
8976,0,0.40436658
8977,0,0.79535437
8978,0,0.5056029
8979,0,0.6132439
8980,0,0.18847904
8981,0,0.20669644
8982,0,0.24266124
8983,0,0.70705414
8984,0,0.31146792
8985,0,0.27996922
8986,0,0.4165569
8987,0,0.35555068
8988,0,0.17866874
8989,0,0.6095505
8990,0,0.4298747
8991,1,0.24862383
8992,0,0.87714356
8993,0,0.5364908
8994,0,0.3194869
8995,0,0.2294077
8996,0,0.71247035
8997,0,0.4381448
8998,1,0.3882964
8999,0,0.48048362
9000,1,0.68664473
9001,1,0.58145773
9002,0,0.32449228
9003,0,0.45509315
9004,0,0.29097214
9005,0,0.31462544
9006,0,0.36412066
9007,0,0.32484862
9008,0,0.8112901
9009,1,0.5302566
9010,1,0.90958947
9011,0,0.6186745
9012,0,0.47172913
9013,0,0.9137553
9014,0,0.8144912
9015,1,0.35531655
9016,0,0.73982805
9017,0,0.24806719
9018,0,0.3212295
9019,1,0.9119647
9020,1,0.5914801
9021,0,0.62670577
9022,1,0.7528648
9023,0,0.4240969
9024,0,0.43912748
9025,0,0.23248728
9026,0,0.241851
9027,0,0.61950564
9028,0,0.16987911
9029,0,0.33380014
9030,0,0.12936667
9031,1,0.20705897
9032,0,0.35821834
9033,0,0.8663695
9034,0,0.29288793
9035,0,0.4271308
9036,0,0.24230492
9037,1,0.8727547
9038,0,0.2641622
9039,0,0.62062496
9040,0,0.3275863
9041,0,0.4000067
9042,0,0.39115483
9043,1,0.50815296
9044,0,0.43899077
9045,0,0.26767176
9046,0,0.8302566
9047,0,0.30001205
9048,0,0.57245815
9049,0,0.21748751
9050,0,0.24206345
9051,0,0.5561951
9052,0,0.32037872
9053,0,0.24477479
9054,0,0.5639054
9055,0,0.16827008
9056,0,0.14612252
9057,0,0.46560636
9058,0,0.42513978
9059,0,0.22696279
9060,0,0.30051106
9061,1,0.18531016
9062,1,0.8730745
9063,0,0.40801582
9064,0,0.47243837
9065,0,0.73071384
9066,1,0.416165
9067,0,0.31624058
9068,1,0.56205183
9069,0,0.15506724
9070,0,0.18704309
9071,0,0.6456614
9072,1,0.3448452
9073,0,0.11582523
9074,0,0.20244195
9075,0,0.22121707
9076,0,0.1792024
9077,0,0.42137834
9078,0,0.27942944
9079,0,0.5958489
9080,1,0.40940005
9081,0,0.32004303
9082,0,0.24459858
9083,1,0.92298895
9084,0,0.45431724
9085,0,0.58343214
9086,0,0.73697984
9087,1,0.42474523
9088,1,0.86361545
9089,0,0.59339416
9090,0,0.09342247
9091,0,0.174344
9092,1,0.90201926
9093,0,0.887051
9094,0,0.37441695
9095,1,0.60120946
9096,0,0.43425217
9097,0,0.46428075
9098,0,0.26824775
9099,1,0.44350424
9100,0,0.32730728
9101,0,0.33703285
9102,1,0.91923475
9103,0,0.17112023
9104,0,0.70033073
9105,0,0.50725627
9106,0,0.5185544
9107,0,0.45800975
9108,0,0.14735793
9109,0,0.4335833
9110,0,0.4371708
9111,0,0.7157899
9112,0,0.2660957
9113,1,0.9212901
9114,0,0.26850498
9115,0,0.8872525
9116,0,0.6812607
9117,0,0.41985032
9118,0,0.5726134
9119,0,0.45518124
9120,0,0.53430086
9121,0,0.1471677
9122,0,0.24233773
9123,1,0.19706236
9124,0,0.2493756
9125,0,0.40273896
9126,0,0.2699204
9127,0,0.25710392
9128,0,0.1141649
9129,0,0.2612563
9130,1,0.8596256
9131,1,0.50916815
9132,0,0.18220598
9133,0,0.25112453
9134,0,0.20705824
9135,0,0.18742609
9136,1,0.633022
9137,1,0.8881097
9138,0,0.21266693
9139,0,0.5804068
9140,0,0.33516428
9141,0,0.1876794
9142,1,0.44045925
9143,0,0.22355504
9144,0,0.35015595
9145,1,0.753271
9146,0,0.23642099
9147,1,0.51207393
9148,0,0.15064925
9149,0,0.46222913
9150,0,0.36339334
9151,0,0.54226357
9152,0,0.46478814
9153,1,0.87256956
9154,0,0.25661293
9155,0,0.14511663
9156,0,0.19132982
9157,0,0.19753182
9158,1,0.37438834
9159,1,0.30588365
9160,0,0.2502946
9161,0,0.08394521
9162,0,0.3108108
9163,1,0.8779209
9164,1,0.2594737
9165,0,0.4323537
9166,1,0.44837564
9167,1,0.2865298
9168,0,0.17398839
9169,0,0.22681482
9170,0,0.36048892
9171,0,0.5933514
9172,0,0.7600788
9173,0,0.28875482
9174,0,0.40946153
9175,0,0.28519472
9176,0,0.3856977
9177,0,0.27654877
9178,1,0.6905109
9179,1,0.84621936
9180,0,0.32297865
9181,0,0.2110392
9182,1,0.41933316
9183,1,0.28283012
9184,1,0.53531325
9185,0,0.2551489
9186,0,0.34600532
9187,1,0.6616989
9188,0,0.6939119
9189,1,0.8693014
9190,0,0.4608785
9191,0,0.5002389
9192,0,0.15601347
9193,0,0.7058792
9194,0,0.14067958
9195,0,0.65205956
9196,0,0.248034
9197,0,0.4097425
9198,0,0.36613005
9199,0,0.17695414
9200,0,0.10438255
9201,0,0.47789633
9202,1,0.28800488
9203,0,0.26703504
9204,0,0.538576
9205,1,0.87342376
9206,1,0.7847692
9207,0,0.296056
9208,0,0.22125712
9209,0,0.29012996
9210,1,0.9170774
9211,0,0.59327793
9212,0,0.3305642
9213,0,0.35702872
9214,1,0.80039287
9215,0,0.5020548
9216,0,0.5069342
9217,0,0.63902366
9218,1,0.5939209
9219,1,0.88086945
9220,0,0.26542935
9221,0,0.26837215
9222,0,0.17954569
9223,0,0.28603062
9224,0,0.1473625
9225,0,0.17310496
9226,0,0.49435493
9227,1,0.7760603
9228,0,0.32145464
9229,0,0.49197945
9230,0,0.23638551
9231,1,0.50517565
9232,1,0.37093621
9233,1,0.93284327
9234,1,0.35382998
9235,0,0.47166595
9236,1,0.92975754
9237,0,0.26954046
9238,1,0.5409087
9239,0,0.20438759
9240,0,0.47700933
9241,0,0.7202439
9242,0,0.5370257
9243,1,0.7413169
9244,0,0.35845026
9245,0,0.32913804
9246,0,0.20248526
9247,1,0.85705084
9248,0,0.28145102
9249,0,0.602999
9250,0,0.21630421
9251,1,0.8445934
9252,0,0.43535945
9253,0,0.28231797
9254,0,0.91207665
9255,1,0.3417063
9256,0,0.25089312
9257,1,0.31213546
9258,0,0.09877688
9259,0,0.68898344
9260,0,0.29934782
9261,0,0.14074667
9262,1,0.51845974
9263,0,0.19428384
9264,0,0.925367
9265,0,0.21259938
9266,0,0.3665007
9267,0,0.42882326
9268,0,0.4083192
9269,0,0.36087298
9270,0,0.21219684
9271,0,0.2971951
9272,1,0.6376403
9273,0,0.32011855
9274,0,0.7692466
9275,0,0.4542701
9276,0,0.3570281
9277,0,0.42188984
9278,1,0.78811014
9279,1,0.5439118
9280,0,0.30551946
9281,0,0.5677979
9282,1,0.8705865
9283,0,0.431272
9284,0,0.25575063
9285,0,0.39745268
9286,0,0.29063424
9287,0,0.39412394
9288,0,0.20770541
9289,0,0.2630305
9290,0,0.46869922
9291,1,0.550863
9292,0,0.35097092
9293,0,0.275327
9294,0,0.30381545
9295,0,0.36990017
9296,1,0.31575608
9297,0,0.8897174
9298,0,0.49543977
9299,0,0.2862116
9300,1,0.19586512
9301,0,0.2757428
9302,0,0.20102948
9303,1,0.37304562
9304,0,0.60481584
9305,0,0.6591034
9306,1,0.90473557
9307,0,0.2838648
9308,1,0.3029876
9309,0,0.38663754
9310,1,0.6394409
9311,0,0.3106539
9312,1,0.9466492
9313,0,0.3741271
9314,0,0.13345817
9315,0,0.21307601
9316,1,0.26669145
9317,1,0.7504381
9318,0,0.5332018
9319,0,0.20736565
9320,0,0.4360015
9321,0,0.14286803
9322,1,0.53870016
9323,0,0.37168843
9324,0,0.548647
9325,0,0.31240982
9326,1,0.8973048
9327,0,0.4833817
9328,0,0.25152045
9329,1,0.92366356
9330,1,0.43788105
9331,0,0.39778912
9332,0,0.37042704
9333,1,0.8677387
9334,0,0.14837839
9335,0,0.65635866
9336,1,0.70349157
9337,1,0.37220925
9338,0,0.23868214
9339,0,0.6738442
9340,0,0.50615084
9341,1,0.38555208
9342,0,0.41247955
9343,1,0.8879414
9344,0,0.17405362
9345,0,0.36370352
9346,1,0.5918722
9347,0,0.21797438
9348,0,0.26261204
9349,1,0.91881263
9350,0,0.35752502
9351,0,0.45669946
9352,0,0.62342936
9353,0,0.3833286
9354,0,0.37225068
9355,0,0.23191512
9356,0,0.3688737
9357,0,0.24874875
9358,0,0.35845026
9359,1,0.48394266
9360,0,0.3522003
9361,0,0.27942944
9362,0,0.14528091
9363,0,0.45337662
9364,0,0.618682
9365,1,0.6061911
9366,0,0.25709653
9367,1,0.5734705
9368,1,0.9019993
9369,1,0.68097305
9370,0,0.2627334
9371,0,0.36458552
9372,1,0.50816244
9373,0,0.5383034
9374,0,0.20448044
9375,0,0.34355047
9376,0,0.20613949
9377,1,0.5177682
9378,1,0.9394523
9379,0,0.18922588
9380,0,0.42211306
9381,1,0.93293333
9382,1,0.49835202
9383,0,0.13729307
9384,0,0.8560758
9385,0,0.6746861
9386,0,0.18398887
9387,0,0.53111565
9388,1,0.12633866
9389,1,0.2724679
9390,0,0.14929548
9391,0,0.6201646
9392,0,0.26136872
9393,0,0.431286
9394,0,0.26710257
9395,1,0.88700646
9396,0,0.2187388
9397,0,0.3385028
9398,0,0.3334706
9399,0,0.3064245
9400,0,0.49301744
9401,0,0.9277536
9402,0,0.3494424
9403,1,0.3801477
9404,0,0.13956457
9405,0,0.24403302
9406,1,0.919131
9407,0,0.22546536
9408,0,0.23395464
9409,0,0.18805335
9410,1,0.4066494
9411,0,0.27705273
9412,0,0.28320748
9413,0,0.25219512
9414,0,0.23778129
9415,0,0.36668804
9416,0,0.52073956
9417,0,0.71174765
9418,0,0.26958585
9419,0,0.36603326
9420,0,0.2303332
9421,0,0.38153422
9422,1,0.6766484
9423,0,0.29745716
9424,0,0.26104477
9425,0,0.49791327
9426,0,0.5039406
9427,0,0.2579098
9428,0,0.69480336
9429,0,0.20386584
9430,0,0.24571322
9431,0,0.22407745
9432,0,0.3876098
9433,0,0.18980327
9434,0,0.2237462
9435,1,0.6769243
9436,1,0.40340304
9437,0,0.18710336
9438,0,0.25808075
9439,0,0.24210913
9440,1,0.6739775
9441,1,0.89707416
9442,1,0.5769045
9443,0,0.24444969
9444,1,0.88428587
9445,0,0.77208483
9446,0,0.13470618
9447,0,0.6066612
9448,1,0.5644682
9449,0,0.32574314
9450,0,0.85885864
9451,0,0.21293156
9452,0,0.17657164
9453,0,0.1542735
9454,0,0.35396722
9455,0,0.62437946
9456,0,0.15151536
9457,0,0.3284717
9458,0,0.18254279
9459,1,0.57943076
9460,1,0.52956533
9461,0,0.3413932
9462,0,0.57224673
9463,0,0.41185138
9464,0,0.70655864
9465,0,0.3919566
9466,1,0.35450974
9467,1,0.36467382
9468,0,0.34612426
9469,0,0.24429575
9470,0,0.8631202
9471,0,0.29333943
9472,0,0.2568855
9473,0,0.5778402
9474,0,0.1335729
9475,0,0.22065027
9476,1,0.9210896
9477,0,0.4117028
9478,0,0.3393769
9479,0,0.31690052
9480,0,0.20136109
9481,0,0.33683372
9482,0,0.11483688
9483,0,0.5243177
9484,1,0.4614401
9485,1,0.6629009
9486,0,0.41036558
9487,1,0.294783
9488,0,0.4847363
9489,0,0.43829936
9490,0,0.31298342
9491,0,0.39208192
9492,0,0.52307683
9493,0,0.27031142
9494,1,0.49368915
9495,0,0.2747879
9496,0,0.5363817
9497,0,0.3065633
9498,1,0.8017767
9499,0,0.28532115
9500,0,0.39978075
9501,1,0.6054729
9502,0,0.58273107
9503,0,0.6026081
9504,0,0.41550785
9505,0,0.35696158
9506,1,0.5649491
9507,0,0.32888883
9508,0,0.3710512
9509,0,0.34333858
9510,0,0.45401475
9511,0,0.43555322
9512,0,0.1666878
9513,0,0.25988373
9514,0,0.15585312
9515,0,0.27540132
9516,0,0.12692264
9517,0,0.3363439
9518,0,0.44434848
9519,0,0.24029334
9520,0,0.34713882
9521,1,0.4415325
9522,0,0.5634577
9523,0,0.1959671
9524,0,0.3118619
9525,1,0.33543453
9526,0,0.20726918
9527,0,0.87721133
9528,0,0.2746771
9529,0,0.56340736
9530,1,0.8434655
9531,0,0.113617904
9532,0,0.31649947
9533,0,0.5352283
9534,1,0.9383285
9535,0,0.2658502
9536,1,0.3284838
9537,0,0.80504644
9538,0,0.164217
9539,0,0.268196
9540,0,0.6242243
9541,0,0.13895594
9542,0,0.46913213
9543,0,0.255373
9544,0,0.48293874
9545,0,0.12570538
9546,0,0.52807057
9547,0,0.27064234
9548,0,0.6137609
9549,1,0.8036611
9550,1,0.42577875
9551,1,0.33949974
9552,0,0.29985115
9553,0,0.50731647
9554,1,0.34515363
9555,1,0.6237913
9556,0,0.8142697
9557,1,0.4490977
9558,0,0.63902825
9559,0,0.30784196
9560,0,0.34017754
9561,1,0.77004296
9562,0,0.3986405
9563,0,0.54396707
9564,0,0.20354699
9565,0,0.32775488
9566,1,0.9065203
9567,0,0.12857102
9568,0,0.27135307
9569,1,0.8936014
9570,0,0.1874912
9571,0,0.22624138
9572,0,0.35053033
9573,0,0.27178738
9574,0,0.3028151
9575,0,0.6442323
9576,0,0.38153824
9577,0,0.30552837
9578,1,0.8777208
9579,0,0.24765743
9580,0,0.63306075
9581,0,0.25975865
9582,0,0.31210673
9583,0,0.7725729
9584,1,0.7747056
9585,0,0.5030471
9586,0,0.31574097
9587,0,0.21641865
9588,1,0.6718272
9589,1,0.3370969
9590,0,0.15875849
9591,1,0.49973133
9592,1,0.3392947
9593,0,0.31356606
9594,1,0.36345693
9595,1,0.91652924
9596,1,0.34652838
9597,0,0.83495456
9598,0,0.28770557
9599,0,0.67191124
9600,1,0.90243906
9601,0,0.32630056
9602,0,0.537194
9603,0,0.27154124
9604,0,0.22665396
9605,0,0.64496267
9606,0,0.8958418
9607,0,0.1974946
9608,0,0.5231002
9609,0,0.3598082
9610,0,0.20062648
9611,0,0.8268769
9612,0,0.24558656
9613,0,0.31365836
9614,0,0.1773917
9615,0,0.9052949
9616,0,0.20075971
9617,1,0.35927287
9618,0,0.50172573
9619,1,0.45207417
9620,1,0.29642102
9621,0,0.40576315
9622,0,0.27942944
9623,0,0.3818275
9624,0,0.46285304
9625,0,0.8589626
9626,0,0.22703221
9627,0,0.21523507
9628,1,0.26852894
9629,0,0.3719753
9630,1,0.9417392
9631,0,0.39661005
9632,1,0.33350253
9633,0,0.36888358
9634,0,0.41834155
9635,0,0.13709934
9636,0,0.280141
9637,1,0.9201027
9638,0,0.53887486
9639,1,0.9195457
9640,0,0.80378044
9641,0,0.28357342
9642,1,0.26448888
9643,0,0.23493455
9644,0,0.17161708
9645,1,0.8554365
9646,0,0.2559242
9647,0,0.47035393
9648,0,0.3630015
9649,0,0.28746468
9650,0,0.5178335
9651,1,0.6078949
9652,0,0.14597346
9653,0,0.18128712
9654,0,0.38036942
9655,0,0.21382742
9656,0,0.32102975
9657,0,0.388225
9658,0,0.6469373
9659,0,0.32410634
9660,0,0.3789897
9661,1,0.1841777
9662,1,0.3686405
9663,0,0.5612174
9664,0,0.33989412
9665,0,0.36294323
9666,0,0.2916024
9667,0,0.55962366
9668,0,0.23862587
9669,0,0.2249871
9670,0,0.5708503
9671,1,0.48410645
9672,0,0.19357364
9673,1,0.3952993
9674,0,0.39784387
9675,1,0.50311106
9676,1,0.28581306
9677,0,0.83485997
9678,1,0.8742555
9679,0,0.17662795
9680,1,0.8492567
9681,1,0.19654928
9682,1,0.9301799
9683,0,0.36227188
9684,0,0.3110828
9685,1,0.3022884
9686,0,0.34122363
9687,0,0.5320676
9688,1,0.9224519
9689,0,0.16623609
9690,1,0.90613097
9691,0,0.4170168
9692,0,0.19788508
9693,0,0.37467742
9694,1,0.21642254
9695,0,0.10958782
9696,0,0.30930975
9697,0,0.31795347
9698,1,0.8484114
9699,1,0.3762044
9700,1,0.4483378
9701,0,0.21201201
9702,1,0.89558023
9703,1,0.6969972
9704,0,0.25053805
9705,0,0.6007126
9706,1,0.845794
9707,0,0.24252261
9708,0,0.658446
9709,0,0.87086564
9710,0,0.20157918
9711,0,0.31394133
9712,0,0.30713755
9713,0,0.13366438
9714,1,0.56870973
9715,0,0.21074194
9716,0,0.4041706
9717,0,0.2704809
9718,1,0.43647152
9719,0,0.39221242
9720,1,0.6934005
9721,1,0.37079784
9722,0,0.44618338
9723,0,0.6685443
9724,0,0.25686526
9725,0,0.38250485
9726,0,0.31331494
9727,0,0.30456275
9728,0,0.4331916
9729,1,0.8605567
9730,0,0.31562653
9731,0,0.4365613
9732,1,0.40603036
9733,1,0.40400186
9734,1,0.888689
9735,0,0.34961748
9736,0,0.56054944
9737,0,0.6476855
9738,0,0.21745344
9739,0,0.30919024
9740,0,0.24184524
9741,0,0.22663191
9742,0,0.20939946
9743,0,0.35230133
9744,0,0.5232042
9745,1,0.8514153
9746,1,0.91122216
9747,0,0.2726958
9748,0,0.32310128
9749,0,0.53635013
9750,1,0.62042487
9751,0,0.6498244
9752,0,0.37313834
9753,1,0.2015224
9754,0,0.2066927
9755,0,0.63811445
9756,0,0.31763476
9757,1,0.8699671
9758,0,0.6450956
9759,0,0.21233134
9760,0,0.44323832
9761,1,0.33413875
9762,0,0.27160975
9763,0,0.2964381
9764,1,0.40349656
9765,0,0.6337867
9766,0,0.24912708
9767,0,0.32505754
9768,1,0.82608634
9769,0,0.16097988
9770,1,0.44055954
9771,0,0.14363448
9772,1,0.4649096
9773,1,0.77184147
9774,1,0.9324095
9775,0,0.29225075
9776,0,0.3412327
9777,0,0.3036542
9778,0,0.2631055
9779,0,0.54087037
9780,0,0.42023703
9781,0,0.41988555
9782,0,0.68690515
9783,0,0.20120703
9784,0,0.36231536
9785,0,0.05753992
9786,0,0.26079547
9787,0,0.36680144
9788,1,0.8378357
9789,0,0.25584233
9790,0,0.11487646
9791,1,0.87256247
9792,0,0.49226037
9793,0,0.15344903
9794,0,0.66792077
9795,1,0.436874
9796,0,0.29671225
9797,0,0.50218934
9798,1,0.64348245
9799,1,0.6213698
9800,0,0.61392534
9801,0,0.22133942
9802,0,0.20360653
9803,0,0.27553996
9804,0,0.2847608
9805,0,0.22025816
9806,0,0.24073403
9807,0,0.27204466
9808,1,0.7585437
9809,0,0.5024188
9810,0,0.2704608
9811,1,0.7120293
9812,0,0.29604626
9813,1,0.4773833
9814,0,0.26109353
9815,1,0.94267917
9816,0,0.51048
9817,1,0.8754961
9818,0,0.2162613
9819,0,0.4964006
9820,0,0.34534252
9821,1,0.8158692
9822,0,0.40284887
9823,0,0.36330187
9824,0,0.40199175
9825,1,0.9190848
9826,1,0.8988932
9827,0,0.39332193
9828,0,0.24626401
9829,1,0.85173315
9830,0,0.31139004
9831,1,0.41465202
9832,0,0.5390518
9833,1,0.85383874
9834,0,0.43545434
9835,0,0.24981569
9836,1,0.26384276
9837,0,0.87058944
9838,1,0.14110549
9839,0,0.24880488
9840,1,0.87916756
9841,1,0.945271
9842,0,0.30975437
9843,0,0.6349615
9844,0,0.89980996
9845,0,0.13326105
9846,0,0.3017902
9847,1,0.313215
9848,0,0.2726978
9849,0,0.15934725
9850,0,0.430102
9851,0,0.45562407
9852,1,0.34730005
9853,1,0.34179294
9854,0,0.20569275
9855,0,0.47418588
9856,0,0.1673976
9857,1,0.53771687
9858,0,0.56562227
9859,0,0.51144296
9860,0,0.435755
9861,0,0.41434106
9862,0,0.5441527
9863,0,0.2642813
9864,0,0.4395961
9865,0,0.33543453
9866,1,0.2061883
9867,0,0.13230951
9868,0,0.21448472
9869,1,0.9135979
9870,0,0.27694356
9871,1,0.887739
9872,0,0.2543453
9873,0,0.25261316
9874,0,0.5705733
9875,0,0.37509894
9876,0,0.16512477
9877,1,0.9345291
9878,0,0.35489514
9879,1,0.8152415
9880,0,0.15283312
9881,1,0.50742507
9882,0,0.43607396
9883,0,0.90110034
9884,0,0.16024387
9885,0,0.25871536
9886,0,0.36845094
9887,1,0.6973903
9888,0,0.2288146
9889,0,0.18835306
9890,0,0.12889229
9891,0,0.4909958
9892,0,0.90473306
9893,0,0.38351983
9894,0,0.2677503
9895,0,0.84273916
9896,0,0.48981622
9897,0,0.48375088
9898,0,0.5032811
9899,0,0.4430153
9900,0,0.3213507
9901,0,0.45391986
9902,0,0.46743494
9903,1,0.41762784
9904,0,0.20141795
9905,0,0.34391454
9906,0,0.6132473
9907,0,0.29261005
9908,0,0.48931393
9909,1,0.37127447
9910,1,0.4498087
9911,0,0.28953943
9912,0,0.45021522
9913,0,0.41536334
9914,0,0.22397177
9915,0,0.37065607
9916,0,0.10975157
9917,1,0.94227785
9918,0,0.28950337
9919,0,0.20264328
9920,0,0.16217096
9921,0,0.4784759
9922,0,0.48968098
9923,0,0.22037876
9924,0,0.516504
9925,1,0.65962195
9926,0,0.5346404
9927,0,0.48623806
9928,0,0.31871283
9929,0,0.3833681
9930,0,0.45165646
9931,0,0.24954598
9932,0,0.541779
9933,0,0.41844097
9934,1,0.5180573
9935,1,0.5055201
9936,0,0.16676013
9937,0,0.28094277
9938,1,0.7307892
9939,0,0.27827993
9940,0,0.862747
9941,0,0.46283916
9942,0,0.36252764
9943,1,0.20367248
9944,0,0.43378136
9945,0,0.30193448
9946,0,0.3012723
9947,0,0.23120598
9948,0,0.47579768
9949,0,0.36986795
9950,1,0.8904135
9951,0,0.4398726
9952,1,0.9096178
9953,0,0.389234
9954,0,0.1451674
9955,0,0.5049632
9956,1,0.6142527
9957,0,0.43565896
9958,0,0.35723105
9959,1,0.89500165
9960,1,0.49683172
9961,0,0.4352519
9962,0,0.66974807
9963,0,0.44345385
9964,0,0.36006021
9965,0,0.20745465
9966,0,0.61912036
9967,0,0.29147828
9968,0,0.15712206
9969,0,0.32184616
9970,0,0.32408097
9971,0,0.27331313
9972,0,0.32677847
9973,0,0.35451633
9974,0,0.5798877
9975,0,0.5515988
9976,0,0.53180313
9977,0,0.20949648
9978,0,0.2124199
9979,0,0.2842672
9980,0,0.3794093
9981,0,0.38858318
9982,1,0.91197443
9983,0,0.34173587
9984,1,0.3665937
9985,1,0.15694624
9986,1,0.36058676
9987,0,0.38182533
9988,0,0.72052336
9989,0,0.7429797
9990,1,0.88516754
9991,0,0.7221941
9992,0,0.28971082
9993,1,0.29774207
9994,0,0.6908615
9995,1,0.7180117
9996,0,0.42796504
9997,0,0.19924097
9998,0,0.44178876
9999,1,0.8671169
10000,0,0.43581286
10001,0,0.45341063
10002,0,0.3522003
10003,1,0.87969047
10004,0,0.6030365
10005,0,0.38441983
10006,0,0.15446886
10007,1,0.4617829
10008,0,0.25380078
10009,0,0.36886498
10010,0,0.2718989
10011,0,0.626634
10012,0,0.2817554
10013,0,0.07832266
10014,1,0.7957376
10015,0,0.32823724
10016,0,0.31333646
10017,0,0.852992
10018,0,0.7535312
10019,1,0.6321405
10020,0,0.88816166
10021,0,0.4730745
10022,0,0.39664978
10023,0,0.35047263
10024,0,0.37504932
10025,1,0.36629057
10026,0,0.43312404
10027,0,0.22242461
10028,0,0.23176223
10029,0,0.6984436
10030,1,0.8798911
10031,0,0.20365822
10032,0,0.19753182
10033,0,0.25629142
10034,0,0.38719735
10035,0,0.28742233
10036,0,0.37483668
10037,0,0.22893308
10038,0,0.1300338
10039,0,0.2271724
10040,0,0.18610701
10041,0,0.41464514
10042,0,0.2623394
10043,0,0.40422803
10044,0,0.2760098
10045,1,0.8412665
10046,0,0.27420303
10047,0,0.35671243
10048,1,0.6548442
10049,0,0.23906383
10050,1,0.91849256
10051,0,0.34645215
10052,1,0.4220315
10053,0,0.29901356
10054,0,0.5398028
10055,0,0.29207796
10056,0,0.2386856
10057,0,0.670708
10058,0,0.25572824
10059,0,0.17064069
10060,0,0.1208853
10061,0,0.48431098
10062,0,0.5452167
10063,0,0.6593038
10064,0,0.6122862
10065,0,0.45982683
10066,0,0.08485556
10067,0,0.30089402
10068,0,0.25473544
10069,0,0.22250757
10070,0,0.30614758
10071,0,0.22162412
10072,0,0.36793664
10073,0,0.45796233
10074,0,0.30425498
10075,0,0.27871522
10076,1,0.8711099
10077,0,0.18695615
10078,0,0.37768415
10079,1,0.696361
10080,0,0.7311705
10081,1,0.24977957
10082,0,0.5663577
10083,0,0.14056909
10084,0,0.30886072
10085,0,0.57753164
10086,0,0.3085473
10087,0,0.2421587
10088,0,0.18712553
10089,0,0.2788494
10090,0,0.14469229
10091,0,0.24277094
10092,0,0.41839015
10093,0,0.3531498
10094,0,0.7387536
10095,1,0.15244244
10096,0,0.22389427
10097,0,0.31458804
10098,0,0.19698198
10099,0,0.16852763
10100,0,0.20850582
10101,0,0.3065553
10102,0,0.11527934
10103,0,0.32265785
10104,1,0.91672677
10105,1,0.40672716
10106,0,0.48870525
10107,0,0.42614678
10108,1,0.8591631
10109,0,0.33612883
10110,0,0.5487858
10111,0,0.711808
10112,1,0.8760643
10113,1,0.6003835
10114,0,0.487802
10115,1,0.6133061
10116,1,0.28455493
10117,0,0.21371405
10118,0,0.19639379
10119,0,0.60657114
10120,0,0.22429898
10121,0,0.16977811
10122,0,0.8442495
10123,0,0.16415527
10124,1,0.9014848
10125,0,0.20695364
10126,0,0.44131616
10127,0,0.23081382
10128,0,0.4706249
10129,0,0.85114384
10130,0,0.2838569
10131,0,0.37648255
10132,1,0.8258308
10133,1,0.34436586
10134,1,0.28747436
10135,0,0.36315233
10136,1,0.88300294
10137,1,0.75181943
10138,1,0.7839349
10139,0,0.16357452
10140,0,0.3448452
10141,1,0.9378016
10142,0,0.46151763
10143,1,0.47841823
10144,1,0.9280714
10145,0,0.5181026
10146,0,0.43972886
10147,0,0.6136213
10148,0,0.24181426
10149,0,0.39775664
10150,0,0.46203288
10151,1,0.6765003
10152,0,0.63662094
10153,0,0.5466064
10154,0,0.18478912
10155,0,0.43240398
10156,0,0.15561067
10157,0,0.37528214
10158,0,0.5200303
10159,0,0.65394706
10160,1,0.9264559
10161,0,0.2503044
10162,0,0.26474628
10163,0,0.36347127
10164,0,0.13949013
10165,0,0.30288705
10166,0,0.7605385
10167,0,0.75951934
10168,0,0.51442856
10169,0,0.5262216
10170,0,0.5522801
10171,0,0.48000607
10172,1,0.48115632
10173,0,0.24870451
10174,0,0.409246
10175,0,0.38757154
10176,0,0.34955487
10177,0,0.37745816
10178,0,0.30148783
10179,0,0.33849928
10180,0,0.87673545
10181,0,0.18046747
10182,1,0.82827705
10183,1,0.88465387
10184,0,0.26934648
10185,0,0.4269612
10186,0,0.6748612
10187,0,0.15646942
10188,0,0.31861693
10189,0,0.12536204
10190,0,0.22005397
10191,0,0.20638934
10192,0,0.44041193
10193,1,0.4987723
10194,0,0.5609722
10195,0,0.38625997
10196,0,0.26863316
10197,0,0.2985921
10198,0,0.17407155
10199,0,0.6067046
10200,0,0.3794098
10201,0,0.4469232
10202,0,0.40165576
10203,0,0.25872606
10204,0,0.20386426
10205,0,0.37154728
10206,1,0.14804514
10207,0,0.73199135
10208,0,0.39907634
10209,0,0.89246917
10210,0,0.29784393
10211,0,0.6339225
10212,0,0.4098386
10213,1,0.92922586
10214,0,0.29487503
10215,0,0.26752514
10216,0,0.63025856
10217,0,0.6415846
10218,0,0.18703775
10219,0,0.8526039
10220,0,0.50559485
10221,0,0.3940138
10222,1,0.3802555
10223,0,0.15405835
10224,0,0.21220054
10225,0,0.45157418
10226,0,0.2081812
10227,0,0.26994067
10228,0,0.7717442
10229,0,0.35667306
10230,1,0.38619193
10231,0,0.2948491
10232,0,0.5181026
10233,0,0.2528087
10234,1,0.91964287
10235,0,0.49030113
10236,1,0.8749281
10237,0,0.2737158
10238,0,0.49136978
10239,1,0.51790637
10240,0,0.3368726
10241,0,0.32474133
10242,1,0.60061985
10243,1,0.6818729
10244,0,0.13617691
10245,0,0.43381044
10246,0,0.66344804
10247,1,0.54843
10248,0,0.5807319
10249,0,0.46830118
10250,1,0.36684525
10251,0,0.2162613
10252,0,0.19806543
10253,1,0.5026162
10254,1,0.5848078
10255,0,0.22786932
10256,1,0.44529197
10257,0,0.36420536
10258,0,0.39385125
10259,0,0.38022387
10260,0,0.2778231
10261,0,0.6337056
10262,1,0.39805713
10263,0,0.49494448
10264,0,0.28541955
10265,0,0.43730953
10266,0,0.40077853
10267,0,0.110825665
10268,1,0.39262038
10269,0,0.5477308
10270,0,0.2649124
10271,0,0.14669344
10272,0,0.21615879
10273,1,0.6008337
10274,0,0.16496702
10275,1,0.19424471
10276,1,0.57213026
10277,0,0.16715409
10278,0,0.28203747
10279,0,0.78109276
10280,0,0.21865575
10281,1,0.29148576
10282,0,0.28858668
10283,0,0.21143454
10284,0,0.20918554
10285,1,0.4392657
10286,1,0.3357098
10287,0,0.42937467
10288,1,0.46607074
10289,0,0.5629769
10290,0,0.34485102
10291,0,0.4474919
10292,0,0.27848303
10293,0,0.6732307
10294,0,0.30884176
10295,0,0.23089944
10296,0,0.23944566
10297,0,0.15024836
10298,0,0.4260589
10299,0,0.51067543
10300,0,0.46325108
10301,0,0.37609106
10302,0,0.17749947
10303,0,0.3591306
10304,0,0.18665808
10305,1,0.29190478
10306,0,0.5579297
10307,0,0.72885334
10308,0,0.27810684
10309,0,0.6190434
10310,1,0.42431766
10311,0,0.31619856
10312,0,0.34063366
10313,1,0.44329295
10314,0,0.18383016
10315,0,0.49690235
10316,1,0.30194414
10317,0,0.5644394
10318,0,0.43079177
10319,0,0.14612573
10320,0,0.7593952
10321,0,0.27592823
10322,0,0.29809132
10323,1,0.8746658
10324,0,0.29251146
10325,0,0.6226517
10326,0,0.31623676
10327,0,0.2902995
10328,0,0.373603
10329,0,0.56567407
10330,0,0.5417481
10331,0,0.39159855
10332,0,0.33102658
10333,0,0.3499086
10334,0,0.15346116
10335,0,0.8783295
10336,0,0.4201379
10337,0,0.28824362
10338,0,0.71689856
10339,0,0.2921402
10340,1,0.76834583
10341,0,0.34646907
10342,0,0.22792557
10343,0,0.5302691
10344,0,0.18920128
10345,0,0.3055116
10346,0,0.06654173
10347,0,0.22646376
10348,1,0.6729657
10349,1,0.79797024
10350,0,0.50722605
10351,0,0.28593233
10352,0,0.5108391
10353,0,0.27039325
10354,1,0.49470887
10355,0,0.29008988
10356,0,0.18810825
10357,0,0.16832422
10358,0,0.8586019
10359,1,0.89570147
10360,0,0.320382
10361,0,0.47982985
10362,0,0.3830006
10363,0,0.33452818
10364,0,0.2924497
10365,0,0.5489583
10366,0,0.17294809
10367,1,0.8060023
10368,0,0.35817373
10369,0,0.2174301
10370,1,0.75530267
10371,0,0.6673049
10372,1,0.6309622
10373,0,0.18470652
10374,0,0.40240544
10375,0,0.14199467
10376,0,0.18294467
10377,0,0.46949038
10378,0,0.5196783
10379,0,0.2709079
10380,0,0.46547547
10381,0,0.24853674
10382,1,0.3695682
10383,0,0.4101375
10384,0,0.3153095
10385,1,0.92167366
10386,0,0.41532204
10387,0,0.8409959
10388,0,0.44736323
10389,0,0.2281529
10390,1,0.8773337
10391,0,0.86447316
10392,1,0.39581153
10393,0,0.20487222
10394,0,0.1231368
10395,1,0.40828964
10396,0,0.23077264
10397,1,0.7879538
10398,0,0.25420174
10399,0,0.39395225
10400,0,0.39457363
10401,0,0.31074387
10402,1,0.48226893
10403,1,0.3495371
10404,0,0.204871
10405,0,0.4175382
10406,1,0.88648397
10407,0,0.26771882
10408,0,0.8608479
10409,1,0.3782561
10410,0,0.2520089
10411,0,0.47330105
10412,0,0.23673366
10413,0,0.24898797
10414,0,0.3538571
10415,0,0.5265633
10416,0,0.31434932
10417,0,0.33393314
10418,1,0.92027426
10419,0,0.33780473
10420,0,0.69148463
10421,1,0.9041417
10422,0,0.41993898
10423,1,0.6236039
10424,1,0.9136903
10425,0,0.6771857
10426,0,0.6105454
10427,0,0.850206
10428,0,0.21382949
10429,1,0.4853668
10430,1,0.4189154
10431,1,0.8392121
10432,0,0.42973417
10433,0,0.4303489
10434,0,0.46777305
10435,0,0.91551435
10436,0,0.35962626
10437,0,0.44020218
10438,0,0.24919242
10439,0,0.4081915
10440,0,0.8797447
10441,0,0.20142557
10442,0,0.831453
10443,0,0.62727684
10444,0,0.151194
10445,0,0.29127923
10446,0,0.5225264
10447,0,0.4691314
10448,0,0.15921603
10449,1,0.50012696
10450,0,0.4257938
10451,0,0.58608484
10452,1,0.4479328
10453,0,0.3860971
10454,0,0.18698768
10455,0,0.622122
10456,0,0.66598177
10457,1,0.88898665
10458,1,0.41033378
10459,0,0.36979988
10460,1,0.8117503
10461,0,0.52230495
10462,0,0.11764569
10463,0,0.35591784
10464,0,0.24701571
10465,0,0.5396144
10466,1,0.40861556
10467,0,0.14857112
10468,0,0.37950873
10469,0,0.31018883
10470,1,0.3648316
10471,0,0.707711
10472,0,0.38945743
10473,0,0.15842418
10474,0,0.3876217
10475,0,0.3973687
10476,0,0.28977934
10477,0,0.3135653
10478,1,0.9420447
10479,0,0.5078865
10480,0,0.4644335
10481,0,0.61006284
10482,0,0.653518
10483,1,0.39598566
10484,0,0.8438623
10485,0,0.4539853
10486,1,0.55071545
10487,1,0.45629305
10488,1,0.6322938
10489,0,0.3045326
10490,0,0.44715604
10491,0,0.2582081
10492,0,0.32872465
10493,1,0.40423772
10494,0,0.33537927
10495,1,0.8816671
10496,0,0.3307133
10497,1,0.27170888
10498,0,0.3376675
10499,0,0.5396975
10500,1,0.52537984
10501,0,0.29334527
10502,0,0.50265604
10503,0,0.3795426
10504,0,0.2714965
10505,0,0.3455269
10506,1,0.51845974
10507,0,0.36575314
10508,1,0.4601511
10509,1,0.93277293
10510,0,0.17839336
10511,0,0.3106039
10512,0,0.3209734
10513,0,0.28158543
10514,0,0.30300102
10515,1,0.9204014
10516,0,0.38710883
10517,1,0.2800182
10518,0,0.28138125
10519,0,0.3099915
10520,0,0.45684698
10521,0,0.21441308
10522,1,0.86880326
10523,1,0.57978237
10524,0,0.41129526
10525,0,0.0802025
10526,0,0.34961748
10527,0,0.4589853
10528,0,0.30120668
10529,0,0.1876229
10530,0,0.1937258
10531,0,0.21308449
10532,1,0.4832546
10533,1,0.3700633
10534,0,0.91956496
10535,0,0.86840427
10536,0,0.4093638
10537,0,0.2632475
10538,0,0.15537512
10539,0,0.2627885
10540,0,0.5101292
10541,0,0.7177783
10542,0,0.33849627
10543,0,0.15487619
10544,0,0.33003902
10545,0,0.4032911
10546,1,0.25650862
10547,0,0.4267499
10548,0,0.33961388
10549,1,0.88657004
10550,0,0.38140467
10551,0,0.14306839
10552,0,0.27550507
10553,0,0.6283144
10554,0,0.30788064
10555,0,0.42307186
10556,0,0.33434266
10557,0,0.18500532
10558,0,0.18566534
10559,1,0.9217104
10560,0,0.6044071
10561,0,0.19321615
10562,1,0.60470074
10563,0,0.4115851
10564,0,0.8532628
10565,0,0.7263945
10566,0,0.21039587
10567,0,0.3902887
10568,0,0.55350083
10569,0,0.40522304
10570,0,0.22693312
10571,0,0.21821627
10572,1,0.8797869
10573,0,0.32025248
10574,0,0.25605372
10575,0,0.27387112
10576,0,0.32793215
10577,0,0.11156324
10578,0,0.2319243
10579,0,0.29793528
10580,1,0.703334
10581,0,0.25437546
10582,1,0.901941
10583,0,0.19442487
10584,0,0.26988304
10585,0,0.21374218
10586,0,0.5435117
10587,0,0.34548286
10588,0,0.22802491
10589,0,0.33359802
10590,0,0.30982938
10591,0,0.17038704
10592,0,0.17726135
10593,0,0.31702864
10594,1,0.8828806
10595,0,0.4180884
10596,0,0.41155958
10597,1,0.6341479
10598,1,0.3840714
10599,1,0.3910108
10600,1,0.52784157
10601,0,0.25393906
10602,1,0.92548364
10603,0,0.19239004
10604,0,0.27986634
10605,0,0.22804518
10606,0,0.18568018
10607,0,0.5845203
10608,0,0.32845828
10609,0,0.36835012
10610,0,0.8695978
10611,0,0.90651256
10612,0,0.17006038
10613,0,0.78618383
10614,0,0.20019096
10615,1,0.5167175
10616,0,0.37490737
10617,0,0.27505428
10618,0,0.43703902
10619,0,0.8637236
10620,0,0.37450388
10621,0,0.21632813
10622,0,0.65956175
10623,0,0.49624565
10624,1,0.69666946
10625,0,0.7260132
10626,0,0.37598982
10627,0,0.42649952
10628,0,0.17706107
10629,0,0.2007224
10630,0,0.6597002
10631,0,0.24414791
10632,0,0.44981736
10633,0,0.1657761
10634,1,0.85713255
10635,0,0.8845927
10636,0,0.42407718
10637,0,0.28868032
10638,0,0.8817641
10639,0,0.8201738
10640,0,0.17482904
10641,1,0.556221
10642,0,0.19443077
10643,0,0.4890216
10644,0,0.33003888
10645,0,0.39338213
10646,0,0.8499389
10647,0,0.5307405
10648,0,0.33023676
10649,1,0.9217377
10650,1,0.6584039
10651,0,0.19388443
10652,1,0.3102863
10653,0,0.2423797
10654,0,0.12441235
10655,0,0.29225075
10656,1,0.45713738
10657,0,0.20500444
10658,0,0.43919417
10659,1,0.43873665
10660,0,0.19080634
10661,0,0.37543383
10662,0,0.8863566
10663,0,0.1411142
10664,1,0.88584954
10665,0,0.8536086
10666,0,0.44724667
10667,0,0.15982936
10668,0,0.4081493
10669,0,0.3252692
10670,0,0.5733682
10671,0,0.5631188
10672,1,0.92909086
10673,0,0.26125252
10674,0,0.458523
10675,1,0.781073
10676,1,0.8566478
10677,0,0.8128821
10678,0,0.4180815
10679,0,0.24342069
10680,0,0.8481824
10681,1,0.442082
10682,0,0.32715225
10683,0,0.18994527
10684,0,0.41052657
10685,0,0.26959282
10686,0,0.3320407
10687,0,0.37303984
10688,0,0.19767708
10689,0,0.16793598
10690,1,0.4331444
10691,0,0.5528871
10692,1,0.7022681
10693,0,0.18806688
10694,0,0.12589443
10695,0,0.16541389
10696,0,0.29365805
10697,0,0.8984586
10698,0,0.25683045
10699,0,0.60668296
10700,0,0.5872812
10701,1,0.42261422
10702,0,0.29749787
10703,0,0.13878535
10704,0,0.36630744
10705,0,0.41424647
10706,0,0.42648575
10707,0,0.24363102
10708,1,0.63457346
10709,0,0.35651448
10710,1,0.5211018
10711,0,0.1600178
10712,0,0.5727248
10713,0,0.5945456
10714,1,0.6347356
10715,0,0.24683914
10716,0,0.43161812
10717,0,0.25890037
10718,0,0.23797108
10719,0,0.32415295
10720,0,0.36045986
10721,0,0.40817624
10722,1,0.41045204
10723,1,0.61395293
10724,0,0.26391235
10725,0,0.4596927
10726,0,0.5419809
10727,1,0.44921458
10728,1,0.7390245
10729,0,0.4192747
10730,0,0.25653186
10731,0,0.1993167
10732,1,0.39182612
10733,1,0.35532168
10734,1,0.54012764
10735,0,0.39438358
10736,0,0.32566804
10737,0,0.48606685
10738,1,0.8935589
10739,0,0.30171773
10740,0,0.53635645
10741,0,0.4978615
10742,0,0.15723984
10743,1,0.8692598
10744,0,0.20968312
10745,0,0.23150054
10746,0,0.6739006
10747,0,0.49923193
10748,1,0.293187
10749,1,0.45768306
10750,0,0.33687353
10751,0,0.28774753
10752,0,0.40522146
10753,0,0.29070443
10754,0,0.4215209
10755,0,0.40437305
10756,0,0.62806755
10757,0,0.22922961
10758,0,0.26595372
10759,0,0.60728335
10760,1,0.92089486
10761,0,0.6142608
10762,0,0.2782434
10763,0,0.48498392
10764,0,0.16147868
10765,0,0.24438155
10766,0,0.26747057
10767,0,0.45472872
10768,0,0.50480115
10769,0,0.43412828
10770,0,0.27715418
10771,0,0.2651183
10772,0,0.4368569
10773,0,0.33577597
10774,0,0.33140177
10775,0,0.15463878
10776,0,0.13806213
10777,0,0.4869161
10778,1,0.6925699
10779,0,0.26567188
10780,0,0.1637981
10781,1,0.68246585
10782,0,0.8961832
10783,0,0.41253284
10784,0,0.27084205
10785,0,0.1394182
10786,0,0.33153084
10787,0,0.34133184
10788,0,0.3618047
10789,0,0.33215663
10790,0,0.6279953
10791,0,0.2338104
10792,0,0.8376432
10793,0,0.8515513
10794,0,0.29921153
10795,0,0.28138405
10796,1,0.92695373
10797,0,0.6249635
10798,0,0.42991948
10799,0,0.49137962
10800,0,0.22120385
10801,1,0.88817906
10802,0,0.19179878
10803,1,0.18580899
10804,1,0.49533382
10805,0,0.44658405
10806,1,0.4383309
10807,0,0.38563618
10808,1,0.32450905
10809,1,0.91426456
10810,0,0.33590743
10811,0,0.3249609
10812,0,0.25891617
10813,0,0.25451165
10814,0,0.2551334
10815,0,0.24964724
10816,0,0.774898
10817,0,0.37266675
10818,0,0.39026415
10819,0,0.16833277
10820,0,0.20896477
10821,0,0.1991382
10822,0,0.4248349
10823,1,0.9291512
10824,0,0.13810015
10825,1,0.38004163
10826,1,0.87916
10827,0,0.22913124
10828,0,0.14093852
10829,1,0.55240893
10830,0,0.24451832
10831,0,0.3741123
10832,0,0.2617381
10833,1,0.8882933
10834,0,0.3922408
10835,0,0.38677993
10836,0,0.37688443
10837,0,0.25970554
10838,0,0.25156802
10839,1,0.44202158
10840,1,0.46250108
10841,0,0.38000578
10842,0,0.752025
10843,1,0.92580605
10844,0,0.32228568
10845,0,0.61788934
10846,0,0.6063991
10847,1,0.8876102
10848,0,0.23974091
10849,0,0.43108952
10850,1,0.32420313
10851,0,0.65531963
10852,0,0.28112078
10853,0,0.8222028
10854,0,0.11124613
10855,0,0.20521913
10856,0,0.37818617
10857,1,0.45405293
10858,0,0.31580457
10859,0,0.29329774
10860,0,0.25466034
10861,1,0.2863369
10862,0,0.19998759
10863,0,0.25465405
10864,0,0.12096175
10865,1,0.52321917
10866,1,0.28284436
10867,0,0.25692144
10868,0,0.38366547
10869,0,0.4019627
10870,0,0.7509623
10871,1,0.9367873
10872,1,0.2954468
10873,0,0.33593935
10874,0,0.38134807
10875,0,0.3215158
10876,0,0.50237316
10877,0,0.34635916
10878,0,0.43717253
10879,0,0.35291833
10880,0,0.29031783
10881,0,0.24045551
10882,0,0.73505443
10883,0,0.22822523
10884,0,0.53603524
10885,0,0.46106863
10886,0,0.6197251
10887,0,0.27554008
10888,0,0.32956532
10889,0,0.38594124
10890,0,0.39640227
10891,0,0.85168815
10892,0,0.25431404
10893,0,0.28434804
10894,1,0.50180846
10895,0,0.13296777
10896,0,0.38490066
10897,0,0.1550072
10898,0,0.33136243
10899,0,0.16484503
10900,0,0.13979226
10901,0,0.53401893
10902,0,0.22733973
10903,0,0.5060863
10904,0,0.67795014
10905,0,0.31182885
10906,1,0.85552573
10907,0,0.69753504
10908,0,0.36928868
10909,0,0.41889387
10910,1,0.9253582
10911,0,0.1528608
10912,0,0.5233479
10913,1,0.45016855
10914,0,0.22453614
10915,0,0.27897587
10916,0,0.32697853
10917,0,0.38688973
10918,1,0.7824793
10919,0,0.26376295
10920,1,0.4348974
10921,0,0.45507964
10922,0,0.8243213
10923,0,0.23345912
10924,1,0.5712249
10925,1,0.41360575
10926,0,0.27405632
10927,0,0.20658022
10928,1,0.21385033
10929,1,0.41200355
10930,1,0.8531107
10931,1,0.51161397
10932,0,0.24742736
10933,0,0.2896348
10934,0,0.4253997
10935,0,0.14279433
10936,0,0.87658066
10937,0,0.2577052
10938,0,0.28110263
10939,0,0.15144286
10940,0,0.5679916
10941,0,0.47587648
10942,0,0.26974973
10943,0,0.15619877
10944,0,0.22990787
10945,0,0.1995691
10946,0,0.13142967
10947,1,0.8586717
10948,1,0.36399096
10949,1,0.9233903
10950,0,0.40944213
10951,0,0.7734742
10952,0,0.32242712
10953,0,0.23861659
10954,0,0.2113626
10955,1,0.341849
10956,0,0.43253157
10957,0,0.81863445
10958,0,0.8364019
10959,0,0.44678736
10960,0,0.30695823
10961,0,0.34969628
10962,0,0.1949691
10963,1,0.8832088
10964,0,0.20765348
10965,0,0.46645233
10966,0,0.4577716
10967,0,0.44739196
10968,0,0.23435107
10969,0,0.4965476
10970,0,0.5318723
10971,0,0.33484313
10972,0,0.5987871
10973,1,0.70957464
10974,1,0.6351396
10975,1,0.90426064
10976,0,0.26819623
10977,0,0.46006188
10978,0,0.2832484
10979,0,0.4444546
10980,0,0.3802915
10981,0,0.9245399
10982,0,0.14408758
10983,0,0.4332683
10984,0,0.3440218
10985,0,0.316643
10986,0,0.41814256
10987,0,0.4195388
10988,1,0.90411454
10989,0,0.600082
10990,1,0.73379177
10991,1,0.84303874
10992,0,0.24453235
10993,0,0.7740172
10994,0,0.49496657
10995,0,0.46829695
10996,0,0.3562331
10997,0,0.9032703
10998,0,0.37974575
10999,0,0.38315547
11000,1,0.70373815
11001,0,0.34270108
11002,1,0.355894
11003,1,0.39339048
11004,1,0.9019331
11005,1,0.8088592
11006,0,0.44235384
11007,0,0.31615323
11008,0,0.3105685
11009,0,0.23952626
11010,0,0.23213473
11011,1,0.94359154
11012,0,0.16522494
11013,0,0.31199425
11014,0,0.3129112
11015,0,0.4392386
11016,1,0.84845275
11017,0,0.8572844
11018,0,0.14033878
11019,0,0.19442545
11020,0,0.58520097
11021,0,0.4706235
11022,0,0.26049727
11023,1,0.85336494
11024,1,0.7522309
11025,0,0.39286694
11026,0,0.57748234
11027,0,0.6695033
11028,1,0.77780896
11029,0,0.7224091
11030,0,0.40598017
11031,0,0.5049894
11032,0,0.14846694
11033,0,0.20129727
11034,0,0.38606325
11035,0,0.22265947
11036,1,0.45654806
11037,0,0.21189749
11038,0,0.45595196
11039,0,0.103365526
11040,0,0.23104812
11041,1,0.5803559
11042,0,0.36384153
11043,0,0.38505614
11044,0,0.34627005
11045,0,0.48356706
11046,0,0.14835511
11047,0,0.15687601
11048,1,0.93785137
11049,0,0.41548043
11050,0,0.10334807
11051,0,0.5244405
11052,0,0.36354825
11053,0,0.15582463
11054,0,0.11419883
11055,0,0.4667636
11056,0,0.2261624
11057,1,0.56816214
11058,0,0.45044225
11059,1,0.79176384
11060,0,0.21221718
11061,1,0.50687426
11062,0,0.37372136
11063,1,0.8310631
11064,0,0.74658114
11065,0,0.2927353
11066,0,0.35859513
11067,0,0.4730794
11068,0,0.5244753
11069,0,0.3572117
11070,0,0.39681056
11071,0,0.2800858
11072,0,0.33882225
11073,0,0.27967986
11074,0,0.38313657
11075,0,0.18735729
11076,0,0.37236
11077,0,0.16811214
11078,0,0.24915072
11079,0,0.3022075
11080,1,0.83027893
11081,0,0.37853056
11082,0,0.1549326
11083,1,0.9188918
11084,0,0.6048727
11085,0,0.3821881
11086,0,0.32896692
11087,0,0.8402088
11088,0,0.36451694
11089,0,0.260318
11090,0,0.4343721
11091,0,0.30013695
11092,1,0.9114436
11093,1,0.24038228
11094,1,0.6306346
11095,1,0.89906865
11096,0,0.4971965
11097,0,0.2805521
11098,0,0.42627147
11099,0,0.47312587
11100,1,0.75963175
11101,0,0.4475809
11102,0,0.9118689
11103,0,0.23449595
11104,1,0.9287893
11105,1,0.57859194
11106,0,0.24159636
11107,1,0.3437568
11108,0,0.15906055
11109,1,0.6167519
11110,0,0.9005643
11111,1,0.17993721
11112,0,0.32065246
11113,0,0.64564294
11114,0,0.24949554
11115,1,0.5042609
11116,0,0.16739462
11117,0,0.28003007
11118,0,0.34561855
11119,0,0.19006664
11120,0,0.32432592
11121,0,0.099083304
11122,1,0.38717544
11123,0,0.6227948
11124,1,0.89894897
11125,0,0.42252854
11126,0,0.19566488
11127,0,0.2408978
11128,1,0.41892466
11129,1,0.2841519
11130,0,0.36740556
11131,1,0.4367105
11132,0,0.78291065
11133,1,0.8882485
11134,0,0.15837097
11135,0,0.12048784
11136,0,0.18361016
11137,0,0.3832233
11138,1,0.36414236
11139,0,0.17497832
11140,0,0.5810583
11141,0,0.3256366
11142,0,0.6408767
11143,0,0.15894476
11144,0,0.3045956
11145,0,0.52662706
11146,0,0.3217564
11147,0,0.30607808
11148,0,0.20356813
11149,0,0.83730114
11150,0,0.43715784
11151,0,0.34546235
11152,0,0.27242506
11153,0,0.45603853
11154,0,0.6445942
11155,0,0.57848585
11156,1,0.32794297
11157,1,0.34456232
11158,0,0.292562
11159,0,0.28893247
11160,0,0.23593
11161,0,0.43896532
11162,1,0.5492942
11163,0,0.25091615
11164,0,0.2067329
11165,0,0.14690527
11166,1,0.5147365
11167,0,0.26906714
11168,0,0.15045944
11169,0,0.8870864
11170,1,0.33176377
11171,0,0.26852414
11172,0,0.8693895
11173,1,0.32596275
11174,1,0.7766565
11175,1,0.15070623
11176,1,0.75329465
11177,1,0.37676048
11178,0,0.4839678
11179,0,0.2540742
11180,0,0.27485603
11181,0,0.349978
11182,0,0.29027134
11183,0,0.2583385
11184,0,0.16361786
11185,0,0.3044163
11186,1,0.8804731
11187,0,0.18889645
11188,0,0.7396918
11189,0,0.21090156
11190,0,0.09673404
11191,0,0.42507493
11192,0,0.48403582
11193,0,0.46974054
11194,0,0.3258945
11195,0,0.35685474
11196,0,0.58906037
11197,0,0.23334928
11198,0,0.35362414
11199,0,0.26614335
11200,0,0.47528866
11201,0,0.37001896
11202,0,0.16325563
11203,1,0.1437113
11204,1,0.6650106
11205,0,0.7343918
11206,1,0.86598843
11207,0,0.12623034
11208,0,0.549158
11209,0,0.41650385
11210,0,0.1455994
11211,0,0.85639244
11212,0,0.24552344
11213,0,0.38967997
11214,0,0.24089277
11215,0,0.38308305
11216,0,0.69070786
11217,0,0.24248849
11218,1,0.46983084
11219,0,0.51281166
11220,0,0.30438226
11221,0,0.20061056
11222,0,0.20125009
11223,0,0.55118245
11224,0,0.23506941
11225,0,0.34379986
11226,0,0.1824802
11227,0,0.1602578
11228,0,0.108731195
11229,0,0.35445586
11230,1,0.89238805
11231,1,0.9285804
11232,0,0.30815884
11233,0,0.4007552
11234,0,0.22446562
11235,0,0.29694772
11236,0,0.16904274
11237,0,0.19284144
11238,1,0.6365904
11239,0,0.5460964
11240,0,0.11134213
11241,0,0.4900048
11242,1,0.37621275
11243,0,0.77169806
11244,0,0.29087782
11245,0,0.15162979
11246,1,0.86164194
11247,0,0.35807478
11248,0,0.53378886
11249,0,0.3035914
11250,1,0.46858162
11251,1,0.73652774
11252,1,0.86504984
11253,0,0.29872957
11254,0,0.3505278
11255,0,0.40945253
11256,0,0.82299364
11257,0,0.3580567
11258,0,0.30685323
11259,0,0.5561848
11260,1,0.40913182
11261,0,0.2853687
11262,0,0.51744413
11263,0,0.36259475
11264,0,0.5015938
11265,0,0.88071
11266,0,0.38843772
11267,0,0.70708495
11268,0,0.54314446
11269,0,0.3517383
11270,0,0.22035973
11271,0,0.48228547
11272,0,0.17588975
11273,0,0.8940695
11274,0,0.17230356
11275,0,0.183421
11276,0,0.31111568
11277,0,0.31042752
11278,0,0.48185003
11279,0,0.30085474
11280,0,0.24200065
11281,0,0.31212103
11282,0,0.38977152
11283,0,0.59405804
11284,0,0.2667105
11285,1,0.327971
11286,0,0.3200589
11287,0,0.2962836
11288,0,0.29104766
11289,0,0.2909087
11290,0,0.3127383
11291,0,0.18634845
11292,0,0.6463247
11293,0,0.20399636
11294,0,0.2573545
11295,0,0.14471368
11296,1,0.8122882
11297,0,0.5971731
11298,0,0.41551375
11299,0,0.18519169
11300,0,0.45693988
11301,0,0.35008016
11302,0,0.4206216
11303,0,0.23525077
11304,1,0.8957362
11305,0,0.21747851
11306,0,0.23548828
11307,1,0.49792486
11308,0,0.19289465
11309,0,0.444216
11310,0,0.19029422
11311,0,0.25502455
11312,0,0.3035717
11313,0,0.21968153
11314,0,0.6546701
11315,0,0.6150777
11316,0,0.8763655
11317,0,0.21970814
11318,0,0.3655457
11319,1,0.33724338
11320,1,0.5324141
11321,0,0.27787545
11322,0,0.29625988
11323,0,0.49250644
11324,0,0.30212644
11325,0,0.11441905
11326,1,0.92091954
11327,0,0.8619863
11328,0,0.72048855
11329,1,0.81370723
11330,1,0.45928586
11331,0,0.19720735
11332,0,0.32866466
11333,1,0.7198423
11334,1,0.314688
11335,0,0.21840405
11336,0,0.21201582
11337,0,0.2084432
11338,0,0.636086
11339,0,0.6676937
11340,0,0.31634155
11341,0,0.25859535
11342,1,0.28769445
11343,0,0.42618597
11344,0,0.4374482
11345,0,0.5189628
11346,0,0.3603587
11347,0,0.11133997
11348,1,0.16303764
11349,0,0.54388887
11350,0,0.48398578
11351,0,0.222212
11352,1,0.37306333
11353,0,0.19549574
11354,0,0.46726024
11355,0,0.4878281
11356,0,0.4468901
11357,0,0.34148183
11358,0,0.20219076
11359,0,0.40658882
11360,0,0.7774114
11361,1,0.33626938
11362,0,0.38892022
11363,0,0.38028598
11364,0,0.22009008
11365,1,0.8109044
11366,0,0.24637212
11367,0,0.16089928
11368,0,0.56788456
11369,0,0.653518
11370,0,0.27497563
11371,0,0.45520416
11372,0,0.36750445
11373,0,0.5108391
11374,0,0.5829284
11375,1,0.66620046
11376,0,0.2719739
11377,0,0.5749021
11378,0,0.6237784
11379,1,0.9162174
11380,1,0.8159265
11381,0,0.38330394
11382,0,0.63947153
11383,0,0.28380865
11384,0,0.48534068
11385,0,0.4821796
11386,0,0.27365446
11387,0,0.1870164
11388,0,0.3363974
11389,0,0.1356195
11390,0,0.5416455
11391,0,0.1472561
11392,0,0.31165564
11393,0,0.44036102
11394,0,0.17955601
11395,0,0.43611366
11396,0,0.11654019
11397,1,0.33229044
11398,0,0.32976717
11399,1,0.90081894
11400,1,0.8758327
11401,0,0.29061094
11402,0,0.2696691
11403,0,0.30079797
11404,0,0.69965893
11405,0,0.2707713
11406,0,0.27921855
11407,0,0.37864998
11408,0,0.39788845
11409,0,0.26805264
11410,0,0.22444676
11411,0,0.3094466
11412,0,0.3035647
11413,0,0.510487
11414,1,0.40828794
11415,0,0.60191447
11416,1,0.5065738
11417,0,0.37778533
11418,1,0.9032712
11419,0,0.28503528
11420,0,0.29961655
11421,0,0.42989662
11422,0,0.2297491
11423,0,0.14021368
11424,0,0.25419807
11425,0,0.28839839
11426,0,0.238058
11427,1,0.493706
11428,0,0.24650441
11429,0,0.38709235
11430,0,0.37588382
11431,0,0.19837464
11432,0,0.36153296
11433,0,0.26143816
11434,0,0.3765117
11435,0,0.26759392
11436,0,0.39708266
11437,1,0.90332437
11438,1,0.7932575
11439,0,0.29122633
11440,0,0.5683689
11441,0,0.32259226
11442,1,0.5488493
11443,1,0.21063665
11444,0,0.2301656
11445,0,0.30107933
11446,1,0.93003637
11447,0,0.10863257
11448,1,0.8483931
11449,0,0.20025659
11450,0,0.22240548
11451,1,0.642686
11452,0,0.21503899
11453,0,0.20771036
11454,1,0.5150519
11455,1,0.40514842
11456,0,0.56487906
11457,0,0.25626987
11458,0,0.90941316
11459,1,0.89594436
11460,1,0.48760805
11461,0,0.22009058
11462,0,0.8374878
11463,0,0.2491365
11464,0,0.2339187
11465,1,0.7157746
11466,0,0.19853204
11467,1,0.6886295
11468,1,0.36417368
11469,0,0.19685552
11470,0,0.3285367
11471,1,0.7124213
11472,0,0.5015938
11473,0,0.36674199
11474,0,0.121853426
11475,0,0.4597786
11476,1,0.8657877
11477,0,0.41248733
11478,0,0.29663536
11479,0,0.3088489
11480,1,0.91906774
11481,0,0.18434326
11482,0,0.48485285
11483,1,0.69101787
11484,0,0.60813123
11485,1,0.19172348
11486,0,0.21040444
11487,0,0.4520823
11488,0,0.6105014
11489,0,0.8941977
11490,0,0.24300386
11491,0,0.5228822
11492,1,0.3695078
11493,0,0.20811413
11494,0,0.42840382
11495,0,0.3531073
11496,0,0.29410687
11497,0,0.26615825
11498,0,0.26112422
11499,0,0.878325
11500,0,0.3295472
11501,0,0.34791172
11502,0,0.2932818
11503,0,0.40891176
11504,0,0.35869035
11505,0,0.3995641
11506,1,0.55338556
11507,0,0.21003781
11508,1,0.46139807
11509,1,0.26474997
11510,0,0.31790084
11511,0,0.3580798
11512,0,0.35298878
11513,0,0.3412312
11514,0,0.43559137
11515,0,0.3402815
11516,0,0.21235056
11517,0,0.3258102
11518,0,0.4723876
11519,1,0.5362465
11520,0,0.51629466
11521,0,0.8636749
11522,0,0.08532457
11523,0,0.3579738
11524,1,0.3502733
11525,0,0.22934206
11526,0,0.37796533
11527,0,0.3628964
11528,0,0.4187358
11529,1,0.52908146
11530,1,0.37546062
11531,0,0.8649073
11532,0,0.14893681
11533,0,0.25665146
11534,0,0.6577271
11535,0,0.35530913
11536,0,0.24625282
11537,0,0.32539937
11538,1,0.58608484
11539,0,0.38628867
11540,0,0.12978387
11541,0,0.32310194
11542,0,0.14855231
11543,0,0.17010652
11544,0,0.27500126
11545,0,0.28495762
11546,0,0.22190033
11547,1,0.8323812
11548,0,0.8446231
11549,0,0.46199134
11550,0,0.42371106
11551,1,0.53476816
11552,0,0.24214715
11553,0,0.6908161
11554,1,0.38998035
11555,0,0.28217086
11556,0,0.18992585
11557,1,0.52721745
11558,0,0.30735186
11559,0,0.4104072
11560,1,0.8757
11561,0,0.19341636
11562,0,0.34713882
11563,0,0.24083708
11564,0,0.33730868
11565,0,0.2805202
11566,1,0.8541737
11567,0,0.44794
11568,0,0.2687875
11569,0,0.33296636
11570,0,0.53693086
11571,0,0.39895263
11572,0,0.33961678
11573,0,0.40428454
11574,0,0.4465893
11575,1,0.8692406
11576,0,0.24210486
11577,0,0.40264145
11578,0,0.14758292
11579,1,0.38318753
11580,1,0.8665409
11581,0,0.17259839
11582,1,0.58633286
11583,0,0.41243133
11584,0,0.24114184
11585,0,0.30143887
11586,0,0.44195583
11587,1,0.9168096
11588,0,0.108122565
11589,1,0.23923749
11590,0,0.9065545
11591,0,0.30883747
11592,0,0.4571958
11593,0,0.2831519
11594,1,0.8914829
11595,1,0.72512025
11596,0,0.44460434
11597,1,0.88332725
11598,0,0.23435217
11599,1,0.5921415
11600,0,0.06903979
11601,0,0.12615435
11602,0,0.38780046
11603,0,0.2288147
11604,0,0.23511869
11605,0,0.37373406
11606,0,0.30463788
11607,1,0.39955965
11608,0,0.37213886
11609,0,0.41502285
11610,0,0.4591933
11611,0,0.61689585
11612,0,0.21106094
11613,1,0.89629245
11614,0,0.18844515
11615,0,0.14213757
11616,0,0.36150825
11617,0,0.8760657
11618,1,0.36310786
11619,1,0.65228915
11620,0,0.31822744
11621,0,0.61586064
11622,0,0.8940757
11623,0,0.1737954
11624,0,0.27414456
11625,1,0.5772458
11626,0,0.45831543
11627,0,0.37513497
11628,0,0.24874705
11629,0,0.342972
11630,0,0.16906182
11631,0,0.39477965
11632,1,0.49747673
11633,0,0.37784702
11634,0,0.19409612
11635,0,0.15171477
11636,1,0.89554846
11637,0,0.29822588
11638,0,0.5786634
11639,0,0.38204557
11640,0,0.22759452
11641,0,0.307872
11642,1,0.72265106
11643,0,0.18579446
11644,1,0.70422626
11645,1,0.8609147
11646,0,0.72932637
11647,0,0.24004476
11648,0,0.26878247
11649,0,0.32864985
11650,0,0.39588588
11651,0,0.2560433
11652,0,0.40374115
11653,0,0.41475093
11654,0,0.16766125
11655,1,0.39211977
11656,0,0.2598803
11657,0,0.9146125
11658,0,0.12639086
11659,0,0.4315776
11660,0,0.4746352
11661,0,0.18876964
11662,0,0.28907102
11663,0,0.15504421
11664,0,0.16609874
11665,1,0.70116603
11666,0,0.5178417
11667,0,0.4434203
11668,0,0.24779236
11669,1,0.92129475
11670,0,0.37076807
11671,0,0.26693812
11672,0,0.23861457
11673,1,0.64251786
11674,0,0.42307162
11675,0,0.6950126
11676,0,0.23559657
11677,0,0.40475917
11678,0,0.20893419
11679,0,0.6142527
11680,0,0.21308665
11681,0,0.8487556
11682,0,0.49019873
11683,0,0.42113042
11684,0,0.19231577
11685,0,0.73163384
11686,1,0.3927977
11687,0,0.35845026
11688,0,0.30341098
11689,0,0.24183215
11690,1,0.861565
11691,1,0.3252396
11692,1,0.82253313
11693,0,0.1766992
11694,0,0.40041265
11695,0,0.2590712
11696,0,0.3539893
11697,0,0.5392115
11698,1,0.9020928
11699,0,0.33741462
11700,0,0.2944256
11701,0,0.41602093
11702,0,0.1386442
11703,0,0.40779784
11704,1,0.7562567
11705,0,0.6063002
11706,0,0.12512487
11707,0,0.30156422
11708,1,0.30292422
11709,0,0.36829546
11710,0,0.16130055
11711,0,0.90844584
11712,1,0.9325454
11713,0,0.39762792
11714,0,0.25887328
11715,0,0.41786516
11716,0,0.21281846
11717,0,0.27254787
11718,0,0.0909556
11719,1,0.48812354
11720,0,0.5567527
11721,0,0.54405487
11722,1,0.5305915
11723,1,0.65321136
11724,1,0.92295736
11725,0,0.9149952
11726,0,0.278726
11727,1,0.62290955
11728,0,0.3164523
11729,0,0.39830524
11730,0,0.5175649
11731,0,0.1823732
11732,0,0.27829236
11733,0,0.29224283
11734,0,0.22411121
11735,0,0.7547443
11736,0,0.54357874
11737,0,0.13886675
11738,0,0.61280185
11739,1,0.7135883
11740,0,0.2461795
11741,1,0.83175033
11742,0,0.55897224
11743,1,0.44367003
11744,0,0.3558487
11745,0,0.33272067
11746,0,0.2269788
11747,0,0.14460962
11748,0,0.24626401
11749,0,0.2194907
11750,1,0.87590575
11751,0,0.1421566
11752,0,0.86598843
11753,1,0.67011696
11754,0,0.42825022
11755,0,0.26737317
11756,0,0.43663937
11757,0,0.36351523
11758,0,0.18852928
11759,0,0.55479467
11760,0,0.24404626
11761,0,0.20202543
11762,0,0.18520051
11763,0,0.19663498
11764,0,0.27783203
11765,1,0.31047827
11766,1,0.34821513
11767,0,0.48961893
11768,0,0.15868783
11769,0,0.40465915
11770,0,0.42275342
11771,0,0.28099453
11772,0,0.6713899
11773,0,0.30762225
11774,0,0.38997275
11775,1,0.17346714
11776,0,0.35146067
11777,1,0.45108113
11778,1,0.4298289
11779,0,0.14024962
11780,0,0.8674195
11781,1,0.6858814
11782,0,0.53306454
11783,0,0.4165963
11784,0,0.37115294
11785,0,0.25781196
11786,0,0.19939998
11787,0,0.21204709
11788,0,0.26863468
11789,0,0.21523786
11790,0,0.42706412
11791,0,0.31751055
11792,1,0.37172195
11793,0,0.35231417
11794,1,0.24428517
11795,0,0.24061304
11796,0,0.1747658
11797,0,0.37353042
11798,0,0.9202641
11799,0,0.36049348
11800,0,0.4538675
11801,0,0.45096323
11802,1,0.32728806
11803,0,0.22920619
11804,0,0.9035333
11805,0,0.4254107
11806,0,0.4568661
11807,1,0.6968277
11808,0,0.30936515
11809,0,0.32002395
11810,0,0.34454697
11811,0,0.29343915
11812,0,0.24184418
11813,0,0.42899764
11814,0,0.45364574
11815,0,0.34883016
11816,0,0.62757915
11817,0,0.16410443
11818,0,0.47834304
11819,0,0.31671605
11820,0,0.38110927
11821,0,0.42754474
11822,0,0.17916785
11823,0,0.23063491
11824,0,0.1768159
11825,0,0.7075707
11826,0,0.2773054
11827,0,0.39839566
11828,0,0.20684908
11829,0,0.35845026
11830,0,0.2750734
11831,1,0.36245218
11832,0,0.43184018
11833,0,0.5974832
11834,0,0.39174852
11835,0,0.5299997
11836,0,0.16071323
11837,0,0.15620771
11838,0,0.340814
11839,0,0.4206098
11840,0,0.87544346
11841,0,0.3869296
11842,1,0.43831328
11843,0,0.5477116
11844,1,0.8564543
11845,0,0.60806966
11846,0,0.6512221
11847,0,0.1646171
11848,1,0.23332986
11849,0,0.1887961
11850,0,0.2886053
11851,0,0.611784
11852,0,0.2686717
11853,0,0.2915785
11854,1,0.6039242
11855,0,0.37197444
11856,0,0.61753535
11857,0,0.34740564
11858,0,0.666239
11859,0,0.23910913
11860,0,0.21361724
11861,1,0.3063975
11862,0,0.46343443
11863,0,0.3151375
11864,0,0.09002365
11865,0,0.7180186
11866,0,0.2722613
11867,0,0.12635846
11868,1,0.5730285
11869,0,0.22686614
11870,0,0.20727135
11871,0,0.52099746
11872,0,0.2445613
11873,0,0.43952534
11874,0,0.21737345
11875,0,0.3834937
11876,0,0.17361268
11877,0,0.38005462
11878,1,0.91459954
11879,0,0.4218753
11880,0,0.17657164
11881,1,0.33314413
11882,0,0.6398037
11883,0,0.14297658
11884,1,0.26360795
11885,1,0.4310905
11886,0,0.41492587
11887,0,0.5012683
11888,0,0.4902205
11889,0,0.7821365
11890,0,0.10715773
11891,0,0.12340003
11892,0,0.16199474
11893,0,0.37773776
11894,0,0.46068412
11895,1,0.5832573
11896,0,0.50410724
11897,0,0.2797502
11898,0,0.5207261
11899,0,0.16960421
11900,1,0.33465242
11901,0,0.39056528
11902,0,0.4420569
11903,1,0.7864924
11904,0,0.4903886
11905,0,0.30847257
11906,0,0.3337971
11907,0,0.48781288
11908,0,0.2922847
11909,0,0.18840532
11910,1,0.435627
11911,0,0.11143607
11912,0,0.33671138
11913,0,0.41147253
11914,0,0.33846954
11915,0,0.36144936
11916,0,0.3196154
11917,0,0.4168503
11918,0,0.39876914
11919,1,0.74926144
11920,0,0.34406352
11921,0,0.45382556
11922,0,0.5315217
11923,0,0.272815
11924,0,0.24523929
11925,0,0.22461826
11926,1,0.6285678
11927,0,0.731951
11928,0,0.36109668
11929,0,0.41946203
11930,1,0.32812282
11931,0,0.12574689
11932,0,0.42969382
11933,1,0.467325
11934,0,0.516504
11935,0,0.3668629
11936,0,0.2756853
11937,0,0.4448781
11938,1,0.75187355
11939,0,0.4100982
11940,0,0.4678508
11941,0,0.1936121
11942,0,0.28280345
11943,0,0.15493879
11944,0,0.36366946
11945,0,0.45796233
11946,1,0.93310446
11947,0,0.4525788
11948,0,0.47811228
11949,0,0.2227171
11950,0,0.16149235
11951,0,0.32211408
11952,1,0.7230181
11953,0,0.24240434
11954,0,0.21448413
11955,0,0.7837836
11956,1,0.8523153
11957,0,0.2800077
11958,1,0.6429631
11959,0,0.22771053
11960,1,0.8294882
11961,0,0.3467604
11962,0,0.5952646
11963,1,0.89129555
11964,0,0.775929
11965,0,0.22537439
11966,1,0.5547368
11967,0,0.8064135
11968,0,0.1632566
11969,0,0.2248361
11970,0,0.20910649
11971,0,0.19753969
11972,0,0.28622895
11973,0,0.16376154
11974,0,0.088404775
11975,1,0.16517322
11976,0,0.8828794
11977,0,0.14613155
11978,0,0.15109952
11979,0,0.23960415
11980,0,0.46808586
11981,1,0.6463805
11982,1,0.29122487
11983,1,0.4038086
11984,0,0.22847894
11985,0,0.13307407
11986,1,0.66027445
11987,0,0.21067573
11988,0,0.24813457
11989,0,0.27678305
11990,0,0.18508679
11991,1,0.9200758
11992,0,0.52457273
11993,0,0.114588074
11994,0,0.49141532
11995,0,0.2105628
11996,0,0.3452192
11997,0,0.34735024
11998,0,0.14019395
11999,0,0.18289015
12000,0,0.6230635
12001,1,0.93201226
12002,1,0.7334201
12003,0,0.38069695
12004,0,0.14443004
12005,0,0.4266994
12006,0,0.4790186
12007,0,0.74164295
12008,0,0.39277542
12009,0,0.13793889
12010,0,0.15091166
12011,0,0.8638161
12012,0,0.21181732
12013,0,0.23274985
12014,0,0.24243416
12015,0,0.44932932
12016,0,0.4082793
12017,0,0.14094315
12018,1,0.86904985
12019,1,0.8809008
12020,0,0.37783653
12021,0,0.49830252
12022,0,0.34656766
12023,0,0.4338818
12024,0,0.4306784
12025,0,0.644733
12026,0,0.42769173
12027,0,0.26584175
12028,0,0.40753004
12029,0,0.4184154
12030,0,0.53403616
12031,1,0.48096728
12032,0,0.5716577
12033,0,0.4262032
12034,1,0.9101549
12035,0,0.46882516
12036,1,0.33706173
12037,0,0.5744155
12038,0,0.87074
12039,0,0.43144476
12040,0,0.28182814
12041,1,0.87476957
12042,1,0.9389556
12043,1,0.9199706
12044,0,0.33140177
12045,0,0.099100016
12046,0,0.12911198
12047,0,0.2734577
12048,0,0.14658462
12049,0,0.564144
12050,0,0.5489971
12051,0,0.16911387
12052,0,0.42334858
12053,0,0.42899472
12054,0,0.56952
12055,1,0.16027974
12056,0,0.33110833
12057,0,0.21737239
12058,0,0.11787253
12059,0,0.19568762
12060,0,0.29050884
12061,1,0.6816608
12062,1,0.903908
12063,0,0.39805242
12064,0,0.36144885
12065,0,0.5095461
12066,1,0.55897546
12067,0,0.20308132
12068,0,0.7244811
12069,1,0.46722168
12070,0,0.2915094
12071,0,0.700002
12072,0,0.30437937
12073,0,0.27944472
12074,0,0.10513943
12075,0,0.26474527
12076,0,0.14397505
12077,0,0.123336695
12078,0,0.2903199
12079,0,0.39797297
12080,1,0.70682514
12081,0,0.3516845
12082,0,0.3638214
12083,0,0.18563506
12084,0,0.1992569
12085,0,0.34902766
12086,0,0.22829536
12087,0,0.30073622
12088,0,0.31296664
12089,0,0.7744079
12090,0,0.39969513
12091,0,0.24492693
12092,0,0.4245747
12093,0,0.31727144
12094,0,0.5087082
12095,0,0.28733614
12096,0,0.3659596
12097,1,0.39274988
12098,0,0.28945285
12099,0,0.38976452
12100,0,0.2499258
12101,0,0.21858221
12102,0,0.24109593
12103,0,0.48147622
12104,0,0.44785628
12105,0,0.26532024
12106,1,0.7389732
12107,0,0.37602973
12108,0,0.6475864
12109,1,0.8579553
12110,0,0.4240969
12111,0,0.35516948
12112,0,0.73621184
12113,0,0.14737223
12114,1,0.26412594
12115,0,0.26091692
12116,1,0.8939149
12117,0,0.32916966
12118,0,0.5383353
12119,0,0.14324045
12120,0,0.5492817
12121,0,0.58608484
12122,1,0.4659173
12123,0,0.35806948
12124,0,0.24268654
12125,0,0.21370786
12126,0,0.3923978
12127,0,0.15879458
12128,1,0.9011816
12129,1,0.90835965
12130,0,0.18167041
12131,1,0.62737554
12132,1,0.78223854
12133,0,0.48515785
12134,0,0.19423081
12135,0,0.23244122
12136,1,0.9341846
12137,0,0.37710294
12138,0,0.5402793
12139,0,0.37111732
12140,1,0.5174464
12141,0,0.44129968
12142,0,0.27132604
12143,0,0.18982948
12144,0,0.30824652
12145,1,0.37314174
12146,0,0.27595806
12147,0,0.3141836
12148,0,0.15069343
12149,0,0.34366685
12150,0,0.4005467
12151,0,0.46714386
12152,0,0.3873991
12153,0,0.25968146
12154,0,0.36397552
12155,0,0.46643367
12156,0,0.19342552
12157,0,0.4900473
12158,0,0.28938356
12159,1,0.8947169
12160,0,0.28324133
12161,0,0.7961
12162,1,0.50180423
12163,0,0.29394844
12164,0,0.19002871
12165,0,0.48643193
12166,0,0.33233604
12167,0,0.3226327
12168,0,0.9057753
12169,0,0.1809324
12170,1,0.40664995
12171,0,0.21958405
12172,0,0.3996391
12173,0,0.199321
12174,0,0.31522527
12175,0,0.35054255
12176,0,0.4009372
12177,0,0.21833137
12178,0,0.47673267
12179,0,0.4294424
12180,0,0.13449162
12181,1,0.77791345
12182,0,0.4862843
12183,0,0.17804459
12184,0,0.38260427
12185,0,0.1744017
12186,1,0.32468852
12187,1,0.28558144
12188,0,0.42963025
12189,0,0.35642287
12190,0,0.14159162
12191,0,0.636478
12192,1,0.3831215
12193,0,0.33312753
12194,0,0.3815869
12195,1,0.9080089
12196,1,0.4104953
12197,0,0.28883657
12198,0,0.5726849
12199,0,0.33855557
12200,0,0.20295665
12201,0,0.55727065
12202,0,0.3598863
12203,0,0.1601599
12204,0,0.079292
12205,1,0.34384784
12206,0,0.3955374
12207,0,0.36210203
12208,0,0.36859205
12209,0,0.5939209
12210,0,0.39811388
12211,1,0.34868854
12212,0,0.35655066
12213,0,0.1770118
12214,1,0.90005344
12215,0,0.46398842
12216,1,0.9267532
12217,1,0.8234823
12218,0,0.177696
12219,0,0.26607457
12220,1,0.38511577
12221,0,0.20584974
12222,1,0.8536785
12223,1,0.8632369
12224,0,0.32746115
12225,0,0.1152528
12226,0,0.35622102
12227,0,0.35845026
12228,0,0.3916929
12229,0,0.12305182
12230,1,0.25036517
12231,0,0.48271078
12232,0,0.53916603
12233,0,0.20514238
12234,0,0.38636166
12235,0,0.46743494
12236,0,0.38483843
12237,1,0.65316045
12238,0,0.3305704
12239,0,0.47921824
12240,0,0.49925724
12241,0,0.50178945
12242,0,0.43019578
12243,0,0.8666597
12244,1,0.7264471
12245,0,0.22514994
12246,0,0.36575556
12247,1,0.9023854
12248,0,0.3437657
12249,0,0.24171063
12250,1,0.8586941
12251,0,0.38349447
12252,0,0.57615995
12253,0,0.28815138
12254,0,0.30082193
12255,0,0.25304598
12256,1,0.69132835
12257,1,0.5032807
12258,0,0.16388159
12259,0,0.3447346
12260,0,0.28898895
12261,1,0.35062143
12262,0,0.7816429
12263,1,0.9211048
12264,0,0.17914918
12265,0,0.3964876
12266,0,0.31707644
12267,0,0.9144967
12268,0,0.30718407
12269,1,0.91761994
12270,0,0.23239778
12271,0,0.5569377
12272,0,0.31960243
12273,0,0.44255328
12274,1,0.36665776
12275,0,0.30226567
12276,0,0.39010105
12277,0,0.14280805
12278,0,0.33915803
12279,0,0.14557005
12280,0,0.44248408
12281,0,0.28171486
12282,0,0.18315272
12283,0,0.33719924
12284,0,0.1712527
12285,0,0.3092202
12286,1,0.6235652
12287,0,0.34499168
12288,1,0.3584944
12289,0,0.4929218
12290,0,0.14294064
12291,0,0.371311
12292,0,0.5185374
12293,0,0.31838632
12294,0,0.48615623
12295,0,0.43984008
12296,0,0.44169658
12297,0,0.6380467
12298,1,0.4679976
12299,1,0.39146602
12300,1,0.6701184
12301,0,0.2932807
12302,0,0.20381065
12303,1,0.31806466
12304,0,0.25921676
12305,1,0.457866
12306,1,0.76396835
12307,1,0.79948
12308,0,0.5596321
12309,1,0.68734634
12310,0,0.16432521
12311,0,0.048370134
12312,0,0.39080113
12313,0,0.3875848
12314,0,0.2789845
12315,0,0.6470411
12316,1,0.91102254
12317,1,0.5059158
12318,1,0.4612985
12319,0,0.6364167
12320,0,0.5285199
12321,0,0.31449887
12322,0,0.5746223
12323,0,0.46181047
12324,0,0.21610539
12325,0,0.332589
12326,0,0.34795225
12327,1,0.711122
12328,1,0.822544
12329,0,0.2765974
12330,0,0.19767708
12331,0,0.72721535
12332,0,0.45048735
12333,0,0.35104984
12334,0,0.22579238
12335,0,0.10512133
12336,0,0.2690408
12337,0,0.5914923
12338,0,0.26390067
12339,0,0.1485718
12340,0,0.8854754
12341,0,0.11467497
12342,1,0.46675247
12343,0,0.65210104
12344,0,0.35940865
12345,0,0.3569389
12346,0,0.78800124
12347,1,0.34041315
12348,0,0.7238588
12349,1,0.32730952
12350,0,0.6134688
12351,0,0.6695488
12352,0,0.21270062
12353,1,0.48699582
12354,0,0.4207379
12355,0,0.29211053
12356,0,0.39033917
12357,1,0.53452736
12358,0,0.27209958
12359,0,0.44671243
12360,1,0.46454042
12361,0,0.38906714
12362,1,0.8150094
12363,0,0.42836428
12364,0,0.24987918
12365,0,0.42338863
12366,0,0.53350157
12367,0,0.32962817
12368,1,0.8694834
12369,0,0.46491644
12370,1,0.90897554
12371,1,0.53783625
12372,0,0.38622046
12373,0,0.28879002
12374,0,0.18221958
12375,1,0.6274881
12376,1,0.5513829
12377,0,0.2989832
12378,0,0.660062
12379,0,0.24573688
12380,0,0.3103843
12381,0,0.44757897
12382,0,0.26149774
12383,1,0.88303137
12384,0,0.2434234
12385,0,0.44555554
12386,0,0.2727931
12387,0,0.5501015
12388,0,0.11980804
12389,0,0.42980716
12390,1,0.6873507
12391,1,0.56252885
12392,1,0.88724643
12393,0,0.06219104
12394,0,0.3284487
12395,0,0.5512936
12396,1,0.4051627
12397,0,0.5769045
12398,0,0.19576325
12399,0,0.10191029
12400,1,0.62781256
12401,0,0.44730148
12402,0,0.31680933
12403,0,0.76753247
12404,0,0.47601452
12405,0,0.58273107
12406,0,0.4853158
12407,1,0.42337278
12408,0,0.19521299
12409,0,0.13723
12410,0,0.3767153
12411,0,0.17163542
12412,1,0.28154305
12413,0,0.32030967
12414,0,0.42237434
12415,0,0.41297755
12416,0,0.17434208
12417,1,0.36506602
12418,1,0.83150566
12419,1,0.89873654
12420,0,0.35323086
12421,0,0.3469517
12422,0,0.26843274
12423,0,0.26834887
12424,0,0.19063435
12425,1,0.4688018
12426,0,0.55981064
12427,0,0.14911889
12428,0,0.15807512
12429,0,0.36193272
12430,1,0.9147587
12431,0,0.34326687
12432,0,0.34517372
12433,0,0.51684105
12434,0,0.15164395
12435,0,0.24824665
12436,0,0.38329646
12437,0,0.06598097
12438,0,0.4493881
12439,0,0.3144082
12440,0,0.35162112
12441,1,0.59532595
12442,1,0.43781805
12443,0,0.44451162
12444,0,0.46516278
12445,0,0.26862046
12446,0,0.48456493
12447,0,0.26363227
12448,0,0.5462067
12449,0,0.21285053
12450,0,0.49324894
12451,0,0.21977685
12452,0,0.2676107
12453,0,0.343134
12454,0,0.20678857
12455,0,0.31627512
12456,0,0.28979263
12457,0,0.32211724
12458,0,0.6424356
12459,0,0.2532093
12460,0,0.16378133
12461,0,0.8008264
12462,1,0.9172213
12463,1,0.4403393
12464,1,0.915155
12465,1,0.91926825
12466,0,0.5181026
12467,0,0.44111648
12468,0,0.5257838
12469,0,0.35649154
12470,0,0.15254982
12471,1,0.7862326
12472,0,0.21598707
12473,0,0.614982
12474,1,0.7712135
12475,1,0.768355
12476,0,0.3901157
12477,0,0.21254998
12478,0,0.59578526
12479,0,0.23426615
12480,0,0.13944857
12481,1,0.70568365
12482,1,0.8884413
12483,0,0.3028558
12484,1,0.92238367
12485,0,0.13171704
12486,1,0.52882516
12487,0,0.42689544
12488,0,0.25745812
12489,0,0.27865797
12490,0,0.1672814
12491,1,0.3129162
12492,0,0.24953562
12493,0,0.25299606
12494,0,0.35621637
12495,1,0.88230747
12496,1,0.9049722
12497,0,0.23008499
12498,0,0.5991549
12499,0,0.26992038
12500,1,0.49396944
12501,0,0.68382406
12502,1,0.34572554
12503,0,0.41572735
12504,0,0.23793447
12505,0,0.22651055
12506,0,0.35440868
12507,0,0.42346594
12508,1,0.9474204
12509,0,0.28960106
12510,0,0.49083847
12511,1,0.6755565
12512,1,0.5758744
12513,0,0.36327308
12514,1,0.95212543
12515,0,0.31808597
12516,1,0.8838501
12517,0,0.2372147
12518,0,0.43395647
12519,0,0.44868407
12520,1,0.9171493
12521,0,0.3202289
12522,1,0.9309774
12523,0,0.6588084
12524,0,0.5622997
12525,0,0.5665532
12526,0,0.14315301
12527,0,0.19095123
12528,0,0.7553742
12529,0,0.21245135
12530,0,0.2756911
12531,0,0.12713987
12532,0,0.3868663
12533,1,0.2735953
12534,0,0.19136788
12535,0,0.35551956
12536,0,0.82913065
12537,1,0.93363816
12538,1,0.58796036
12539,0,0.26958486
12540,0,0.4403545
12541,0,0.2459532
12542,0,0.8287328
12543,0,0.81449246
12544,1,0.8678196
12545,0,0.5294846
12546,1,0.9086896
12547,0,0.22311708
12548,0,0.2994575
12549,0,0.59805125
12550,0,0.21206024
12551,1,0.7396573
12552,0,0.63137287
12553,1,0.9023526
12554,0,0.541678
12555,0,0.2275931
12556,1,0.7321794
12557,1,0.36231536
12558,0,0.48381853
12559,0,0.29648858
12560,1,0.42827636
12561,0,0.40659827
12562,0,0.33390716
12563,0,0.8747577
12564,0,0.65277857
12565,0,0.531493
12566,0,0.5236677
12567,1,0.6725979
12568,0,0.12998189
12569,0,0.4053463
12570,1,0.68771493
12571,0,0.115265496
12572,0,0.16966976
12573,1,0.86975914
12574,1,0.35385913
12575,0,0.23657764
12576,1,0.9312892
12577,1,0.44848046
12578,0,0.4590807
12579,0,0.13304755
12580,1,0.46655083
12581,0,0.30736074
12582,0,0.40998203
12583,0,0.38079724
12584,0,0.681206
12585,1,0.90174025
12586,0,0.28397226
12587,0,0.25849077
12588,0,0.27579764
12589,0,0.3241841
12590,0,0.14525501
12591,0,0.18083632
12592,0,0.23766181
12593,1,0.8390457
12594,0,0.27760842
12595,0,0.34655362
12596,0,0.87921464
12597,0,0.27543166
12598,1,0.68806905
12599,0,0.3220187
12600,0,0.24179964
12601,0,0.18096039
12602,1,0.9214186
12603,0,0.47403646
12604,0,0.3161013
12605,0,0.42036134
12606,0,0.380627
12607,0,0.3797613
12608,0,0.3075574
12609,0,0.45303378
12610,1,0.83600086
12611,1,0.31413835
12612,0,0.3270234
12613,0,0.2627132
12614,0,0.2529808
12615,0,0.7078874
12616,1,0.8584685
12617,0,0.3694867
12618,0,0.2723852
12619,0,0.28740045
12620,0,0.30613953
12621,0,0.19500342
12622,0,0.8224676
12623,0,0.1915482
12624,0,0.3511021
12625,0,0.15511727
12626,0,0.19760035
12627,0,0.49364668
12628,0,0.43101943
12629,0,0.34692544
12630,0,0.46140411
12631,1,0.5016058
12632,1,0.43730476
12633,0,0.51197124
12634,1,0.4861713
12635,0,0.24056596
12636,1,0.31043175
12637,0,0.26035166
12638,1,0.5482439
12639,0,0.14972383
12640,0,0.32454076
12641,0,0.33459082
12642,0,0.5487194
12643,0,0.3284096
12644,0,0.1849935
12645,0,0.31790787
12646,1,0.39122897
12647,0,0.22857232
12648,0,0.19557954
12649,0,0.39847606
12650,0,0.14879435
12651,0,0.5311961
12652,0,0.37120625
12653,0,0.34958434
12654,1,0.88339037
12655,0,0.3489033
12656,0,0.26960233
12657,1,0.68735695
12658,0,0.40107664
12659,0,0.18339163
12660,1,0.3750934
12661,0,0.30444375
12662,0,0.40000573
12663,0,0.43951702
12664,0,0.33743432
12665,1,0.83352274
12666,0,0.6701563
12667,0,0.20091489
12668,0,0.3406824
12669,1,0.84442437
12670,0,0.5717184
12671,0,0.2528622
12672,0,0.4381186
12673,0,0.33749905
12674,0,0.25416455
12675,0,0.24302123
12676,0,0.32190418
12677,0,0.6234091
12678,0,0.44395384
12679,0,0.24734996
12680,0,0.14791653
12681,0,0.18939641
12682,0,0.6549563
12683,1,0.83513343
12684,0,0.4299938
12685,1,0.56006765
12686,0,0.48161453
12687,0,0.44495535
12688,0,0.3855679
12689,1,0.836238
12690,1,0.48678634
12691,0,0.5741126
12692,0,0.25025383
12693,0,0.2817083
12694,0,0.791198
12695,0,0.89039963
12696,0,0.62414795
12697,0,0.58273107
12698,0,0.51219434
12699,0,0.45600852
12700,0,0.40225917
12701,0,0.109919004
12702,0,0.35143518
12703,0,0.22146855
12704,0,0.6379717
12705,0,0.45856458
12706,1,0.75478196
12707,1,0.6321831
12708,0,0.24741387
12709,0,0.61657536
12710,0,0.14266397
12711,0,0.7547706
12712,0,0.4798551
12713,0,0.3966261
12714,0,0.3247307
12715,0,0.29922393
12716,0,0.1765199
12717,0,0.26126233
12718,0,0.91976285
12719,0,0.77403533
12720,1,0.3318856
12721,1,0.46618035
12722,0,0.16146985
12723,0,0.35486782
12724,0,0.2510012
12725,0,0.16715409
12726,0,0.19212405
12727,0,0.2597478
12728,0,0.51045495
12729,1,0.7962043
12730,0,0.29441777
12731,0,0.3360078
12732,0,0.633875
12733,0,0.35921103
12734,1,0.8675334
12735,0,0.34556124
12736,1,0.7203538
12737,1,0.49814162
12738,0,0.37425846
12739,1,0.92398334
12740,0,0.75788873
12741,0,0.277988
12742,0,0.33308014
12743,0,0.14690094
12744,0,0.5405861
12745,0,0.2959591
12746,0,0.2387123
12747,1,0.5372888
12748,1,0.9025712
12749,1,0.602935
12750,1,0.26001376
12751,0,0.4562512
12752,0,0.120988406
12753,0,0.14753754
12754,1,0.63780755
12755,0,0.13278359
12756,0,0.23691723
12757,0,0.2865194
12758,0,0.35131356
12759,0,0.30428037
12760,0,0.26463664
12761,1,0.29785106
12762,0,0.27692574
12763,0,0.50363696
12764,1,0.50587434
12765,1,0.8706306
12766,0,0.20458075
12767,1,0.54212284
12768,1,0.928068
12769,0,0.5952646
12770,1,0.6388448
12771,0,0.60288715
12772,0,0.5108391
12773,1,0.9195574
12774,1,0.6072455
12775,1,0.8634624
12776,0,0.5512851
12777,1,0.38164005
12778,1,0.31890863
12779,1,0.87387794
12780,0,0.359372
12781,0,0.1773036
12782,0,0.51397085
12783,1,0.8666381
12784,0,0.20827912
12785,0,0.30209783
12786,0,0.1619476
12787,0,0.49928305
12788,0,0.5129168
12789,0,0.55742013
12790,0,0.43363655
12791,0,0.21067719
12792,0,0.20054245
12793,0,0.32065368
12794,0,0.27604654
12795,0,0.16477484
12796,0,0.2036021
12797,0,0.1909349
12798,0,0.15066642
12799,0,0.5113473
12800,0,0.33597696
12801,0,0.6553762
12802,0,0.5184989
12803,0,0.19796932
12804,1,0.7033069
12805,0,0.27755612
12806,0,0.33463156
12807,0,0.15487842
12808,0,0.3333079
12809,0,0.43156105
12810,0,0.88908464
12811,1,0.5853729
12812,0,0.40846124
12813,0,0.26203892
12814,0,0.61925143
12815,1,0.39592677
12816,0,0.38050944
12817,0,0.28325212
12818,1,0.54097134
12819,0,0.24092858
12820,0,0.38458762
12821,0,0.411096
12822,0,0.9002911
12823,0,0.1862361
12824,0,0.25288868
12825,0,0.27566448
12826,1,0.8235809
12827,0,0.3797508
12828,0,0.29159975
12829,0,0.5557542
12830,0,0.5825499
12831,0,0.38900816
12832,1,0.36711514
12833,0,0.2846572
12834,0,0.15961781
12835,1,0.85040563
12836,0,0.45243353
12837,0,0.10816135
12838,0,0.5364201
12839,0,0.9252351
12840,1,0.7443416
12841,1,0.19972865
12842,1,0.9135994
12843,1,0.6985426
12844,0,0.41219157
12845,0,0.18269789
12846,0,0.61686176
12847,1,0.3448452
12848,0,0.30592635
12849,0,0.17556775
12850,0,0.2139734
12851,1,0.35199466
12852,0,0.15894093
12853,1,0.8639627
12854,0,0.20754713
12855,0,0.2637412
12856,0,0.19790877
12857,0,0.2525923
12858,0,0.28045386
12859,0,0.30074066
12860,0,0.19561261
12861,1,0.5658902
12862,0,0.31259343
12863,0,0.29331326
12864,0,0.24456012
12865,0,0.2511579
12866,1,0.9201327
12867,1,0.44771174
12868,0,0.39494142
12869,0,0.33411935
12870,0,0.33408526
12871,0,0.33404824
12872,0,0.574602
12873,0,0.83135766
12874,0,0.28725535
12875,0,0.34747115
12876,0,0.21572393
12877,0,0.43298084
12878,0,0.2854246
12879,0,0.09500352
12880,0,0.33913288
12881,0,0.24507785
12882,0,0.23767813
12883,1,0.2945472
12884,1,0.60909635
12885,0,0.4031235
12886,0,0.48784545
12887,0,0.8655511
12888,0,0.2927679
12889,0,0.72609705
12890,0,0.22147849
12891,0,0.44383633
12892,0,0.30364367
12893,0,0.37351596
12894,0,0.13836119
12895,1,0.29882294
12896,1,0.9218038
12897,0,0.19261542
12898,1,0.91829103
12899,0,0.19264138
12900,0,0.2983171
12901,0,0.1689796
12902,0,0.9303653
12903,1,0.2310286
12904,0,0.22864555
12905,1,0.46698076
12906,0,0.8536476
12907,1,0.65641403
12908,0,0.13693185
12909,0,0.43747196
12910,0,0.21888262
12911,1,0.3368948
12912,0,0.27001923
12913,0,0.49999738
12914,0,0.11178046
12915,0,0.23351139
12916,0,0.37339318
12917,1,0.49715796
12918,0,0.3625831
12919,0,0.24544993
12920,0,0.20640498
12921,0,0.5941641
12922,0,0.31122917
12923,0,0.47198838
12924,1,0.41984463
12925,1,0.88573325
12926,1,0.44608653
12927,1,0.46497136
12928,0,0.4117278
12929,0,0.2780849
12930,1,0.8786885
12931,1,0.21559614
12932,1,0.342805
12933,0,0.3281384
12934,0,0.24294975
12935,0,0.26942965
12936,0,0.32952958
12937,0,0.40589926
12938,0,0.32239702
12939,0,0.35453394
12940,0,0.28210178
12941,0,0.33082387
12942,0,0.83978313
12943,0,0.20883088
12944,0,0.26444766
12945,0,0.21619879
12946,1,0.92158026
12947,0,0.4092983
12948,0,0.29033065
12949,0,0.44273323
12950,0,0.14067811
12951,0,0.40696576
12952,0,0.20233363
12953,0,0.41434973
12954,0,0.2043864
12955,1,0.8157194
12956,0,0.4417838
12957,0,0.3261346
12958,1,0.6341479
12959,0,0.32449228
12960,0,0.2825431
12961,0,0.40385368
12962,0,0.368291
12963,0,0.13073632
12964,1,0.5220007
12965,0,0.43293566
12966,0,0.34493577
12967,0,0.45343083
12968,1,0.50059426
12969,0,0.15230937
12970,0,0.1833191
12971,0,0.3538951
12972,0,0.55033255
12973,1,0.790693
12974,1,0.46387357
12975,0,0.2210237
12976,1,0.8397286
12977,1,0.88736844
12978,1,0.61525357
12979,0,0.3870283
12980,0,0.27941567
12981,0,0.13255683
12982,1,0.4077175
12983,1,0.92908347
12984,0,0.29296252
12985,0,0.31122607
12986,0,0.62203264
12987,0,0.48352036
12988,0,0.1834745
12989,0,0.277133
12990,1,0.52875906
12991,1,0.37138197
12992,0,0.3962079
12993,1,0.8613938
12994,1,0.27592823
12995,0,0.5678932
12996,0,0.18730849
12997,0,0.40652645
12998,0,0.36102363
12999,0,0.4872436
13000,0,0.7130164
13001,0,0.5002672
13002,0,0.52720684
13003,0,0.30484483
13004,0,0.3117624
13005,0,0.28763473
13006,0,0.34049508
13007,0,0.23070376
13008,0,0.6023228
13009,0,0.39552096
13010,1,0.23301406
13011,0,0.21042387
13012,0,0.27801457
13013,0,0.29581454
13014,0,0.24765852
13015,1,0.893066
13016,0,0.6289682
13017,0,0.38316387
13018,1,0.5351056
13019,0,0.87341166
13020,0,0.6532173
13021,0,0.39145765
13022,0,0.40838656
13023,0,0.35283557
13024,0,0.3889696
13025,0,0.3628388
13026,1,0.55894953
13027,0,0.36252353
13028,0,0.3634575
13029,1,0.7925105
13030,0,0.41865587
13031,0,0.25629002
13032,0,0.46554738
13033,0,0.109502785
13034,0,0.28045258
13035,0,0.2801234
13036,0,0.5398841
13037,0,0.49236998
13038,0,0.18479636
13039,0,0.24316134
13040,0,0.18420191
13041,0,0.33422276
13042,1,0.21336338
13043,0,0.32629856
13044,0,0.24812928
13045,0,0.5725699
13046,0,0.23900759
13047,0,0.58273107
13048,0,0.20669408
13049,0,0.66880083
13050,0,0.4559842
13051,0,0.1831252
13052,1,0.26357517
13053,0,0.29431254
13054,0,0.24993505
13055,0,0.34095657
13056,1,0.8900958
13057,0,0.3433611
13058,1,0.433648
13059,0,0.3298747
13060,0,0.2917856
13061,0,0.37498057
13062,0,0.14973818
13063,0,0.17243174
13064,0,0.34525216
13065,0,0.7518356
13066,0,0.26610157
13067,0,0.57124496
13068,1,0.91990024
13069,0,0.27009976
13070,1,0.91037136
13071,0,0.26003015
13072,0,0.2614916
13073,1,0.8847842
13074,0,0.14551328
13075,0,0.36150825
13076,1,0.78094566
13077,0,0.87220657
13078,0,0.27876925
13079,0,0.1631401
13080,0,0.12389548
13081,0,0.25876105
13082,0,0.45781448
13083,0,0.51584303
13084,0,0.23996961
13085,0,0.47773194
13086,1,0.8823411
13087,0,0.29513112
13088,0,0.17264993
13089,0,0.84954095
13090,0,0.2809553
13091,0,0.06881347
13092,0,0.8481824
13093,1,0.49249962
13094,1,0.48913708
13095,0,0.39858297
13096,1,0.686441
13097,1,0.8810445
13098,0,0.34326437
13099,0,0.5553589
13100,0,0.20641108
13101,0,0.5071478
13102,1,0.9196185
13103,0,0.1975141
13104,0,0.4048491
13105,1,0.3632097
13106,0,0.16079906
13107,1,0.74756753
13108,0,0.4363042
13109,0,0.17378823
13110,0,0.29746112
13111,0,0.37415344
13112,0,0.19404
13113,1,0.88756835
13114,0,0.24258809
13115,0,0.33970553
13116,1,0.5853045
13117,0,0.49628147
13118,0,0.677109
13119,0,0.2703263
13120,0,0.71486324
13121,0,0.49132138
13122,1,0.6409023
13123,0,0.35459787
13124,1,0.4949487
13125,0,0.33568305
13126,0,0.65897447
13127,0,0.28992522
13128,0,0.20211072
13129,1,0.87631154
13130,0,0.35532397
13131,0,0.28368533
13132,0,0.4076597
13133,0,0.10474276
13134,0,0.8936294
13135,1,0.41304958
13136,1,0.49120227
13137,0,0.21912023
13138,0,0.30377698
13139,1,0.38077483
13140,1,0.9154492
13141,0,0.41604844
13142,0,0.47122723
13143,0,0.43795758
13144,0,0.4291864
13145,0,0.21260053
13146,0,0.33216986
13147,0,0.5427085
13148,1,0.43877393
13149,0,0.28408906
13150,0,0.7559629
13151,0,0.13619712
13152,1,0.1973703
13153,0,0.13965988
13154,0,0.22393097
13155,0,0.27883622
13156,0,0.4225494
13157,1,0.59516275
13158,0,0.47550705
13159,1,0.8683294
13160,0,0.67228997
13161,1,0.28684875
13162,0,0.23087908
13163,0,0.4471916
13164,0,0.11819241
13165,0,0.43566304
13166,0,0.3213257
13167,0,0.35031393
13168,0,0.5029568
13169,1,0.35170949
13170,0,0.2660497
13171,0,0.41617256
13172,0,0.25307828
13173,0,0.2646581
13174,0,0.31748024
13175,0,0.44822183
13176,0,0.35120115
13177,0,0.24692842
13178,0,0.43851152
13179,0,0.32876384
13180,0,0.78883344
13181,1,0.8909333
13182,0,0.47853142
13183,0,0.39747515
13184,0,0.21261737
13185,0,0.23132676
13186,0,0.26425245
13187,1,0.29215327
13188,1,0.3584455
13189,0,0.4581063
13190,0,0.4239702
13191,0,0.23989286
13192,0,0.22134268
13193,0,0.39683563
13194,0,0.22478333
13195,0,0.4361604
13196,0,0.18698555
13197,1,0.64575326
13198,0,0.40745986
13199,0,0.37182605
13200,0,0.43994218
13201,1,0.45290428
13202,0,0.4395897
13203,0,0.8878161
13204,0,0.29055625
13205,0,0.16402555
13206,0,0.7602921
13207,0,0.6254561
13208,0,0.24776976
13209,0,0.4538787
13210,0,0.50136954
13211,0,0.62079436
13212,0,0.27870327
13213,0,0.4519156
13214,0,0.39981803
13215,0,0.60943514
13216,0,0.22870229
13217,0,0.30756646
13218,0,0.49984914
13219,0,0.224202
13220,0,0.29004005
13221,1,0.4147139
13222,0,0.31990528
13223,0,0.3351168
13224,1,0.43902302
13225,0,0.12867396
13226,1,0.87784225
13227,0,0.28499624
13228,0,0.37128124
13229,0,0.36219472
13230,0,0.3147597
13231,1,0.2520477
13232,0,0.43078637
13233,0,0.17672676
13234,0,0.28923887
13235,0,0.2580853
13236,0,0.6236938
13237,0,0.15150458
13238,0,0.18738587
13239,0,0.30030906
13240,0,0.39846992
13241,0,0.26396003
13242,0,0.51511544
13243,0,0.2438539
13244,0,0.22567005
13245,1,0.5727071
13246,1,0.661798
13247,0,0.26034296
13248,0,0.7960198
13249,0,0.17197984
13250,0,0.3601132
13251,0,0.36307442
13252,0,0.5882597
13253,0,0.24768022
13254,0,0.26863316
13255,1,0.2559242
13256,0,0.13180032
13257,0,0.1750866
13258,0,0.22549364
13259,0,0.33447203
13260,1,0.59627986
13261,0,0.4266979
13262,0,0.1748663
13263,0,0.35104382
13264,1,0.91712683
13265,1,0.9157152
13266,1,0.9132176
13267,0,0.28273353
13268,0,0.15426365
13269,0,0.38190112
13270,0,0.24837832
13271,0,0.13621318
13272,0,0.63595057
13273,1,0.47027513
13274,0,0.32736096
13275,0,0.19895238
13276,0,0.17875361
13277,0,0.42479506
13278,0,0.28203008
13279,0,0.23988163
13280,0,0.12039161
13281,0,0.8837973
13282,0,0.33192393
13283,0,0.511214
13284,0,0.21919595
13285,0,0.2473441
13286,1,0.7130917
13287,0,0.13500896
13288,1,0.92251027
13289,0,0.19420244
13290,0,0.58821577
13291,0,0.21588962
13292,0,0.58273107
13293,0,0.45475593
13294,0,0.35638067
13295,0,0.21358241
13296,0,0.08968234
13297,0,0.20109586
13298,0,0.40908456
13299,0,0.4566982
13300,0,0.3592448
13301,0,0.24895032
13302,0,0.10119182
13303,1,0.91688406
13304,0,0.37264973
13305,0,0.21564531
13306,1,0.84326476
13307,1,0.84996885
13308,0,0.48494205
13309,0,0.88326174
13310,1,0.40707612
13311,0,0.3464743
13312,0,0.46399233
13313,0,0.47506788
13314,0,0.15212782
13315,1,0.48917434
13316,1,0.928293
13317,0,0.29546025
13318,0,0.27384007
13319,1,0.679095
13320,0,0.6061911
13321,0,0.28233916
13322,1,0.88920575
13323,0,0.30256826
13324,1,0.8987585
13325,0,0.29059237
13326,0,0.4087288
13327,0,0.12668262
13328,0,0.2966126
13329,1,0.829299
13330,0,0.60923004
13331,0,0.23310325
13332,0,0.38206276
13333,0,0.2982075
13334,1,0.3338421
13335,0,0.22662172
13336,0,0.3691014
13337,0,0.16673368
13338,0,0.18620206
13339,0,0.22125885
13340,1,0.8849497
13341,0,0.61017144
13342,0,0.28073904
13343,0,0.22618309
13344,0,0.3010553
13345,0,0.8906853
13346,1,0.31435272
13347,0,0.5011458
13348,1,0.49270523
13349,0,0.22834334
13350,0,0.221712
13351,0,0.5299739
13352,0,0.2773938
13353,0,0.45415068
13354,0,0.44488323
13355,0,0.20850709
13356,0,0.58893865
13357,0,0.38691863
13358,0,0.21044976
13359,0,0.38647044
13360,0,0.2592662
13361,0,0.27690405
13362,0,0.32106733
13363,1,0.83967805
13364,0,0.27897167
13365,0,0.8284933
13366,0,0.21002805
13367,1,0.88828254
13368,0,0.22060074
13369,0,0.66759133
13370,0,0.13684464
13371,0,0.45929933
13372,0,0.24640022
13373,1,0.41181907
13374,1,0.8448661
13375,1,0.45573577
13376,0,0.37833986
13377,1,0.57233846
13378,1,0.3483856
13379,0,0.60307777
13380,0,0.22239845
13381,0,0.26357743
13382,0,0.37248254
13383,0,0.2939952
13384,0,0.4341602
13385,0,0.12514073
13386,0,0.21156824
13387,0,0.31337556
13388,0,0.8445223
13389,0,0.28972003
13390,0,0.39224178
13391,0,0.20541695
13392,0,0.61424905
13393,0,0.25874472
13394,0,0.5199912
13395,0,0.2860156
13396,0,0.50694954
13397,0,0.8251497
13398,0,0.48792773
13399,0,0.35917193
13400,0,0.44216156
13401,0,0.49443617
13402,0,0.36125356
13403,1,0.5633583
13404,0,0.22304903
13405,1,0.88605
13406,1,0.85217404
13407,0,0.46602187
13408,0,0.19256888
13409,0,0.6254561
13410,0,0.15952069
13411,0,0.84336376
13412,0,0.2437205
13413,0,0.24710646
13414,1,0.61469054
13415,0,0.8133358
13416,0,0.8099502
13417,0,0.29590404
13418,0,0.2669689
13419,0,0.6016339
13420,0,0.7122849
13421,1,0.8056012
13422,0,0.24871857
13423,1,0.7208009
13424,0,0.31669813
13425,1,0.68097407
13426,0,0.29343823
13427,0,0.3327388
13428,0,0.34737584
13429,0,0.33790642
13430,1,0.9284622
13431,0,0.40481105
13432,0,0.172832
13433,1,0.8587999
13434,0,0.20853367
13435,0,0.13577665
13436,1,0.9258379
13437,0,0.2218837
13438,1,0.57416093
13439,0,0.2904447
13440,0,0.3981176
13441,1,0.91032296
13442,1,0.78010964
13443,0,0.39811766
13444,0,0.34318206
13445,0,0.17001662
13446,0,0.49042502
13447,0,0.40023458
13448,1,0.63815874
13449,0,0.453095
13450,0,0.38990048
13451,0,0.48560753
13452,0,0.41644615
13453,0,0.24880488
13454,0,0.43236628
13455,1,0.48548377
13456,0,0.460344
13457,0,0.36612
13458,1,0.33584073
13459,0,0.31333607
13460,0,0.32957512
13461,0,0.33397028
13462,0,0.42549333
13463,0,0.35314253
13464,1,0.8106349
13465,0,0.9147174
13466,0,0.23662938
13467,1,0.5561892
13468,0,0.34474236
13469,1,0.59604615
13470,0,0.28664044
13471,0,0.14242959
13472,0,0.4525088
13473,0,0.44880736
13474,0,0.49231392
13475,1,0.5181026
13476,0,0.35321382
13477,0,0.8302259
13478,0,0.46804067
13479,0,0.38256532
13480,0,0.17468016
13481,1,0.76390904
13482,0,0.44301802
13483,0,0.16267219
13484,1,0.52237827
13485,0,0.5912374
13486,1,0.85756516
13487,0,0.3477476
13488,0,0.34007356
13489,0,0.27267358
13490,0,0.3145823
13491,0,0.3412004
13492,0,0.8446902
13493,1,0.8827194
13494,0,0.52638304
13495,1,0.91700095
13496,0,0.30233634
13497,0,0.52753
13498,0,0.29240647
13499,0,0.7466947
13500,0,0.3515024
13501,0,0.58273107
13502,1,0.8795238
13503,0,0.93415177
13504,0,0.4216606
13505,1,0.30056253
13506,0,0.30552438
13507,0,0.24142186
13508,1,0.8360002
13509,1,0.70689523
13510,0,0.2116114
13511,1,0.5365789
13512,0,0.26383024
13513,0,0.51548994
13514,0,0.20312761
13515,1,0.6598619
13516,0,0.42176223
13517,0,0.10210158
13518,0,0.29952487
13519,0,0.29183966
13520,0,0.39786017
13521,0,0.25927424
13522,0,0.9196854
13523,0,0.883796
13524,0,0.13889684
13525,0,0.20730382
13526,1,0.9081888
13527,0,0.16720872
13528,0,0.29585427
13529,0,0.43213677
13530,0,0.27027965
13531,0,0.45736527
13532,1,0.45193082
13533,1,0.7084639
13534,0,0.2117127
13535,0,0.15018906
13536,1,0.9139184
13537,0,0.30111778
13538,1,0.3377073
13539,0,0.23998111
13540,0,0.5196228
13541,0,0.2313979
13542,0,0.31306016
13543,1,0.9293206
13544,0,0.23961625
13545,0,0.4390369
13546,0,0.1912013
13547,0,0.27779093
13548,1,0.8108519
13549,0,0.37090355
13550,0,0.30479795
13551,0,0.51212424
13552,0,0.32099032
13553,0,0.56452465
13554,0,0.36099803
13555,1,0.9139175
13556,0,0.63371736
13557,0,0.49394113
13558,0,0.28939795
13559,1,0.8909239
13560,0,0.19046201
13561,0,0.38244185
13562,1,0.8846257
13563,0,0.22202192
13564,0,0.28555125
13565,1,0.46595353
13566,0,0.37520888
13567,0,0.24089396
13568,0,0.4649058
13569,0,0.674567
13570,0,0.27349624
13571,1,0.8150267
13572,0,0.31637838
13573,0,0.39349034
13574,0,0.2515834
13575,0,0.38600507
13576,0,0.2697746
13577,0,0.34318677
13578,0,0.43984506
13579,0,0.15102328
13580,1,0.8021553
13581,0,0.17303178
13582,0,0.54350877
13583,0,0.48635015
13584,0,0.530293
13585,0,0.37914956
13586,1,0.38858366
13587,1,0.90353495
13588,0,0.13460143
13589,0,0.25802058
13590,0,0.258173
13591,0,0.5190479
13592,0,0.3663433
13593,0,0.35824153
13594,0,0.8797349
13595,0,0.40681127
13596,1,0.46641156
13597,0,0.33658332
13598,0,0.36509863
13599,1,0.9042346
13600,0,0.3711896
13601,0,0.31135488
13602,0,0.27073956
13603,0,0.25455284
13604,1,0.6100376
13605,1,0.93108785
13606,0,0.91940886
13607,1,0.9204724
13608,1,0.88092494
13609,0,0.16307896
13610,0,0.5289718
13611,0,0.1574224
13612,1,0.4137215
13613,0,0.12815613
13614,0,0.21984293
13615,0,0.20713615
13616,1,0.41957238
13617,0,0.90904677
13618,0,0.20109348
13619,1,0.52631617
13620,0,0.4574783
13621,0,0.90604335
13622,1,0.77235425
13623,0,0.28066307
13624,0,0.33231458
13625,0,0.17226052
13626,0,0.6188443
13627,1,0.39327577
13628,0,0.5274054
13629,0,0.28120235
13630,1,0.25667325
13631,0,0.16013238
13632,0,0.17390795
13633,0,0.40515214
13634,0,0.16886225
13635,0,0.34301317
13636,0,0.6026606
13637,0,0.25878593
13638,0,0.20461242
13639,0,0.4726983
13640,1,0.267286
13641,1,0.6184074
13642,0,0.34765574
13643,0,0.2672315
13644,0,0.13376495
13645,0,0.3671964
13646,0,0.08729135
13647,0,0.39491174
13648,1,0.6995107
13649,0,0.17015944
13650,0,0.3707462
13651,0,0.27620783
13652,0,0.54345953
13653,0,0.41896334
13654,0,0.226021
13655,1,0.8757067
13656,0,0.2871161
13657,0,0.29917678
13658,0,0.89030325
13659,0,0.28525716
13660,0,0.25388825
13661,0,0.27626362
13662,0,0.19854935
13663,1,0.95043945
13664,0,0.21126372
13665,0,0.24673107
13666,0,0.4066591
13667,0,0.29334602
13668,0,0.2669922
13669,1,0.59809524
13670,0,0.31342196
13671,1,0.7333946
13672,0,0.48535287
13673,0,0.32263425
13674,1,0.5529376
13675,0,0.28523567
13676,0,0.29538298
13677,0,0.42774847
13678,1,0.37015715
13679,0,0.12580921
13680,0,0.2087171
13681,0,0.28303286
13682,0,0.18947423
13683,0,0.28407648
13684,0,0.112967834
13685,0,0.33203912
13686,0,0.53847414
13687,0,0.19769976
13688,0,0.41344488
13689,0,0.30549458
13690,0,0.2783711
13691,0,0.50439584
13692,0,0.3477188
13693,1,0.5343187
13694,0,0.40519056
13695,0,0.3435708
13696,1,0.6032637
13697,0,0.27560508
13698,0,0.33401623
13699,0,0.4508066
13700,1,0.80963886
13701,1,0.46744922
13702,0,0.21460515
13703,0,0.5792678
13704,0,0.3288799
13705,1,0.33392483
13706,0,0.2912099
13707,0,0.7351231
13708,0,0.2281011
13709,0,0.3647007
13710,0,0.13365592
13711,0,0.43005198
13712,0,0.31181058
13713,0,0.36583984
13714,1,0.34073
13715,0,0.27877185
13716,0,0.16799319
13717,0,0.43210277
13718,0,0.47842214
13719,1,0.16781195
13720,0,0.29042608
13721,1,0.5928327
13722,1,0.42163804
13723,0,0.27961364
13724,1,0.8796623
13725,0,0.7025418
13726,0,0.2549875
13727,1,0.8676175
13728,0,0.2508517
13729,0,0.9177102
13730,0,0.36825222
13731,0,0.26852998
13732,0,0.45340773
13733,0,0.44078967
13734,0,0.30461937
13735,1,0.66533756
13736,0,0.061102893
13737,0,0.22740784
13738,0,0.73496586
13739,0,0.49381015
13740,0,0.59929496
13741,0,0.21140853
13742,0,0.2180396
13743,0,0.45759302
13744,0,0.6748612
13745,0,0.20536032
13746,1,0.27913672
13747,0,0.3303411
13748,0,0.5590311
13749,0,0.6315053
13750,0,0.3570317
13751,0,0.20222685
13752,0,0.8302188
13753,0,0.2649765
13754,0,0.2365405
13755,0,0.24004036
13756,0,0.16883439
13757,1,0.37440506
13758,1,0.9164357
13759,1,0.8008577
13760,0,0.19637692
13761,0,0.24344058
13762,1,0.3451903
13763,0,0.12773205
13764,0,0.8488656
13765,0,0.7681283
13766,0,0.41528893
13767,0,0.20541675
13768,0,0.38988036
13769,0,0.25977615
13770,0,0.581694
13771,0,0.13209133
13772,0,0.19019446
13773,0,0.3038957
13774,1,0.9134709
13775,0,0.65724236
13776,0,0.14378193
13777,0,0.47632092
13778,0,0.2914684
13779,0,0.39023647
13780,1,0.89424545
13781,0,0.31729475
13782,1,0.9321798
13783,1,0.44539174
13784,0,0.33989412
13785,1,0.3513872
13786,0,0.27768567
13787,0,0.4467158
13788,0,0.77408636
13789,0,0.35215843
13790,0,0.48364812
13791,0,0.46509552
13792,0,0.350125
13793,0,0.53389585
13794,0,0.24751778
13795,1,0.45017138
13796,0,0.5181026
13797,0,0.7552869
13798,0,0.23472732
13799,0,0.5234625
13800,1,0.90009266
13801,0,0.18311456
13802,0,0.26054487
13803,0,0.2956794
13804,1,0.5797682
13805,0,0.6332008
13806,0,0.21545184
13807,0,0.39842087
13808,0,0.31393108
13809,0,0.8080479
13810,0,0.28124392
13811,1,0.88546073
13812,0,0.114437856
13813,1,0.9265738
13814,0,0.1670199
13815,0,0.87058353
13816,0,0.15508126
13817,0,0.15004566
13818,0,0.37062612
13819,0,0.33985803
13820,1,0.87740916
13821,0,0.33519095
13822,0,0.32196894
13823,1,0.7356068
13824,0,0.3114004
13825,1,0.89202446
13826,0,0.30738914
13827,0,0.4045503
13828,1,0.41481286
13829,0,0.24980512
13830,0,0.29667273
13831,0,0.27991486
13832,0,0.24102896
13833,0,0.2801403
13834,0,0.307478
13835,0,0.19602203
13836,0,0.38537398
13837,0,0.60994256
13838,0,0.41254675
13839,0,0.665714
13840,0,0.88395536
13841,0,0.20539062
13842,0,0.2513255
13843,0,0.6321831
13844,0,0.18645234
13845,0,0.5049687
13846,0,0.6668327
13847,0,0.3696727
13848,0,0.88711715
13849,0,0.38375324
13850,0,0.17058258
13851,0,0.45581463
13852,1,0.3003847
13853,0,0.44168547
13854,0,0.3798923
13855,0,0.35021776
13856,0,0.3211898
13857,0,0.39301953
13858,0,0.48018467
13859,0,0.42357928
13860,0,0.6256305
13861,1,0.18422909
13862,0,0.26513875
13863,0,0.3490419
13864,1,0.3621435
13865,1,0.46280295
13866,1,0.8589633
13867,0,0.39461964
13868,0,0.41342115
13869,0,0.24273734
13870,0,0.18140087
13871,0,0.29175895
13872,0,0.39308202
13873,0,0.38029137
13874,0,0.39052463
13875,0,0.119832136
13876,1,0.8462581
13877,0,0.3315099
13878,0,0.41870672
13879,0,0.34643197
13880,0,0.34186208
13881,0,0.21832588
13882,0,0.8922987
13883,0,0.2558048
13884,1,0.88635707
13885,0,0.21814668
13886,0,0.4137457
13887,0,0.5847397
13888,0,0.5950282
13889,0,0.3067523
13890,0,0.61253166
13891,0,0.62952745
13892,0,0.22131246
13893,0,0.43841654
13894,0,0.28597537
13895,0,0.38472685
13896,0,0.37786394
13897,0,0.26773617
13898,0,0.41456974
13899,1,0.25737834
13900,0,0.44748065
13901,0,0.8158331
13902,0,0.28490373
13903,0,0.1380526
13904,1,0.40396157
13905,0,0.19412516
13906,0,0.28206116
13907,0,0.31906283
13908,0,0.4363157
13909,0,0.3431581
13910,1,0.8815294
13911,0,0.22518162
13912,0,0.37444863
13913,1,0.21479124
13914,1,0.73885345
13915,0,0.3808271
13916,0,0.3823279
13917,0,0.3468107
13918,0,0.48435554
13919,0,0.4392342
13920,0,0.21664305
13921,0,0.36227906
13922,0,0.2709746
13923,1,0.8411097
13924,0,0.28918222
13925,0,0.837733
13926,1,0.9238989
13927,0,0.36900926
13928,0,0.40296072
13929,0,0.4229349
13930,0,0.18840057
13931,1,0.2715212
13932,0,0.3383042
13933,0,0.31615174
13934,0,0.36984596
13935,1,0.7862547
13936,1,0.3688668
13937,0,0.65186876
13938,1,0.65833837
13939,0,0.32960704
13940,0,0.3268286
13941,0,0.22673212
13942,0,0.2783724
13943,0,0.3529686
13944,0,0.24332187
13945,0,0.5859443
13946,1,0.5157178
13947,1,0.228309
13948,0,0.48110095
13949,1,0.66126144
13950,0,0.89915395
13951,0,0.14257996
13952,0,0.28745925
13953,0,0.26821464
13954,0,0.3871344
13955,0,0.17012784
13956,1,0.22007506
13957,0,0.28129834
13958,0,0.33279583
13959,0,0.14647034
13960,0,0.16968223
13961,1,0.59393835
13962,0,0.27842852
13963,0,0.46721187
13964,0,0.30625936
13965,0,0.33939824
13966,1,0.4090343
13967,0,0.17515746
13968,1,0.8382581
13969,0,0.41377085
13970,0,0.26200736
13971,0,0.29218897
13972,0,0.31471175
13973,0,0.4657624
13974,0,0.18920623
13975,0,0.6510866
13976,0,0.6209771
13977,0,0.34580624
13978,0,0.34372023
13979,1,0.67205876
13980,0,0.22510335
13981,0,0.6677442
13982,0,0.28751102
13983,0,0.1677715
13984,0,0.23265392
13985,0,0.4098244
13986,1,0.645952
13987,1,0.49582204
13988,0,0.20733462
13989,0,0.34542173
13990,0,0.38857526
13991,0,0.39720294
13992,0,0.357942
13993,1,0.6376403
13994,0,0.25274333
13995,0,0.34246922
13996,0,0.32182282
13997,0,0.16675021
13998,1,0.903898
13999,0,0.55649877
14000,0,0.5856523
14001,0,0.35551706
14002,1,0.29158375
14003,1,0.5577029
14004,0,0.2736406
14005,0,0.36917982
14006,0,0.43037778
14007,0,0.6081267
14008,0,0.60642433
14009,0,0.22624362
14010,0,0.35680306
14011,0,0.09648108
14012,1,0.7089891
14013,0,0.29555964
14014,0,0.29051843
14015,0,0.53782034
14016,0,0.6640736
14017,0,0.48806843
14018,0,0.2402379
14019,0,0.41480082
14020,1,0.8611835
14021,0,0.48797
14022,0,0.29103157
14023,1,0.38097414
14024,0,0.26430708
14025,0,0.8694697
14026,0,0.28263065
14027,0,0.33743015
14028,0,0.12654597
14029,1,0.35984206
14030,0,0.65483683
14031,0,0.523121
14032,0,0.28632674
14033,0,0.24643166
14034,0,0.3838123
14035,1,0.93381244
14036,1,0.32746115
14037,0,0.25125533
14038,0,0.57925385
14039,0,0.72128105
14040,0,0.35366488
14041,0,0.18551533
14042,1,0.9135218
14043,1,0.40392125
14044,0,0.160122
14045,0,0.46903643
14046,0,0.14808068
14047,0,0.6013802
14048,0,0.094449796
14049,0,0.5439606
14050,0,0.300412
14051,0,0.2746243
14052,0,0.3803822
14053,0,0.3494452
14054,0,0.17516051
14055,0,0.23199713
14056,0,0.52822924
14057,0,0.47913164
14058,0,0.30140853
14059,1,0.83214754
14060,0,0.2958113
14061,1,0.9252594
14062,0,0.24936053
14063,0,0.42509168
14064,0,0.609376
14065,0,0.1629929
14066,0,0.45838106
14067,0,0.27216032
14068,0,0.15343101
14069,0,0.37997267
14070,1,0.41737667
14071,0,0.12695317
14072,0,0.2596179
14073,0,0.1394885
14074,0,0.35567266
14075,1,0.66593814
14076,0,0.5900444
14077,0,0.14556378
14078,0,0.378247
14079,0,0.5978448
14080,0,0.30735257
14081,0,0.49072292
14082,0,0.21584316
14083,0,0.24387218
14084,0,0.24642742
14085,0,0.24224855
14086,0,0.29024336
14087,0,0.2714357
14088,0,0.6589913
14089,0,0.4396414
14090,0,0.3888707
14091,0,0.39192322
14092,0,0.32235447
14093,0,0.19018798
14094,0,0.5555163
14095,0,0.47583908
14096,0,0.30143946
14097,0,0.32498404
14098,0,0.45832095
14099,0,0.34520254
14100,1,0.9184845
14101,1,0.86272603
14102,1,0.4419388
14103,1,0.2978119
14104,0,0.53476393
14105,0,0.18204322
14106,0,0.26488167
14107,1,0.530651
14108,0,0.26498583
14109,0,0.46025473
14110,0,0.27143016
14111,1,0.35120115
14112,0,0.57624537
14113,0,0.40306756
14114,0,0.28669903
14115,0,0.22761214
14116,0,0.44476676
14117,0,0.59343237
14118,0,0.23865436
14119,0,0.49378115
14120,0,0.15946017
14121,0,0.24953844
14122,0,0.34532723
14123,0,0.26180816
14124,0,0.37660658
14125,0,0.2180339
14126,0,0.18019255
14127,0,0.44085318
14128,0,0.25295675
14129,1,0.6045272
14130,0,0.30922505
14131,0,0.093839765
14132,0,0.6643314
14133,1,0.31663615
14134,0,0.18117869
14135,0,0.22503166
14136,0,0.09828197
14137,0,0.17071833
14138,0,0.591269
14139,0,0.6133061
14140,0,0.1302545
14141,0,0.3408344
14142,0,0.5318752
14143,1,0.7013763
14144,0,0.19221483
14145,0,0.40078968
14146,0,0.07314868
14147,0,0.9256873
14148,0,0.30072793
14149,0,0.26456448
14150,1,0.37191242
14151,0,0.25166258
14152,0,0.33496353
14153,0,0.25445777
14154,1,0.6603782
14155,0,0.430974
14156,0,0.39185867
14157,1,0.56742436
14158,1,0.3416178
14159,0,0.5383756
14160,1,0.8417575
14161,1,0.28953943
14162,0,0.2115963
14163,0,0.25264236
14164,0,0.13114484
14165,1,0.89575523
14166,0,0.3095845
14167,1,0.9024659
14168,1,0.21057476
14169,0,0.27800566
14170,0,0.33660823
14171,0,0.1780412
14172,0,0.20994505
14173,0,0.48571518
14174,0,0.1556643
14175,0,0.56543356
14176,0,0.6308205
14177,0,0.45745018
14178,0,0.4138467
14179,0,0.2621745
14180,0,0.43080136
14181,0,0.45410976
14182,0,0.16680583
14183,0,0.3437978
14184,1,0.29959247
14185,0,0.5435542
14186,1,0.88816094
14187,0,0.4028229
14188,0,0.49813208
14189,0,0.33613977
14190,0,0.48786947
14191,0,0.16317753
14192,1,0.23812169
14193,0,0.9001261
14194,0,0.25675908
14195,0,0.13407841
14196,0,0.34632158
14197,1,0.2522072
14198,0,0.44415998
14199,1,0.5906318
14200,1,0.26349345
14201,1,0.9152854
14202,0,0.40405342
14203,0,0.59492135
14204,1,0.8935552
14205,0,0.4789276
14206,0,0.44896686
14207,1,0.78266835
14208,1,0.32069397
14209,1,0.2668361
14210,0,0.18497622
14211,1,0.9275334
14212,0,0.49533436
14213,0,0.33875212
14214,0,0.22216234
14215,0,0.57496303
14216,0,0.49364668
14217,1,0.57568955
14218,0,0.17586596
14219,0,0.48458654
14220,1,0.9264426
14221,0,0.20251825
14222,0,0.38058177
14223,0,0.6741855
14224,0,0.3147108
14225,0,0.26282814
14226,0,0.43576404
14227,0,0.4040074
14228,0,0.331633
14229,1,0.285203
14230,0,0.26992494
14231,0,0.24198692
14232,0,0.39483577
14233,1,0.87319934
14234,1,0.47422487
14235,0,0.41811326
14236,0,0.4777276
14237,0,0.3040524
14238,0,0.43798563
14239,0,0.7141834
14240,0,0.5782762
14241,0,0.38871288
14242,0,0.16543496
14243,0,0.26616496
14244,0,0.19943167
14245,1,0.2903918
14246,0,0.90447307
14247,0,0.40760496
14248,0,0.46740568
14249,0,0.29806587
14250,0,0.46756324
14251,1,0.19518167
14252,0,0.41717714
14253,1,0.8518101
14254,0,0.2669021
14255,0,0.21114291
14256,0,0.7722531
14257,1,0.5645811
14258,0,0.27814704
14259,1,0.7380272
14260,0,0.3894703
14261,1,0.9117719
14262,0,0.6274597
14263,0,0.3483717
14264,0,0.23978555
14265,0,0.43714565
14266,0,0.31735262
14267,0,0.1438752
14268,0,0.46342707
14269,0,0.5612497
14270,0,0.29259336
14271,0,0.11166048
14272,0,0.31556886
14273,0,0.112955004
14274,0,0.26372668
14275,0,0.5903827
14276,0,0.36908317
14277,0,0.41525313
14278,0,0.37703303
14279,1,0.9285961
14280,0,0.30592662
14281,0,0.40485317
14282,0,0.22901686
14283,0,0.42444617
14284,0,0.17134991
14285,0,0.4366561
14286,1,0.8936684
14287,1,0.3123687
14288,0,0.24698246
14289,0,0.35481948
14290,0,0.33890814
14291,1,0.9057599
14292,0,0.29217532
14293,0,0.4064554
14294,0,0.13840903
14295,0,0.27927062
14296,0,0.17981452
14297,0,0.42427418
14298,0,0.2664926
14299,0,0.267865
14300,0,0.26546082
14301,0,0.24608219
14302,1,0.95053035
14303,0,0.63075525
14304,0,0.30292258
14305,0,0.5251319
14306,0,0.24874309
14307,0,0.37103865
14308,0,0.2782337
14309,0,0.63325053
14310,0,0.23415741
14311,0,0.17772415
14312,0,0.5256361
14313,1,0.5498118
14314,0,0.5330607
14315,0,0.2725956
14316,0,0.32720393
14317,0,0.9105493
14318,0,0.33543453
14319,0,0.3414412
14320,0,0.38340724
14321,1,0.8733805
14322,1,0.38312936
14323,0,0.32001603
14324,0,0.27926442
14325,0,0.19626819
14326,0,0.11996315
14327,0,0.4486988
14328,0,0.36459646
14329,0,0.46536204
14330,0,0.56938505
14331,1,0.65498686
14332,0,0.3264291
14333,0,0.24138999
14334,0,0.51919335
14335,0,0.29387736
14336,0,0.30212644
14337,0,0.416507
14338,0,0.53128517
14339,0,0.23844111
14340,1,0.28698248
14341,0,0.29640403
14342,0,0.2316103
14343,0,0.09227992
14344,0,0.42314902
14345,0,0.17052011
14346,0,0.3327497
14347,1,0.93927705
14348,1,0.41812113
14349,0,0.3831799
14350,1,0.3157857
14351,0,0.4619306
14352,0,0.6704849
14353,0,0.3089444
14354,0,0.42180228
14355,0,0.20712277
14356,0,0.4825745
14357,1,0.24485634
14358,0,0.38093057
14359,0,0.37176347
14360,0,0.26807457
14361,0,0.4456723
14362,0,0.64527833
14363,0,0.16713293
14364,0,0.5181026
14365,0,0.27860898
14366,1,0.921888
14367,0,0.73399377
14368,0,0.64747775
14369,1,0.8719379
14370,1,0.89352095
14371,0,0.2945689
14372,1,0.27496994
14373,0,0.38410822
14374,0,0.46102217
14375,1,0.39948076
14376,0,0.86396146
14377,0,0.36455867
14378,0,0.16106002
14379,0,0.351845
14380,0,0.15527806
14381,0,0.543412
14382,0,0.2715573
14383,0,0.35871685
14384,1,0.38377193
14385,0,0.13659585
14386,0,0.49287266
14387,0,0.20639525
14388,0,0.49299815
14389,0,0.26770017
14390,0,0.15926261
14391,0,0.49614474
14392,0,0.298806
14393,0,0.55894953
14394,0,0.254756
14395,0,0.3813489
14396,0,0.3974393
14397,1,0.93776625
14398,0,0.42262316
14399,0,0.5286006
14400,0,0.8625718
14401,1,0.45752883
14402,1,0.8669325
14403,0,0.24138235
14404,0,0.30642977
14405,0,0.15009268
14406,0,0.29334047
14407,1,0.62437946
14408,0,0.23603845
14409,0,0.16544768
14410,1,0.86653453
14411,0,0.484925
14412,0,0.23642103
14413,1,0.1935839
14414,1,0.2872038
14415,0,0.40582654
14416,0,0.37852892
14417,0,0.2584647
14418,1,0.3553302
14419,0,0.20244874
14420,0,0.45623437
14421,0,0.27208117
14422,0,0.45311844
14423,1,0.859046
14424,0,0.6294618
14425,1,0.68584967
14426,0,0.16838115
14427,0,0.37897757
14428,0,0.5950282
14429,0,0.36492428
14430,0,0.90860385
14431,0,0.13028495
14432,1,0.3387127
14433,0,0.29918793
14434,0,0.16522041
14435,1,0.48189753
14436,0,0.87734467
14437,0,0.35989854
14438,0,0.47952682
14439,0,0.47765893
14440,0,0.24784487
14441,0,0.5442461
14442,1,0.34268796
14443,0,0.20895512
14444,0,0.56888396
14445,1,0.3477962
14446,0,0.48989984
14447,1,0.9106038
14448,0,0.3584183
14449,1,0.78902894
14450,0,0.23273848
14451,0,0.38371626
14452,0,0.63524824
14453,0,0.24354301
14454,0,0.30548075
14455,0,0.21953239
14456,0,0.20437805
14457,0,0.92353034
14458,0,0.21504937
14459,1,0.6054562
14460,0,0.30111778
14461,0,0.3448452
14462,0,0.35854915
14463,0,0.4184257
14464,0,0.27443987
14465,0,0.77531976
14466,0,0.41982675
14467,0,0.3456493
14468,0,0.64905035
14469,1,0.8505349
14470,0,0.2938321
14471,0,0.8690056
14472,0,0.6149156
14473,0,0.26686087
14474,0,0.40261897
14475,0,0.33379933
14476,1,0.28144908
14477,0,0.21047637
14478,1,0.20004304
14479,0,0.5593375
14480,1,0.5874365
14481,0,0.8810659
14482,0,0.2666882
14483,0,0.40336943
14484,1,0.5737871
14485,0,0.48006853
14486,0,0.5912072
14487,1,0.36533967
14488,0,0.51268893
14489,0,0.76208377
14490,0,0.17027739
14491,0,0.32389805
14492,0,0.4297995
14493,0,0.3640509
14494,0,0.61359316
14495,0,0.8321757
14496,0,0.90726143
14497,0,0.4026133
14498,1,0.9287872
14499,0,0.2455356
14500,0,0.25747353
14501,0,0.20329471
14502,1,0.76879555
14503,0,0.18614373
14504,0,0.5334042
14505,0,0.36761218
14506,0,0.2721005
14507,0,0.6013276
14508,0,0.40408325
14509,0,0.46814176
14510,0,0.23229311
14511,0,0.5306566
14512,1,0.23689476
14513,1,0.34713882
14514,1,0.29536662
14515,0,0.18329574
14516,1,0.35607687
14517,0,0.392226
14518,0,0.22754075
14519,0,0.20268877
14520,0,0.28223452
14521,0,0.33077577
14522,0,0.5356428
14523,1,0.3650934
14524,0,0.1630019
14525,0,0.14228998
14526,0,0.2930415
14527,0,0.18020678
14528,1,0.5444948
14529,0,0.5928295
14530,0,0.20692748
14531,1,0.8474341
14532,1,0.50899106
14533,0,0.46425024
14534,0,0.19111672
14535,0,0.35692814
14536,1,0.5200085
14537,0,0.67466843
14538,0,0.2220247
14539,0,0.1988654
14540,0,0.36085758
14541,0,0.11785625
14542,1,0.3227412
14543,0,0.30186373
14544,0,0.26888973
14545,0,0.5709347
14546,0,0.08118419
14547,0,0.17387328
14548,0,0.2615949
14549,0,0.12803577
14550,0,0.11626906
14551,0,0.79905474
14552,0,0.28634474
14553,0,0.36408076
14554,0,0.50917286
14555,0,0.58892864
14556,0,0.25692773
14557,0,0.43136328
14558,1,0.91500014
14559,0,0.52845156
14560,1,0.5942543
14561,0,0.92298114
14562,1,0.88787496
14563,0,0.1724411
14564,1,0.5857861
14565,0,0.36433157
14566,1,0.23340808
14567,0,0.5365286
14568,0,0.62782735
14569,0,0.5357107
14570,0,0.17663544
14571,0,0.4457564
14572,1,0.83213425
14573,0,0.39817902
14574,0,0.35985774
14575,1,0.27687186
14576,0,0.52672917
14577,1,0.8480427
14578,0,0.25887802
14579,0,0.85516775
14580,0,0.8768272
14581,0,0.4384039
14582,1,0.74349
14583,1,0.54064006
14584,0,0.16984567
14585,0,0.19201455
14586,1,0.5773155
14587,0,0.29357588
14588,0,0.38129607
14589,0,0.19381528
14590,0,0.37351036
14591,0,0.20761016
14592,0,0.40613225
14593,0,0.12193161
14594,0,0.29255432
14595,0,0.4641924
14596,1,0.737079
14597,0,0.42768595
14598,0,0.27548352
14599,0,0.20590384
14600,0,0.27824274
14601,0,0.30433837
14602,0,0.48051253
14603,1,0.37295794
14604,0,0.31895685
14605,0,0.36270377
14606,1,0.21291843
14607,0,0.46544918
14608,0,0.41444
14609,0,0.5083329
14610,1,0.2119878
14611,0,0.23733176
14612,1,0.72555643
14613,0,0.68012094
14614,1,0.45985818
14615,1,0.51451194
14616,0,0.34900028
14617,0,0.12345646
14618,0,0.14386255
14619,0,0.1809634
14620,0,0.19704424
14621,1,0.90843993
14622,1,0.87200946
14623,1,0.8380563
14624,1,0.91099346
14625,0,0.14015968
14626,0,0.3438995
14627,0,0.43997532
14628,0,0.350804
14629,0,0.24827754
14630,0,0.4085239
14631,0,0.5244494
14632,1,0.89719135
14633,0,0.22509085
14634,0,0.24993505
14635,1,0.8914369
14636,0,0.22371282
14637,0,0.39142853
14638,0,0.47774816
14639,0,0.48728734
14640,0,0.30464944
14641,0,0.31763476
14642,0,0.18879649
14643,0,0.5606779
14644,0,0.31038752
14645,0,0.26146755
14646,0,0.464318
14647,1,0.6688925
14648,0,0.18740769
14649,0,0.76728857
14650,0,0.13785318
14651,0,0.32545766
14652,0,0.28223497
14653,1,0.8862496
14654,1,0.86637807
14655,0,0.6892257
14656,0,0.19944663
14657,0,0.62385815
14658,0,0.8534238
14659,0,0.23572116
14660,0,0.6714116
14661,0,0.52307683
14662,0,0.38904408
14663,0,0.2651641
14664,0,0.45505893
14665,0,0.20776296
14666,0,0.5183163
14667,1,0.6014094
14668,1,0.4911208
14669,0,0.29808533
14670,0,0.3590343
14671,1,0.54603714
14672,0,0.2231954
14673,0,0.30552712
14674,0,0.32636055
14675,0,0.20784608
14676,0,0.26823947
14677,0,0.40593556
14678,1,0.29831973
14679,0,0.3247098
14680,0,0.1630016
14681,0,0.54146904
14682,0,0.32845005
14683,0,0.15737106
14684,0,0.41540176
14685,1,0.685679
14686,0,0.68935555
14687,1,0.512021
14688,1,0.8630929
14689,0,0.38887906
14690,0,0.47664174
14691,0,0.31038442
14692,0,0.12854809
14693,0,0.34346762
14694,0,0.2954436
14695,1,0.44187975
14696,1,0.84587336
14697,0,0.2823966
14698,1,0.3758454
14699,1,0.40408075
14700,0,0.3273031
14701,0,0.6749787
14702,0,0.31303534
14703,0,0.20977242
14704,0,0.38682473
14705,1,0.8673351
14706,0,0.24300386
14707,0,0.21406415
14708,0,0.2031723
14709,0,0.23478718
14710,0,0.2902353
14711,0,0.40079826
14712,0,0.54059386
14713,0,0.5190496
14714,1,0.90268284
14715,0,0.3796599
14716,0,0.17202961
14717,0,0.3418013
14718,0,0.16105038
14719,0,0.2581735
14720,0,0.27693766
14721,0,0.20682271
14722,1,0.92388046
14723,0,0.646138
14724,0,0.41390425
14725,1,0.41559112
14726,0,0.26865837
14727,0,0.1525626
14728,1,0.67549044
14729,1,0.51194936
14730,0,0.14792202
14731,0,0.12770902
14732,0,0.47623885
14733,1,0.3904808
14734,0,0.3765545
14735,1,0.85413784
14736,1,0.47802982
14737,0,0.36016706
14738,0,0.18326668
14739,0,0.1435468
14740,0,0.4472116
14741,0,0.33872643
14742,0,0.47644538
14743,0,0.30491346
14744,0,0.38724843
14745,1,0.82369155
14746,0,0.22849622
14747,0,0.30545518
14748,0,0.33294636
14749,0,0.33841875
14750,1,0.58187324
14751,0,0.82382333
14752,1,0.88913924
14753,1,0.45108113
14754,0,0.4703593
14755,0,0.310145
14756,0,0.3409757
14757,1,0.6051485
14758,0,0.5778843
14759,0,0.26770017
14760,0,0.34174532
14761,0,0.37148222
14762,0,0.3545031
14763,0,0.24396308
14764,0,0.16489613
14765,0,0.21851404
14766,0,0.4228002
14767,0,0.34609196
14768,0,0.53528196
14769,0,0.4651111
14770,0,0.53466135
14771,1,0.54981226
14772,1,0.76094615
14773,0,0.14343686
14774,0,0.17408842
14775,0,0.65230834
14776,0,0.31263217
14777,0,0.29639038
14778,0,0.31968436
14779,0,0.28902376
14780,0,0.37742224
14781,0,0.17877246
14782,0,0.26362285
14783,0,0.26542538
14784,1,0.34900892
14785,1,0.9028081
14786,1,0.88325256
14787,0,0.15095179
14788,1,0.9291512
14789,0,0.30533272
14790,0,0.24452351
14791,0,0.5087367
14792,0,0.2568161
14793,0,0.12997483
14794,0,0.2940416
14795,0,0.18723546
14796,1,0.36597902
14797,0,0.39281204
14798,1,0.4594933
14799,0,0.29541087
14800,0,0.69788504
14801,0,0.23812261
14802,1,0.43750682
14803,0,0.22274922
14804,0,0.27030417
14805,0,0.2502672
14806,0,0.19230206
14807,0,0.1495811
14808,0,0.18504702
14809,0,0.17249008
14810,0,0.29614434
14811,0,0.2617155
14812,1,0.45208406
14813,0,0.26236546
14814,0,0.55794877
14815,0,0.27464056
14816,0,0.3117285
14817,0,0.15753649
14818,0,0.54500705
14819,0,0.38686118
14820,0,0.2787452
14821,0,0.4668791
14822,1,0.7403372
14823,0,0.10557465
14824,1,0.2916365
14825,0,0.331938
14826,1,0.44954145
14827,0,0.27960357
14828,0,0.26959676
14829,0,0.16139682
14830,0,0.105515435
14831,1,0.3013155
14832,1,0.43899933
14833,0,0.24787518
14834,0,0.32769555
14835,0,0.22087254
14836,0,0.21274123
14837,0,0.32303062
14838,0,0.16445383
14839,0,0.2750138
14840,1,0.9355726
14841,0,0.12892142
14842,0,0.30489329
14843,0,0.42515528
14844,0,0.5459921
14845,1,0.30977172
14846,0,0.7115454
14847,1,0.8425413
14848,0,0.5112833
14849,0,0.94234276
14850,1,0.5608142
14851,0,0.4579523
14852,0,0.39668316
14853,0,0.3436424
14854,0,0.76150376
14855,1,0.8845155
14856,1,0.77891254
14857,0,0.34817934
14858,0,0.20124337
14859,0,0.30289987
14860,0,0.2794799
14861,0,0.28102565
14862,0,0.2162613
14863,0,0.44129306
14864,1,0.36290693
14865,0,0.3448452
14866,0,0.3277898
14867,0,0.36340216
14868,1,0.93509966
14869,0,0.67228574
14870,1,0.32743913
14871,0,0.23470573
14872,1,0.32856604
14873,0,0.395064
14874,0,0.3462629
14875,0,0.18714882
14876,0,0.27797168
14877,0,0.50212044
14878,0,0.19659933
14879,0,0.3244691
14880,1,0.88862723
14881,0,0.4209033
14882,0,0.19240052
14883,0,0.29145354
14884,0,0.2653463
14885,0,0.48584422
14886,0,0.3560516
14887,0,0.20846952
14888,0,0.26994228
14889,0,0.30448294
14890,0,0.31635958
14891,1,0.89661634
14892,0,0.5728515
14893,0,0.25272387
14894,1,0.19474672
14895,0,0.22665396
14896,0,0.39018437
14897,0,0.35062668
14898,0,0.9312579
14899,0,0.5590903
14900,0,0.5912292
14901,1,0.8615354
14902,0,0.2611446
14903,1,0.4044995
14904,0,0.45340842
14905,0,0.17911097
14906,1,0.8516151
14907,0,0.35638067
14908,0,0.18741494
14909,0,0.14536831
14910,0,0.3816399
14911,0,0.29020864
14912,0,0.5295349
14913,0,0.5409628
14914,0,0.7209748
14915,0,0.560401
14916,0,0.24747133
14917,0,0.15261275
14918,0,0.5046235
14919,0,0.47658646
14920,0,0.36101103
14921,0,0.09847057
14922,0,0.2505785
14923,0,0.17178753
14924,0,0.53282124
14925,0,0.69552416
14926,0,0.25105768
14927,0,0.43761826
14928,0,0.4774356
14929,0,0.30171335
14930,0,0.290056
14931,0,0.40116128
14932,0,0.31906357
14933,1,0.49223304
14934,1,0.80653024
14935,0,0.56968915
14936,0,0.21341826
14937,0,0.38054702
14938,0,0.5108338
14939,0,0.24542667
14940,0,0.71556705
14941,0,0.16907763
14942,0,0.2949041
14943,0,0.40012616
14944,0,0.2659858
14945,0,0.35461453
14946,0,0.48137453
14947,1,0.52597535
14948,0,0.28325212
14949,0,0.74868846
14950,0,0.35458738
14951,0,0.3104852
14952,0,0.4387833
14953,0,0.6741757
14954,0,0.336075
14955,0,0.3744299
14956,0,0.4711248
14957,0,0.3643665
14958,0,0.24970473
14959,0,0.37983662
14960,1,0.7891338
14961,0,0.3292283
14962,0,0.46855178
14963,1,0.26680383
14964,1,0.573986
14965,0,0.38565603
14966,0,0.50311846
14967,0,0.15871935
14968,0,0.3047328
14969,0,0.3337501
14970,0,0.52089345
14971,0,0.2467118
14972,0,0.47347832
14973,0,0.20710215
14974,0,0.5473118
14975,0,0.43520176
14976,0,0.2460792
14977,1,0.89866835
14978,1,0.28511652
14979,0,0.22350383
14980,0,0.76864
14981,0,0.357942
14982,1,0.3956488
14983,0,0.3675259
14984,1,0.3167596
14985,1,0.53746647
14986,0,0.5503664
14987,1,0.81702214
14988,0,0.2755197
14989,1,0.33607036
14990,1,0.6072145
14991,0,0.58399093
14992,0,0.16930677
14993,1,0.30799982
14994,0,0.36885875
14995,0,0.10501563
14996,0,0.8644148
14997,0,0.6605622
14998,0,0.3279677
14999,0,0.1981657
15000,0,0.22717713
15001,0,0.4466617
15002,0,0.8768739
15003,1,0.4822054
15004,0,0.36672807
15005,0,0.22548257
15006,1,0.39854753
15007,0,0.37494037
15008,0,0.16501391
15009,0,0.62386507
15010,0,0.3163408
15011,0,0.40941527
15012,0,0.28153792
15013,0,0.5253648
15014,0,0.12808456
15015,0,0.24707793
15016,0,0.17515507
15017,0,0.44659388
15018,0,0.3052673
15019,0,0.38276434
15020,0,0.31164825
15021,1,0.54140955
15022,0,0.7114488
15023,0,0.21971357
15024,0,0.38335747
15025,1,0.34412605
15026,0,0.2306837
15027,1,0.336788
15028,0,0.21850905
15029,0,0.25808445
15030,0,0.92229563
15031,0,0.35492384
15032,0,0.39448595
15033,1,0.3703226
15034,0,0.37447217
15035,0,0.41984463
15036,1,0.9361985
15037,0,0.26571065
15038,0,0.19812977
15039,0,0.3528744
15040,1,0.94656795
15041,0,0.20558617
15042,0,0.43557453
15043,0,0.4201239
15044,1,0.36755785
15045,0,0.27405632
15046,0,0.23415284
15047,0,0.29628083
15048,0,0.7687872
15049,0,0.14343652
15050,0,0.2753293
15051,0,0.5471302
15052,0,0.18251088
15053,0,0.5739669
15054,1,0.40091142
15055,0,0.4931938
15056,0,0.46495396
15057,0,0.20487879
15058,0,0.34314096
15059,1,0.34295505
15060,0,0.44442564
15061,0,0.9175928
15062,1,0.6816237
15063,1,0.9164088
15064,0,0.23838115
15065,1,0.40511003
15066,0,0.11150808
15067,0,0.35860312
15068,0,0.18228234
15069,0,0.14099069
15070,1,0.42247042
15071,0,0.8913969
15072,0,0.68144023
15073,0,0.19474734
15074,0,0.4789373
15075,0,0.18425918
15076,1,0.5457508
15077,0,0.31156918
15078,0,0.84696937
15079,0,0.23990433
15080,0,0.16404495
15081,0,0.284083
15082,0,0.2826125
15083,0,0.2874941
15084,1,0.6549109
15085,0,0.5392388
15086,0,0.48289996
15087,1,0.9107278
15088,1,0.90055203
15089,0,0.16159043
15090,1,0.35703844
15091,1,0.88694227
15092,0,0.10956455
15093,0,0.20488954
15094,0,0.6582767
15095,0,0.39240757
15096,1,0.8981501
15097,0,0.3808061
15098,0,0.30009243
15099,0,0.44070905
15100,0,0.32888353
15101,0,0.33153886
15102,0,0.33717674
15103,0,0.3627689
15104,0,0.34378266
15105,0,0.39305463
15106,1,0.6026081
15107,1,0.5389981
15108,1,0.2584554
15109,0,0.46188793
15110,0,0.40248746
15111,1,0.28142923
15112,1,0.87122834
15113,1,0.9268786
15114,0,0.26805454
15115,0,0.2531951
15116,0,0.3549466
15117,0,0.27110618
15118,0,0.8526526
15119,0,0.23245674
15120,1,0.8757001
15121,0,0.844294
15122,0,0.6037262
15123,0,0.16892277
15124,0,0.71682227
15125,0,0.18875207
15126,0,0.34009635
15127,0,0.46949038
15128,0,0.2613035
15129,0,0.24271402
15130,0,0.38292477
15131,0,0.27318007
15132,0,0.2368
15133,1,0.9144136
15134,0,0.18113571
15135,0,0.2741399
15136,0,0.5668777
15137,0,0.18704994
15138,0,0.9157394
15139,0,0.6033251
15140,0,0.25866017
15141,0,0.3645239
15142,1,0.6186196
15143,0,0.7462463
15144,0,0.49134424
15145,0,0.35764694
15146,0,0.41997015
15147,0,0.35536468
15148,0,0.16676432
15149,1,0.70223683
15150,0,0.42462054
15151,0,0.25314122
15152,0,0.3900798
15153,0,0.33624998
15154,1,0.90262413
15155,0,0.1969811
15156,0,0.2973708
15157,0,0.41443774
15158,0,0.3659289
15159,0,0.67277825
15160,1,0.92501634
15161,0,0.45153335
15162,1,0.58391684
15163,1,0.8855757
15164,0,0.40247354
15165,0,0.21322119
15166,0,0.4088784
15167,0,0.23917648
15168,0,0.17944758
15169,0,0.3542219
15170,0,0.30430588
15171,0,0.30823022
15172,0,0.55996245
15173,1,0.47135252
15174,0,0.20725732
15175,0,0.18300891
15176,0,0.2799974
15177,0,0.8455557
15178,0,0.44205308
15179,0,0.13410029
15180,0,0.056477923
15181,0,0.20636593
15182,0,0.4423542
15183,0,0.2022641
15184,0,0.38515782
15185,0,0.27094004
15186,0,0.24531938
15187,0,0.23247594
15188,1,0.87117034
15189,0,0.3676178
15190,0,0.5769045
15191,1,0.73801893
15192,0,0.43528035
15193,0,0.56324345
15194,0,0.29412848
15195,0,0.34836948
15196,0,0.2511457
15197,0,0.5377512
15198,1,0.29160005
15199,1,0.92125154
15200,0,0.19576932
15201,1,0.3642181
15202,0,0.26932558
15203,0,0.37117702
15204,1,0.9235616
15205,1,0.34904394
15206,1,0.9055171
15207,0,0.1669701
15208,0,0.60199815
15209,0,0.13694115
15210,0,0.5264092
15211,1,0.30992684
15212,1,0.66392213
15213,0,0.80683964
15214,0,0.8273772
15215,0,0.15630768
15216,0,0.450814
15217,0,0.40382838
15218,1,0.35070416
15219,0,0.34022412
15220,1,0.25544176
15221,0,0.38899115
15222,1,0.24297217
15223,0,0.60474634
15224,1,0.60286117
15225,0,0.38807577
15226,1,0.68977994
15227,0,0.40426928
15228,0,0.546312
15229,0,0.4878064
15230,1,0.9198959
15231,0,0.40570265
15232,1,0.6711214
15233,0,0.5642356
15234,0,0.31469616
15235,0,0.23666655
15236,0,0.26896816
15237,1,0.39653
15238,0,0.14746477
15239,1,0.67271423
15240,0,0.29972452
15241,0,0.7820806
15242,0,0.107717045
15243,0,0.35334593
15244,0,0.30100417
15245,0,0.34035555
15246,0,0.24246146
15247,1,0.9301173
15248,1,0.4394178
15249,0,0.16371033
15250,0,0.19800441
15251,0,0.27894408
15252,0,0.34337756
15253,0,0.10717084
15254,0,0.14164646
15255,1,0.565538
15256,0,0.62617236
15257,1,0.17472328
15258,1,0.43133724
15259,0,0.39228377
15260,0,0.5926534
15261,0,0.30051497
15262,1,0.7014471
15263,0,0.44565886
15264,0,0.32831627
15265,0,0.27630416
15266,0,0.49835202
15267,1,0.44364113
15268,0,0.18012334
15269,0,0.60472375
15270,0,0.58950466
15271,1,0.45720196
15272,0,0.29807594
15273,1,0.81902754
15274,1,0.3757389
15275,0,0.29833552
15276,0,0.15252393
15277,0,0.31159166
15278,0,0.37830925
15279,0,0.42433473
15280,0,0.24532701
15281,0,0.095124714
15282,0,0.17579126
15283,0,0.3208636
15284,0,0.41469446
15285,0,0.36045784
15286,0,0.2867568
15287,1,0.8521166
15288,0,0.19633397
15289,0,0.60226715
15290,0,0.4365011
15291,0,0.29637983
15292,1,0.6203696
15293,0,0.31280205
15294,0,0.40884516
15295,0,0.3186953
15296,1,0.52297986
15297,1,0.9342569
15298,1,0.4191773
15299,0,0.2866505
15300,1,0.6674728
15301,0,0.33603278
15302,0,0.3857312
15303,0,0.38278168
15304,0,0.2512568
15305,0,0.9237871
15306,0,0.17954794
15307,0,0.21431474
15308,0,0.30086052
15309,1,0.91551876
15310,0,0.20471516
15311,1,0.3815556
15312,0,0.27923545
15313,0,0.9144718
15314,0,0.5572905
15315,0,0.8486559
15316,1,0.39108783
15317,0,0.8351141
15318,0,0.3305898
15319,0,0.82527673
15320,0,0.391534
15321,0,0.0847267
15322,0,0.5333436
15323,0,0.14421225
15324,0,0.64962757
15325,0,0.33448592
15326,1,0.923814
15327,0,0.60642433
15328,0,0.44270724
15329,0,0.25115445
15330,1,0.25446323
15331,0,0.4906048
15332,0,0.45398423
15333,0,0.42558366
15334,1,0.379764
15335,0,0.17063057
15336,0,0.5848259
15337,0,0.44670266
15338,0,0.37056115
15339,0,0.07827651
15340,0,0.30662873
15341,1,0.40898007
15342,0,0.154433
15343,1,0.69791156
15344,0,0.3514243
15345,1,0.8938534
15346,0,0.34544542
15347,0,0.50180423
15348,0,0.35685277
15349,1,0.25713947
15350,0,0.42194548
15351,0,0.26035166
15352,1,0.8729025
15353,0,0.42958146
15354,0,0.4216698
15355,0,0.33161432
15356,0,0.1672757
15357,1,0.90740776
15358,0,0.42338362
15359,0,0.24227047
15360,0,0.34963837
15361,0,0.11748693
15362,0,0.5824879
15363,0,0.24063988
15364,0,0.19708647
15365,1,0.9065056
15366,0,0.29502448
15367,0,0.42172348
15368,0,0.36595684
15369,0,0.3003847
15370,1,0.19295822
15371,0,0.5816477
15372,0,0.16162588
15373,0,0.41867742
15374,0,0.22208893
15375,0,0.88382107
15376,1,0.54152626
15377,0,0.34245136
15378,0,0.43566594
15379,1,0.6728408
15380,0,0.22459163
15381,0,0.38317454
15382,0,0.17581451
15383,1,0.79246444
15384,0,0.73020995
15385,1,0.4487874
15386,0,0.5243226
15387,0,0.3630329
15388,1,0.5668168
15389,0,0.1219516
15390,0,0.6496966
15391,0,0.38372695
15392,0,0.19875997
15393,0,0.65470946
15394,0,0.4030296
15395,1,0.7892196
15396,0,0.41538915
15397,0,0.3821538
15398,0,0.15175699
15399,1,0.9042249
15400,1,0.91406584
15401,1,0.27369493
15402,1,0.68375516
15403,1,0.5895613
15404,1,0.59843177
15405,0,0.19893874
15406,0,0.45164526
15407,0,0.22241212
15408,0,0.19950932
15409,0,0.29322267
15410,0,0.9212057
15411,0,0.24626401
15412,0,0.3888882
15413,0,0.7629003
15414,0,0.3244277
15415,0,0.17715698
15416,0,0.28687924
15417,0,0.37867638
15418,0,0.16806912
15419,0,0.1677691
15420,0,0.44112772
15421,0,0.3262799
15422,0,0.27664787
15423,0,0.33946115
15424,0,0.37776238
15425,1,0.6141288
15426,0,0.6007126
15427,1,0.800467
15428,0,0.3407073
15429,0,0.17898528
15430,0,0.7189486
15431,1,0.15415801
15432,0,0.2046725
15433,0,0.40600964
15434,0,0.22442485
15435,0,0.11399155
15436,0,0.38462606
15437,0,0.27299216
15438,1,0.19927226
15439,0,0.4340726
15440,0,0.18690743
15441,0,0.44987777
15442,1,0.5254811
15443,0,0.39470965
15444,0,0.47472817
15445,0,0.14790122
15446,0,0.16372696
15447,0,0.6694281
15448,0,0.28554198
15449,0,0.45985925
15450,1,0.39739046
15451,0,0.4858994
15452,1,0.8431847
15453,0,0.49606654
15454,0,0.2503646
15455,0,0.48061952
15456,0,0.22438149
15457,0,0.55457664
15458,1,0.89565176
15459,0,0.570162
15460,1,0.8643041
15461,0,0.62681204
15462,1,0.7707547
15463,0,0.39997676
15464,0,0.17145346
15465,0,0.43816355
15466,0,0.20916758
15467,0,0.2809553
15468,0,0.28969702
15469,0,0.41526142
15470,0,0.2395806
15471,0,0.30136347
15472,0,0.34873155
15473,0,0.3007835
15474,0,0.5343477
15475,0,0.82617706
15476,0,0.55099297
15477,1,0.40041536
15478,0,0.36423224
15479,0,0.31273735
15480,1,0.77279687
15481,0,0.17432342
15482,1,0.55490464
15483,0,0.2875759
15484,0,0.41360715
15485,0,0.89651954
15486,0,0.31189948
15487,0,0.25616866
15488,0,0.37467474
15489,0,0.51568884
15490,0,0.29726976
15491,0,0.3371703
15492,0,0.36747864
15493,0,0.36388773
15494,0,0.4121727
15495,0,0.18128966
15496,0,0.2702339
15497,0,0.40515077
15498,0,0.29616782
15499,0,0.36072406
15500,0,0.23142867
15501,0,0.11528969
15502,0,0.5537283
15503,0,0.24909592
15504,0,0.19793716
15505,0,0.3534276
15506,0,0.41552487
15507,0,0.36882353
15508,0,0.28001338
15509,0,0.49510425
15510,1,0.9050461
15511,0,0.4255492
15512,0,0.36903018
15513,0,0.4255651
15514,0,0.1375318
15515,0,0.6246988
15516,0,0.38956618
15517,0,0.27662262
15518,1,0.8270237
15519,0,0.3186626
15520,0,0.18555798
15521,0,0.2671126
15522,0,0.33664328
15523,0,0.46188793
15524,1,0.75861937
15525,0,0.37746748
15526,0,0.24359475
15527,1,0.39801368
15528,0,0.23488127
15529,0,0.38899598
15530,0,0.6428209
15531,0,0.19033705
15532,0,0.5252217
15533,0,0.34896275
15534,0,0.22620352
15535,0,0.3168212
15536,1,0.88520974
15537,1,0.32660982
15538,0,0.6469373
15539,0,0.37344846
15540,0,0.4431807
15541,0,0.5318406
15542,0,0.33288774
15543,0,0.8669129
15544,0,0.23372544
15545,0,0.51333755
15546,0,0.1544427
15547,1,0.9178683
15548,1,0.8944105
15549,0,0.28316012
15550,0,0.32675728
15551,0,0.50559205
15552,0,0.44770867
15553,0,0.2979194
15554,0,0.8435472
15555,1,0.38647932
15556,0,0.51625127
15557,1,0.8962565
15558,0,0.24202113
15559,1,0.8919873
15560,1,0.47096616
15561,0,0.38093194
15562,0,0.09284415
15563,0,0.348684
15564,0,0.31611136
15565,0,0.15123132
15566,0,0.67636615
15567,0,0.38543963
15568,0,0.27780634
15569,0,0.33988905
15570,0,0.24007826
15571,0,0.19890012
15572,0,0.35694256
15573,0,0.26206544
15574,0,0.4641669
15575,1,0.80271935
15576,0,0.5206254
15577,0,0.25025323
15578,0,0.32867935
15579,0,0.746856
15580,0,0.8259921
15581,0,0.5525005
15582,0,0.6167519
15583,1,0.8700286
15584,0,0.6023228
15585,0,0.41550857
15586,0,0.83142316
15587,0,0.33721784
15588,0,0.37089783
15589,0,0.2280437
15590,0,0.36925682
15591,0,0.18974975
15592,0,0.2942927
15593,1,0.58002156
15594,0,0.34424582
15595,0,0.3452754
15596,0,0.8691317
15597,1,0.50257325
15598,0,0.3853011
15599,1,0.61362123
15600,0,0.9013965
15601,0,0.8295244
15602,0,0.44630393
15603,0,0.292906
15604,1,0.707721
15605,0,0.42768455
15606,0,0.6196195
15607,0,0.37480128
15608,0,0.25875506
15609,0,0.22940308
15610,0,0.25152743
15611,0,0.18293238
15612,0,0.49799925
15613,0,0.3198248
15614,1,0.28674248
15615,0,0.1773865
15616,0,0.17294514
15617,0,0.57568955
15618,0,0.0836154
15619,1,0.5297693
15620,0,0.16912097
15621,0,0.65456563
15622,0,0.26689824
15623,0,0.18943061
15624,0,0.489681
15625,0,0.49025464
15626,0,0.28241432
15627,1,0.9121815
15628,1,0.9033383
15629,0,0.5015938
15630,0,0.36125225
15631,0,0.46553928
15632,0,0.45402905
15633,0,0.35113013
15634,0,0.3662139
15635,0,0.5558278
15636,0,0.6308205
15637,0,0.42123473
15638,0,0.46466818
15639,0,0.39216623
15640,0,0.58153
15641,0,0.36463085
15642,0,0.46255863
15643,0,0.3781994
15644,0,0.21998708
15645,0,0.456189
15646,0,0.20173621
15647,0,0.23960814
15648,0,0.5367251
15649,0,0.3014655
15650,0,0.17433286
15651,0,0.20024402
15652,1,0.9418628
15653,0,0.5045034
15654,1,0.8417034
15655,0,0.337476
15656,0,0.38590807
15657,0,0.42277166
15658,0,0.5842088
15659,1,0.51749647
15660,1,0.8383194
15661,0,0.453222
15662,0,0.13794024
15663,0,0.31324196
15664,1,0.88282275
15665,0,0.22665396
15666,0,0.627157
15667,0,0.91912395
15668,1,0.3744762
15669,1,0.23288825
15670,0,0.36613953
15671,0,0.3548103
15672,1,0.8828885
15673,0,0.30357704
15674,1,0.89799386
15675,1,0.876734
15676,1,0.5552727
15677,0,0.3683265
15678,0,0.2124496
15679,1,0.59997654
15680,0,0.22708847
15681,1,0.4950189
15682,0,0.17355882
15683,0,0.2256135
15684,0,0.10492995
15685,0,0.39581177
15686,1,0.38092044
15687,0,0.5888216
15688,0,0.22051077
15689,0,0.29825974
15690,0,0.30772614
15691,0,0.16419247
15692,0,0.1797317
15693,0,0.5036758
15694,0,0.1566102
15695,0,0.31175762
15696,0,0.23435107
15697,0,0.2744726
15698,1,0.8611322
15699,0,0.38318563
15700,1,0.90907186
15701,0,0.1756955
15702,0,0.4492696
15703,1,0.6271455
15704,0,0.48912278
15705,1,0.8078421
15706,0,0.48432088
15707,0,0.34134924
15708,1,0.42451873
15709,0,0.22311135
15710,1,0.52233154
15711,0,0.49619633
15712,0,0.47713196
15713,1,0.49366426
15714,1,0.7178267
15715,0,0.51024824
15716,0,0.29662114
15717,0,0.53082466
15718,0,0.35302106
15719,0,0.19940744
15720,0,0.2948954
15721,0,0.44232216
15722,0,0.30285716
15723,1,0.27405632
15724,0,0.39278156
15725,0,0.17808238
15726,0,0.3072329
15727,1,0.93132186
15728,0,0.30201754
15729,0,0.88108605
15730,1,0.7142535
15731,0,0.22493257
15732,0,0.49292052
15733,1,0.6724275
15734,0,0.13949953
15735,0,0.29899055
15736,1,0.90197605
15737,0,0.3068507
15738,0,0.40615427
15739,1,0.92387545
15740,1,0.34652746
15741,0,0.3398545
15742,0,0.3985907
15743,0,0.3752869
15744,0,0.34538785
15745,0,0.33336014
15746,0,0.40959263
15747,0,0.47552446
15748,0,0.3636005
15749,0,0.6492642
15750,0,0.33317748
15751,1,0.41887176
15752,0,0.27866772
15753,1,0.43730456
15754,0,0.3710437
15755,0,0.34383798
15756,0,0.3528489
15757,0,0.29341218
15758,0,0.41500956
15759,1,0.62282246
15760,0,0.3544024
15761,0,0.72606874
15762,0,0.4663001
15763,0,0.3121516
15764,1,0.9322888
15765,0,0.19679773
15766,0,0.5683755
15767,1,0.9196566
15768,0,0.15910807
15769,0,0.7674343
15770,0,0.3470027
15771,0,0.46750256
15772,0,0.2511457
15773,0,0.2677158
15774,0,0.25114727
15775,0,0.3816026
15776,0,0.43179324
15777,0,0.6379082
15778,0,0.17184629
15779,0,0.6650767
15780,0,0.51971537
15781,0,0.16391855
15782,0,0.2310268
15783,1,0.90336436
15784,0,0.6744498
15785,1,0.25921044
15786,0,0.54416734
15787,0,0.45493448
15788,1,0.6682037
15789,1,0.8581239
15790,0,0.2978491
15791,0,0.32797122
15792,0,0.40595382
15793,1,0.54856
15794,1,0.45216843
15795,0,0.34787443
15796,0,0.35390878
15797,0,0.26556498
15798,0,0.3100786
15799,0,0.5816436
15800,1,0.55717874
15801,1,0.7468545
15802,0,0.35473695
15803,0,0.3789971
15804,0,0.25101897
15805,1,0.8608743
15806,0,0.6023228
15807,0,0.5155705
15808,0,0.28368992
15809,0,0.35323155
15810,1,0.8658443
15811,0,0.34115487
15812,1,0.5082492
15813,0,0.20769697
15814,0,0.8960846
15815,1,0.40708354
15816,0,0.18497321
15817,0,0.25393564
15818,0,0.53828514
15819,1,0.36383238
15820,0,0.30107674
15821,0,0.32887354
15822,0,0.8145194
15823,1,0.82887584
15824,0,0.17280143
15825,0,0.15114065
15826,0,0.15944712
15827,1,0.8934335
15828,1,0.38326555
15829,0,0.3232951
15830,0,0.2889291
15831,0,0.26890314
15832,0,0.43612945
15833,1,0.5937848
15834,0,0.32952854
15835,0,0.20136048
15836,0,0.2473441
15837,0,0.30588648
15838,0,0.47080904
15839,0,0.2090903
15840,0,0.6372486
15841,0,0.48684195
15842,0,0.9100437
15843,0,0.2916604
15844,0,0.4109641
15845,0,0.38627276
15846,0,0.47638428
15847,0,0.46840355
15848,0,0.49993438
15849,0,0.3716111
15850,0,0.15262742
15851,1,0.90353656
15852,0,0.7838367
15853,0,0.28944382
15854,0,0.35616952
15855,0,0.35133794
15856,1,0.48577684
15857,1,0.8891467
15858,0,0.1797176
15859,0,0.29958308
15860,0,0.7304838
15861,0,0.1085514
15862,0,0.41292486
15863,1,0.35752264
15864,0,0.28822064
15865,0,0.5172091
15866,1,0.47142997
15867,0,0.17613927
15868,1,0.40318882
15869,0,0.28473046
15870,0,0.34701255
15871,0,0.13233137
15872,0,0.18952511
15873,1,0.64200157
15874,0,0.2775482
15875,0,0.27579919
15876,0,0.4400532
15877,0,0.25112328
15878,0,0.35547814
15879,0,0.86949617
15880,1,0.6333172
15881,0,0.30473074
15882,0,0.23034921
15883,0,0.26075128
15884,0,0.3632999
15885,1,0.44701526
15886,0,0.1668708
15887,0,0.17044362
15888,0,0.4662253
15889,0,0.10802987
15890,1,0.5935764
15891,1,0.4780202
15892,0,0.19111685
15893,0,0.20999354
15894,1,0.65524983
15895,0,0.22423413
15896,0,0.19717892
15897,0,0.34708586
15898,0,0.6417762
15899,1,0.34753293
15900,0,0.38661748
15901,0,0.8979984
15902,0,0.6925851
15903,0,0.41641894
15904,0,0.20756496
15905,0,0.35848555
15906,0,0.17392801
15907,0,0.29086846
15908,0,0.40983158
15909,0,0.3343617
15910,0,0.4041901
15911,0,0.19346654
15912,1,0.6312205
15913,0,0.1754788
15914,0,0.37121144
15915,1,0.48561248
15916,0,0.574602
15917,0,0.22897333
15918,0,0.067058496
15919,0,0.48527583
15920,0,0.43430263
15921,1,0.90345436
15922,0,0.38181317
15923,1,0.6254561
15924,0,0.2520003
15925,0,0.41535863
15926,1,0.8782155
15927,0,0.1509737
15928,0,0.2021409
15929,0,0.48641253
15930,0,0.37438264
15931,1,0.31218445
15932,0,0.8194678
15933,0,0.3086529
15934,0,0.25962582
15935,1,0.9138399
15936,1,0.41492587
15937,0,0.13027713
15938,1,0.9285951
15939,0,0.3525581
15940,0,0.81480944
15941,0,0.28305328
15942,0,0.41271445
15943,0,0.48476633
15944,0,0.33334324
15945,0,0.34852737
15946,0,0.4252546
15947,0,0.4131208
15948,0,0.25677475
15949,1,0.58608484
15950,1,0.9136427
15951,0,0.33778337
15952,0,0.53337
15953,1,0.4837986
15954,0,0.28898698
15955,0,0.4232093
15956,1,0.51612514
15957,0,0.2526752
15958,0,0.78874767
15959,0,0.63939244
15960,0,0.52893275
15961,0,0.100782715
15962,0,0.39568302
15963,1,0.9133722
15964,0,0.8485219
15965,0,0.2332875
15966,0,0.3439878
15967,0,0.32396394
15968,0,0.8208324
15969,0,0.27869505
15970,0,0.29554564
15971,1,0.8988045
15972,0,0.7035582
15973,0,0.9020078
15974,0,0.17102681
15975,0,0.40728912
15976,0,0.34799156
15977,0,0.27147004
15978,0,0.40620872
15979,0,0.31907618
15980,1,0.4577594
15981,0,0.20199624
15982,0,0.21297958
15983,0,0.6638635
15984,1,0.46524432
15985,0,0.17480098
15986,0,0.10269353
15987,0,0.43657196
15988,0,0.91561675
15989,0,0.6143961
15990,0,0.4482719
15991,1,0.743807
15992,0,0.32407787
15993,0,0.35015416
15994,0,0.3152172
15995,0,0.3722741
15996,0,0.44656304
15997,0,0.14100116
15998,1,0.927421
15999,1,0.41219345
16000,0,0.16925077
16001,0,0.43419808
16002,0,0.65143245
16003,0,0.5107526
16004,0,0.28092495
16005,0,0.31456038
16006,1,0.844647
16007,0,0.5459595
16008,1,0.87364626
16009,0,0.2596449
16010,1,0.914971
16011,1,0.8436429
16012,0,0.28407782
16013,0,0.16137998
16014,0,0.37457925
16015,0,0.28947476
16016,1,0.6914653
16017,0,0.19953284
16018,1,0.36982334
16019,0,0.2680715
16020,0,0.37790686
16021,0,0.28563872
16022,0,0.35516182
16023,0,0.13119616
16024,0,0.61018056
16025,0,0.33292496
16026,0,0.65500826
16027,0,0.5074817
16028,0,0.3410552
16029,1,0.3354809
16030,0,0.7713648
16031,0,0.2929558
16032,0,0.2586465
16033,1,0.38674286
16034,0,0.5740096
16035,1,0.634772
16036,1,0.7068442
16037,0,0.26257554
16038,0,0.61333036
16039,0,0.27517697
16040,0,0.38916105
16041,0,0.2873622
16042,0,0.39185345
16043,1,0.4925977
16044,0,0.43538553
16045,0,0.25433436
16046,0,0.50609654
16047,0,0.11900571
16048,1,0.26941112
16049,1,0.40124428
16050,1,0.3298036
16051,0,0.210566
16052,1,0.28874356
16053,0,0.45864797
16054,0,0.4019239
16055,0,0.22704072
16056,0,0.49077082
16057,0,0.524464
16058,0,0.19559817
16059,0,0.49488887
16060,0,0.5316988
16061,0,0.49306405
16062,1,0.56605667
16063,1,0.39971495
16064,0,0.18018971
16065,0,0.55909574
16066,0,0.34397286
16067,0,0.48440662
16068,0,0.28190792
16069,1,0.7015751
16070,0,0.4365593
16071,1,0.8705528
16072,0,0.6856029
16073,0,0.43304977
16074,0,0.28939798
16075,1,0.7459303
16076,0,0.23881261
16077,0,0.66699725
16078,0,0.21203773
16079,0,0.26662865
16080,0,0.73801154
16081,0,0.345956
16082,0,0.33445492
16083,1,0.6557312
16084,0,0.10424875
16085,0,0.22727078
16086,0,0.76343495
16087,0,0.30172205
16088,0,0.86237854
16089,1,0.3348737
16090,1,0.9090593
16091,0,0.37400734
16092,0,0.40954414
16093,0,0.29230735
16094,0,0.86601764
16095,0,0.7509447
16096,0,0.17139931
16097,0,0.2752295
16098,0,0.19633736
16099,0,0.3734498
16100,0,0.3918272
16101,1,0.93143976
16102,0,0.21009341
16103,0,0.30545056
16104,1,0.8421817
16105,0,0.3662914
16106,0,0.23360209
16107,0,0.45670372
16108,0,0.57539535
16109,0,0.2775657
16110,0,0.23844571
16111,0,0.32430196
16112,1,0.9186936
16113,0,0.3770076
16114,0,0.3063665
16115,0,0.8893651
16116,0,0.38650927
16117,0,0.46023658
16118,0,0.2368444
16119,0,0.20014817
16120,1,0.65004164
16121,0,0.50820696
16122,0,0.09532658
16123,1,0.84571993
16124,0,0.4376584
16125,0,0.45126805
16126,0,0.5426153
16127,1,0.47091666
16128,0,0.21708542
16129,0,0.5632065
16130,1,0.7817139
16131,0,0.22330332
16132,0,0.35203132
16133,0,0.14346918
16134,0,0.19387147
16135,0,0.26966247
16136,0,0.21140726
16137,0,0.15235184
16138,0,0.32659614
16139,1,0.40975454
16140,0,0.69663227
16141,0,0.46682987
16142,0,0.30484468
16143,0,0.37707385
16144,0,0.27335533
16145,0,0.3089443
16146,0,0.19512355
16147,0,0.37174565
16148,0,0.1977387
16149,0,0.21962367
16150,0,0.38059577
16151,0,0.4836988
16152,1,0.4775202
16153,0,0.17135534
16154,0,0.52227056
16155,1,0.90728045
16156,0,0.5534047
16157,0,0.75910956
16158,1,0.8738909
16159,0,0.5426767
16160,0,0.2898377
16161,0,0.7833225
16162,0,0.11996671
16163,1,0.8970455
16164,0,0.43744832
16165,0,0.14100562
16166,0,0.5520547
16167,0,0.3081904
16168,0,0.40010256
16169,1,0.4020315
16170,0,0.17287107
16171,0,0.27854866
16172,1,0.34747702
16173,0,0.24464583
16174,0,0.49830642
16175,0,0.33530128
16176,1,0.34362015
16177,1,0.6544254
16178,1,0.66147536
16179,0,0.73257643
16180,1,0.9235665
16181,1,0.6828685
16182,1,0.92201835
16183,0,0.31410623
16184,1,0.87707037
16185,0,0.87418014
16186,0,0.26244515
16187,1,0.21901873
16188,0,0.27261284
16189,1,0.600423
16190,0,0.5981611
16191,1,0.929452
16192,0,0.4966915
16193,0,0.4903359
16194,0,0.21108472
16195,1,0.706047
16196,0,0.86796737
16197,0,0.3346698
16198,1,0.5729021
16199,1,0.64841545
16200,0,0.347544
16201,0,0.16234867
16202,1,0.3674687
16203,1,0.88724005
16204,0,0.5985935
16205,0,0.19188732
16206,0,0.23848058
16207,1,0.8471603
16208,0,0.17884463
16209,0,0.5260994
16210,0,0.13076301
16211,0,0.20165429
16212,0,0.39233467
16213,0,0.23316047
16214,0,0.49482477
16215,0,0.38865152
16216,1,0.5845621
16217,0,0.24751699
16218,0,0.14681724
16219,0,0.26799262
16220,1,0.7730357
16221,0,0.93915844
16222,0,0.421751
16223,0,0.123041615
16224,0,0.33634531
16225,0,0.470764
16226,0,0.5235526
16227,1,0.70295846
16228,0,0.4524731
16229,0,0.22805437
16230,0,0.6821316
16231,0,0.42731252
16232,1,0.8636403
16233,0,0.37128025
16234,0,0.4448298
16235,0,0.27790582
16236,1,0.166152
16237,0,0.42685965
16238,1,0.8908961
16239,0,0.27955335
16240,0,0.26666266
16241,0,0.48136008
16242,0,0.26930517
16243,0,0.16472863
16244,0,0.08963714
16245,0,0.26645902
16246,1,0.86745703
16247,0,0.20882776
16248,1,0.8972019
16249,0,0.21155266
16250,0,0.2998044
16251,0,0.9059564
16252,0,0.17336024
16253,0,0.17508918
16254,0,0.26722518
16255,0,0.54898095
16256,1,0.8900345
16257,0,0.4551937
16258,0,0.25089672
16259,0,0.382311
16260,0,0.9022728
16261,0,0.3561257
16262,0,0.42979595
16263,0,0.21659334
16264,0,0.20244077
16265,0,0.64090735
16266,0,0.43296355
16267,1,0.73147285
16268,0,0.34573406
16269,0,0.1938193
16270,0,0.82139915
16271,0,0.5913184
16272,0,0.14292644
16273,1,0.61362123
16274,0,0.35836464
16275,0,0.21881603
16276,0,0.2656894
16277,0,0.65557665
16278,1,0.5440321
16279,0,0.5081194
16280,1,0.7837715
16281,0,0.40264475
16282,0,0.8586297
16283,1,0.9132921
16284,0,0.39289668
16285,0,0.24963647
16286,0,0.3097178
16287,0,0.20977716
16288,1,0.87131006
16289,0,0.33054566
16290,0,0.26679975
16291,0,0.28203768
16292,0,0.40010506
16293,0,0.58273107
16294,0,0.8960758
16295,0,0.29696468
16296,0,0.21270062
16297,0,0.39396793
16298,0,0.12477703
16299,1,0.818258
16300,0,0.2834312
16301,1,0.8434616
16302,0,0.08928118
16303,0,0.4569911
16304,0,0.30651334
16305,1,0.37226513
16306,0,0.18179889
16307,0,0.37417382
16308,0,0.27786097
16309,0,0.5995313
16310,0,0.28881642
16311,1,0.93221235
16312,0,0.5969837
16313,0,0.575187
16314,0,0.27473515
16315,0,0.28830662
16316,0,0.46128926
16317,0,0.1647593
16318,0,0.48061082
16319,0,0.15097941
16320,0,0.44520292
16321,0,0.8721765
16322,0,0.43259206
16323,0,0.35035428
16324,0,0.6276918
16325,0,0.32772055
16326,0,0.47205946
16327,0,0.18655296
16328,0,0.3174429
16329,0,0.6288701
16330,0,0.19133195
16331,0,0.9229828
16332,0,0.27254155
16333,0,0.2514544
16334,0,0.14917596
16335,0,0.1854516
16336,0,0.519838
16337,0,0.5755712
16338,0,0.38883334
16339,0,0.22959405
16340,0,0.36089858
16341,0,0.4921071
16342,0,0.25976425
16343,0,0.50783545
16344,0,0.2457981
16345,0,0.6070722
16346,0,0.28901
16347,0,0.3695682
16348,0,0.36009386
16349,0,0.8982024
16350,0,0.32646218
16351,0,0.3424785
16352,0,0.5535709
16353,0,0.2946361
16354,1,0.43267146
16355,0,0.18959115
16356,0,0.18245515
16357,0,0.41389167
16358,1,0.52058953
16359,0,0.5156217
16360,0,0.275628
16361,0,0.27267075
16362,0,0.43580794
16363,0,0.29774445
16364,0,0.20938633
16365,0,0.34456018
16366,0,0.45039853
16367,0,0.5028423
16368,0,0.3583733
16369,1,0.3311516
16370,1,0.83701843
16371,1,0.72096986
16372,0,0.2401466
16373,0,0.40012604
16374,0,0.29128188
16375,0,0.7864354
16376,1,0.6054251
16377,0,0.36370352
16378,0,0.2534964
16379,0,0.31686375
16380,0,0.42001313
16381,0,0.41717294
16382,1,0.47824344
16383,0,0.20540401
16384,0,0.20721821
16385,0,0.12544048
16386,1,0.8969203
16387,0,0.21585405
16388,0,0.1554462
16389,0,0.33907363
16390,0,0.43980822
16391,0,0.2813615
16392,0,0.27473515
16393,0,0.26992008
16394,1,0.44714692
16395,1,0.6851433
16396,0,0.24603775
16397,0,0.44702536
16398,0,0.9082112
16399,0,0.25178894
16400,0,0.31601986
16401,0,0.32787916
16402,0,0.15054438
16403,0,0.35004058
16404,0,0.7927138
16405,0,0.35233024
16406,0,0.31484437
16407,0,0.19981223
16408,1,0.6763631
16409,0,0.29777208
16410,0,0.30827734
16411,0,0.16070238
16412,0,0.47206318
16413,0,0.4833699
16414,0,0.5995313
16415,0,0.30010924
16416,0,0.26735193
16417,0,0.2655047
16418,0,0.19317293
16419,0,0.6484681
16420,0,0.5380692
16421,0,0.13844685
16422,0,0.29018226
16423,0,0.3745715
16424,0,0.40723726
16425,0,0.264358
16426,0,0.34363547
16427,0,0.25170967
16428,0,0.13862982
16429,0,0.38292843
16430,0,0.15987347
16431,0,0.49025464
16432,0,0.36065352
16433,0,0.39906126
16434,0,0.40203854
16435,0,0.20723845
16436,0,0.30918187
16437,1,0.88583195
16438,1,0.37863553
16439,1,0.5427146
16440,0,0.5159572
16441,0,0.32684729
16442,0,0.4790876
16443,0,0.5499553
16444,1,0.28577796
16445,0,0.1861258
16446,0,0.35847092
16447,0,0.23685269
16448,1,0.6384319
16449,0,0.4038158
16450,1,0.2809543
16451,0,0.53508997
16452,1,0.9207938
16453,0,0.43145415
16454,0,0.50060076
16455,0,0.3613265
16456,0,0.6173391
16457,1,0.6485127
16458,0,0.8127299
16459,1,0.7113218
16460,0,0.45636016
16461,0,0.36123723
16462,0,0.3848016
16463,0,0.83755773
16464,0,0.39540854
16465,0,0.31191543
16466,0,0.26823094
16467,0,0.3052397
16468,0,0.2872587
16469,0,0.5700822
16470,0,0.52845067
16471,0,0.591728
16472,0,0.22485134
16473,0,0.19160353
16474,0,0.36972007
16475,0,0.4773915
16476,0,0.27620324
16477,0,0.41477406
16478,0,0.5193209
16479,0,0.58971053
16480,0,0.23872915
16481,1,0.7998833
16482,0,0.11253044
16483,0,0.4799339
16484,0,0.19421515
16485,0,0.15034074
16486,0,0.17161115
16487,0,0.32455465
16488,1,0.6184114
16489,0,0.32669228
16490,0,0.23802736
16491,0,0.35321677
16492,0,0.27250683
16493,0,0.77576447
16494,0,0.4027748
16495,0,0.3696592
16496,0,0.33017406
16497,0,0.26985
16498,0,0.43950137
16499,0,0.2697924
16500,0,0.2950895
16501,0,0.3385788
16502,0,0.27083898
16503,0,0.20573011
16504,0,0.6761899
16505,1,0.5658737
16506,0,0.090623915
16507,0,0.30092695
16508,1,0.81116116
16509,0,0.9150427
16510,0,0.2586401
16511,0,0.43987578
16512,0,0.4685253
16513,0,0.69148654
16514,1,0.297586
16515,0,0.24907403
16516,0,0.16704424
16517,1,0.32735106
16518,0,0.4327358
16519,0,0.36741307
16520,0,0.4510981
16521,0,0.1022309
16522,1,0.5128151
16523,0,0.3336215
16524,0,0.31691027
16525,0,0.38518974
16526,1,0.23029354
16527,0,0.83598536
16528,0,0.08068668
16529,0,0.62000465
16530,0,0.73283684
16531,0,0.53873795
16532,0,0.41610774
16533,0,0.6164269
16534,0,0.29715157
16535,1,0.64972496
16536,1,0.86771655
16537,0,0.5373737
16538,0,0.49223778
16539,1,0.8011944
16540,0,0.50161207
16541,0,0.33508044
16542,0,0.48088312
16543,0,0.3406694
16544,0,0.34630898
16545,1,0.88702434
16546,0,0.43126905
16547,0,0.6094232
16548,0,0.394845
16549,0,0.8363607
16550,1,0.92450327
16551,1,0.8091204
16552,0,0.3762351
16553,0,0.24979965
16554,0,0.31845096
16555,0,0.37027264
16556,0,0.1598181
16557,1,0.26002267
16558,0,0.2339728
16559,0,0.5568618
16560,0,0.10442445
16561,0,0.26296374
16562,1,0.6006249
16563,0,0.6508416
16564,1,0.85297465
16565,0,0.37583762
16566,0,0.36664662
16567,0,0.39501983
16568,0,0.5020521
16569,0,0.20278871
16570,0,0.196396
16571,0,0.2367051
16572,0,0.34545058
16573,0,0.43374243
16574,0,0.5030429
16575,1,0.654248
16576,0,0.5413488
16577,0,0.19838049
16578,0,0.6485037
16579,0,0.45345372
16580,1,0.36972007
16581,1,0.31673372
16582,0,0.5715223
16583,0,0.24668586
16584,0,0.4264913
16585,0,0.4222716
16586,0,0.29701784
16587,0,0.56955415
16588,1,0.85264474
16589,0,0.31979275
16590,0,0.46822375
16591,0,0.3274749
16592,0,0.28505695
16593,0,0.21250628
16594,0,0.29518777
16595,1,0.52907056
16596,1,0.7130631
16597,0,0.20488158
16598,0,0.420172
16599,0,0.297494
16600,0,0.5051078
16601,0,0.34520832
16602,0,0.23435107
16603,0,0.15840685
16604,0,0.5918899
16605,0,0.1581953
16606,0,0.36394003
16607,0,0.85249734
16608,0,0.33661717
16609,0,0.2943979
16610,0,0.2071048
16611,0,0.4607876
16612,0,0.21304797
16613,1,0.8567876
16614,0,0.3042408
16615,0,0.40347356
16616,0,0.8545306
16617,0,0.28748843
16618,0,0.3108904
16619,0,0.36020786
16620,1,0.64220405
16621,0,0.15523577
16622,0,0.28193742
16623,1,0.30601224
16624,1,0.8950061
16625,0,0.13842191
16626,1,0.60481584
16627,0,0.3989093
16628,0,0.51690507
16629,0,0.38262388
16630,0,0.25810432
16631,0,0.455145
16632,0,0.27803525
16633,1,0.92689264
16634,1,0.31222746
16635,0,0.38816324
16636,1,0.8454184
16637,1,0.5108239
16638,0,0.39850643
16639,0,0.45401186
16640,0,0.4674392
16641,0,0.32853875
16642,0,0.43041998
16643,0,0.51714206
16644,0,0.6805744
16645,0,0.36785015
16646,0,0.25575835
16647,1,0.9105058
16648,0,0.30203125
16649,1,0.91700596
16650,1,0.41766927
16651,0,0.47949064
16652,0,0.4485366
16653,0,0.43157795
16654,0,0.40979376
16655,0,0.4175466
16656,0,0.27068835
16657,0,0.15390164
16658,1,0.92353755
16659,0,0.56316876
16660,0,0.34234208
16661,1,0.87688893
16662,0,0.35488504
16663,1,0.8700314
16664,0,0.2105372
16665,0,0.2399618
16666,0,0.18456869
16667,0,0.44944
16668,1,0.9248082
16669,0,0.36247262
16670,0,0.62642384
16671,0,0.17201763
16672,0,0.2821823
16673,0,0.15892336
16674,1,0.82127935
16675,0,0.7116857
16676,0,0.19585912
16677,0,0.21075863
16678,0,0.11637074
16679,1,0.6875205
16680,0,0.32442456
16681,0,0.87998277
16682,0,0.4075176
16683,0,0.30581746
16684,0,0.9061483
16685,1,0.29744133
16686,0,0.08926094
16687,0,0.5018589
16688,0,0.35868445
16689,1,0.42179126
16690,0,0.13617001
16691,0,0.14627598
16692,0,0.2586159
16693,0,0.28284627
16694,0,0.35829824
16695,0,0.47743487
16696,0,0.099291384
16697,0,0.35749462
16698,0,0.4957184
16699,0,0.18820032
16700,1,0.79764605
16701,1,0.92847973
16702,0,0.29862213
16703,1,0.8740219
16704,0,0.5181026
16705,1,0.28375503
16706,1,0.37628508
16707,0,0.43885887
16708,0,0.37784016
16709,0,0.38626662
16710,0,0.43221992
16711,0,0.35217196
16712,0,0.5030422
16713,0,0.17048107
16714,0,0.81314516
16715,0,0.4189522
16716,0,0.42528555
16717,0,0.2869151
16718,0,0.4268285
16719,0,0.39305
16720,0,0.33911902
16721,0,0.18495767
16722,0,0.24265948
16723,0,0.256637
16724,1,0.2927051
16725,0,0.47556403
16726,1,0.5657873
16727,0,0.25124508
16728,0,0.25086272
16729,0,0.8497032
16730,1,0.6830991
16731,0,0.19652735
16732,0,0.18106207
16733,0,0.25505602
16734,0,0.8995205
16735,0,0.24328537
16736,0,0.35709932
16737,0,0.23862071
16738,0,0.44572964
16739,0,0.2957907
16740,0,0.40408123
16741,0,0.59281033
16742,0,0.42609072
16743,1,0.7351375
16744,0,0.4209996
16745,0,0.37034827
16746,0,0.77014506
16747,0,0.60062945
16748,0,0.32627463
16749,0,0.29820156
16750,0,0.19468792
16751,0,0.21035413
16752,0,0.36112368
16753,0,0.14151059
16754,0,0.10432996
16755,0,0.5239468
16756,1,0.22319706
16757,1,0.35127026
16758,0,0.36680445
16759,0,0.2860156
16760,0,0.39513278
16761,1,0.18885872
16762,0,0.29436707
16763,0,0.41412556
16764,0,0.18664084
16765,0,0.38245934
16766,0,0.6023228
16767,0,0.33128646
16768,0,0.36820617
16769,0,0.5909008
16770,0,0.24516408
16771,1,0.19753182
16772,0,0.38627324
16773,0,0.41228658
16774,0,0.46577296
16775,0,0.31366417
16776,0,0.38987243
16777,0,0.20762134
16778,1,0.8958775
16779,0,0.26824775
16780,1,0.52114826
16781,0,0.273122
16782,0,0.46776602
16783,0,0.19387116
16784,0,0.4116701
16785,0,0.27184576
16786,0,0.26208547
16787,1,0.83435667
16788,0,0.21184099
16789,0,0.4147689
16790,0,0.47698033
16791,0,0.25683457
16792,1,0.9356887
16793,0,0.6095505
16794,0,0.12558575
16795,0,0.28380212
16796,1,0.9143481
16797,0,0.36652902
16798,0,0.40257642
16799,0,0.29251766
16800,0,0.21623896
16801,0,0.3090442
16802,0,0.36349642
16803,0,0.17261423
16804,1,0.50706464
16805,0,0.6026081
16806,0,0.66896033
16807,0,0.8379292
16808,1,0.37594298
16809,0,0.6026081
16810,0,0.45227084
16811,0,0.23158267
16812,0,0.42935088
16813,0,0.25623673
16814,0,0.19620019
16815,0,0.21395218
16816,0,0.213349
16817,0,0.31774768
16818,0,0.09156517
16819,0,0.37454593
16820,0,0.94331354
16821,0,0.61631054
16822,0,0.15121503
16823,1,0.51830024
16824,1,0.80841845
16825,1,0.50207543
16826,1,0.9366978
16827,0,0.26450157
16828,1,0.37314916
16829,0,0.30444226
16830,0,0.2807433
16831,0,0.47758648
16832,0,0.42959988
16833,1,0.90940773
16834,0,0.43873334
16835,1,0.9120338
16836,0,0.40168557
16837,0,0.16863106
16838,0,0.4215955
16839,0,0.64536685
16840,0,0.49659213
16841,0,0.37979457
16842,1,0.6825204
16843,0,0.86345255
16844,0,0.24757583
16845,0,0.44840315
16846,0,0.60985565
16847,0,0.895884
16848,0,0.31922865
16849,0,0.44700292
16850,1,0.84549856
16851,0,0.53166705
16852,0,0.26963985
16853,0,0.5446023
16854,0,0.31459498
16855,0,0.2881522
16856,1,0.44692916
16857,0,0.13807312
16858,0,0.32770297
16859,0,0.6037305
16860,0,0.18220162
16861,0,0.19414617
16862,0,0.20901719
16863,1,0.50616896
16864,0,0.21546067
16865,1,0.7798622
16866,0,0.2137273
16867,0,0.26999554
16868,0,0.36344263
16869,1,0.86570555
16870,0,0.12307195
16871,0,0.3706142
16872,1,0.9243067
16873,0,0.5843089
16874,0,0.46569687
16875,0,0.20667985
16876,0,0.23140533
16877,0,0.40908775
16878,0,0.8771863
16879,0,0.4787015
16880,0,0.45599708
16881,0,0.2349361
16882,0,0.22309798
16883,0,0.47470516
16884,0,0.20631765
16885,1,0.48038128
16886,0,0.2808478
16887,0,0.32309565
16888,1,0.72644013
16889,1,0.581694
16890,0,0.32699987
16891,1,0.36689872
16892,0,0.44206646
16893,1,0.72326225
16894,0,0.4225731
16895,0,0.14520414
16896,1,0.879138
16897,0,0.4475219
16898,0,0.35662392
16899,0,0.37685567
16900,0,0.28778657
16901,0,0.29211727
16902,1,0.88618726
16903,1,0.7544244
16904,1,0.3811732
16905,0,0.19410132
16906,0,0.91195124
16907,0,0.4080943
16908,0,0.3318384
16909,0,0.3098302
16910,0,0.21895817
16911,0,0.35870257
16912,0,0.41673064
16913,0,0.19256291
16914,0,0.15835404
16915,1,0.32421184
16916,0,0.27566403
16917,0,0.5331028
16918,0,0.24699871
16919,1,0.73955005
16920,0,0.3574579
16921,1,0.68418235
16922,1,0.8580383
16923,1,0.85159194
16924,1,0.6254561
16925,0,0.27681637
16926,0,0.20679444
16927,0,0.3542468
16928,0,0.25731492
16929,0,0.40983438
16930,0,0.7740628
16931,0,0.30212644
16932,1,0.6887853
16933,0,0.29075518
16934,0,0.20806727
16935,0,0.88424206
16936,0,0.32188836
16937,0,0.17271823
16938,0,0.21295913
16939,0,0.28162417
16940,0,0.35717425
16941,0,0.1957147
16942,0,0.17356113
16943,0,0.23556955
16944,1,0.27708486
16945,0,0.29426542
16946,0,0.3933122
16947,0,0.2750918
16948,1,0.5578002
16949,0,0.8211233
16950,0,0.21982965
16951,0,0.386158
16952,0,0.47948235
16953,0,0.22357418
16954,0,0.41149488
16955,0,0.3084499
16956,1,0.43893012
16957,0,0.17644654
16958,0,0.24635331
16959,0,0.51713777
16960,1,0.7239872
16961,1,0.48322353
16962,0,0.80013245
16963,0,0.49831188
16964,0,0.15139568
16965,0,0.30229726
16966,0,0.58952117
16967,1,0.55863804
16968,0,0.420104
16969,0,0.71299326
16970,0,0.28952658
16971,0,0.21390173
16972,1,0.8783547
16973,1,0.81084234
16974,0,0.34192285
16975,0,0.46348062
16976,0,0.38861018
16977,0,0.4281349
16978,0,0.34035668
16979,0,0.40042448
16980,1,0.91676414
16981,1,0.84727865
16982,1,0.9124596
16983,0,0.2810651
16984,0,0.25626814
16985,0,0.39326307
16986,0,0.46855608
16987,0,0.3837519
16988,0,0.23510267
16989,0,0.2671552
16990,0,0.2037596
16991,0,0.67490554
16992,1,0.9136144
16993,0,0.26451787
16994,1,0.7081565
16995,0,0.30292496
16996,0,0.31264713
16997,0,0.31162292
16998,0,0.41281188
16999,1,0.5972821
17000,1,0.9264876
17001,0,0.35017052
17002,0,0.22139163
17003,0,0.7238524
17004,0,0.22630607
17005,1,0.8821244
17006,1,0.6728408
17007,0,0.8925351
17008,0,0.40102887
17009,1,0.59254235
17010,0,0.31491068
17011,0,0.22700931
17012,0,0.34645215
17013,0,0.14217089
17014,0,0.43267944
17015,0,0.31454483
17016,0,0.256201
17017,0,0.24167821
17018,0,0.8456466
17019,0,0.19182463
17020,0,0.5475132
17021,0,0.60879505
17022,1,0.87772286
17023,0,0.19246438
17024,0,0.33145395
17025,0,0.53852636
17026,0,0.8611014
17027,0,0.33020523
17028,0,0.33421037
17029,0,0.26272318
17030,0,0.2610665
17031,1,0.39080524
17032,0,0.27216217
17033,0,0.18018605
17034,0,0.5002676
17035,1,0.3448452
17036,1,0.4678153
17037,0,0.3277031
17038,0,0.39887127
17039,1,0.8524458
17040,0,0.29183713
17041,0,0.26378515
17042,1,0.91149414
17043,0,0.41838828
17044,1,0.35532168
17045,0,0.2818123
17046,0,0.32680014
17047,1,0.44208506
17048,0,0.2375601
17049,0,0.33361396
17050,0,0.37765998
17051,0,0.27754897
17052,0,0.2660664
17053,1,0.8559991
17054,0,0.36550432
17055,1,0.9186278
17056,0,0.2826799
17057,0,0.3022189
17058,0,0.33475134
17059,1,0.16744399
17060,0,0.24086198
17061,0,0.35549417
17062,1,0.86804706
17063,1,0.8774189
17064,1,0.6180129
17065,0,0.19837727
17066,0,0.4921276
17067,1,0.91686493
17068,0,0.43669954
17069,1,0.4227378
17070,0,0.31930548
17071,0,0.32697454
17072,1,0.4885766
17073,0,0.38467118
17074,0,0.21335647
17075,0,0.13084677
17076,0,0.33381626
17077,0,0.88472813
17078,0,0.53198975
17079,0,0.48315468
17080,0,0.42117253
17081,1,0.5500952
17082,0,0.6364846
17083,0,0.35381916
17084,0,0.21774535
17085,0,0.45137307
17086,0,0.27415273
17087,0,0.32722136
17088,0,0.3827878
17089,0,0.23705609
17090,0,0.25984776
17091,1,0.57585305
17092,0,0.21272285
17093,0,0.474855
17094,0,0.21995106
17095,0,0.22899598
17096,0,0.28341272
17097,1,0.39083686
17098,1,0.91260684
17099,0,0.18001111
17100,0,0.2836421
17101,0,0.2674099
17102,0,0.3702318
17103,0,0.51163125
17104,0,0.3148287
17105,0,0.29094207
17106,0,0.28681844
17107,0,0.20211175
17108,0,0.33694562
17109,0,0.38021788
17110,0,0.23929192
17111,1,0.41372225
17112,0,0.16226335
17113,0,0.8749186
17114,0,0.39713776
17115,0,0.36805055
17116,0,0.49507675
17117,1,0.5446019
17118,1,0.9196854
17119,0,0.5005699
17120,1,0.51058626
17121,1,0.5587175
17122,0,0.39697
17123,0,0.29119506
17124,0,0.92316335
17125,0,0.38306543
17126,0,0.28239036
17127,0,0.49185324
17128,0,0.4131737
17129,0,0.3069106
17130,0,0.48968124
17131,0,0.17522366
17132,0,0.30300215
17133,0,0.9149618
17134,0,0.19596653
17135,0,0.45952788
17136,0,0.48213035
17137,1,0.8501004
17138,1,0.79542524
17139,1,0.29181832
17140,0,0.24946174
17141,0,0.3235622
17142,1,0.559447
17143,0,0.27673665
17144,0,0.48630401
17145,0,0.40581322
17146,0,0.17104362
17147,1,0.7704542
17148,1,0.5107973
17149,0,0.32999137
17150,1,0.8701166
17151,0,0.46062112
17152,1,0.40373772
17153,0,0.4625519
17154,0,0.4532272
17155,0,0.65512234
17156,1,0.6294574
17157,0,0.3876521
17158,0,0.38536292
17159,0,0.2660594
17160,0,0.558537
17161,0,0.31876844
17162,0,0.40659776
17163,0,0.23577711
17164,1,0.40090495
17165,0,0.53940564
17166,0,0.33034799
17167,0,0.24179342
17168,0,0.38199633
17169,0,0.2835222
17170,0,0.6811258
17171,0,0.35641265
17172,0,0.33386245
17173,0,0.7310651
17174,0,0.67093843
17175,0,0.49194056
17176,0,0.13890602
17177,0,0.42604378
17178,1,0.24893036
17179,0,0.40823144
17180,0,0.34809262
17181,0,0.1467319
17182,0,0.60838515
17183,0,0.8195837
17184,0,0.6311492
17185,1,0.8911091
17186,0,0.32046336
17187,0,0.40488753
17188,0,0.5428626
17189,0,0.3571549
17190,1,0.87875074
17191,0,0.15688583
17192,0,0.3379442
17193,1,0.898564
17194,0,0.39210418
17195,1,0.69553304
17196,0,0.22610645
17197,0,0.17560346
17198,1,0.5908765
17199,1,0.9048802
17200,1,0.8632886
17201,0,0.3764973
17202,0,0.7394244
17203,0,0.36435854
17204,0,0.27721527
17205,0,0.23516591
17206,1,0.39335883
17207,0,0.3119923
17208,1,0.93359554
17209,0,0.63789016
17210,0,0.36207053
17211,1,0.9052911
17212,0,0.21150577
17213,0,0.63996387
17214,1,0.42444667
17215,1,0.83570534
17216,0,0.36613744
17217,0,0.40704805
17218,0,0.61859334
17219,0,0.24980108
17220,0,0.22423546
17221,0,0.36873975
17222,0,0.7039822
17223,0,0.22518317
17224,0,0.88705796
17225,0,0.65265477
17226,1,0.24750817
17227,1,0.93425363
17228,0,0.25981513
17229,1,0.18865162
17230,0,0.19463529
17231,0,0.71637404
17232,0,0.22647895
17233,1,0.89983845
17234,0,0.19270848
17235,0,0.32884172
17236,1,0.5182067
17237,0,0.15056531
17238,0,0.52021915
17239,0,0.53377604
17240,1,0.8954291
17241,0,0.31566563
17242,0,0.29925996
17243,0,0.6026081
17244,0,0.5391161
17245,0,0.23829783
17246,0,0.2088541
17247,1,0.3642554
17248,0,0.18387885
17249,0,0.16060068
17250,0,0.28996283
17251,1,0.6812445
17252,0,0.21227549
17253,0,0.4067865
17254,0,0.22938827
17255,1,0.8248702
17256,1,0.27959144
17257,0,0.29860276
17258,0,0.31000483
17259,0,0.43674326
17260,0,0.22058824
17261,1,0.4235232
17262,0,0.6763572
17263,0,0.3683702
17264,0,0.2519673
17265,0,0.49003717
17266,1,0.6912566
17267,0,0.31217507
17268,0,0.47343567
17269,0,0.1300375
17270,0,0.8981463
17271,0,0.28788802
17272,1,0.71141446
17273,1,0.4075458
17274,0,0.79532474
17275,0,0.15722555
17276,0,0.541779
17277,0,0.18161754
17278,0,0.3538412
17279,0,0.17443475
17280,0,0.42878
17281,0,0.12299022
17282,1,0.930551
17283,0,0.6016115
17284,0,0.3019704
17285,0,0.17686245
17286,0,0.47598633
17287,0,0.4935164
17288,1,0.91519403
17289,1,0.76868254
17290,0,0.6710194
17291,1,0.9167356
17292,1,0.9132227
17293,0,0.34526023
17294,0,0.3875571
17295,0,0.16855527
17296,0,0.88074094
17297,0,0.8307139
17298,0,0.31896076
17299,1,0.8972518
17300,0,0.42169133
17301,1,0.7311487
17302,0,0.40099323
17303,0,0.19547391
17304,1,0.9223656
17305,0,0.42738923
17306,0,0.61191887
17307,0,0.29237056
17308,0,0.21577282
17309,0,0.35376695
17310,0,0.48105934
17311,0,0.24114256
17312,0,0.582935
17313,0,0.6976807
17314,0,0.19968434
17315,0,0.16741687
17316,0,0.20161583
17317,0,0.2661061
17318,1,0.28696352
17319,0,0.40651774
17320,0,0.6081972
17321,1,0.89047384
17322,0,0.18177742
17323,1,0.3332657
17324,1,0.927017
17325,0,0.24499142
17326,0,0.32564744
17327,1,0.49283883
17328,0,0.45949718
17329,0,0.8923214
17330,0,0.33228317
17331,0,0.3640394
17332,0,0.3688554
17333,0,0.27067983
17334,0,0.15499441
17335,0,0.23715793
17336,1,0.5872989
17337,0,0.13060093
17338,0,0.84683263
17339,0,0.309928
17340,0,0.53586334
17341,0,0.20779043
17342,0,0.51108646
17343,0,0.2930073
17344,0,0.38020808
17345,0,0.2972047
17346,0,0.5431698
17347,0,0.16159809
17348,0,0.37490302
17349,0,0.484609
17350,1,0.93418
17351,0,0.15405072
17352,0,0.24269056
17353,0,0.4645269
17354,0,0.16130868
17355,0,0.3561088
17356,0,0.31576428
17357,0,0.41399044
17358,1,0.3871651
17359,0,0.22092584
17360,0,0.32034197
17361,0,0.275267
17362,0,0.4674392
17363,0,0.28191504
17364,0,0.23155828
17365,0,0.87934166
17366,0,0.3337501
17367,0,0.5871828
17368,0,0.3924094
17369,0,0.49522936
17370,0,0.25984773
17371,0,0.5915875
17372,0,0.14417577
17373,0,0.7811876
17374,0,0.3846651
17375,1,0.6469373
17376,0,0.52040195
17377,0,0.21967648
17378,1,0.59036046
17379,0,0.22786328
17380,0,0.27997175
17381,0,0.41329098
17382,0,0.37926543
17383,0,0.33507738
17384,0,0.28267357
17385,0,0.548828
17386,0,0.28145373
17387,0,0.43061206
17388,1,0.8479136
17389,0,0.20255886
17390,0,0.28326797
17391,0,0.77977747
17392,0,0.39810222
17393,0,0.8833357
17394,0,0.29992902
17395,0,0.13859722
17396,0,0.3067146
17397,0,0.36675853
17398,0,0.2579396
17399,1,0.74517834
17400,1,0.55680996
17401,0,0.36879116
17402,0,0.28064972
17403,0,0.46453232
17404,0,0.85717225
17405,1,0.88289964
17406,0,0.506412
17407,0,0.2836884
17408,0,0.28271246
17409,0,0.211429
17410,1,0.7574652
17411,1,0.35937503
17412,0,0.44544908
17413,0,0.34354314
17414,0,0.5552252
17415,0,0.44889665
17416,1,0.9472857
17417,0,0.12548783
17418,0,0.2653049
17419,0,0.45268804
17420,0,0.16759998
17421,0,0.14673023
17422,0,0.1810694
17423,0,0.4109191
17424,0,0.34097794
17425,0,0.30269182
17426,0,0.27438685
17427,0,0.28729075
17428,0,0.59666806
17429,1,0.9150337
17430,0,0.38109195
17431,0,0.41914958
17432,0,0.35738578
17433,1,0.653518
17434,0,0.18090841
17435,0,0.38919476
17436,0,0.5002042
17437,0,0.18290715
17438,0,0.3843031
17439,0,0.6501203
17440,0,0.20584974
17441,0,0.53476393
17442,0,0.41479915
17443,0,0.9029752
17444,0,0.36120892
17445,0,0.3322528
17446,0,0.28490242
17447,1,0.89634234
17448,1,0.4746095
17449,0,0.3123229
17450,0,0.37447196
17451,0,0.7318791
17452,0,0.28452796
17453,0,0.3873596
17454,0,0.39615464
17455,0,0.7253982
17456,0,0.5009415
17457,0,0.4969933
17458,1,0.57831514
17459,0,0.19736418
17460,0,0.34687963
17461,0,0.37031108
17462,0,0.45459983
17463,1,0.86984736
17464,0,0.3129504
17465,0,0.18696474
17466,0,0.4927161
17467,0,0.2163451
17468,0,0.48491585
17469,0,0.22377446
17470,0,0.1618405
17471,0,0.18367419
17472,0,0.34283933
17473,1,0.23287737
17474,1,0.4824212
17475,0,0.5362358
17476,0,0.4113237
17477,1,0.86627406
17478,0,0.335352
17479,0,0.34120473
17480,0,0.2655729
17481,0,0.89033216
17482,0,0.21692924
17483,1,0.50556666
17484,0,0.39225498
17485,0,0.26229477
17486,0,0.5298522
17487,0,0.15751782
17488,0,0.196203
17489,1,0.6692099
17490,0,0.2575306
17491,0,0.2517718
17492,1,0.69130987
17493,0,0.32217118
17494,0,0.4149779
17495,0,0.6795216
17496,0,0.26803598
17497,1,0.6877221
17498,0,0.1716878
17499,0,0.2788429
17500,0,0.15387057
17501,0,0.43394315
17502,0,0.24430259
17503,0,0.16039227
17504,0,0.38089758
17505,1,0.40210775
17506,0,0.2018538
17507,0,0.2688919
17508,1,0.87990963
17509,0,0.42235956
17510,0,0.30168512
17511,0,0.30641383
17512,0,0.11679332
17513,1,0.46850458
17514,1,0.92053103
17515,0,0.20409356
17516,0,0.30348933
17517,1,0.3930776
17518,0,0.40695938
17519,0,0.3457393
17520,0,0.27812794
17521,0,0.49673787
17522,1,0.4789629
17523,0,0.42522818
17524,0,0.35182416
17525,0,0.47229367
17526,0,0.7469447
17527,0,0.47793227
17528,0,0.17054379
17529,1,0.915814
17530,1,0.22925441
17531,0,0.1518713
17532,1,0.5928295
17533,0,0.50217015
17534,0,0.40743303
17535,0,0.35790616
17536,0,0.28212664
17537,0,0.44172004
17538,0,0.33961678
17539,1,0.88616914
17540,0,0.33770135
17541,1,0.8851413
17542,0,0.88837475
17543,0,0.15709633
17544,0,0.84964776
17545,0,0.31820217
17546,0,0.15670985
17547,0,0.3495607
17548,0,0.40373772
17549,0,0.07024712
17550,1,0.3364161
17551,0,0.4983642
17552,0,0.9225106
17553,0,0.20903991
17554,0,0.7131436
17555,0,0.49025464
17556,0,0.5976439
17557,1,0.8597118
17558,0,0.30299106
17559,1,0.8810643
17560,0,0.6015106
17561,0,0.13963586
17562,1,0.3657938
17563,0,0.13355303
17564,1,0.37215722
17565,0,0.2050279
17566,0,0.2456339
17567,0,0.15038832
17568,0,0.42676565
17569,0,0.15024635
17570,0,0.5529233
17571,1,0.3938768
17572,0,0.5950282
17573,1,0.2743873
17574,0,0.27203342
17575,0,0.11988159
17576,0,0.31085238
17577,0,0.34821692
17578,0,0.27664104
17579,0,0.29407322
17580,0,0.9196035
17581,0,0.35071725
17582,0,0.21043292
17583,0,0.35816035
17584,0,0.2591075
17585,1,0.9237857
17586,0,0.3327109
17587,1,0.8813874
17588,1,0.7185496
17589,1,0.86181056
17590,0,0.16734567
17591,0,0.35381266
17592,0,0.7878813
17593,0,0.2008066
17594,1,0.9165636
17595,0,0.21071847
17596,1,0.91772956
17597,0,0.42308688
17598,0,0.2478251
17599,1,0.6129016
17600,0,0.34871432
17601,0,0.36657485
17602,0,0.22693405
17603,0,0.2680403
17604,0,0.15783805
17605,1,0.553619
17606,0,0.3005482
17607,0,0.34631523
17608,1,0.42161927
17609,0,0.28075647
17610,0,0.21606964
17611,0,0.34157446
17612,0,0.48192406
17613,0,0.86766744
17614,0,0.28505847
17615,0,0.35797796
17616,1,0.50043404
17617,1,0.7315421
17618,0,0.26951885
17619,0,0.6341479
17620,1,0.20240785
17621,0,0.32169792
17622,0,0.6095505
17623,0,0.4826187
17624,0,0.29745868
17625,0,0.23304309
17626,0,0.7273103
17627,1,0.8790164
17628,1,0.22759196
17629,0,0.48539445
17630,0,0.2338256
17631,0,0.18655823
17632,0,0.33781624
17633,1,0.46429095
17634,0,0.20454763
17635,0,0.14486994
17636,1,0.42610547
17637,0,0.36224136
17638,1,0.9212728
17639,0,0.50896627
17640,0,0.32859394
17641,0,0.2725745
17642,1,0.91870105
17643,0,0.29641885
17644,0,0.19107251
17645,1,0.5338494
17646,0,0.23346943
17647,0,0.36323056
17648,0,0.46562195
17649,1,0.26739633
17650,0,0.59671474
17651,0,0.2965121
17652,0,0.30696502
17653,0,0.23306403
17654,0,0.38987434
17655,0,0.30306554
17656,1,0.7188321
17657,1,0.24092233
17658,1,0.8571204
17659,1,0.40279514
17660,0,0.28726786
17661,0,0.21090181
17662,0,0.38184536
17663,0,0.13039891
17664,0,0.8789835
17665,0,0.40786654
17666,0,0.21318756
17667,0,0.59514004
17668,0,0.8508294
17669,1,0.92575955
17670,0,0.40317383
17671,0,0.13345173
17672,0,0.32942057
17673,0,0.66785896
17674,0,0.26090515
17675,0,0.4426619
17676,0,0.28267157
17677,0,0.5365398
17678,0,0.35018146
17679,0,0.26364258
17680,0,0.2890243
17681,0,0.33573508
17682,1,0.67451507
17683,1,0.63602
17684,0,0.4995599
17685,0,0.85505956
17686,1,0.3459565
17687,0,0.09171725
17688,0,0.25069898
17689,1,0.7537647
17690,0,0.3258462
17691,1,0.32015562
17692,0,0.3261261
17693,0,0.7222386
17694,0,0.1977998
17695,1,0.8067606
17696,0,0.47784635
17697,0,0.450425
17698,0,0.8760421
17699,0,0.23956412
17700,0,0.21406692
17701,1,0.7525734
17702,0,0.27475718
17703,0,0.8951516
17704,0,0.2787982
17705,1,0.8654775
17706,1,0.8685742
17707,0,0.19810787
17708,0,0.2778472
17709,0,0.35093075
17710,0,0.21275301
17711,0,0.34351367
17712,0,0.2358913
17713,0,0.21256678
17714,0,0.26674336
17715,0,0.3920383
17716,0,0.10091278
17717,0,0.39794245
17718,0,0.4797276
17719,0,0.6716454
17720,0,0.26003298
17721,0,0.5556243
17722,0,0.2754861
17723,0,0.29616636
17724,0,0.44704682
17725,0,0.20537296
17726,0,0.32556972
17727,0,0.27753514
17728,0,0.37634203
17729,1,0.69103
17730,1,0.46268696
17731,0,0.9002726
17732,0,0.31766105
17733,0,0.878586
17734,0,0.25308332
17735,0,0.28427064
17736,0,0.3177103
17737,0,0.53715354
17738,0,0.26523647
17739,1,0.6932499
17740,0,0.41027227
17741,0,0.19857064
17742,0,0.37171486
17743,0,0.44510853
17744,1,0.4068569
17745,0,0.8296763
17746,1,0.45405003
17747,0,0.43360674
17748,0,0.14394563
17749,0,0.18203141
17750,0,0.21895213
17751,0,0.28262982
17752,1,0.5296328
17753,0,0.27039325
17754,0,0.56707877
17755,0,0.47816798
17756,0,0.50886226
17757,1,0.3101417
17758,0,0.3692697
17759,1,0.30622277
17760,0,0.4073474
17761,0,0.4336142
17762,0,0.3455182
17763,0,0.1829112
17764,0,0.21225175
17765,0,0.1668396
17766,0,0.33170396
17767,1,0.4741789
17768,0,0.40618637
17769,0,0.21472465
17770,1,0.6391364
17771,1,0.5114201
17772,0,0.16934845
17773,0,0.13776256
17774,1,0.82068574
17775,1,0.3828041
17776,0,0.13697697
17777,1,0.6065491
17778,1,0.87460303
17779,0,0.31741306
17780,0,0.3878067
17781,0,0.5987644
17782,0,0.3738261
17783,1,0.5303002
17784,0,0.6023228
17785,0,0.14497244
17786,0,0.35950205
17787,0,0.8541128
17788,0,0.8732579
17789,0,0.34476998
17790,0,0.2789845
17791,0,0.21522526
17792,0,0.39458552
17793,0,0.29888695
17794,1,0.89074785
17795,1,0.40877852
17796,0,0.7117342
17797,0,0.25098854
17798,0,0.31241435
17799,0,0.6357926
17800,0,0.8183892
17801,1,0.4439158
17802,0,0.31526592
17803,0,0.09435009
17804,0,0.20430544
17805,1,0.8542054
17806,1,0.7608252
17807,1,0.8572217
17808,0,0.41267115
17809,0,0.26535007
17810,1,0.5258736
17811,0,0.6020379
17812,0,0.09399459
17813,0,0.5324294
17814,0,0.3999525
17815,1,0.91427875
17816,1,0.4942304
17817,0,0.6795331
17818,0,0.58674604
17819,0,0.629443
17820,0,0.39402983
17821,0,0.2669489
17822,0,0.8845223
17823,1,0.93293226
17824,0,0.25067973
17825,0,0.64451706
17826,0,0.20254236
17827,0,0.22995338
17828,0,0.4070649
17829,0,0.22849359
17830,0,0.4779484
17831,0,0.33666685
17832,0,0.33771297
17833,1,0.3914703
17834,1,0.2313288
17835,0,0.2916792
17836,0,0.23954985
17837,0,0.6000806
17838,0,0.12952133
17839,0,0.37295234
17840,1,0.6609818
17841,1,0.87583846
17842,0,0.22586791
17843,0,0.24552014
17844,0,0.6443947
17845,0,0.14771558
17846,0,0.2966975
17847,0,0.32953337
17848,1,0.24557039
17849,0,0.3069353
17850,0,0.40236104
17851,0,0.11759808
17852,0,0.20798373
17853,0,0.73451746
17854,0,0.18648177
17855,0,0.26167136
17856,0,0.28479666
17857,0,0.38396585
17858,0,0.39800152
17859,0,0.36551088
17860,1,0.43301523
17861,0,0.41943443
17862,0,0.32789046
17863,0,0.3076385
17864,0,0.32495683
17865,0,0.2976634
17866,0,0.19020025
17867,0,0.45207477
17868,1,0.9028134
17869,1,0.4730063
17870,0,0.5388708
17871,1,0.3342915
17872,0,0.5075205
17873,0,0.18869923
17874,0,0.12563895
17875,0,0.41813344
17876,0,0.2186023
17877,1,0.47685727
17878,0,0.15684809
17879,0,0.3010936
17880,1,0.9216711
17881,0,0.20850709
17882,0,0.6559965
17883,0,0.43786564
17884,1,0.8932268
17885,1,0.9175438
17886,0,0.17734945
17887,0,0.42494264
17888,1,0.8372778
17889,0,0.43235633
17890,0,0.2943303
17891,0,0.18040766
17892,0,0.341955
17893,0,0.2938835
17894,0,0.728174
17895,0,0.42147565
17896,0,0.22006148
17897,0,0.551036
17898,1,0.9142494
17899,0,0.5043352
17900,0,0.23136765
17901,1,0.29193795
17902,0,0.304886
17903,0,0.7114863
17904,0,0.18458487
17905,0,0.5653429
17906,0,0.43134165
17907,0,0.5189152
17908,1,0.89341736
17909,0,0.29110947
17910,0,0.75786537
17911,0,0.51088965
17912,0,0.15777905
17913,0,0.50009114
17914,0,0.27188513
17915,1,0.9305499
17916,0,0.33331466
17917,0,0.3476301
17918,0,0.7133484
17919,1,0.42460778
17920,0,0.40670297
17921,0,0.39406174
17922,0,0.21242072
17923,0,0.35587198
17924,0,0.7949886
17925,1,0.24419801
17926,1,0.7756854
17927,0,0.20141447
17928,0,0.3512861
17929,0,0.5940396
17930,0,0.20722936
17931,1,0.44600356
17932,0,0.3180386
17933,0,0.20064566
17934,0,0.61362123
17935,0,0.5024953
17936,0,0.48123413
17937,0,0.16342089
17938,0,0.24819762
17939,0,0.37113184
17940,0,0.4173288
17941,1,0.5099591
17942,0,0.33607805
17943,0,0.1484707
17944,0,0.85769475
17945,0,0.33354822
17946,1,0.3502404
17947,0,0.15570503
17948,0,0.34545603
17949,0,0.2026451
17950,0,0.32867545
17951,0,0.41514012
17952,0,0.37684035
17953,0,0.12358701
17954,1,0.24945872
17955,0,0.31358355
17956,0,0.46822476
17957,0,0.2414834
17958,0,0.19445555
17959,1,0.26967058
17960,0,0.38790798
17961,0,0.24692842
17962,0,0.27475554
17963,0,0.56199616
17964,1,0.8058515
17965,0,0.26896816
17966,0,0.6679838
17967,1,0.58273107
17968,0,0.20343366
17969,1,0.72078747
17970,0,0.3874124
17971,0,0.3649865
17972,0,0.48160824
17973,1,0.9358303
17974,1,0.85793275
17975,1,0.8936528
17976,0,0.29595646
17977,0,0.33619428
17978,0,0.4185892
17979,0,0.19445555
17980,0,0.49965388
17981,1,0.36311772
17982,0,0.543295
17983,0,0.87481654
17984,0,0.2116343
17985,0,0.41573077
17986,0,0.31075013
17987,1,0.91538495
17988,0,0.7940256
17989,0,0.36972144
17990,0,0.40706807
17991,0,0.35848555
17992,0,0.4913287
17993,0,0.3505953
17994,1,0.30736074
17995,1,0.86775064
17996,0,0.3597705
17997,1,0.57336706
17998,0,0.19225734
17999,1,0.9139117
18000,0,0.22254695
18001,0,0.85463566
18002,0,0.39119923
18003,1,0.19010864
18004,0,0.4227603
18005,0,0.37224764
18006,0,0.28027138
18007,0,0.5994932
18008,1,0.28200978
18009,0,0.44944564
18010,0,0.42163542
18011,0,0.53856635
18012,1,0.61753535
18013,0,0.3823279
18014,0,0.20736735
18015,0,0.3269556
18016,0,0.318161
18017,1,0.41736612
18018,0,0.2530821
18019,0,0.2745701
18020,0,0.20983258
18021,1,0.868229
18022,0,0.2637054
18023,1,0.8594862
18024,0,0.4331483
18025,0,0.36114252
18026,0,0.33978507
18027,0,0.31802604
18028,1,0.19239895
18029,0,0.21581633
18030,0,0.16163652
18031,0,0.47315294
18032,0,0.23680712
18033,0,0.30157945
18034,0,0.4720942
18035,0,0.3037394
18036,0,0.33773202
18037,0,0.85806286
18038,0,0.44383854
18039,0,0.3484374
18040,0,0.3046578
18041,1,0.44168618
18042,0,0.65095323
18043,1,0.9141396
18044,1,0.89604867
18045,0,0.4505925
18046,0,0.3291374
18047,0,0.20255817
18048,0,0.3833128
18049,0,0.27197608
18050,0,0.47834304
18051,0,0.4192334
18052,0,0.22481099
18053,0,0.2896276
18054,0,0.2516611
18055,0,0.18373486
18056,1,0.8729299
18057,0,0.8339889
18058,1,0.84559816
18059,0,0.15888281
18060,0,0.62447447
18061,0,0.6217673
18062,0,0.2109799
18063,1,0.8389277
18064,0,0.8050107
18065,1,0.92485887
18066,0,0.37326837
18067,0,0.38877362
18068,0,0.5389479
18069,0,0.40216598
18070,0,0.3949545
18071,0,0.38611758
18072,0,0.26138076
18073,0,0.26911926
18074,0,0.2706909
18075,0,0.2550748
18076,0,0.41040784
18077,0,0.25123554
18078,0,0.27277306
18079,0,0.3828906
18080,0,0.26882365
18081,0,0.75260246
18082,0,0.3872221
18083,1,0.40670604
18084,0,0.43554142
18085,1,0.50862724
18086,1,0.56115294
18087,0,0.15799461
18088,0,0.43139216
18089,0,0.56742483
18090,0,0.4522092
18091,0,0.21313399
18092,0,0.3494708
18093,0,0.26724362
18094,0,0.10520268
18095,0,0.10309209
18096,0,0.45452845
18097,0,0.28950337
18098,0,0.2677024
18099,1,0.7188782
18100,0,0.33342788
18101,0,0.23367211
18102,1,0.8980409
18103,0,0.32063758
18104,0,0.116769746
18105,0,0.39290756
18106,0,0.24052109
18107,0,0.34479907
18108,0,0.13891964
18109,0,0.49381015
18110,0,0.37554047
18111,0,0.19525217
18112,0,0.3975807
18113,1,0.46261954
18114,1,0.8322174
18115,1,0.33532366
18116,0,0.50421065
18117,0,0.30685434
18118,0,0.47631857
18119,0,0.23087125
18120,1,0.8610763
18121,1,0.64266723
18122,1,0.519792
18123,0,0.21239857
18124,0,0.6228846
18125,0,0.49065903
18126,1,0.6589491
18127,1,0.89831054
18128,0,0.60862726
18129,1,0.6173178
18130,0,0.33641458
18131,1,0.46074808
18132,0,0.29372707
18133,0,0.642427
18134,0,0.35588843
18135,0,0.20264328
18136,0,0.3354047
18137,0,0.4541142
18138,0,0.30113822
18139,0,0.63099295
18140,0,0.7429959
18141,0,0.11033497
18142,0,0.17904687
18143,0,0.308779
18144,0,0.7323109
18145,1,0.61453885
18146,0,0.84461516
18147,0,0.17370194
18148,1,0.8459901
18149,0,0.18094325
18150,0,0.66813666
18151,0,0.3448452
18152,1,0.111824825
18153,0,0.08875365
18154,0,0.28692272
18155,0,0.4360533
18156,0,0.30099517
18157,0,0.8596529
18158,0,0.69932777
18159,0,0.7969591
18160,0,0.3724185
18161,1,0.8871584
18162,0,0.31974664
18163,0,0.89043385
18164,0,0.3337501
18165,1,0.8825896
18166,0,0.26343924
18167,0,0.11282058
18168,1,0.39859632
18169,0,0.3155887
18170,0,0.5517691
18171,0,0.676837
18172,0,0.4935949
18173,0,0.17411311
18174,1,0.2725454
18175,0,0.2767858
18176,0,0.3573187
18177,0,0.86538005
18178,0,0.19279508
18179,1,0.50921863
18180,0,0.45779663
18181,0,0.19433475
18182,0,0.1835056
18183,0,0.29841024
18184,1,0.83202034
18185,0,0.10736753
18186,0,0.34088364
18187,1,0.52246845
18188,1,0.93356144
18189,1,0.2557553
18190,0,0.5900352
18191,1,0.90794665
18192,1,0.9328231
18193,0,0.30146366
18194,0,0.39642274
18195,0,0.5343413
18196,0,0.33543453
18197,0,0.81586164
18198,0,0.51404864
18199,0,0.3353271
18200,0,0.28672013
18201,0,0.22127846
18202,1,0.39394134
18203,0,0.5203979
18204,0,0.13527152
18205,0,0.18165247
18206,1,0.9109157
18207,0,0.27860403
18208,0,0.370251
18209,0,0.5145535
18210,0,0.24256775
18211,0,0.12059071
18212,0,0.2632909
18213,0,0.43893793
18214,0,0.13091108
18215,1,0.92026514
18216,0,0.3671475
18217,1,0.32001072
18218,0,0.442815
18219,0,0.72681034
18220,1,0.75941885
18221,0,0.48080072
18222,0,0.28687015
18223,1,0.4813657
18224,0,0.2327853
18225,0,0.39408034
18226,0,0.43980646
18227,0,0.43422043
18228,0,0.4155001
18229,0,0.48168367
18230,1,0.592215
18231,1,0.45460832
18232,0,0.8033054
18233,0,0.39019728
18234,1,0.8736031
18235,0,0.20266478
18236,1,0.8864941
18237,0,0.44110173
18238,0,0.3887016
18239,0,0.28605202
18240,0,0.22885746
18241,0,0.22240628
18242,1,0.58064973
18243,0,0.7940542
18244,0,0.40034407
18245,0,0.29424232
18246,0,0.5026985
18247,0,0.5200669
18248,0,0.53611505
18249,0,0.3328045
18250,1,0.61651903
18251,0,0.33066872
18252,0,0.67972386
18253,0,0.26334283
18254,1,0.42208108
18255,0,0.20202322
18256,0,0.44861418
18257,0,0.46804678
18258,0,0.23460288
18259,0,0.41407013
18260,0,0.47311184
18261,0,0.34169543
18262,0,0.7067561
18263,0,0.4805347
18264,1,0.8711926
18265,1,0.6083428
18266,1,0.2721066
18267,0,0.662787
18268,0,0.59846455
18269,0,0.38671535
18270,0,0.3516769
18271,1,0.46385235
18272,0,0.2401925
18273,0,0.53476393
18274,1,0.80286014
18275,1,0.6343353
18276,0,0.50465095
18277,0,0.8639609
18278,0,0.33933857
18279,0,0.30643186
18280,0,0.47936535
18281,0,0.40544635
18282,0,0.24866116
18283,0,0.37925994
18284,0,0.25209683
18285,1,0.4453211
18286,0,0.32982597
18287,1,0.2828247
18288,1,0.41466802
18289,0,0.89748245
18290,0,0.5350505
18291,0,0.8295536
18292,1,0.9136465
18293,0,0.21974742
18294,0,0.42908543
18295,1,0.89693743
18296,0,0.33765748
18297,0,0.2248186
18298,0,0.19253142
18299,1,0.27392116
18300,0,0.45804617
18301,0,0.20994994
18302,0,0.1941173
18303,1,0.51940274
18304,0,0.27348647
18305,0,0.333252
18306,1,0.9225918
18307,0,0.3989582
18308,0,0.72092867
18309,1,0.9468069
18310,1,0.8666637
18311,1,0.49252188
18312,0,0.4122089
18313,0,0.28430787
18314,0,0.6469373
18315,1,0.82772607
18316,0,0.32365724
18317,0,0.27979982
18318,0,0.5010274
18319,1,0.44625592
18320,0,0.6645191
18321,0,0.3497674
18322,0,0.36033666
18323,0,0.35845026
18324,0,0.34846538
18325,0,0.8787278
18326,0,0.4887664
18327,0,0.2589056
18328,0,0.23982115
18329,0,0.16126639
18330,0,0.18391553
18331,0,0.3940973
18332,0,0.36901855
18333,1,0.30036047
18334,0,0.23563686
18335,0,0.20201947
18336,0,0.5680957
18337,0,0.48752463
18338,0,0.4489667
18339,0,0.21768387
18340,1,0.42221078
18341,0,0.4267099
18342,0,0.5010999
18343,1,0.5126256
18344,0,0.3697123
18345,1,0.5506597
18346,0,0.22333288
18347,0,0.43758592
18348,1,0.39117557
18349,0,0.12298794
18350,0,0.49079624
18351,0,0.39426145
18352,0,0.23071969
18353,0,0.10884966
18354,1,0.88978046
18355,0,0.17842585
18356,0,0.38421285
18357,0,0.38683885
18358,0,0.21850426
18359,0,0.30013695
18360,0,0.20055635
18361,0,0.40874147
18362,0,0.34384057
18363,0,0.13347949
18364,0,0.28477025
18365,1,0.3426877
18366,0,0.35713845
18367,0,0.5033777
18368,0,0.10754772
18369,1,0.29258382
18370,1,0.84268135
18371,0,0.36913767
18372,1,0.9195083
18373,0,0.3268998
18374,1,0.58211577
18375,0,0.39162365
18376,1,0.27430716
18377,0,0.19037691
18378,0,0.29641998
18379,1,0.80612767
18380,0,0.71714985
18381,0,0.26621333
18382,0,0.3209822
18383,1,0.8769017
18384,0,0.2767562
18385,0,0.36502883
18386,1,0.7627977
18387,1,0.48867872
18388,0,0.49104717
18389,0,0.31580788
18390,0,0.21976277
18391,0,0.3290108
18392,0,0.5155752
18393,0,0.31870437
18394,0,0.5202667
18395,0,0.19455098
18396,0,0.18622826
18397,0,0.92321295
18398,0,0.1031604
18399,0,0.93548924
18400,0,0.26786593
18401,0,0.3343267
18402,0,0.50069594
18403,0,0.21746615
18404,0,0.50180423
18405,0,0.7029173
18406,1,0.5118992
18407,0,0.48271912
18408,0,0.32702878
18409,0,0.2392614
18410,1,0.5021404
18411,0,0.12773776
18412,0,0.6836414
18413,0,0.36652902
18414,1,0.6008006
18415,0,0.6831008
18416,0,0.12041293
18417,0,0.24612357
18418,0,0.352598
18419,0,0.62458205
18420,0,0.48771486
18421,0,0.18016858
18422,0,0.25790602
18423,0,0.16796596
18424,0,0.6133061
18425,1,0.70682514
18426,0,0.3500815
18427,0,0.84761786
18428,0,0.52101207
18429,1,0.45195234
18430,0,0.2112817
18431,0,0.29455513
18432,1,0.8538809
18433,0,0.32769695
18434,0,0.3357696
18435,0,0.46024412
18436,0,0.22398166
18437,0,0.26091713
18438,0,0.10760104
18439,1,0.91838926
18440,0,0.27930284
18441,0,0.21608852
18442,0,0.53899664
18443,1,0.56851053
18444,0,0.19345982
18445,0,0.40851012
18446,0,0.24941638
18447,0,0.72222054
18448,0,0.19636117
18449,0,0.47312635
18450,1,0.86090064
18451,0,0.3082102
18452,0,0.44396996
18453,0,0.30331936
18454,1,0.6411808
18455,0,0.1810214
18456,1,0.6074917
18457,0,0.6054562
18458,0,0.70469725
18459,1,0.8876169
18460,0,0.19637534
18461,0,0.3364312
18462,0,0.44243434
18463,0,0.6338952
18464,0,0.3953472
18465,1,0.27671638
18466,1,0.91154253
18467,0,0.38472357
18468,0,0.6067046
18469,1,0.70932287
18470,0,0.17374843
18471,0,0.2880147
18472,0,0.12479066
18473,0,0.08868861
18474,1,0.37010822
18475,0,0.26455587
18476,0,0.39738393
18477,0,0.36383873
18478,1,0.46632507
18479,0,0.49475217
18480,0,0.36325318
18481,0,0.31393567
18482,1,0.42640644
18483,0,0.2580594
18484,0,0.16098005
18485,0,0.2786415
18486,0,0.28487697
18487,0,0.33129615
18488,1,0.5815051
18489,0,0.83711046
18490,0,0.44072703
18491,0,0.61234075
18492,0,0.38864973
18493,0,0.36715445
18494,1,0.64962757
18495,0,0.2036457
18496,1,0.93322414
18497,1,0.36466882
18498,0,0.23204508
18499,1,0.4342565
18500,0,0.26803103
18501,0,0.18625565
18502,0,0.54537636
18503,0,0.34136638
18504,0,0.2828904
18505,1,0.51107514
18506,0,0.17766868
18507,0,0.33135086
18508,0,0.59584326
18509,0,0.4882498
18510,0,0.19054812
18511,0,0.3665397
18512,0,0.16954304
18513,0,0.67227566
18514,0,0.1572133
18515,0,0.9013304
18516,1,0.86301076
18517,0,0.26307085
18518,0,0.12480651
18519,0,0.38147897
18520,0,0.26670393
18521,0,0.22565182
18522,1,0.89536536
18523,1,0.36271513
18524,0,0.25005916
18525,0,0.43815368
18526,1,0.92492694
18527,0,0.38342848
18528,0,0.34742993
18529,0,0.65563333
18530,1,0.94692546
18531,0,0.31167576
18532,0,0.23714125
18533,0,0.1751111
18534,0,0.3939988
18535,0,0.3667566
18536,0,0.34488872
18537,0,0.4854568
18538,0,0.22655563
18539,1,0.66891116
18540,0,0.37655765
18541,0,0.22335897
18542,1,0.48735294
18543,0,0.15821448
18544,0,0.4322693
18545,0,0.6080021
18546,1,0.29409403
18547,0,0.46789163
18548,0,0.2688487
18549,0,0.19804609
18550,0,0.18435594
18551,0,0.25649574
18552,0,0.31197053
18553,1,0.7930227
18554,0,0.3157913
18555,1,0.9202612
18556,0,0.17468554
18557,1,0.41369036
18558,0,0.49989656
18559,0,0.27625963
18560,0,0.22067419
18561,0,0.40263042
18562,1,0.8596727
18563,0,0.37486523
18564,0,0.23101543
18565,1,0.67024267
18566,0,0.24004619
18567,0,0.19790877
18568,0,0.35795102
18569,1,0.35765302
18570,0,0.22199509
18571,0,0.4419319
18572,1,0.8818961
18573,0,0.58512145
18574,1,0.90986514
18575,0,0.15816274
18576,0,0.15353163
18577,0,0.37724307
18578,0,0.20115015
18579,0,0.17710382
18580,1,0.40555227
18581,0,0.40652913
18582,0,0.33847123
18583,1,0.28950784
18584,0,0.4919162
18585,0,0.16031832
18586,1,0.9150414
18587,0,0.28763562
18588,0,0.24905315
18589,1,0.75251657
18590,0,0.64777076
18591,1,0.4407137
18592,0,0.28037044
18593,0,0.375536
18594,0,0.45529193
18595,0,0.44833136
18596,1,0.85658115
18597,1,0.66392213
18598,0,0.59954256
18599,0,0.4203257
18600,1,0.6273093
18601,0,0.5556434
18602,0,0.17399189
18603,0,0.33713457
18604,0,0.3705649
18605,0,0.28041622
18606,0,0.5614402
18607,0,0.2464676
18608,0,0.17871284
18609,1,0.92302537
18610,1,0.27854878
18611,0,0.2851098
18612,0,0.27056143
18613,0,0.2814727
18614,0,0.28933004
18615,1,0.3668861
18616,1,0.28073943
18617,0,0.4460286
18618,0,0.4123471
18619,1,0.3621142
18620,0,0.81738305
18621,1,0.5318848
18622,1,0.48573655
18623,0,0.25227192
18624,0,0.32454076
18625,0,0.124240555
18626,0,0.3878105
18627,1,0.38979208
18628,0,0.15170622
18629,0,0.46244806
18630,0,0.14666964
18631,1,0.18348742
18632,0,0.43972918
18633,0,0.28454936
18634,0,0.5368234
18635,0,0.24762903
18636,0,0.7350202
18637,0,0.24631292
18638,0,0.18955784
18639,0,0.6736152
18640,1,0.86048406
18641,1,0.80905664
18642,0,0.2536378
18643,0,0.30913496
18644,1,0.91193944
18645,0,0.3075205
18646,1,0.8941508
18647,1,0.9184127
18648,0,0.1476034
18649,1,0.36495656
18650,0,0.34192157
18651,0,0.2684681
18652,0,0.36117604
18653,0,0.7633506
18654,0,0.50215167
18655,0,0.35257584
18656,0,0.7328365
18657,0,0.4568006
18658,1,0.83664334
18659,0,0.43200344
18660,1,0.9177837
18661,1,0.42384723
18662,0,0.48223594
18663,0,0.39688718
18664,0,0.7201987
18665,0,0.19000882
18666,0,0.3129498
18667,0,0.5201602
18668,0,0.27897167
18669,0,0.29455498
18670,1,0.76336807
18671,0,0.34796274
18672,0,0.13889684
18673,0,0.25159934
18674,1,0.75869197
18675,0,0.61262953
18676,0,0.40198547
18677,0,0.29906476
18678,0,0.6405811
18679,1,0.86966974
18680,0,0.43362278
18681,1,0.9186431
18682,0,0.34777284
18683,0,0.29983813
18684,0,0.4142305
18685,1,0.90443975
18686,0,0.29102767
18687,0,0.14197338
18688,0,0.8839607
18689,1,0.88533103
18690,0,0.78796446
18691,0,0.14318198
18692,0,0.2809553
18693,0,0.38237515
18694,0,0.70431954
18695,0,0.61333925
18696,0,0.23025309
18697,1,0.8504537
18698,0,0.40363094
18699,0,0.775927
18700,1,0.92133754
18701,0,0.18138637
18702,0,0.415425
18703,0,0.8657376
18704,1,0.56865335
18705,1,0.91853386
18706,0,0.3663045
18707,0,0.177599
18708,0,0.23181905
18709,0,0.0875908
18710,0,0.21027352
18711,0,0.24187362
18712,0,0.4189472
18713,0,0.8059996
18714,1,0.9201638
18715,0,0.40206975
18716,0,0.18964355
18717,0,0.8097987
18718,0,0.23308428
18719,0,0.5163377
18720,0,0.1286223
18721,0,0.19435532
18722,0,0.2846304
18723,0,0.2739246
18724,0,0.2635031
18725,0,0.3348336
18726,1,0.80790293
18727,0,0.38170448
18728,0,0.54368395
18729,0,0.26057315
18730,0,0.32642695
18731,0,0.4065358
18732,0,0.62675846
18733,0,0.38519263
18734,0,0.28186402
18735,0,0.2748671
18736,1,0.54909205
18737,0,0.22661984
18738,1,0.6015076
18739,0,0.073677115
18740,0,0.22459392
18741,0,0.26666802
18742,0,0.2446859
18743,0,0.2701017
18744,0,0.24317713
18745,0,0.20290878
18746,1,0.7600625
18747,0,0.10080862
18748,0,0.52838165
18749,1,0.865077
18750,1,0.64962757
18751,0,0.46184188
18752,0,0.31716025
18753,0,0.199789
18754,1,0.4293691
18755,0,0.30591866
18756,0,0.27519676
18757,0,0.316806
18758,0,0.14591952
18759,0,0.36972398
18760,0,0.5508991
18761,0,0.48772094
18762,1,0.4956667
18763,1,0.6333445
18764,0,0.34768856
18765,0,0.2518303
18766,1,0.8192656
18767,0,0.7130247
18768,0,0.2518847
18769,0,0.3139869
18770,0,0.43687707
18771,0,0.44778195
18772,1,0.32720178
18773,0,0.3512351
18774,0,0.36167914
18775,1,0.39122513
18776,0,0.72786045
18777,0,0.4459251
18778,0,0.22564274
18779,0,0.25313818
18780,0,0.44881216
18781,0,0.21956791
18782,0,0.31704253
18783,0,0.61114806
18784,0,0.4832859
18785,1,0.8927753
18786,0,0.17700335
18787,1,0.43267128
18788,0,0.30516475
18789,0,0.5901088
18790,0,0.38024253
18791,0,0.36766404
18792,0,0.34803694
18793,0,0.47764152
18794,1,0.38216552
18795,0,0.212308
18796,1,0.37505072
18797,1,0.2860099
18798,0,0.87185794
18799,0,0.3820937
18800,0,0.3553282
18801,1,0.37421492
18802,1,0.318488
18803,0,0.29935378
18804,0,0.12229755
18805,0,0.6809313
18806,0,0.44567472
18807,0,0.6640147
18808,1,0.21166216
18809,1,0.2990612
18810,1,0.3532923
18811,0,0.44689876
18812,1,0.32919267
18813,0,0.35430682
18814,1,0.65138644
18815,0,0.26931733
18816,1,0.8958439
18817,0,0.78679615
18818,1,0.83865166
18819,1,0.60025537
18820,0,0.33691934
18821,0,0.24472299
18822,0,0.27031592
18823,0,0.38893163
18824,0,0.72363657
18825,0,0.4319883
18826,1,0.87030697
18827,0,0.33660904
18828,0,0.20121592
18829,1,0.88163066
18830,1,0.8162887
18831,0,0.2848066
18832,0,0.45827377
18833,0,0.22830771
18834,0,0.7222212
18835,0,0.20962507
18836,0,0.3034578
18837,1,0.5701346
18838,1,0.50480646
18839,0,0.40948683
18840,0,0.19197649
18841,0,0.6447412
18842,1,0.91882604
18843,0,0.423354
18844,0,0.21502824
18845,0,0.4612909
18846,1,0.34211016
18847,1,0.4233737
18848,0,0.4005797
18849,0,0.2494059
18850,0,0.1092918
18851,0,0.34454918
18852,0,0.21832466
18853,0,0.30709088
18854,0,0.29525897
18855,0,0.38587767
18856,1,0.7319765
18857,0,0.4131751
18858,0,0.30306765
18859,0,0.12507439
18860,0,0.19357099
18861,0,0.303409
18862,0,0.5473215
18863,0,0.24684295
18864,0,0.23322098
18865,0,0.28059602
18866,0,0.4540485
18867,0,0.12304613
18868,0,0.26547968
18869,0,0.17314409
18870,0,0.3411085
18871,0,0.43755826
18872,0,0.4047976
18873,1,0.33314645
18874,0,0.24384922
18875,0,0.27203107
18876,0,0.40789065
18877,0,0.31063637
18878,0,0.3826144
18879,0,0.40495822
18880,1,0.63316834
18881,0,0.26983005
18882,0,0.9094951
18883,0,0.28825295
18884,0,0.34004325
18885,0,0.42680734
18886,0,0.28893805
18887,0,0.2547865
18888,1,0.4072502
18889,0,0.31404355
18890,0,0.45897716
18891,0,0.28563872
18892,0,0.5957308
18893,0,0.3632602
18894,0,0.18965124
18895,1,0.27675164
18896,1,0.52798617
18897,0,0.67317593
18898,0,0.73206574
18899,0,0.1642423
18900,0,0.43972564
18901,0,0.42083642
18902,0,0.4023774
18903,0,0.48970264
18904,0,0.3117915
18905,0,0.68266666
18906,0,0.36619377
18907,0,0.31532705
18908,0,0.2989273
18909,0,0.3498094
18910,0,0.27335697
18911,0,0.26803434
18912,1,0.7546248
18913,0,0.23319131
18914,0,0.27604136
18915,0,0.18494967
18916,0,0.4266836
18917,0,0.33948272
18918,0,0.25668436
18919,0,0.3380103
18920,0,0.24050719
18921,0,0.12766647
18922,0,0.16133302
18923,0,0.23729634
18924,1,0.8885601
18925,0,0.31794918
18926,0,0.4757937
18927,0,0.281996
18928,1,0.5424961
18929,0,0.73178804
18930,1,0.9229454
18931,0,0.21298261
18932,0,0.42857075
18933,0,0.30900812
18934,1,0.804146
18935,0,0.46327922
18936,0,0.59643555
18937,0,0.5126492
18938,0,0.60800487
18939,0,0.24976467
18940,1,0.31578133
18941,0,0.2031705
18942,0,0.3169004
18943,1,0.8641432
18944,0,0.8956594
18945,0,0.5226727
18946,0,0.66714203
18947,0,0.41613412
18948,1,0.86194587
18949,0,0.7233962
18950,0,0.3316318
18951,0,0.21909226
18952,1,0.65801907
18953,0,0.7599885
18954,0,0.39875427
18955,0,0.45278537
18956,0,0.29049796
18957,0,0.1576443
18958,0,0.36880523
18959,0,0.3833704
18960,1,0.85185903
18961,0,0.6182699
18962,0,0.38938645
18963,0,0.4499772
18964,0,0.3364875
18965,1,0.90299535
18966,0,0.19148594
18967,0,0.29885006
18968,0,0.43090275
18969,0,0.28636685
18970,0,0.23335159
18971,0,0.3413139
18972,0,0.23302963
18973,0,0.45935825
18974,0,0.43624595
18975,0,0.1785305
18976,0,0.5023922
18977,0,0.16504219
18978,0,0.28155154
18979,1,0.9258527
18980,1,0.49000493
18981,1,0.3098843
18982,0,0.4144276
18983,1,0.8433357
18984,0,0.49328178
18985,0,0.61362123
18986,0,0.6192306
18987,1,0.7184661
18988,1,0.42374068
18989,0,0.48556885
18990,0,0.3184721
18991,0,0.43089214
18992,0,0.2978462
18993,0,0.50773275
18994,0,0.17093904
18995,0,0.31718013
18996,0,0.28098214
18997,1,0.48181215
18998,0,0.16867067
18999,0,0.32965463
19000,0,0.5058374
19001,0,0.42181203
19002,0,0.13718505
19003,0,0.6081267
19004,0,0.16015385
19005,1,0.7143301
19006,1,0.8806992
19007,1,0.47060803
19008,0,0.52863175
19009,0,0.40288815
19010,0,0.30586636
19011,0,0.5242614
19012,0,0.6783593
19013,1,0.9196854
19014,0,0.20484005
19015,0,0.21432422
19016,0,0.08528592
19017,1,0.5915875
19018,0,0.52446425
19019,0,0.19834338
19020,0,0.33501118
19021,1,0.5397348
19022,0,0.21910952
19023,0,0.2129075
19024,0,0.24245127
19025,0,0.2269232
19026,0,0.27356303
19027,1,0.53764665
19028,0,0.5060156
19029,0,0.2771623
19030,1,0.20315374
19031,1,0.29945725
19032,1,0.4007621
19033,0,0.19227855
19034,0,0.4398971
19035,0,0.19064593
19036,0,0.20013988
19037,0,0.40280288
19038,0,0.20596896
19039,1,0.5802129
19040,0,0.37272808
19041,0,0.40540916
19042,1,0.39256063
19043,0,0.559009
19044,0,0.3037791
19045,0,0.08465676
19046,0,0.19683364
19047,0,0.8566816
19048,0,0.48880234
19049,0,0.16818422
19050,0,0.2923648
19051,0,0.45226657
19052,0,0.4888727
19053,0,0.2546946
19054,0,0.5272597
19055,0,0.4059696
19056,0,0.32922155
19057,0,0.13105935
19058,0,0.43181863
19059,0,0.44231984
19060,0,0.3748287
19061,0,0.24560209
19062,0,0.17855622
19063,0,0.8604934
19064,0,0.08835846
19065,0,0.2243921
19066,0,0.57290316
19067,1,0.8149688
19068,1,0.42198408
19069,0,0.25196314
19070,0,0.46731192
19071,0,0.3286436
19072,0,0.3228214
19073,1,0.85518473
19074,0,0.46500942
19075,1,0.69043285
19076,0,0.42531082
19077,0,0.20848191
19078,0,0.1396519
19079,0,0.53182733
19080,0,0.38541856
19081,0,0.18865186
19082,0,0.13520089
19083,1,0.79713744
19084,0,0.28523052
19085,0,0.4184317
19086,0,0.26530877
19087,1,0.7925719
19088,1,0.39722332
19089,0,0.59916055
19090,0,0.41980132
19091,1,0.8025115
19092,0,0.18314327
19093,0,0.19025563
19094,0,0.31529936
19095,0,0.17943907
19096,0,0.2099833
19097,0,0.46417174
19098,0,0.415965
19099,0,0.25508875
19100,0,0.3516318
19101,0,0.3409568
19102,0,0.3753467
19103,1,0.37090018
19104,0,0.4351911
19105,0,0.87479085
19106,0,0.39222342
19107,0,0.66929066
19108,0,0.3451066
19109,0,0.26639718
19110,0,0.14456545
19111,0,0.29006672
19112,0,0.8607896
19113,0,0.39510074
19114,0,0.21162717
19115,0,0.24416707
19116,1,0.5991782
19117,0,0.32094425
19118,0,0.287503
19119,0,0.25256476
19120,1,0.28562924
19121,0,0.25355574
19122,0,0.56087554
19123,0,0.33132958
19124,0,0.26191023
19125,0,0.5759024
19126,1,0.7926248
19127,1,0.943792
19128,1,0.42849478
19129,0,0.42628297
19130,0,0.21149714
19131,0,0.19701226
19132,0,0.3479238
19133,0,0.12067153
19134,0,0.3539281
19135,1,0.5727037
19136,1,0.9405239
19137,0,0.35238206
19138,1,0.87134326
19139,0,0.5162128
19140,0,0.3541983
19141,0,0.19071329
19142,0,0.40906698
19143,1,0.30109227
19144,0,0.27410495
19145,0,0.3401093
19146,0,0.18754022
19147,0,0.40019983
19148,0,0.24910793
19149,0,0.3387894
19150,0,0.36368912
19151,0,0.5191527
19152,0,0.27061832
19153,0,0.35363972
19154,0,0.45675993
19155,1,0.60488266
19156,1,0.5580068
19157,0,0.45691168
19158,0,0.22872283
19159,0,0.5318723
19160,0,0.36314183
19161,0,0.30459931
19162,0,0.42348477
19163,0,0.25165895
19164,0,0.7211659
19165,1,0.5647718
19166,0,0.7252752
19167,0,0.3710245
19168,1,0.29511303
19169,0,0.48468354
19170,1,0.88417196
19171,0,0.10871442
19172,0,0.20941453
19173,1,0.90914035
19174,1,0.91397005
19175,0,0.9304979
19176,0,0.7539545
19177,0,0.6917693
19178,0,0.3426939
19179,0,0.78711313
19180,0,0.49031126
19181,0,0.30325842
19182,0,0.37621638
19183,0,0.2979594
19184,1,0.26289892
19185,0,0.16097009
19186,1,0.36753342
19187,0,0.6146265
19188,1,0.9265337
19189,0,0.26148862
19190,1,0.4515149
19191,0,0.23604572
19192,0,0.34025663
19193,0,0.31785423
19194,1,0.3604965
19195,0,0.35563222
19196,0,0.22118399
19197,0,0.13616951
19198,0,0.23276393
19199,0,0.45954958
19200,0,0.5336552
19201,0,0.14184089
19202,0,0.33476478
19203,0,0.5937179
19204,0,0.20539303
19205,1,0.8704926
19206,0,0.18801917
19207,0,0.2963441
19208,0,0.32633433
19209,0,0.72678703
19210,0,0.25107157
19211,0,0.4735018
19212,1,0.8363664
19213,0,0.3303241
19214,0,0.36478204
19215,0,0.4558148
19216,0,0.24580325
19217,0,0.40151268
19218,0,0.2775621
19219,0,0.5549225
19220,1,0.8779169
19221,0,0.55048895
19222,0,0.6341479
19223,1,0.77870035
19224,1,0.3172228
19225,0,0.16786483
19226,0,0.23786058
19227,0,0.3415572
19228,1,0.86595196
19229,0,0.114860706
19230,0,0.20089985
19231,1,0.81671757
19232,0,0.22972322
19233,0,0.33130252
19234,0,0.60748017
19235,0,0.4795414
19236,0,0.29555365
19237,1,0.27829322
19238,0,0.62042487
19239,0,0.3560105
19240,1,0.6395118
19241,0,0.85652965
19242,0,0.40921062
19243,0,0.18213296
19244,0,0.40854514
19245,0,0.8849229
19246,0,0.26161307
19247,0,0.5186731
19248,1,0.91861564
19249,0,0.42916068
19250,0,0.5113838
19251,0,0.642003
19252,0,0.21600132
19253,0,0.9043343
19254,0,0.5873626
19255,0,0.19948472
19256,1,0.4913452
19257,1,0.47934553
19258,1,0.4330864
19259,0,0.40104237
19260,0,0.45374417
19261,1,0.6886722
19262,1,0.43334892
19263,0,0.25730276
19264,0,0.26449436
19265,0,0.8296282
19266,1,0.3245596
19267,0,0.21424869
19268,0,0.26044303
19269,0,0.14973818
19270,0,0.33662292
19271,0,0.47654948
19272,0,0.30204785
19273,0,0.3637174
19274,0,0.4456162
19275,0,0.3557415
19276,0,0.21691562
19277,1,0.25782666
19278,1,0.8316746
19279,1,0.8612832
19280,0,0.44930804
19281,0,0.7633038
19282,0,0.26709917
19283,0,0.3522003
19284,1,0.88118947
19285,1,0.51781416
19286,1,0.9106556
19287,0,0.28902286
19288,0,0.43154624
19289,0,0.10767148
19290,0,0.1836163
19291,0,0.561477
19292,0,0.29631603
19293,1,0.49703908
19294,0,0.7206085
19295,0,0.257978
19296,0,0.5006317
19297,0,0.35845956
19298,0,0.46926042
19299,1,0.9115173
19300,0,0.334106
19301,0,0.50311536
19302,0,0.4822406
19303,0,0.33834082
19304,0,0.27884054
19305,0,0.3585231
19306,0,0.13954195
19307,1,0.4263463
19308,0,0.12261158
19309,0,0.20527305
19310,0,0.24809952
19311,0,0.2378042
19312,1,0.80496174
19313,0,0.31801087
19314,0,0.18577693
19315,0,0.29004362
19316,0,0.31120372
19317,0,0.28640655
19318,0,0.2793546
19319,0,0.68524003
19320,0,0.45799574
19321,1,0.36472565
19322,0,0.33027115
19323,0,0.37513012
19324,0,0.33751965
19325,0,0.2443087
19326,0,0.6149072
19327,0,0.31292278
19328,0,0.2846914
19329,0,0.3914087
19330,1,0.18363763
19331,0,0.19093737
19332,0,0.49720618
19333,0,0.3598284
19334,0,0.36696383
19335,0,0.23677602
19336,1,0.28173453
19337,0,0.43957034
19338,0,0.43775377
19339,1,0.39502952
19340,0,0.13407005
19341,1,0.91436696
19342,1,0.8101299
19343,1,0.35412794
19344,1,0.9207704
19345,0,0.1434343
19346,1,0.91771924
19347,0,0.42791304
19348,0,0.3348001
19349,0,0.33247283
19350,0,0.26819688
19351,1,0.3042467
19352,1,0.8856474
19353,1,0.6169401
19354,0,0.29103723
19355,0,0.34310895
19356,0,0.4015565
19357,0,0.6624778
19358,0,0.4636748
19359,0,0.1884618
19360,0,0.62750167
19361,0,0.2945224
19362,1,0.24617425
19363,1,0.579946
19364,0,0.88131636
19365,0,0.61235255
19366,0,0.15368024
19367,0,0.4756439
19368,0,0.1969954
19369,0,0.6043017
19370,1,0.16264041
19371,1,0.39426145
19372,0,0.78048867
19373,1,0.39254278
19374,1,0.38372278
19375,1,0.88495755
19376,1,0.55781686
19377,0,0.074365854
19378,1,0.9208531
19379,1,0.7282462
19380,0,0.19286743
19381,0,0.29389557
19382,1,0.8917258
19383,0,0.6284294
19384,0,0.24463205
19385,0,0.41256493
19386,0,0.20801695
19387,1,0.3450002
19388,0,0.13115436
19389,0,0.3073418
19390,0,0.49421898
19391,0,0.23330738
19392,0,0.10846455
19393,0,0.53935945
19394,0,0.68481094
19395,0,0.21892443
19396,0,0.19914559
19397,1,0.882781
19398,0,0.24818896
19399,0,0.30118316
19400,0,0.60697246
19401,1,0.3810029
19402,0,0.42688584
19403,1,0.6105117
19404,0,0.44765726
19405,0,0.70284104
19406,0,0.12030343
19407,0,0.23293854
19408,0,0.38069996
19409,0,0.3442254
19410,0,0.40851012
19411,0,0.38188568
19412,0,0.2846982
19413,1,0.26489797
19414,0,0.28611946
19415,0,0.2685701
19416,0,0.20848344
19417,0,0.31786296
19418,0,0.18905728
19419,1,0.28361133
19420,0,0.8727539
19421,0,0.1541718
19422,1,0.3792102
19423,1,0.18966538
19424,0,0.42117605
19425,1,0.3266111
19426,0,0.7584998
19427,0,0.33128646
19428,0,0.24752885
19429,0,0.6499094
19430,1,0.41195944
19431,1,0.3505677
19432,0,0.75485176
19433,0,0.7943112
19434,1,0.6989682
19435,0,0.17703095
19436,1,0.44080657
19437,0,0.2537854
19438,1,0.6637219
19439,0,0.4217267
19440,0,0.32892916
19441,0,0.6193803
19442,1,0.86072797
19443,0,0.26163563
19444,1,0.4847697
19445,1,0.36392006
19446,1,0.45699587
19447,0,0.44187266
19448,1,0.535695
19449,0,0.41270557
19450,0,0.18036555
19451,1,0.91734177
19452,0,0.35626462
19453,0,0.1982106
19454,0,0.14116201
19455,0,0.2922656
19456,0,0.1415234
19457,0,0.89582354
19458,0,0.15474169
19459,0,0.34109083
19460,0,0.431695
19461,0,0.3092381
19462,0,0.25029695
19463,0,0.2792438
19464,0,0.39067334
19465,0,0.20151784
19466,1,0.75361603
19467,1,0.674614
19468,0,0.4394948
19469,0,0.4561878
19470,0,0.71419615
19471,0,0.24283908
19472,0,0.36650097
19473,0,0.14595568
19474,0,0.2865702
19475,1,0.86059034
19476,0,0.17949677
19477,0,0.38373986
19478,0,0.31597564
19479,0,0.32338434
19480,1,0.87832415
19481,0,0.28827468
19482,0,0.4728603
19483,0,0.4777474
19484,0,0.4264966
19485,0,0.35531655
19486,0,0.113500625
19487,1,0.46929455
19488,0,0.27833235
19489,0,0.35312295
19490,0,0.6888206
19491,0,0.13100593
19492,0,0.47670206
19493,0,0.25926062
19494,0,0.4803848
19495,0,0.21786587
19496,0,0.22896107
19497,0,0.16051264
19498,0,0.29919046
19499,1,0.35270473
19500,0,0.40850833
19501,0,0.37604114
19502,0,0.5135021
19503,0,0.40780908
19504,0,0.5339414
19505,0,0.32983097
19506,0,0.2717054
19507,0,0.2476462
19508,0,0.21719351
19509,0,0.28129578
19510,0,0.4478617
19511,0,0.26418048
19512,0,0.2823032
19513,1,0.9418945
19514,0,0.2750749
19515,0,0.44118014
19516,1,0.44451782
19517,1,0.8787318
19518,1,0.6385529
19519,0,0.2878417
19520,0,0.17368084
19521,0,0.24176697
19522,1,0.73377305
19523,0,0.2058468
19524,0,0.35336378
19525,0,0.37730107
19526,0,0.5217388
19527,0,0.3931409
19528,0,0.31585497
19529,1,0.2651276
19530,0,0.5881719
19531,0,0.21999928
19532,0,0.33121598
19533,1,0.8789567
19534,1,0.8434797
19535,0,0.4702205
19536,0,0.46367028
19537,0,0.20195049
19538,0,0.2471172
19539,0,0.3479899
19540,1,0.6398187
19541,0,0.7675483
19542,0,0.26592928
19543,1,0.88021654
19544,0,0.14169969
19545,0,0.73958004
19546,0,0.32281762
19547,0,0.84534377
19548,0,0.38441136
19549,0,0.4612218
19550,0,0.41884205
19551,1,0.8814085
19552,0,0.24987155
19553,0,0.2116072
19554,0,0.3655457
19555,0,0.6772929
19556,0,0.22411524
19557,0,0.24293303
19558,0,0.16929461
19559,1,0.92507297
19560,0,0.17688042
19561,0,0.36752325
19562,1,0.76719135
19563,0,0.256686
19564,0,0.4811786
19565,0,0.35206038
19566,0,0.12118265
19567,1,0.7806619
19568,1,0.91128635
19569,0,0.2081688
19570,0,0.89530885
19571,1,0.7232866
19572,1,0.7767287
19573,0,0.9203306
19574,0,0.38944486
19575,1,0.68562764
19576,1,0.38788947
19577,1,0.39335978
19578,0,0.23946953
19579,0,0.13504004
19580,0,0.2744724
19581,0,0.08890592
19582,0,0.13998055
19583,0,0.201899
19584,1,0.4281443
19585,0,0.6044373
19586,1,0.85117066
19587,0,0.23656441
19588,0,0.3890514
19589,0,0.31845805
19590,0,0.41192812
19591,1,0.8312268
19592,0,0.2820663
19593,0,0.24828774
19594,0,0.25346288
19595,0,0.5853331
19596,1,0.55894953
19597,0,0.24839291
19598,0,0.26845616
19599,0,0.2551103
19600,1,0.42963025
19601,0,0.42597508
19602,0,0.20137791
19603,0,0.27020952
19604,1,0.9281089
19605,0,0.45374504
19606,1,0.6299629
19607,0,0.7092315
19608,1,0.59299
19609,0,0.48036742
19610,0,0.21795732
19611,0,0.42713296
19612,1,0.786189
19613,0,0.3436125
19614,0,0.105572045
19615,0,0.3345801
19616,1,0.88154477
19617,0,0.28268614
19618,0,0.23632449
19619,0,0.48637998
19620,0,0.42592162
19621,0,0.29568422
19622,1,0.7962427
19623,0,0.109131485
19624,0,0.13665716
19625,0,0.5426924
19626,0,0.5836189
19627,0,0.4795856
19628,0,0.09285402
19629,0,0.27348647
19630,0,0.25044346
19631,0,0.35353616
19632,0,0.3295951
19633,1,0.8307583
19634,0,0.35628694
19635,1,0.5471153
19636,1,0.92487144
19637,0,0.5451706
19638,0,0.39671266
19639,0,0.40935135
19640,0,0.2066406
19641,1,0.25422862
19642,0,0.26858103
19643,0,0.23704776
19644,0,0.25491562
19645,0,0.18545
19646,0,0.18315549
19647,0,0.26258847
19648,1,0.6696133
19649,0,0.42566192
19650,0,0.32237408
19651,0,0.23650603
19652,0,0.402937
19653,1,0.5448714
19654,0,0.1832453
19655,0,0.19803664
19656,0,0.36245602
19657,1,0.4910572
19658,1,0.5939194
19659,1,0.92615724
19660,0,0.89921695
19661,1,0.6401743
19662,0,0.31538936
19663,0,0.17827925
19664,0,0.54446894
19665,0,0.63169104
19666,0,0.40178958
19667,0,0.11689386
19668,0,0.22286959
19669,0,0.38082606
19670,1,0.35728252
19671,1,0.5472238
19672,0,0.37866938
19673,1,0.8082937
19674,0,0.86674637
19675,0,0.20172954
19676,0,0.298862
19677,1,0.29590404
19678,0,0.28269178
19679,0,0.28815138
19680,0,0.3742389
19681,0,0.36866727
19682,0,0.25883973
19683,0,0.9190264
19684,0,0.6880316
19685,0,0.41670975
19686,0,0.19846132
19687,0,0.36527935
19688,1,0.55624056
19689,0,0.39994943
19690,1,0.3066516
19691,0,0.25443313
19692,0,0.30220756
19693,0,0.29832906
19694,0,0.4679263
19695,0,0.87997407
19696,0,0.15012537
19697,0,0.20332775
19698,0,0.44237727
19699,1,0.91468805
19700,1,0.7357945
19701,0,0.6599808
19702,0,0.19416165
19703,0,0.5263353
19704,0,0.53869605
19705,1,0.51210564
19706,0,0.22464603
19707,0,0.3146499
19708,0,0.5707841
19709,0,0.4720704
19710,0,0.22064777
19711,0,0.9284883
19712,0,0.3754362
19713,0,0.49758923
19714,0,0.26004523
19715,1,0.62079436
19716,1,0.90904194
19717,0,0.6431989
19718,1,0.9261611
19719,0,0.39179835
19720,0,0.38172576
19721,0,0.30297896
19722,0,0.29590523
19723,0,0.28362113
19724,0,0.21196225
19725,0,0.37685567
19726,0,0.43666795
19727,0,0.34661916
19728,0,0.32358876
19729,0,0.22403876
19730,1,0.3738084
19731,0,0.16637824
19732,0,0.2889321
19733,0,0.2196182
19734,0,0.21667172
19735,0,0.33808625
19736,0,0.24361
19737,1,0.17049237
19738,0,0.65726864
19739,0,0.40509465
19740,0,0.6760746
19741,0,0.37302813
19742,1,0.5446161
19743,1,0.9025915
19744,0,0.1714437
19745,0,0.1433085
19746,0,0.37407374
19747,0,0.3417247
19748,1,0.8418475
19749,1,0.39176488
19750,1,0.9177617
19751,1,0.21767166
19752,0,0.14960505
19753,0,0.5119226
19754,0,0.21339329
19755,0,0.13168287
19756,0,0.32387054
19757,0,0.40353087
19758,0,0.5091757
19759,1,0.19948718
19760,0,0.23326612
19761,0,0.3214042
19762,0,0.43293172
19763,0,0.38348272
19764,0,0.24355842
19765,0,0.2760533
19766,0,0.6065491
19767,1,0.73182946
19768,0,0.22770855
19769,0,0.4373109
19770,0,0.59452033
19771,0,0.3272549
19772,1,0.3805392
19773,1,0.5845621
19774,1,0.2703263
19775,0,0.37210813
19776,0,0.24715813
19777,0,0.32552582
19778,1,0.9239891
19779,0,0.16343994
19780,0,0.22834389
19781,1,0.34936115
19782,0,0.22076067
19783,0,0.34265667
19784,0,0.23173432
19785,1,0.87505335
19786,0,0.31499013
19787,0,0.3500387
19788,0,0.49754348
19789,0,0.3756929
19790,1,0.7347737
19791,0,0.47698656
19792,0,0.8573884
19793,1,0.65863514
19794,0,0.1623286
19795,1,0.27162722
19796,0,0.2999793
19797,0,0.19060613
19798,0,0.17204376
19799,0,0.4280877
19800,1,0.32449278
19801,1,0.38298565
19802,1,0.38353392
19803,0,0.39631224
19804,0,0.38765624
19805,1,0.8699157
19806,1,0.4661758
19807,1,0.91575253
19808,0,0.3373971
19809,0,0.29501992
19810,1,0.6391795
19811,0,0.14548849
19812,1,0.39270627
19813,0,0.42376393
19814,0,0.19552407
19815,0,0.22223204
19816,0,0.17866874
19817,1,0.3966827
19818,0,0.8618166
19819,0,0.16191225
19820,0,0.5254943
19821,0,0.23300767
19822,0,0.8868086
19823,1,0.48124287
19824,0,0.2822913
19825,0,0.5994453
19826,1,0.4285184
19827,1,0.9055872
19828,0,0.19333822
19829,0,0.89247614
19830,0,0.66438305
19831,1,0.4078288
19832,0,0.54247284
19833,0,0.3011451
19834,0,0.6307904
19835,0,0.30118465
19836,0,0.24945872
19837,0,0.12359358
19838,1,0.41352203
19839,0,0.27271834
19840,0,0.39774877
19841,0,0.123756446
19842,1,0.8906363
19843,0,0.44122842
19844,0,0.3537037
19845,0,0.87623006
19846,1,0.89698803
19847,1,0.44211683
19848,0,0.462648
19849,0,0.6050641
19850,0,0.345482
19851,0,0.6026081
19852,0,0.36307216
19853,0,0.29435173
19854,0,0.1954044
19855,1,0.46073693
19856,0,0.21456318
19857,0,0.25678736
19858,0,0.25993034
19859,0,0.35532168
19860,0,0.13020623
19861,0,0.39026415
19862,1,0.44421658
19863,0,0.5874365
19864,0,0.35242325
19865,0,0.6133715
19866,1,0.45384943
19867,0,0.26634818
19868,0,0.13854222
19869,1,0.9264575
19870,1,0.6333944
19871,0,0.70843136
19872,0,0.11238085
19873,0,0.3858841
19874,0,0.39433348
19875,0,0.42065442
19876,0,0.36548695
19877,0,0.34151676
19878,0,0.8635728
19879,1,0.75795144
19880,0,0.18547462
19881,1,0.84798676
19882,0,0.26393884
19883,0,0.41661525
19884,1,0.42699108
19885,0,0.8791346
19886,1,0.40416837
19887,0,0.3878475
19888,0,0.25558808
19889,0,0.26707548
19890,0,0.5135935
19891,0,0.29596648
19892,0,0.36619452
19893,0,0.30463868
19894,1,0.56094205
19895,0,0.1676
19896,0,0.8541239
19897,0,0.9269518
19898,0,0.1670609
19899,0,0.37236738
19900,0,0.29319534
19901,0,0.13793889
19902,1,0.90312976
19903,0,0.37816393
19904,0,0.30749908
19905,1,0.24595788
19906,1,0.9289812
19907,0,0.31456888
19908,0,0.27590808
19909,1,0.90475655
19910,0,0.5640024
19911,1,0.3517262
19912,0,0.13673897
19913,0,0.2902393
19914,0,0.22611813
19915,0,0.19300038
19916,0,0.6307009
19917,1,0.62217796
19918,0,0.43591425
19919,0,0.44680375
19920,1,0.93499833
19921,0,0.24364872
19922,0,0.89631563
19923,0,0.15618283
19924,0,0.49521002
19925,0,0.6381115
19926,0,0.49483627
19927,0,0.2736441
19928,0,0.35673934
19929,0,0.34200752
19930,0,0.49700958
19931,0,0.18673259
19932,0,0.19319174
19933,0,0.15080473
19934,1,0.24248149
19935,1,0.68435514
19936,0,0.6843736
19937,1,0.6139593
19938,0,0.6830439
19939,1,0.9074855
19940,0,0.24263634
19941,1,0.4469583
19942,0,0.49885905
19943,0,0.4574561
19944,1,0.50701535
19945,0,0.27087763
19946,0,0.5699919
19947,0,0.12983567
19948,0,0.662246
19949,0,0.15533264
19950,0,0.38120493
19951,0,0.21234801
19952,0,0.28908902
19953,0,0.35929158
19954,1,0.7917285
19955,1,0.48075703
19956,0,0.85798067
19957,0,0.5469867
19958,1,0.2933054
19959,0,0.3107038
19960,0,0.72243416
19961,0,0.2943303
19962,0,0.4388875
19963,0,0.10493019
19964,0,0.36414194
19965,0,0.20097126
19966,0,0.49202576
19967,0,0.20966026
19968,1,0.27965316
19969,0,0.39343855
19970,0,0.7508329
19971,0,0.23115368
19972,0,0.30660585
19973,0,0.13505168
19974,0,0.19026554
19975,0,0.28548113
19976,0,0.18565214
19977,0,0.32931846
19978,0,0.41880664
19979,0,0.37322453
19980,0,0.29662007
19981,0,0.38852957
19982,0,0.26830947
19983,0,0.32957944
19984,1,0.87462956
19985,0,0.3065202
19986,0,0.15979286
19987,1,0.9194347
19988,0,0.41371036
19989,1,0.6332353
19990,0,0.13475454
19991,1,0.8874302
19992,1,0.7477513
19993,0,0.21711694
19994,1,0.9200549
19995,0,0.16869341
19996,1,0.36008006
19997,1,0.91197443
19998,0,0.27383792
19999,0,0.34338745
20000,0,0.36337292
20001,0,0.8504705
20002,0,0.16434231
20003,0,0.44158253
20004,0,0.20093678
20005,1,0.6106507
20006,1,0.35887432
20007,0,0.43581685
20008,0,0.321755
20009,0,0.4220578
20010,0,0.61334825
20011,0,0.1708953
20012,0,0.3726209
20013,0,0.58608484
20014,0,0.3356494
20015,1,0.3915976
20016,1,0.40556666
20017,0,0.18598114
20018,0,0.2672139
20019,0,0.44374308
20020,0,0.5617696
20021,0,0.20021804
20022,1,0.24244644
20023,0,0.40997243
20024,0,0.4805666
20025,0,0.30623484
20026,0,0.37566155
20027,0,0.28069258
20028,0,0.7344905
20029,0,0.39482245
20030,0,0.28344798
20031,1,0.78954977
20032,0,0.77791786
20033,0,0.16978292
20034,0,0.37880576
20035,0,0.32923597
20036,0,0.3810668
20037,0,0.21505398
20038,0,0.19067694
20039,0,0.24443978
20040,0,0.4676396
20041,0,0.34173203
20042,0,0.4504714
20043,1,0.84264046
20044,1,0.4964395
20045,1,0.6062887
20046,0,0.4680284
20047,1,0.84447986
20048,1,0.9122184
20049,0,0.49986562
20050,1,0.64635515
20051,0,0.35800982
20052,0,0.20067853
20053,0,0.33050278
20054,0,0.1767377
20055,0,0.2750455
20056,1,0.86503714
20057,0,0.38346612
20058,0,0.21663818
20059,1,0.89179766
20060,0,0.6061079
20061,0,0.2688029
20062,0,0.3392222
20063,0,0.61386216
20064,0,0.7383926
20065,0,0.3169466
20066,0,0.2685102
20067,1,0.16806942
20068,0,0.20272465
20069,0,0.26747194
20070,0,0.22136953
20071,0,0.8551455
20072,0,0.8002548
20073,0,0.3654271
20074,1,0.3731301
20075,1,0.85439247
20076,0,0.17271751
20077,0,0.55894953
20078,1,0.6308205
20079,0,0.3401393
20080,0,0.20600489
20081,1,0.6535526
20082,1,0.5295342
20083,1,0.36789218
20084,1,0.49371025
20085,1,0.82422364
20086,0,0.473958
20087,0,0.27010944
20088,0,0.24203251
20089,0,0.38535273
20090,0,0.4768255
20091,0,0.2884855
20092,0,0.15470284
20093,0,0.44761118
20094,1,0.55700094
20095,1,0.6922337
20096,0,0.41070527
20097,0,0.29758567
20098,1,0.7379084
20099,0,0.44125825
20100,0,0.31664875
20101,1,0.5994932
20102,0,0.27537197
20103,0,0.25452226
20104,0,0.45944643
20105,0,0.28611493
20106,0,0.30001208
20107,1,0.9249284
20108,1,0.44838625
20109,0,0.27494198
20110,0,0.22262836
20111,0,0.1678975
20112,1,0.820149
20113,0,0.3970069
20114,0,0.33496362
20115,0,0.33783892
20116,1,0.4961202
20117,0,0.33633655
20118,0,0.35620937
20119,0,0.35221604
20120,1,0.8424267
20121,0,0.2506936
20122,1,0.39641577
20123,0,0.20809448
20124,0,0.36770678
20125,0,0.13799088
20126,0,0.32205278
20127,0,0.4645572
20128,0,0.09619402
20129,0,0.48317462
20130,0,0.29470515
20131,0,0.3812682
20132,0,0.32571235
20133,0,0.23160805
20134,1,0.65344304
20135,0,0.36231536
20136,0,0.32610464
20137,0,0.19341348
20138,1,0.72559035
20139,0,0.34838256
20140,0,0.26863316
20141,1,0.45769957
20142,0,0.39470068
20143,1,0.8651552
20144,0,0.2349395
20145,0,0.44537634
20146,0,0.5113764
20147,0,0.13883343
20148,0,0.41407058
20149,1,0.90187216
20150,0,0.2674481
20151,0,0.2701834
20152,0,0.31176138
20153,0,0.7621966
20154,0,0.49835628
20155,0,0.30324784
20156,0,0.22794248
20157,0,0.4237082
20158,0,0.3897221
20159,1,0.46707734
20160,0,0.44668126
20161,0,0.84250396
20162,1,0.50761116
20163,0,0.8835293
20164,0,0.18605185
20165,0,0.2164328
20166,0,0.26392272
20167,0,0.9039931
20168,0,0.24772188
20169,0,0.28840253
20170,1,0.72910297
20171,0,0.52256614
20172,0,0.62235314
20173,1,0.6212951
20174,0,0.18279134
20175,0,0.19528928
20176,0,0.3321036
20177,0,0.16277528
20178,0,0.88272214
20179,0,0.45341083
20180,0,0.23141794
20181,1,0.8541168
20182,0,0.24823746
20183,0,0.2547335
20184,0,0.21841222
20185,0,0.29717767
20186,0,0.47633326
20187,1,0.9259877
20188,0,0.26307085
20189,0,0.3737987
20190,0,0.38063723
20191,0,0.28042397
20192,0,0.41968226
20193,0,0.3608536
20194,1,0.8757278
20195,0,0.58172077
20196,0,0.13789654
20197,1,0.603188
20198,0,0.43664172
20199,0,0.5587707
20200,0,0.8659236
20201,1,0.3796711
20202,1,0.8130322
20203,0,0.2601078
20204,0,0.41745928
20205,1,0.37317187
20206,0,0.37436712
20207,1,0.40123126
20208,0,0.48920536
20209,0,0.8066251
20210,0,0.50409424
20211,0,0.54468906
20212,0,0.22727472
20213,0,0.29517195
20214,1,0.35097757
20215,0,0.35764694
20216,1,0.75337666
20217,0,0.2835625
20218,0,0.1725272
20219,1,0.65739477
20220,0,0.108170524
20221,0,0.22735634
20222,0,0.339555
20223,0,0.87317675
20224,0,0.35257584
20225,0,0.24554376
20226,0,0.38348573
20227,0,0.44650552
20228,0,0.2573242
20229,1,0.9216966
20230,1,0.40102297
20231,0,0.12006373
20232,0,0.32451704
20233,0,0.4948356
20234,0,0.35428312
20235,0,0.19268791
20236,0,0.7219283
20237,0,0.3453177
20238,0,0.42598867
20239,0,0.14406039
20240,0,0.37176487
20241,1,0.66450745
20242,0,0.30655548
20243,0,0.6840871
20244,0,0.3448452
20245,1,0.85614073
20246,1,0.7710343
20247,1,0.84193283
20248,0,0.23416968
20249,1,0.95460516
20250,0,0.28293556
20251,1,0.55894953
20252,0,0.63927937
20253,0,0.24152473
20254,0,0.11997577
20255,0,0.18130031
20256,0,0.3012294
20257,0,0.37506115
20258,1,0.89430827
20259,0,0.2577926
20260,1,0.5742059
20261,0,0.4199531
20262,0,0.2924598
20263,1,0.29547703
20264,0,0.3319001
20265,1,0.4846452
20266,0,0.17685099
20267,0,0.37039703
20268,1,0.7676616
20269,0,0.11896259
20270,0,0.6265774
20271,0,0.35991025
20272,0,0.4520449
20273,0,0.4517402
20274,0,0.1676073
20275,1,0.37990618
20276,0,0.26669437
20277,0,0.38681164
20278,0,0.44275314
20279,1,0.5517691
20280,0,0.40886405
20281,1,0.879246
20282,0,0.44343907
20283,0,0.28430197
20284,0,0.63794166
20285,0,0.32294947
20286,0,0.30249137
20287,0,0.37558928
20288,0,0.28629345
20289,0,0.40204975
20290,0,0.46743494
20291,0,0.33108938
20292,0,0.48213616
20293,0,0.37142813
20294,0,0.35197118
20295,0,0.8438263
20296,0,0.2813563
20297,0,0.19695844
20298,0,0.59809107
20299,0,0.33950385
20300,0,0.5823536
20301,0,0.3958856
20302,1,0.44598126
20303,1,0.9245218
20304,0,0.52668995
20305,0,0.89949405
20306,0,0.54107827
20307,1,0.7370079
20308,1,0.85642284
20309,0,0.29315683
20310,0,0.46573767
20311,0,0.38439882
20312,1,0.7075779
20313,0,0.11958532
20314,0,0.23048468
20315,1,0.8673861
20316,0,0.6902924
20317,0,0.40955192
20318,0,0.389567
20319,1,0.59912276
20320,1,0.3167952
20321,0,0.42273474
20322,1,0.8947086
20323,1,0.54051876
20324,0,0.37396002
20325,1,0.42246488
20326,0,0.14562804
20327,0,0.34104642
20328,0,0.2199096
20329,1,0.51049495
20330,0,0.28961173
20331,0,0.272794
20332,0,0.11356108
20333,0,0.25087494
20334,0,0.3776704
20335,0,0.42848682
20336,0,0.19659966
20337,0,0.17623061
20338,1,0.17866874
20339,0,0.3717743
20340,1,0.41742617
20341,1,0.57533276
20342,1,0.51900893
20343,0,0.67719233
20344,0,0.27576196
20345,0,0.277458
20346,0,0.5204922
20347,0,0.39406696
20348,0,0.49504495
20349,0,0.21770823
20350,0,0.14837447
20351,0,0.86957437
20352,0,0.32244885
20353,0,0.24137667
20354,0,0.388097
20355,1,0.778072
20356,0,0.74812496
20357,0,0.22142035
20358,0,0.33093175
20359,0,0.233712
20360,0,0.8953537
20361,0,0.41351506
20362,0,0.3076264
20363,0,0.5935005
20364,0,0.64815414
20365,1,0.35674036
20366,1,0.85003346
20367,1,0.6200881
20368,0,0.37814805
20369,0,0.2872983
20370,1,0.6477858
20371,1,0.49998736
20372,1,0.8844662
20373,1,0.28453216
20374,1,0.4465794
20375,0,0.5146849
20376,0,0.37498587
20377,1,0.7262948
20378,0,0.3049944
20379,0,0.25711122
20380,1,0.8393368
20381,0,0.41871974
20382,1,0.8994246
20383,0,0.46881747
20384,0,0.3489335
20385,0,0.6469373
20386,0,0.27443108
20387,1,0.8594179
20388,0,0.20788328
20389,0,0.5374621
20390,0,0.5361954
20391,0,0.16662502
20392,1,0.40156928
20393,0,0.93324196
20394,0,0.93166107
20395,0,0.15505643
20396,0,0.42649382
20397,0,0.18005385
20398,0,0.35617816
20399,0,0.22970486
20400,1,0.6095505
20401,0,0.31623676
20402,0,0.37113047
20403,0,0.20110185
20404,0,0.22195746
20405,0,0.21299052
20406,0,0.19057749
20407,0,0.29039028
20408,0,0.5213187
20409,0,0.48325127
20410,0,0.4997005
20411,0,0.17623965
20412,0,0.20168461
20413,1,0.44717178
20414,0,0.34621018
20415,0,0.48022148
20416,0,0.37884408
20417,0,0.51623905
20418,0,0.64256877
20419,0,0.23794192
20420,0,0.58157665
20421,0,0.8834575
20422,1,0.9214339
20423,0,0.28864536
20424,1,0.2985981
20425,0,0.9130438
20426,1,0.8282486
20427,0,0.28592682
20428,0,0.34835607
20429,0,0.25387162
20430,0,0.5221455
20431,0,0.29304248
20432,0,0.29532087
20433,1,0.58292997
20434,0,0.24003212
20435,1,0.68901706
20436,0,0.20424825
20437,0,0.71447754
20438,1,0.46928975
20439,1,0.26345503
20440,0,0.20301649
20441,1,0.30860758
20442,0,0.5402424
20443,0,0.18922932
20444,0,0.5069446
20445,1,0.74869955
20446,1,0.9183952
20447,0,0.32604414
20448,0,0.34280553
20449,0,0.3348155
20450,0,0.28389236
20451,0,0.28313842
20452,0,0.8935669
20453,0,0.27034768
20454,0,0.5986385
20455,0,0.23610945
20456,1,0.8207111
20457,0,0.3299638
20458,0,0.44567946
20459,0,0.2635758
20460,0,0.22246785
20461,1,0.3770076
20462,1,0.6776243
20463,0,0.48146883
20464,0,0.6021858
20465,0,0.2839468
20466,0,0.1765969
20467,0,0.85902303
20468,1,0.9098065
20469,0,0.3437655
20470,0,0.12367991
20471,1,0.91160536
20472,0,0.7814456
20473,0,0.36939588
20474,0,0.48777738
20475,1,0.3019696
20476,0,0.3698505
20477,1,0.8939467
20478,1,0.87020224
20479,0,0.34970552
20480,1,0.9257032
20481,1,0.31319103
20482,1,0.6341479
20483,0,0.11967065
20484,0,0.19679295
20485,1,0.3290982
20486,0,0.35908082
20487,0,0.3058457
20488,0,0.39686236
20489,1,0.53933257
20490,1,0.6095505
20491,0,0.9042562
20492,0,0.12993917
20493,0,0.20489348
20494,0,0.46235207
20495,0,0.15889412
20496,0,0.25866836
20497,0,0.44601238
20498,0,0.64671546
20499,0,0.16414976
20500,0,0.7318311
20501,0,0.257465
20502,0,0.35347962
20503,0,0.29008988
20504,0,0.31134284
20505,0,0.42957103
20506,1,0.78761715
20507,0,0.5764672
20508,0,0.26893938
20509,1,0.568043
20510,0,0.24694322
20511,0,0.6235539
20512,0,0.32217267
20513,0,0.37808204
20514,0,0.5474185
20515,1,0.92492366
20516,0,0.27354243
20517,1,0.48204827
20518,0,0.20072697
20519,0,0.24145341
20520,0,0.37057188
20521,1,0.8501434
20522,0,0.54798144
20523,1,0.7650923
20524,0,0.30985215
20525,0,0.19231577
20526,0,0.16469118
20527,0,0.34035254
20528,0,0.47144347
20529,1,0.64962757
20530,1,0.17152284
20531,0,0.422071
20532,0,0.55773646
20533,1,0.7397617
20534,0,0.8883754
20535,0,0.20775405
20536,0,0.23587437
20537,0,0.1286759
20538,0,0.17709874
20539,1,0.9104343
20540,0,0.41021284
20541,0,0.2136556
20542,0,0.26908126
20543,0,0.49835628
20544,0,0.4034633
20545,1,0.24077968
20546,0,0.1778181
20547,1,0.9432114
20548,0,0.19257973
20549,0,0.33036634
20550,0,0.15236835
20551,1,0.90446395
20552,0,0.3072129
20553,1,0.88349795
20554,1,0.4285242
20555,0,0.28487644
20556,0,0.23042628
20557,0,0.6660811
20558,1,0.3513321
20559,0,0.1805014
20560,1,0.9029586
20561,0,0.28950337
20562,1,0.83173424
20563,1,0.7951837
20564,0,0.2970058
20565,0,0.583104
20566,0,0.18463956
20567,0,0.33792943
20568,0,0.49220914
20569,0,0.6666046
20570,0,0.21012548
20571,0,0.45067546
20572,0,0.38017243
20573,1,0.45328465
20574,0,0.33496797
20575,0,0.2633843
20576,0,0.25570434
20577,1,0.52822703
20578,0,0.16808668
20579,0,0.45781547
20580,0,0.3100698
20581,0,0.2653448
20582,0,0.2665784
20583,1,0.34517077
20584,0,0.29014516
20585,1,0.5611911
20586,0,0.317161
20587,0,0.49081376
20588,0,0.9295351
20589,0,0.26465237
20590,0,0.6018867
20591,0,0.1372324
20592,0,0.19111504
20593,0,0.51010907
20594,1,0.51384646
20595,0,0.41421506
20596,1,0.329064
20597,0,0.29904422
20598,0,0.3369929
20599,0,0.26854607
20600,0,0.21410199
20601,1,0.3595671
20602,0,0.35117155
20603,0,0.18472992
20604,0,0.4500785
20605,1,0.50953466
20606,0,0.47387418
20607,0,0.15552938
20608,0,0.42262027
20609,0,0.2703955
20610,1,0.8998205
20611,1,0.8825919
20612,0,0.23236637
20613,0,0.27475727
20614,0,0.32933378
20615,1,0.7390723
20616,1,0.8351248
20617,0,0.19435483
20618,0,0.2318493
20619,0,0.27986166
20620,0,0.31185657
20621,0,0.29122263
20622,0,0.31638774
20623,0,0.3360564
20624,0,0.3052234
20625,0,0.8251249
20626,1,0.66287524
20627,0,0.4505406
20628,0,0.29366815
20629,0,0.1330148
20630,0,0.14532374
20631,0,0.42291173
20632,0,0.20853797
20633,0,0.3651271
20634,0,0.4855321
20635,0,0.49789503
20636,0,0.44843096
20637,0,0.33844465
20638,1,0.34770688
20639,0,0.13913655
20640,0,0.35625395
20641,1,0.7335524
20642,0,0.112944394
20643,0,0.40963912
20644,0,0.64069897
20645,0,0.5378907
20646,0,0.35560548
20647,0,0.3208464
20648,0,0.5942908
20649,0,0.20517759
20650,0,0.3642658
20651,0,0.31143734
20652,0,0.2673741
20653,0,0.22628047
20654,0,0.31662062
20655,0,0.51223487
20656,1,0.61316746
20657,1,0.66259134
20658,0,0.38119212
20659,0,0.8193873
20660,0,0.29629776
20661,0,0.19209245
20662,1,0.8777322
20663,0,0.4114366
20664,0,0.6118346
20665,0,0.3717528
20666,0,0.37041035
20667,0,0.4973584
20668,0,0.28630054
20669,0,0.336788
20670,0,0.40760845
20671,0,0.19134285
20672,0,0.55894953
20673,1,0.8621638
20674,0,0.2723391
20675,0,0.239941
20676,1,0.34693432
20677,0,0.8344164
20678,0,0.3091064
20679,1,0.528926
20680,0,0.13095851
20681,1,0.43324834
20682,0,0.28995484
20683,0,0.57355
20684,1,0.91968656
20685,1,0.5604515
20686,0,0.68750983
20687,0,0.24880488
20688,1,0.31511953
20689,0,0.28830722
20690,0,0.1237353
20691,0,0.28029308
20692,0,0.34896734
20693,0,0.38214177
20694,1,0.4592572
20695,1,0.7259721
20696,1,0.5950282
20697,0,0.5812788
20698,1,0.92132175
20699,1,0.87246376
20700,0,0.18044464
20701,0,0.31796739
20702,0,0.19533062
20703,1,0.85287637
20704,1,0.25484052
20705,0,0.11216881
20706,1,0.7363684
20707,1,0.857481
20708,0,0.2380367
20709,1,0.3448452
20710,0,0.3035392
20711,0,0.7591763
20712,1,0.29110822
20713,0,0.17454281
20714,0,0.2799015
20715,0,0.12541828
20716,1,0.424202
20717,0,0.37136477
20718,1,0.28671905
20719,0,0.29926702
20720,0,0.29833373
20721,0,0.7765886
20722,0,0.3019313
20723,0,0.11396101
20724,0,0.45836633
20725,1,0.92076665
20726,0,0.2858107
20727,1,0.9362673
20728,0,0.6573964
20729,1,0.34497002
20730,1,0.8704004
20731,0,0.3448452
20732,0,0.4610512
20733,0,0.32225728
20734,1,0.31853437
20735,0,0.30922613
20736,1,0.3965076
20737,1,0.65713197
20738,0,0.49323422
20739,0,0.65167624
20740,1,0.8992082
20741,0,0.22357889
20742,1,0.641876
20743,1,0.6931248
20744,0,0.3179815
20745,0,0.22101004
20746,0,0.6137518
20747,1,0.5434149
20748,0,0.5353195
20749,0,0.25318494
20750,0,0.222851
20751,1,0.9157594
20752,0,0.49310142
20753,0,0.22665396
20754,1,0.9207544
20755,0,0.64223886
20756,0,0.36542326
20757,0,0.105092
20758,0,0.13495205
20759,0,0.46958455
20760,0,0.3082654
20761,0,0.39791393
20762,0,0.20005502
20763,0,0.18751936
20764,0,0.22459099
20765,0,0.45936075
20766,0,0.6461239
20767,1,0.7557706
20768,0,0.5488493
20769,1,0.54260474
20770,1,0.3663378
20771,0,0.4477263
20772,0,0.2897344
20773,0,0.26244515
20774,0,0.4109234
20775,0,0.36675888
20776,0,0.38887084
20777,0,0.14200103
20778,0,0.19775893
20779,0,0.27147728
20780,0,0.10185595
20781,1,0.7613738
20782,0,0.1232214
20783,1,0.3207368
20784,1,0.71783817
20785,1,0.46744588
20786,1,0.3483659
20787,0,0.2344339
20788,0,0.49451533
20789,0,0.24945872
20790,0,0.39960626
20791,0,0.3128058
20792,0,0.79601246
20793,0,0.18433267
20794,0,0.29749787
20795,1,0.8751128
20796,1,0.4766129
20797,0,0.5303258
20798,1,0.23211601
20799,0,0.28319547
20800,0,0.48201603
20801,1,0.88599914
20802,0,0.37082148
20803,1,0.38829002
20804,0,0.25174066
20805,1,0.11874222
20806,0,0.5568295
20807,0,0.4958766
20808,1,0.509333
20809,1,0.85170054
20810,0,0.190221
20811,0,0.29311618
20812,0,0.92826074
20813,0,0.4846022
20814,0,0.37571743
20815,0,0.27993938
20816,0,0.29360318
20817,0,0.15031329
20818,0,0.21076559
20819,0,0.26257998
20820,1,0.48484895
20821,0,0.31715357
20822,0,0.59480923
20823,0,0.3111321
20824,1,0.5041478
20825,0,0.3058784
20826,0,0.27176383
20827,0,0.3298747
20828,0,0.3183208
20829,0,0.3162975
20830,0,0.29380646
20831,0,0.4043365
20832,0,0.26205942
20833,1,0.9259129
20834,0,0.1979224
20835,0,0.19701876
20836,0,0.26770017
20837,0,0.26065192
20838,1,0.7396008
20839,0,0.1803352
20840,1,0.92875385
20841,0,0.24007963
20842,0,0.252475
20843,0,0.29568243
20844,1,0.18000099
20845,0,0.24231522
20846,0,0.3623295
20847,0,0.38438973
20848,1,0.7898716
20849,0,0.22005261
20850,0,0.56741315
20851,0,0.45486286
20852,0,0.1321838
20853,1,0.53791803
20854,0,0.40960297
20855,0,0.35056323
20856,0,0.31779873
20857,0,0.4044627
20858,0,0.37336454
20859,0,0.2341882
20860,0,0.20551598
20861,0,0.24814773
20862,0,0.14585142
20863,0,0.53052926
20864,1,0.8796603
20865,1,0.47098413
20866,0,0.30902675
20867,0,0.21198998
20868,0,0.61362123
20869,1,0.42993614
20870,0,0.65566254
20871,0,0.7584729
20872,0,0.17614675
20873,0,0.27670527
20874,0,0.21172012
20875,0,0.32713383
20876,1,0.21391785
20877,0,0.24138916
20878,0,0.6734533
20879,0,0.37807456
20880,0,0.2987906
20881,0,0.2601442
20882,0,0.2661657
20883,1,0.40750563
20884,0,0.7734364
20885,1,0.76737535
20886,0,0.24806353
20887,0,0.643982
20888,1,0.8674206
20889,1,0.8581163
20890,0,0.5915875
20891,0,0.25565812
20892,1,0.5970409
20893,0,0.43887877
20894,0,0.44959345
20895,1,0.536341
20896,0,0.35400814
20897,0,0.32896632
20898,1,0.25464728
20899,0,0.3059606
20900,0,0.09417991
20901,0,0.49007845
20902,0,0.2665667
20903,0,0.606528
20904,0,0.24282447
20905,0,0.14530729
20906,0,0.37035626
20907,1,0.8391822
20908,0,0.16995797
20909,0,0.4120595
20910,0,0.3626855
20911,0,0.45353132
20912,1,0.81055945
20913,0,0.5918006
20914,0,0.7956013
20915,1,0.92497987
20916,0,0.35420528
20917,0,0.35532168
20918,0,0.4191464
20919,0,0.29300013
20920,0,0.24605525
20921,0,0.27025345
20922,1,0.57770187
20923,0,0.38724735
20924,0,0.45863336
20925,0,0.3999557
20926,0,0.16421497
20927,1,0.88103324
20928,0,0.118273
20929,0,0.61521673
20930,0,0.5543517
20931,0,0.3616582
20932,0,0.86899424
20933,0,0.57160634
20934,0,0.20764536
20935,1,0.94224423
20936,0,0.3930717
20937,0,0.13857079
20938,1,0.90217507
20939,0,0.18656446
20940,0,0.14705582
20941,1,0.50033426
20942,0,0.37986186
20943,0,0.27860826
20944,0,0.5439071
20945,0,0.26081574
20946,0,0.21813913
20947,0,0.19616732
20948,0,0.35667554
20949,0,0.31139004
20950,1,0.9179087
20951,0,0.15282454
20952,0,0.4166174
20953,0,0.85781753
20954,0,0.36099198
20955,0,0.31063896
20956,0,0.29995584
20957,0,0.48306215
20958,0,0.15277433
20959,0,0.33573928
20960,0,0.16212565
20961,0,0.31956393
20962,0,0.2618185
20963,1,0.8932304
20964,1,0.4961367
20965,0,0.2266935
20966,0,0.108431906
20967,0,0.14388096
20968,0,0.52352744
20969,0,0.6864675
20970,1,0.5405494
20971,0,0.37543064
20972,0,0.40472388
20973,0,0.51436657
20974,0,0.23098311
20975,0,0.33161426
20976,0,0.10807399
20977,0,0.34410924
20978,1,0.69843
20979,1,0.6086712
20980,0,0.11575606
20981,0,0.33513078
20982,0,0.22230387
20983,0,0.34470367
20984,0,0.86860865
20985,0,0.1699622
20986,0,0.20410047
20987,0,0.24156146
20988,0,0.21018879
20989,1,0.46249753
20990,1,0.35526103
20991,0,0.31515592
20992,0,0.13971466
20993,0,0.34999108
20994,0,0.33134553
20995,0,0.25909242
20996,0,0.19592707
20997,0,0.37415707
20998,0,0.4692495
20999,1,0.7819218
21000,0,0.29332018
21001,0,0.16592516
21002,1,0.71086013
21003,0,0.29300618
21004,1,0.88215417
21005,1,0.9300879
21006,1,0.6095505
21007,0,0.35780525
21008,0,0.25820237
21009,0,0.39058706
21010,0,0.42127177
21011,0,0.35392976
21012,1,0.45697471
21013,0,0.8823894
21014,1,0.80787814
21015,0,0.84794074
21016,0,0.50112474
21017,0,0.32663527
21018,0,0.3525028
21019,1,0.65747875
21020,0,0.15274449
21021,0,0.38706368
21022,0,0.89179444
21023,0,0.2267747
21024,1,0.8860898
21025,0,0.37494197
21026,0,0.9229562
21027,0,0.23865381
21028,0,0.58689606
21029,0,0.58378524
21030,0,0.19207172
21031,1,0.61603826
21032,1,0.16078556
21033,1,0.7218593
21034,1,0.5428136
21035,1,0.8216277
21036,0,0.18056193
21037,1,0.60481584
21038,1,0.91678226
21039,0,0.32727945
21040,0,0.11183385
21041,0,0.23321632
21042,0,0.2162613
21043,1,0.31757072
21044,0,0.23521505
21045,0,0.2736038
21046,0,0.2179805
21047,1,0.395558
21048,1,0.59676707
21049,0,0.4780398
21050,1,0.4164353
21051,1,0.92539895
21052,0,0.52879226
21053,0,0.1071708
21054,0,0.50524855
21055,0,0.17745116
21056,0,0.37664708
21057,0,0.33188066
21058,0,0.15339078
21059,0,0.32188305
21060,1,0.9136882
21061,0,0.28325212
21062,0,0.32503614
21063,1,0.90853894
21064,0,0.55741316
21065,0,0.37121296
21066,1,0.8514125
21067,0,0.36231536
21068,0,0.15446556
21069,0,0.37900528
21070,0,0.33163
21071,0,0.710674
21072,0,0.69984347
21073,0,0.372087
21074,0,0.40920222
21075,0,0.34322968
21076,1,0.5306673
21077,0,0.22665396
21078,0,0.93244976
21079,1,0.9290397
21080,0,0.50052184
21081,0,0.4448938
21082,0,0.5023971
21083,0,0.14578699
21084,0,0.44415054
21085,0,0.27195823
21086,1,0.50464934
21087,0,0.23381868
21088,0,0.46371868
21089,0,0.6253764
21090,0,0.14945775
21091,0,0.6514761
21092,1,0.9223072
21093,0,0.3211149
21094,0,0.19656649
21095,0,0.6677132
21096,0,0.305836
21097,0,0.3546125
21098,0,0.55490464
21099,0,0.21333238
21100,0,0.3606198
21101,0,0.41033685
21102,0,0.8856235
21103,0,0.23692307
21104,0,0.3398596
21105,0,0.2691462
21106,0,0.35443407
21107,0,0.27160814
21108,0,0.6007204
21109,0,0.2722284
21110,0,0.2760401
21111,0,0.33317536
21112,0,0.35544506
21113,1,0.85620135
21114,0,0.18655795
21115,0,0.15599094
21116,0,0.3785972
21117,0,0.38893417
21118,0,0.12613204
21119,0,0.5422792
21120,1,0.60441446
21121,0,0.29802954
21122,0,0.7800273
21123,0,0.3277409
21124,1,0.8571625
21125,0,0.2526636
21126,0,0.18516444
21127,0,0.24218571
21128,0,0.3200917
21129,0,0.5506328
21130,0,0.54979616
21131,0,0.20396942
21132,0,0.22984448
21133,0,0.58077407
21134,0,0.4274016
21135,0,0.4532842
21136,0,0.32136723
21137,0,0.35886562
21138,0,0.36489236
21139,0,0.32787704
21140,0,0.5546312
21141,1,0.72760445
21142,0,0.51792777
21143,0,0.23063672
21144,0,0.30087045
21145,0,0.6210042
21146,0,0.18438181
21147,0,0.4873235
21148,1,0.29179364
21149,1,0.90269184
21150,1,0.29046056
21151,0,0.9122687
21152,0,0.6026081
21153,0,0.458589
21154,0,0.502089
21155,0,0.27087137
21156,0,0.35050875
21157,1,0.89825916
21158,0,0.44386268
21159,0,0.35172206
21160,0,0.18394987
21161,0,0.49816427
21162,0,0.30444226
21163,0,0.2878779
21164,1,0.39438358
21165,0,0.34296402
21166,0,0.50357443
21167,0,0.4242208
21168,0,0.26501063
21169,1,0.58608484
21170,0,0.5318316
21171,0,0.21212481
21172,0,0.15137947
21173,1,0.9117739
21174,0,0.17993256
21175,1,0.26912126
21176,0,0.9373377
21177,0,0.3129504
21178,0,0.83375686
21179,0,0.1431977
21180,0,0.25148487
21181,0,0.40391785
21182,0,0.1731121
21183,0,0.36021137
21184,1,0.61053747
21185,0,0.24703741
21186,1,0.3703568
21187,0,0.5401788
21188,0,0.10611152
21189,0,0.5995128
21190,0,0.66226566
21191,0,0.21307594
21192,1,0.32704756
21193,0,0.46678853
21194,0,0.352211
21195,0,0.26244515
21196,1,0.3818658
21197,0,0.6070954
21198,0,0.41216013
21199,0,0.5951768
21200,0,0.64837074
21201,0,0.5181026
21202,0,0.1806726
21203,0,0.24123146
21204,0,0.22583024
21205,1,0.74717075
21206,0,0.52003694
21207,0,0.31051204
21208,0,0.45783576
21209,0,0.7335224
21210,0,0.2770143
21211,0,0.29244906
21212,0,0.18927072
21213,0,0.34077424
21214,0,0.28671795
21215,0,0.17772034
21216,0,0.36281362
21217,0,0.11007639
21218,0,0.39291838
21219,0,0.7065163
21220,0,0.5793463
21221,0,0.39299452
21222,0,0.24799906
21223,1,0.8912404
21224,1,0.7775511
21225,1,0.36028823
21226,1,0.84875464
21227,0,0.28414577
21228,0,0.34981936
21229,1,0.9166304
21230,0,0.26115543
21231,0,0.18373847
21232,0,0.18578203
21233,0,0.23136096
21234,1,0.51896656
21235,0,0.309742
21236,0,0.19457999
21237,0,0.19598405
21238,0,0.43560258
21239,0,0.6219677
21240,0,0.38572583
21241,0,0.28839552
21242,0,0.16823423
21243,0,0.9001622
21244,0,0.23193371
21245,0,0.41173944
21246,0,0.26872632
21247,0,0.14989875
21248,0,0.33053344
21249,0,0.35950965
21250,0,0.48968336
21251,1,0.67374206
21252,0,0.39777434
21253,1,0.43738806
21254,1,0.52001005
21255,0,0.28271964
21256,0,0.24945872
21257,1,0.40015095
21258,0,0.23915868
21259,0,0.34991863
21260,0,0.4722608
21261,0,0.6089273
21262,0,0.3400654
21263,0,0.2886936
21264,0,0.37973702
21265,0,0.20117073
21266,1,0.28457
21267,1,0.56549245
21268,1,0.37312505
21269,0,0.14189526
21270,0,0.27243543
21271,1,0.6932187
21272,0,0.36180362
21273,0,0.77891695
21274,0,0.38444373
21275,0,0.5821323
21276,1,0.78190815
21277,0,0.26927432
21278,1,0.91906774
21279,0,0.33244598
21280,0,0.30917266
21281,0,0.3834558
21282,0,0.29159063
21283,0,0.5265527
21284,0,0.30811602
21285,0,0.14477114
21286,0,0.48319325
21287,1,0.58608484
21288,0,0.21075863
21289,0,0.22644475
21290,1,0.58689606
21291,0,0.3229347
21292,1,0.8776923
21293,0,0.19450988
21294,0,0.24616726
21295,0,0.2774668
21296,0,0.37124604
21297,1,0.2884211
21298,0,0.22367121
21299,0,0.5787628
21300,1,0.9159533
21301,0,0.86799544
21302,0,0.36345693
21303,1,0.74044174
21304,0,0.4860894
21305,1,0.56536794
21306,1,0.35361353
21307,0,0.3353738
21308,0,0.31374496
21309,0,0.8724864
21310,0,0.21874887
21311,0,0.478993
21312,0,0.18665646
21313,1,0.9322613
21314,0,0.7282105
21315,0,0.40353724
21316,0,0.2600085
21317,0,0.19307597
21318,1,0.37049773
21319,0,0.5558225
21320,0,0.5153978
21321,0,0.21930219
21322,0,0.2646604
21323,0,0.3476311
21324,0,0.24300386
21325,0,0.23739058
21326,1,0.31816927
21327,0,0.21551289
21328,0,0.26509318
21329,0,0.49466032
21330,1,0.5103115
21331,0,0.17748785
21332,0,0.22931443
21333,0,0.11613205
21334,1,0.437424
21335,0,0.48160914
21336,0,0.91581357
21337,0,0.41256028
21338,0,0.13528168
21339,0,0.32074213
21340,1,0.87843746
21341,1,0.8582845
21342,0,0.32243142
21343,0,0.72260195
21344,0,0.3630811
21345,0,0.56193316
21346,0,0.3024363
21347,1,0.4932787
21348,1,0.8932616
21349,0,0.11596348
21350,0,0.15172921
21351,1,0.36056492
21352,0,0.39541167
21353,0,0.53658056
21354,0,0.37912217
21355,0,0.5414264
21356,0,0.49804065
21357,1,0.41227955
21358,0,0.18259473
21359,0,0.35807577
21360,1,0.8058026
21361,1,0.5056565
21362,0,0.605608
21363,0,0.40474394
21364,0,0.33309773
21365,0,0.41801468
21366,0,0.09425716
21367,1,0.33125436
21368,0,0.4753125
21369,0,0.46328998
21370,1,0.3300587
21371,1,0.35882017
21372,0,0.5072695
21373,0,0.15054467
21374,0,0.4058131
21375,0,0.5203099
21376,0,0.8218884
21377,0,0.41206288
21378,1,0.9176289
21379,0,0.23630452
21380,1,0.30093917
21381,0,0.8455051
21382,0,0.40067148
21383,0,0.5493803
21384,0,0.8367572
21385,0,0.23435107
21386,1,0.80405253
21387,1,0.64962757
21388,0,0.3166633
21389,0,0.29708272
21390,0,0.2376551
21391,0,0.19749783
21392,0,0.35641283
21393,0,0.3217486
21394,0,0.33729476
21395,0,0.49685484
21396,0,0.49371025
21397,0,0.26118076
21398,1,0.68534994
21399,1,0.7141649
21400,1,0.542496
21401,0,0.39206457
21402,0,0.48722312
21403,0,0.38618988
21404,0,0.4859101
21405,0,0.23601465
21406,0,0.43674242
21407,0,0.19221696
21408,0,0.2981274
21409,0,0.24782668
21410,0,0.528264
21411,1,0.49765953
21412,0,0.19488022
21413,0,0.5740731
21414,0,0.80109435
21415,0,0.49035782
21416,1,0.30725238
21417,0,0.30194873
21418,0,0.89126956
21419,1,0.45637417
21420,0,0.17526841
21421,0,0.29090482
21422,0,0.82774794
21423,0,0.37560302
21424,1,0.37298203
21425,0,0.72055835
21426,0,0.41518846
21427,0,0.16104169
21428,0,0.09814894
21429,1,0.8664486
21430,0,0.6321948
21431,0,0.7031227
21432,0,0.42328817
21433,1,0.7628055
21434,0,0.32983917
21435,1,0.39586237
21436,1,0.90450233
21437,0,0.35697305
21438,0,0.2775657
21439,0,0.34939617
21440,0,0.20858924
21441,0,0.1958049
21442,0,0.2505122
21443,0,0.7317602
21444,1,0.85582197
21445,0,0.38390267
21446,0,0.32191294
21447,0,0.29447904
21448,0,0.24361654
21449,0,0.32408097
21450,0,0.71158534
21451,0,0.64962757
21452,0,0.37782785
21453,0,0.4292676
21454,0,0.2926177
21455,0,0.29783553
21456,0,0.34818617
21457,0,0.15319516
21458,1,0.9095311
21459,0,0.5838316
21460,1,0.42155927
21461,0,0.45984426
21462,0,0.32082954
21463,1,0.922507
21464,0,0.123176076
21465,0,0.18687718
21466,0,0.3329697
21467,0,0.42784935
21468,0,0.18762918
21469,0,0.3143187
21470,0,0.18778071
21471,0,0.5166124
21472,0,0.5753519
21473,1,0.59246004
21474,0,0.35347107
21475,0,0.19992104
21476,0,0.41889948
21477,0,0.3427222
21478,0,0.42774415
21479,0,0.30589685
21480,0,0.27986634
21481,1,0.91106904
21482,0,0.34218854
21483,0,0.19124308
21484,0,0.44997004
21485,0,0.2395163
21486,0,0.34252298
21487,0,0.68766963
21488,0,0.110613264
21489,0,0.4946539
21490,0,0.5340375
21491,0,0.25034606
21492,1,0.3940148
21493,0,0.4041344
21494,1,0.93401206
21495,0,0.3188182
21496,1,0.9317816
21497,0,0.30116087
21498,0,0.38533783
21499,0,0.22585851
21500,0,0.20842633
21501,0,0.8941942
21502,1,0.9202591
21503,0,0.28925446
21504,0,0.32705817
21505,1,0.7542957
21506,0,0.31854266
21507,0,0.54078364
21508,0,0.3480405
21509,0,0.5686743
21510,0,0.20958555
21511,0,0.52104723
21512,0,0.22336656
21513,0,0.2771623
21514,0,0.19298704
21515,0,0.2668055
21516,1,0.58608484
21517,0,0.38040125
21518,0,0.14870232
21519,0,0.17084329
21520,1,0.8772668
21521,0,0.14983018
21522,0,0.45331067
21523,0,0.2604863
21524,0,0.39129588
21525,0,0.32765475
21526,0,0.55415285
21527,0,0.85699576
21528,0,0.3484371
21529,0,0.26344278
21530,0,0.52039903
21531,0,0.19954123
21532,1,0.73825586
21533,0,0.27149984
21534,1,0.86370564
21535,1,0.7465721
21536,0,0.6137056
21537,0,0.3067926
21538,0,0.2567804
21539,1,0.35591662
21540,0,0.17679745
21541,0,0.3617004
21542,0,0.2266603
21543,0,0.26210192
21544,1,0.8902728
21545,0,0.36691707
21546,0,0.36236665
21547,0,0.31025404
21548,0,0.40430906
21549,0,0.15102321
21550,1,0.8881612
21551,1,0.3754099
21552,1,0.8483568
21553,0,0.50311106
21554,1,0.3042648
21555,0,0.13175815
21556,0,0.29711822
21557,1,0.80322224
21558,0,0.19185272
21559,0,0.43446705
21560,0,0.27409092
21561,0,0.7429614
21562,1,0.86034095
21563,0,0.30099759
21564,0,0.16958444
21565,0,0.4091108
21566,0,0.3580449
21567,0,0.17985156
21568,0,0.50311106
21569,1,0.9128324
21570,0,0.3634899
21571,0,0.4052138
21572,1,0.92391175
21573,0,0.3753415
21574,0,0.3870254
21575,0,0.41163453
21576,0,0.17894953
21577,1,0.46294388
21578,0,0.24366502
21579,0,0.10790278
21580,0,0.41735095
21581,0,0.30330372
21582,0,0.11464617
21583,1,0.9208504
21584,0,0.35646597
21585,0,0.18773688
21586,1,0.73577785
21587,0,0.4439928
21588,0,0.22024962
21589,0,0.37478805
21590,1,0.32058996
21591,0,0.45841333
21592,1,0.8244146
21593,1,0.4129298
21594,0,0.25785914
21595,0,0.24958892
21596,0,0.59817153
21597,0,0.5320532
21598,0,0.22097133
21599,0,0.36616108
21600,0,0.5112611
21601,0,0.5197348
21602,0,0.47588572
21603,0,0.30278075
21604,0,0.41379404
21605,0,0.29952487
21606,0,0.266118
21607,0,0.11827563
21608,1,0.6165892
21609,1,0.880698
21610,1,0.92954683
21611,0,0.41216484
21612,1,0.65185785
21613,0,0.5981802
21614,0,0.17571506
21615,0,0.3278074
21616,0,0.49148068
21617,0,0.49907297
21618,0,0.57481366
21619,0,0.33335707
21620,1,0.2829073
21621,1,0.9105381
21622,0,0.1849786
21623,0,0.38334057
21624,1,0.38358724
21625,0,0.44683677
21626,0,0.24065593
21627,0,0.21525782
21628,0,0.18450283
21629,0,0.6686429
21630,0,0.45685455
21631,0,0.73277813
21632,1,0.5928295
21633,0,0.34987038
21634,1,0.6341479
21635,0,0.19539063
21636,1,0.9232649
21637,1,0.46485582
21638,1,0.92016137
21639,0,0.2401557
21640,0,0.3983629
21641,0,0.17355491
21642,1,0.66978306
21643,1,0.65866476
21644,1,0.44059268
21645,0,0.26832685
21646,0,0.37628508
21647,1,0.46840087
21648,0,0.13851398
21649,1,0.6182736
21650,0,0.43947613
21651,0,0.24013227
21652,0,0.6353889
21653,1,0.70887995
21654,0,0.5075043
21655,0,0.2746843
21656,0,0.21773884
21657,1,0.8367254
21658,0,0.31131977
21659,0,0.13871068
21660,0,0.3394532
21661,0,0.18803412
21662,1,0.4671921
21663,0,0.62456834
21664,1,0.8821096
21665,0,0.42054054
21666,0,0.35015014
21667,0,0.3426536
21668,0,0.3099244
21669,0,0.45277947
21670,0,0.25219116
21671,0,0.36745507
21672,0,0.3733117
21673,0,0.47039244
21674,0,0.28818527
21675,0,0.44175604
21676,1,0.3937799
21677,1,0.8796657
21678,0,0.40468866
21679,0,0.7120367
21680,0,0.3372889
21681,0,0.37426627
21682,1,0.49062225
21683,0,0.26256678
21684,0,0.29521966
21685,1,0.9181242
21686,0,0.48985922
21687,0,0.2355569
21688,0,0.21007675
21689,0,0.2008881
21690,0,0.33970028
21691,0,0.21980496
21692,0,0.51166356
21693,1,0.35701206
21694,0,0.3778271
21695,0,0.5873461
21696,0,0.2925956
21697,0,0.12650219
21698,1,0.8249201
21699,0,0.2873221
21700,0,0.09366221
21701,0,0.3888237
21702,0,0.5079327
21703,0,0.34864914
21704,0,0.46374103
21705,0,0.083382174
21706,0,0.3601479
21707,1,0.17774662
21708,1,0.87234163
21709,1,0.76901925
21710,0,0.33481702
21711,0,0.723665
21712,0,0.57203734
21713,0,0.3641892
21714,1,0.91958654
21715,0,0.26273933
21716,0,0.31357467
21717,0,0.921888
21718,1,0.8985893
21719,0,0.46033782
21720,0,0.32477367
21721,0,0.39124292
21722,0,0.1521771
21723,0,0.37065065
21724,0,0.3776704
21725,0,0.3710625
21726,0,0.2774485
21727,0,0.18792567
21728,0,0.29945025
21729,0,0.10282057
21730,0,0.31893623
21731,0,0.4314271
21732,0,0.2887946
21733,1,0.68533266
21734,1,0.48137045
21735,0,0.6295485
21736,0,0.51273173
21737,0,0.45463723
21738,1,0.3127498
21739,0,0.3448452
21740,0,0.16800739
21741,0,0.2538135
21742,1,0.56041485
21743,0,0.31262654
21744,0,0.3380926
21745,0,0.2494216
21746,0,0.16710483
21747,0,0.8752323
21748,1,0.7091095
21749,0,0.5864898
21750,0,0.18055134
21751,1,0.7825028
21752,0,0.5439576
21753,0,0.6720325
21754,1,0.8653855
21755,0,0.58832425
21756,0,0.9311417
21757,0,0.17746738
21758,0,0.37508425
21759,1,0.28474614
21760,0,0.25137872
21761,0,0.3887098
21762,0,0.2798865
21763,0,0.28365928
21764,0,0.14338921
21765,0,0.3064245
21766,0,0.58689606
21767,0,0.34923768
21768,0,0.17825998
21769,0,0.2508555
21770,1,0.26232776
21771,0,0.38207743
21772,1,0.52763224
21773,0,0.3049135
21774,0,0.51713777
21775,0,0.43259865
21776,1,0.3786408
21777,0,0.5152868
21778,0,0.35671815
21779,0,0.41969547
21780,0,0.6835007
21781,0,0.31999937
21782,1,0.8637425
21783,0,0.21745129
21784,1,0.6231101
21785,0,0.38499248
21786,0,0.128279
21787,0,0.13758306
21788,0,0.35128206
21789,0,0.87380743
21790,0,0.37623736
21791,1,0.8967815
21792,0,0.2050735
21793,0,0.37833986
21794,0,0.16335675
21795,0,0.323346
21796,1,0.64757496
21797,0,0.3727842
21798,0,0.29858682
21799,1,0.6094948
21800,0,0.3055987
21801,0,0.40467033
21802,0,0.51193637
21803,0,0.5389062
21804,1,0.30971894
21805,0,0.37022606
21806,0,0.38658148
21807,0,0.50977665
21808,1,0.32655686
21809,0,0.2051209
21810,0,0.41068214
21811,0,0.3952244
21812,0,0.28552574
21813,0,0.38050523
21814,1,0.64604324
21815,0,0.27007577
21816,0,0.48319325
21817,0,0.27873337
21818,0,0.2499229
21819,0,0.4006213
21820,0,0.38180253
21821,0,0.40606934
21822,0,0.3694222
21823,0,0.43989143
21824,0,0.54678833
21825,0,0.1982106
21826,0,0.42270228
21827,0,0.4729599
21828,0,0.80302393
21829,0,0.75764835
21830,0,0.64123267
21831,1,0.4972966
21832,0,0.29119045
21833,0,0.4078497
21834,1,0.9131455
21835,1,0.5648946
21836,0,0.41531578
21837,0,0.35397354
21838,1,0.43239072
21839,0,0.3954497
21840,0,0.25088504
21841,0,0.5800482
21842,0,0.31185532
21843,1,0.75035965
21844,0,0.8596282
21845,0,0.36395267
21846,0,0.2875176
21847,0,0.18682289
21848,0,0.39036572
21849,1,0.8623825
21850,0,0.29723987
21851,1,0.91475403
21852,0,0.30586636
21853,0,0.22051236
21854,0,0.22116062
21855,0,0.34542602
21856,0,0.3121159
21857,0,0.40529507
21858,0,0.43475774
21859,0,0.85440063
21860,0,0.38021836
21861,0,0.24987441
21862,0,0.70008683
21863,1,0.5598337
21864,0,0.14448112
21865,0,0.5934595
21866,0,0.36181498
21867,1,0.65122056
21868,0,0.82648474
21869,0,0.38371634
21870,0,0.49698254
21871,0,0.32547545
21872,0,0.26523578
21873,0,0.38466343
21874,1,0.60642433
21875,0,0.7106807
21876,0,0.27113348
21877,0,0.37342975
21878,0,0.80659586
21879,0,0.4565943
21880,0,0.41264698
21881,0,0.50563014
21882,0,0.47341362
21883,1,0.8634608
21884,0,0.425073
21885,0,0.19759338
21886,0,0.3776481
21887,0,0.0991961
21888,0,0.28360912
21889,0,0.87295985
21890,0,0.3204362
21891,0,0.26390177
21892,0,0.5428136
21893,0,0.36385837
21894,0,0.18080539
21895,0,0.26314718
21896,1,0.88428915
21897,0,0.1821178
21898,0,0.6167153
21899,0,0.39156732
21900,0,0.40018612
21901,1,0.35676596
21902,0,0.21004362
21903,0,0.19447146
21904,0,0.4514789
21905,0,0.2376834
21906,0,0.40807927
21907,1,0.89219534
21908,1,0.41131744
21909,0,0.4618062
21910,0,0.2630914
21911,0,0.3344798
21912,1,0.5593721
21913,0,0.43793425
21914,0,0.7157292
21915,0,0.26770407
21916,1,0.6538757
21917,1,0.8740962
21918,1,0.5027301
21919,0,0.27019387
21920,0,0.17091851
21921,0,0.21332161
21922,0,0.31667393
21923,0,0.21392542
21924,0,0.4470874
21925,1,0.6539537
21926,1,0.4703187
21927,0,0.5794245
21928,0,0.3089792
21929,1,0.25663498
21930,0,0.31658623
21931,1,0.34514418
21932,0,0.44006035
21933,0,0.3944446
21934,0,0.3247294
21935,0,0.23812245
21936,1,0.7679644
21937,0,0.16523694
21938,1,0.36568898
21939,0,0.31940758
21940,0,0.27275565
21941,0,0.54136795
21942,0,0.30143854
21943,0,0.40906933
21944,0,0.23130228
21945,0,0.33494693
21946,0,0.32206392
21947,0,0.35227945
21948,1,0.66402197
21949,0,0.33752057
21950,1,0.40389332
21951,0,0.5173291
21952,1,0.37752274
21953,0,0.17606106
21954,0,0.32631278
21955,0,0.35105398
21956,1,0.9050036
21957,0,0.19501911
21958,0,0.31351763
21959,0,0.26610017
21960,1,0.31904793
21961,0,0.17865536
21962,0,0.24934986
21963,0,0.39368054
21964,0,0.13997215
21965,0,0.27848777
21966,0,0.30266
21967,1,0.5089455
21968,0,0.11580469
21969,0,0.7107408
21970,1,0.37201345
21971,1,0.33340827
21972,0,0.8010347
21973,1,0.61753535
21974,0,0.26957077
21975,0,0.15168653
21976,0,0.3831229
21977,0,0.28788233
21978,0,0.44082338
21979,1,0.89876914
21980,1,0.27512246
21981,0,0.20678094
21982,0,0.4172686
21983,0,0.3398334
21984,0,0.31904215
21985,1,0.94540715
21986,0,0.13968569
21987,1,0.5815467
21988,0,0.2327013
21989,0,0.2125365
21990,0,0.2811729
21991,0,0.6459349
21992,0,0.39391828
21993,0,0.33077747
21994,0,0.49377075
21995,0,0.19152358
21996,0,0.9088375
21997,1,0.6880508
21998,0,0.41550785
21999,0,0.52495223
22000,1,0.50001454
22001,0,0.1393677
22002,0,0.09138847
22003,0,0.36957628
22004,0,0.2742852
22005,0,0.24591392
22006,0,0.37827906
22007,0,0.26715457
22008,0,0.21137132
22009,0,0.23596577
22010,0,0.35596776
22011,0,0.2595426
22012,0,0.33814576
22013,1,0.7460937
22014,0,0.43882772
22015,1,0.6123351
22016,0,0.6100559
22017,0,0.36672243
22018,1,0.4447814
22019,1,0.8474966
22020,0,0.7261106
22021,0,0.39281237
22022,1,0.467383
22023,1,0.82526624
22024,1,0.61114806
22025,0,0.82033575
22026,0,0.19100185
22027,0,0.27808058
22028,1,0.19819564
22029,0,0.25032976
22030,0,0.44413763
22031,0,0.35802197
22032,0,0.17680994
22033,0,0.15915772
22034,0,0.2692053
22035,0,0.18493472
22036,0,0.7918713
22037,0,0.44050846
22038,1,0.52824783
22039,0,0.81064934
22040,0,0.4094328
22041,1,0.90661037
22042,0,0.35481536
22043,1,0.4848282
22044,1,0.15536886
22045,0,0.23786107
22046,1,0.8694467
22047,0,0.11771728
22048,0,0.19215296
22049,1,0.19360086
22050,1,0.37672597
22051,0,0.30512258
22052,1,0.4612772
22053,0,0.28886238
22054,1,0.8852052
22055,1,0.7076357
22056,0,0.5922399
22057,0,0.7555478
22058,1,0.8427281
22059,0,0.3261171
22060,0,0.17734064
22061,1,0.50101775
22062,0,0.30514508
22063,0,0.41540635
22064,0,0.8193705
22065,0,0.31114724
22066,0,0.6104766
22067,0,0.2682499
22068,1,0.43366593
22069,0,0.4102432
22070,1,0.58754253
22071,0,0.40395504
22072,0,0.2911231
22073,0,0.39386138
22074,0,0.29860628
22075,0,0.20932665
22076,1,0.8367413
22077,0,0.30632395
22078,1,0.62572104
22079,0,0.360608
22080,0,0.50939107
22081,0,0.26637128
22082,0,0.2767729
22083,1,0.4577289
22084,0,0.23028532
22085,1,0.86857635
22086,0,0.19248769
22087,1,0.7437426
22088,0,0.29758278
22089,0,0.22899552
22090,0,0.2424428
22091,0,0.13293839
22092,0,0.4575355
22093,0,0.10203605
22094,0,0.21541318
22095,0,0.30576128
22096,0,0.38209894
22097,0,0.1799118
22098,1,0.43621254
22099,0,0.3578878
22100,1,0.49735534
22101,0,0.84191483
22102,0,0.27301946
22103,0,0.17891032
22104,0,0.32421133
22105,0,0.10387133
22106,0,0.5061066
22107,0,0.22098222
22108,0,0.3238249
22109,0,0.26382035
22110,0,0.27735138
22111,0,0.41020688
22112,1,0.70465535
22113,0,0.41117144
22114,0,0.20517932
22115,1,0.88420326
22116,0,0.38381055
22117,0,0.44249824
22118,0,0.42934668
22119,0,0.6437625
22120,1,0.6365826
22121,1,0.5749946
22122,1,0.5494052
22123,0,0.38709396
22124,1,0.50299
22125,0,0.25352257
22126,1,0.91740096
22127,0,0.6713813
22128,1,0.47737515
22129,0,0.5905862
22130,0,0.26992133
22131,0,0.5019125
22132,0,0.41287842
22133,0,0.25142127
22134,0,0.2502335
22135,0,0.10377282
22136,1,0.91648644
22137,1,0.4262301
22138,0,0.62200665
22139,0,0.22838205
22140,0,0.32199487
22141,0,0.40752465
22142,0,0.41192514
22143,1,0.9016894
22144,1,0.3086829
22145,0,0.37666023
22146,1,0.9640567
22147,0,0.6529678
22148,0,0.5859512
22149,1,0.68901706
22150,0,0.7433756
22151,0,0.17835927
22152,0,0.54803646
22153,0,0.45162502
22154,0,0.228407
22155,0,0.8421257
22156,0,0.6902616
22157,0,0.35850108
22158,0,0.18084817
22159,0,0.21212836
22160,0,0.31561115
22161,0,0.24417594
22162,0,0.32499912
22163,0,0.14535527
22164,0,0.4479607
22165,0,0.30750206
22166,0,0.32868582
22167,0,0.3733151
22168,0,0.3320881
22169,0,0.4119943
22170,0,0.39327982
22171,0,0.18919004
22172,0,0.5933341
22173,0,0.3142024
22174,0,0.19562505
22175,0,0.41149005
22176,1,0.9203763
22177,0,0.2635084
22178,0,0.37456
22179,1,0.32247427
22180,0,0.29076028
22181,0,0.46949038
22182,0,0.22595835
22183,0,0.31922865
22184,1,0.709895
22185,1,0.539786
22186,1,0.88203466
22187,0,0.26110044
22188,0,0.51713777
22189,0,0.35180128
22190,1,0.40198585
22191,0,0.47697493
22192,0,0.15054113
22193,0,0.7469514
22194,0,0.41404974
22195,0,0.37266055
22196,0,0.4596039
22197,0,0.55794895
22198,0,0.18038897
22199,0,0.3403569
22200,0,0.3712505
22201,0,0.19855045
22202,0,0.22997884
22203,0,0.34994328
22204,0,0.43805003
22205,0,0.47340843
22206,0,0.8773542
22207,0,0.4338403
22208,0,0.14633958
22209,1,0.90017265
22210,0,0.45971066
22211,0,0.23135938
22212,0,0.58217067
22213,1,0.36552784
22214,1,0.8449324
22215,0,0.4184291
22216,0,0.26653
22217,0,0.6095505
22218,0,0.27302372
22219,0,0.29609057
22220,0,0.20584974
22221,1,0.40338662
22222,0,0.110982515
22223,1,0.86833084
22224,0,0.58081913
22225,0,0.39931324
22226,1,0.80164516
22227,0,0.58122015
22228,0,0.27053505
22229,1,0.9371075
22230,1,0.8968989
22231,0,0.19459745
22232,0,0.51176566
22233,1,0.45120323
22234,0,0.9200885
22235,0,0.26205188
22236,1,0.9124183
22237,0,0.34788424
22238,1,0.3848258
22239,0,0.44370514
22240,0,0.1655718
22241,0,0.32980388
22242,0,0.3016639
22243,0,0.2555481
22244,0,0.20287538
22245,0,0.19794206
22246,0,0.13578741
22247,0,0.41407615
22248,0,0.3419055
22249,0,0.24145341
22250,0,0.70745844
22251,0,0.48849124
22252,0,0.227908
22253,0,0.29450136
22254,1,0.26503944
22255,1,0.27835774
22256,1,0.7505288
22257,1,0.93730545
22258,0,0.4890183
22259,0,0.29919323
22260,0,0.3812352
22261,0,0.3589401
22262,0,0.83422714
22263,0,0.16156246
22264,0,0.22108547
22265,0,0.23436771
22266,1,0.5335799
22267,0,0.64962757
22268,0,0.5671448
22269,0,0.25354266
22270,1,0.8734515
22271,0,0.27632323
22272,0,0.15798996
22273,0,0.4887925
22274,0,0.5454919
22275,0,0.45517957
22276,0,0.2137624
22277,0,0.4480717
22278,0,0.7654145
22279,0,0.33434954
22280,0,0.20329471
22281,0,0.92149365
22282,0,0.32302752
22283,0,0.18205814
22284,0,0.28151673
22285,1,0.4707085
22286,1,0.76314396
22287,0,0.16850203
22288,0,0.2413529
22289,0,0.19235162
22290,1,0.6549109
22291,1,0.33882594
22292,1,0.86171496
22293,0,0.2916024
22294,0,0.27360162
22295,0,0.5180864
22296,0,0.27702934
22297,0,0.21810947
22298,0,0.3464108
22299,1,0.35430354
22300,0,0.23781547
22301,0,0.27078786
22302,0,0.30324015
22303,0,0.14026403
22304,0,0.162264
22305,0,0.50447315
22306,0,0.09642485
22307,0,0.91687715
22308,1,0.70040387
22309,1,0.4551937
22310,1,0.4770013
22311,0,0.88340974
22312,0,0.3517217
22313,0,0.44964078
22314,0,0.49710846
22315,1,0.8213945
22316,0,0.44366252
22317,0,0.66798645
22318,0,0.41268978
22319,0,0.23247074
22320,0,0.1730449
22321,0,0.15038688
22322,0,0.24097008
22323,1,0.38441268
22324,0,0.3218187
22325,0,0.28294167
22326,0,0.07097362
22327,0,0.6402719
22328,0,0.5495048
22329,0,0.4175164
22330,0,0.29242247
22331,1,0.47422174
22332,0,0.382713
22333,1,0.35607868
22334,0,0.34624466
22335,0,0.46382576
22336,0,0.32795832
22337,0,0.24818073
22338,0,0.2692132
22339,0,0.3890273
22340,0,0.13435477
22341,0,0.3295179
22342,0,0.39779633
22343,0,0.32627147
22344,0,0.18980327
22345,0,0.33795854
22346,0,0.9179498
22347,0,0.5477118
22348,0,0.47734913
22349,1,0.39819187
22350,0,0.26489094
22351,0,0.4090833
22352,0,0.46852675
22353,0,0.15505175
22354,0,0.5456038
22355,0,0.21633394
22356,1,0.47840065
22357,0,0.32923517
22358,1,0.22982715
22359,0,0.24752487
22360,0,0.40729362
22361,0,0.1328549
22362,0,0.33445534
22363,0,0.43446246
22364,0,0.28321066
22365,1,0.37375
22366,0,0.12128778
22367,0,0.77552086
22368,0,0.3495969
22369,0,0.28284103
22370,0,0.21614985
22371,1,0.81751865
22372,0,0.4593449
22373,0,0.15254213
22374,1,0.6508289
22375,0,0.6722085
22376,1,0.6760849
22377,0,0.24660476
22378,0,0.24428266
22379,0,0.61059594
22380,0,0.27708006
22381,0,0.28601444
22382,0,0.31801087
22383,1,0.3041132
22384,1,0.9192578
22385,0,0.22267464
22386,0,0.17975897
22387,0,0.8897085
22388,0,0.36922944
22389,1,0.40572116
22390,0,0.4324187
22391,0,0.32165143
22392,0,0.6234761
22393,0,0.10895752
22394,1,0.8858012
22395,0,0.2447551
22396,0,0.34841776
22397,0,0.3486988
22398,0,0.18884403
22399,0,0.239911
22400,0,0.3773289
22401,1,0.7839047
22402,0,0.47123158
22403,0,0.47165036
22404,0,0.3104791
22405,0,0.59129184
22406,0,0.47116455
22407,0,0.22534493
22408,0,0.7035268
22409,0,0.3903145
22410,0,0.14333485
22411,0,0.23542339
22412,0,0.28040892
22413,0,0.31570396
22414,0,0.18902054
22415,0,0.18493555
22416,0,0.3087903
22417,1,0.8511243
22418,1,0.46458793
22419,1,0.7131566
22420,0,0.3446881
22421,0,0.18519166
22422,0,0.49187753
22423,0,0.30485713
22424,0,0.4635053
22425,0,0.4381571
22426,1,0.8481777
22427,0,0.21081646
22428,0,0.28611946
22429,0,0.14639759
22430,1,0.91560507
22431,0,0.21876955
22432,1,0.628429
22433,1,0.8524539
22434,0,0.58322227
22435,0,0.30538067
22436,0,0.37684652
22437,0,0.36434075
22438,0,0.25120497
22439,0,0.13991904
22440,0,0.30803207
22441,1,0.2636846
22442,0,0.46795604
22443,0,0.51315236
22444,1,0.82921594
22445,0,0.38126105
22446,0,0.5615962
22447,0,0.3041336
22448,0,0.21597943
22449,0,0.6054562
22450,1,0.577314
22451,1,0.8829979
22452,0,0.22405508
22453,0,0.5560161
22454,0,0.5682947
22455,1,0.87955594
22456,0,0.25336382
22457,0,0.1951783
22458,0,0.26937172
22459,0,0.92032766
22460,0,0.2580627
22461,0,0.27893463
22462,1,0.9122318
22463,0,0.34859025
22464,0,0.24621081
22465,0,0.46049252
22466,0,0.2711204
22467,0,0.321216
22468,1,0.20446946
22469,0,0.39920574
22470,0,0.4256509
22471,0,0.22667542
22472,0,0.35359505
22473,0,0.30626056
22474,0,0.4805107
22475,0,0.46923023
22476,0,0.37124613
22477,0,0.6076166
22478,1,0.31715465
22479,0,0.38575605
22480,0,0.2789437
22481,1,0.3464088
22482,1,0.9141584
22483,0,0.434365
22484,0,0.2528687
22485,0,0.19471812
22486,0,0.14282863
22487,0,0.44716787
22488,0,0.26796755
22489,0,0.26413697
22490,0,0.30406415
22491,0,0.61373
22492,1,0.68123835
22493,1,0.21509816
22494,0,0.22077928
22495,0,0.46471357
22496,1,0.9275431
22497,0,0.1674119
22498,0,0.42640173
22499,1,0.35697305
22500,0,0.17571339
22501,0,0.4024375
22502,0,0.54952455
22503,0,0.23656216
22504,0,0.19142567
22505,0,0.28041497
22506,0,0.4385441
22507,1,0.76791567
22508,0,0.3061663
22509,1,0.6095505
22510,0,0.15248911
22511,0,0.35661677
22512,0,0.161292
22513,0,0.27469102
22514,1,0.9066517
22515,0,0.20863825
22516,0,0.2119698
22517,1,0.9204378
22518,0,0.49338332
22519,0,0.16674486
22520,1,0.8527279
22521,1,0.46590456
22522,1,0.27879933
22523,1,0.87965965
22524,0,0.43064705
22525,1,0.49108776
22526,0,0.2824832
22527,0,0.32830086
22528,0,0.10530907
22529,0,0.50661725
22530,0,0.43742582
22531,0,0.34876618
22532,0,0.7833628
22533,0,0.6965482
22534,0,0.37239018
22535,1,0.90086865
22536,0,0.25396344
22537,0,0.9211816
22538,0,0.21827535
22539,0,0.53042173
22540,1,0.60650814
22541,0,0.4294695
22542,0,0.40606013
22543,1,0.854875
22544,0,0.3530263
22545,0,0.45460832
22546,0,0.7600725
22547,0,0.22069606
22548,0,0.21679969
22549,0,0.07879629
22550,0,0.23867628
22551,0,0.34953162
22552,0,0.22279368
22553,0,0.16716412
22554,0,0.6308205
22555,0,0.2552949
22556,0,0.38826248
22557,1,0.8832609
22558,0,0.16625379
22559,0,0.102658115
22560,0,0.19570217
22561,0,0.35074282
22562,0,0.25567675
22563,0,0.8965554
22564,0,0.2528797
22565,1,0.47000974
22566,0,0.22399157
22567,0,0.4160574
22568,0,0.38661835
22569,0,0.54876864
22570,0,0.22962902
22571,0,0.33520856
22572,0,0.8329736
22573,0,0.17555168
22574,0,0.33153203
22575,0,0.19428332
22576,0,0.8706836
22577,0,0.32514033
22578,0,0.2723852
22579,0,0.14881802
22580,0,0.20836744
22581,1,0.57848585
22582,0,0.6940835
22583,0,0.24494918
22584,0,0.12256962
22585,1,0.8969737
22586,0,0.42697445
22587,0,0.35836518
22588,1,0.62307584
22589,0,0.27510023
22590,0,0.27750537
22591,0,0.81692463
22592,0,0.5088626
22593,1,0.7679421
22594,0,0.48269984
22595,0,0.36781457
22596,0,0.14525764
22597,0,0.88677156
22598,0,0.45059568
22599,1,0.56662005
22600,1,0.23246214
22601,0,0.5813714
22602,0,0.2445196
22603,0,0.38186496
22604,0,0.19351989
22605,0,0.1387288
22606,0,0.9161298
22607,0,0.43785506
22608,1,0.36980143
22609,0,0.7575686
22610,0,0.3619966
22611,1,0.3509397
22612,0,0.392347
22613,1,0.5995313
22614,0,0.42316732
22615,1,0.83224267
22616,0,0.42849374
22617,0,0.316208
22618,1,0.8795504
22619,0,0.11043157
22620,1,0.9193383
22621,0,0.21513496
22622,1,0.30328634
22623,0,0.52765703
22624,0,0.2566492
22625,0,0.32186544
22626,0,0.2827746
22627,0,0.26191613
22628,1,0.47018015
22629,1,0.90530354
22630,1,0.24626401
22631,1,0.89509994
22632,1,0.39209428
22633,0,0.87403923
22634,0,0.31101447
22635,0,0.17420867
22636,1,0.9187721
22637,0,0.24297734
22638,0,0.33503133
22639,0,0.63047004
22640,0,0.27358797
22641,1,0.61362123
22642,1,0.39734757
22643,0,0.82987696
22644,1,0.3466056
22645,0,0.30604786
22646,0,0.26895356
22647,0,0.8078109
22648,0,0.3239327
22649,0,0.4701988
22650,1,0.76336783
22651,0,0.55043924
22652,0,0.57006425
22653,0,0.6562009
22654,0,0.74536306
22655,1,0.26396874
22656,1,0.4877852
22657,0,0.566515
22658,0,0.16638184
22659,1,0.78976566
22660,0,0.5655447
22661,0,0.36578742
22662,0,0.44717264
22663,1,0.8680324
22664,0,0.2539594
22665,1,0.530119
22666,1,0.90057737
22667,1,0.9347752
22668,0,0.12759942
22669,0,0.24329624
22670,0,0.45633236
22671,0,0.21895163
22672,0,0.29227716
22673,0,0.096837245
22674,0,0.51828676
22675,0,0.19772346
22676,1,0.3939326
22677,0,0.29400727
22678,1,0.62730795
22679,0,0.30300668
22680,0,0.27412328
22681,0,0.25673094
22682,0,0.14077863
22683,1,0.85576016
22684,0,0.35373238
22685,0,0.56335515
22686,0,0.11096828
22687,0,0.30218053
22688,0,0.23095432
22689,1,0.8636955
22690,0,0.6074917
22691,0,0.36006486
22692,0,0.23208892
22693,0,0.19116698
22694,0,0.39025182
22695,0,0.59831125
22696,0,0.8901528
22697,0,0.23090203
22698,0,0.62518066
22699,1,0.28327525
22700,0,0.23651676
22701,0,0.739404
22702,0,0.20869632
22703,0,0.4504596
22704,0,0.3046729
22705,0,0.20277686
22706,0,0.27096885
22707,0,0.29943204
22708,0,0.45068902
22709,0,0.3815337
22710,0,0.43820402
22711,0,0.16992342
22712,0,0.19421539
22713,0,0.28774753
22714,0,0.3833541
22715,0,0.3845298
22716,0,0.24022596
22717,1,0.33393097
22718,0,0.39416057
22719,1,0.59740007
22720,0,0.55292547
22721,1,0.9154644
22722,1,0.4482595
22723,0,0.14762574
22724,0,0.32954368
22725,0,0.25790608
22726,0,0.33357018
22727,1,0.2792531
22728,0,0.31147105
22729,0,0.25779808
22730,0,0.6122344
22731,1,0.31468055
22732,0,0.4961434
22733,0,0.19683878
22734,0,0.5026715
22735,0,0.09886452
22736,0,0.24232492
22737,1,0.5950618
22738,0,0.5336422
22739,0,0.6067046
22740,0,0.25051492
22741,0,0.3831541
22742,1,0.51935774
22743,0,0.45213827
22744,0,0.1616325
22745,0,0.4191832
22746,0,0.37425432
22747,1,0.54260474
22748,0,0.28387803
22749,1,0.8721515
22750,1,0.4500496
22751,1,0.8714167
22752,0,0.5609535
22753,0,0.36150825
22754,0,0.8752336
22755,0,0.73937255
22756,0,0.30940044
22757,0,0.31474826
22758,0,0.18579225
22759,1,0.3387819
22760,1,0.89879316
22761,0,0.13922429
22762,0,0.42994267
22763,0,0.23786364
22764,0,0.45211422
22765,0,0.1312415
22766,0,0.15467227
22767,0,0.26045284
22768,0,0.6557987
22769,0,0.2327086
22770,0,0.3924016
22771,1,0.46016094
22772,0,0.22572042
22773,1,0.27332154
22774,1,0.5169556
22775,0,0.6026081
22776,1,0.3407407
22777,0,0.23535322
22778,0,0.11100683
22779,1,0.564871
22780,0,0.22644676
22781,0,0.26246879
22782,0,0.50908667
22783,0,0.27161843
22784,0,0.38276622
22785,0,0.24095845
22786,0,0.19843134
22787,0,0.36639595
22788,0,0.39428666
22789,0,0.40006235
22790,0,0.45293188
22791,0,0.20181496
22792,1,0.9260389
22793,0,0.2829543
22794,1,0.41964257
22795,1,0.32184628
22796,0,0.38579717
22797,0,0.27259246
22798,1,0.78066254
22799,0,0.2935769
22800,0,0.1644775
22801,1,0.69551826
22802,0,0.4674392
22803,0,0.47113112
22804,1,0.60728335
22805,1,0.8758548
22806,0,0.23263532
22807,0,0.3742324
22808,0,0.1487458
22809,0,0.13232441
22810,1,0.6178691
22811,0,0.083853185
22812,1,0.91236025
22813,0,0.40434664
22814,0,0.25010177
22815,0,0.91029453
22816,0,0.33709776
22817,0,0.3571281
22818,0,0.35548052
22819,0,0.57848006
22820,0,0.30321386
22821,1,0.8372838
22822,1,0.9337296
22823,0,0.2983546
22824,0,0.1564756
22825,0,0.39523447
22826,1,0.5604032
22827,0,0.29668123
22828,1,0.870049
22829,1,0.28284797
22830,1,0.930667
22831,0,0.23811083
22832,0,0.27526364
22833,0,0.22099254
22834,1,0.62074375
22835,0,0.33038124
22836,1,0.42690733
22837,0,0.28537738
22838,0,0.17944059
22839,0,0.32537147
22840,0,0.19269061
22841,0,0.5042833
22842,0,0.14605953
22843,0,0.22212403
22844,0,0.5722319
22845,0,0.1303933
22846,0,0.4113675
22847,1,0.89043325
22848,0,0.34124008
22849,1,0.93171877
22850,0,0.17195502
22851,0,0.27592963
22852,0,0.45323685
22853,0,0.39655426
22854,0,0.4458581
22855,0,0.36889192
22856,0,0.42677847
22857,0,0.3822333
22858,0,0.46128044
22859,0,0.29482418
22860,1,0.25201595
22861,1,0.8206078
22862,0,0.24192293
22863,0,0.1588202
22864,0,0.28413954
22865,0,0.4102739
22866,0,0.12374967
22867,0,0.291349
22868,0,0.26034924
22869,0,0.24938539
22870,0,0.26365763
22871,1,0.8049746
22872,0,0.23459513
22873,0,0.28191504
22874,1,0.6846844
22875,0,0.17784573
22876,1,0.22640906
22877,0,0.3567279
22878,0,0.17044295
22879,0,0.3962039
22880,1,0.7892605
22881,0,0.92485136
22882,0,0.38460162
22883,1,0.51849324
22884,0,0.30474675
22885,0,0.32284448
22886,1,0.60703534
22887,0,0.17957109
22888,1,0.5320824
22889,0,0.24278887
22890,0,0.2227957
22891,0,0.46674863
22892,0,0.2800182
22893,0,0.15150085
22894,0,0.382367
22895,1,0.8720993
22896,0,0.43182632
22897,1,0.45756692
22898,1,0.89504474
22899,0,0.6640448
22900,0,0.30121556
22901,0,0.34584048
22902,0,0.4246495
22903,0,0.36075503
22904,0,0.24248534
22905,0,0.5688884
22906,0,0.2138452
22907,0,0.24085943
22908,0,0.33528802
22909,0,0.27421838
22910,0,0.3587563
22911,0,0.8788357
22912,0,0.35408986
22913,0,0.30803552
22914,0,0.6671896
22915,0,0.1528928
22916,0,0.4117181
22917,0,0.12342916
22918,0,0.45460108
22919,0,0.35860312
22920,0,0.7695104
22921,0,0.31602973
22922,0,0.3312343
22923,1,0.83399236
22924,0,0.61576277
22925,1,0.74758714
22926,0,0.53849787
22927,0,0.5336775
22928,1,0.3889738
22929,0,0.44355434
22930,0,0.4185048
22931,0,0.10743512
22932,0,0.2823925
22933,1,0.3964273
22934,0,0.35563222
22935,0,0.23129217
22936,0,0.2169347
22937,1,0.6646784
22938,0,0.28664735
22939,0,0.23835829
22940,0,0.73263705
22941,1,0.8941942
22942,0,0.23771487
22943,0,0.35180002
22944,0,0.382631
22945,0,0.34901524
22946,0,0.28363985
22947,0,0.28703174
22948,0,0.29726276
22949,0,0.5439787
22950,1,0.85818833
22951,0,0.34375894
22952,0,0.41969195
22953,1,0.9378002
22954,0,0.3183798
22955,1,0.53006905
22956,0,0.21424805
22957,0,0.5715138
22958,1,0.4814279
22959,0,0.52801245
22960,0,0.6486605
22961,0,0.63057166
22962,0,0.25550342
22963,1,0.54260474
22964,0,0.24869695
22965,1,0.7976168
22966,0,0.25504634
22967,0,0.75790405
22968,1,0.50524896
22969,0,0.20584987
22970,1,0.40976214
22971,1,0.1740155
22972,0,0.20896403
22973,0,0.37922707
22974,0,0.60834235
22975,0,0.15376197
22976,0,0.64227134
22977,1,0.2504844
22978,0,0.27667558
22979,0,0.6468552
22980,0,0.87664527
22981,0,0.30613434
22982,0,0.45316812
22983,0,0.7431587
22984,0,0.4512848
22985,0,0.1549556
22986,1,0.28640172
22987,0,0.27907416
22988,0,0.28683653
22989,0,0.2881181
22990,1,0.8558116
22991,1,0.21444204
22992,0,0.3123273
22993,0,0.5163203
22994,1,0.9294441
22995,0,0.4972664
22996,0,0.6065414
22997,0,0.5129109
22998,0,0.29078647
22999,1,0.357802
23000,0,0.32683033
23001,0,0.16283995
23002,0,0.099272415
23003,0,0.48306522
23004,0,0.2285793
23005,0,0.48230442
23006,0,0.4798397
23007,0,0.3407306
23008,0,0.34204605
23009,0,0.5480729
23010,1,0.9149024
23011,0,0.38420722
23012,0,0.49796116
23013,0,0.3823142
23014,1,0.80179757
23015,0,0.55417114
23016,0,0.27975264
23017,0,0.30077547
23018,0,0.17029487
23019,0,0.2474678
23020,0,0.14926018
23021,1,0.5434236
23022,0,0.5036886
23023,0,0.48045248
23024,0,0.28294864
23025,0,0.33268666
23026,0,0.73196596
23027,0,0.5956375
23028,0,0.12265381
23029,0,0.27721795
23030,0,0.56748796
23031,0,0.60349023
23032,1,0.92152315
23033,0,0.21957067
23034,0,0.32665345
23035,0,0.41462204
23036,0,0.3983729
23037,0,0.20489348
23038,0,0.16620572
23039,0,0.1996888
23040,0,0.16217582
23041,0,0.16580659
23042,0,0.41719377
23043,0,0.22173065
23044,0,0.37722597
23045,1,0.3507852
23046,1,0.8598319
23047,0,0.4123342
23048,0,0.5657569
23049,0,0.39789844
23050,0,0.2756002
23051,0,0.628835
23052,1,0.4269553
23053,0,0.28280345
23054,0,0.32411638
23055,1,0.9042088
23056,0,0.20676027
23057,0,0.69449323
23058,0,0.41619676
23059,0,0.78429747
23060,0,0.38005462
23061,0,0.29380685
23062,0,0.5634403
23063,1,0.7991587
23064,0,0.41414705
23065,0,0.5244374
23066,0,0.6801404
23067,0,0.4418105
23068,0,0.2689813
23069,1,0.5258383
23070,1,0.72879624
23071,0,0.32352418
23072,0,0.18573824
23073,0,0.5849848
23074,0,0.27391675
23075,0,0.32070804
23076,0,0.44486088
23077,0,0.36794958
23078,0,0.6301561
23079,0,0.5437117
23080,1,0.88889414
23081,1,0.36638787
23082,1,0.9136882
23083,0,0.18849762
23084,0,0.19330329
23085,1,0.9135266
23086,1,0.47631067
23087,0,0.50051713
23088,0,0.3201076
23089,1,0.30111778
23090,0,0.3897142
23091,0,0.5320676
23092,0,0.43737215
23093,0,0.33299875
23094,0,0.56788
23095,0,0.39655483
23096,0,0.256923
23097,0,0.28376397
23098,0,0.29785573
23099,0,0.68529356
23100,0,0.46932867
23101,0,0.08241232
23102,1,0.8930539
23103,0,0.5153014
23104,0,0.28783557
23105,1,0.33319613
23106,1,0.6036953
23107,0,0.18571797
23108,0,0.34643432
23109,1,0.1662506
23110,1,0.32997882
23111,0,0.08872068
23112,0,0.33683744
23113,0,0.42465717
23114,0,0.22975262
23115,0,0.3331626
23116,0,0.1896342
23117,1,0.49885216
23118,0,0.59003824
23119,0,0.25382653
23120,1,0.8891467
23121,1,0.29809985
23122,0,0.26745844
23123,1,0.83248776
23124,1,0.47746444
23125,1,0.6309626
23126,0,0.44628826
23127,1,0.59493434
23128,0,0.26710692
23129,0,0.4804979
23130,0,0.23777056
23131,0,0.23215403
23132,0,0.3570078
23133,0,0.24397767
23134,0,0.49490407
23135,0,0.3461138
23136,0,0.1489468
23137,1,0.8760211
23138,0,0.36189112
23139,0,0.41092834
23140,0,0.3617361
23141,0,0.4888114
23142,0,0.5386186
23143,0,0.27978596
23144,0,0.42119524
23145,1,0.8945481
23146,0,0.39161962
23147,1,0.1802934
23148,0,0.1618568
23149,1,0.37919256
23150,1,0.8483196
23151,0,0.279804
23152,0,0.11895598
23153,1,0.33429
23154,0,0.3102302
23155,1,0.552585
23156,0,0.5995313
23157,0,0.17649743
23158,0,0.6362244
23159,1,0.64582896
23160,0,0.75110793
23161,1,0.28248638
23162,0,0.9377412
23163,1,0.5067331
23164,0,0.8687374
23165,0,0.2118008
23166,0,0.6617003
23167,0,0.24548629
23168,0,0.882874
23169,0,0.23745282
23170,1,0.9132053
23171,0,0.13294229
23172,0,0.44007584
23173,0,0.38400248
23174,0,0.22977512
23175,0,0.5499926
23176,0,0.13558118
23177,1,0.43039373
23178,1,0.29731265
23179,0,0.23607022
23180,0,0.41037226
23181,0,0.5497978
23182,1,0.30575368
23183,0,0.37438506
23184,0,0.17866366
23185,0,0.17810751
23186,0,0.13618872
23187,0,0.22542536
23188,0,0.25396937
23189,0,0.6166964
23190,1,0.69101787
23191,0,0.35961014
23192,0,0.24879287
23193,0,0.2306938
23194,0,0.31715575
23195,0,0.36274463
23196,0,0.168711
23197,0,0.31594384
23198,0,0.27507788
23199,0,0.6086037
23200,0,0.0861941
23201,1,0.9022172
23202,1,0.41307914
23203,0,0.41709659
23204,1,0.8686361
23205,0,0.49025464
23206,0,0.85172397
23207,0,0.22292194
23208,1,0.5462151
23209,1,0.8935683
23210,0,0.16697514
23211,1,0.33192265
23212,0,0.29420605
23213,0,0.87139547
23214,0,0.13451275
23215,1,0.62056834
23216,0,0.45684785
23217,1,0.84998256
23218,0,0.43338603
23219,0,0.6425851
23220,0,0.51197577
23221,0,0.41127643
23222,0,0.5583717
23223,0,0.24485403
23224,0,0.2027346
23225,0,0.20134698
23226,0,0.36241606
23227,0,0.21521546
23228,0,0.31662515
23229,0,0.30570203
23230,1,0.7999521
23231,0,0.14560024
23232,0,0.20812628
23233,0,0.17822441
23234,0,0.28398177
23235,0,0.07831354
23236,1,0.5969635
23237,0,0.28449103
23238,0,0.43272966
23239,0,0.3548292
23240,0,0.17112619
23241,0,0.5013401
23242,0,0.1897449
23243,0,0.34392598
23244,1,0.91864616
23245,0,0.26382846
23246,1,0.16696204
23247,0,0.24183269
23248,0,0.41972655
23249,0,0.29626188
23250,0,0.36037275
23251,0,0.23370807
23252,0,0.48950014
23253,0,0.3461602
23254,0,0.3426939
23255,0,0.6114197
23256,0,0.38861805
23257,0,0.3973526
23258,1,0.80062747
23259,0,0.23306403
23260,0,0.2715459
23261,1,0.29057506
23262,0,0.18874559
23263,0,0.20192327
23264,1,0.36770567
23265,0,0.6072455
23266,1,0.9041855
23267,0,0.5520747
23268,0,0.28424683
23269,0,0.44196737
23270,1,0.5388941
23271,0,0.50686103
23272,0,0.38290977
23273,0,0.83052737
23274,0,0.4065064
23275,0,0.36187917
23276,0,0.41789684
23277,0,0.25810382
23278,1,0.85172397
23279,1,0.9137367
23280,0,0.31501618
23281,1,0.9214531
23282,0,0.27213013
23283,0,0.10844634
23284,0,0.845564
23285,0,0.30467212
23286,0,0.4500808
23287,0,0.8109656
23288,0,0.6421265
23289,1,0.9071179
23290,0,0.24511962
23291,1,0.5497587
23292,0,0.8069633
23293,0,0.1657419
23294,0,0.23175263
23295,0,0.3544445
23296,0,0.4177519
23297,0,0.28339475
23298,0,0.79623336
23299,0,0.24599545
23300,0,0.40411502
23301,0,0.26166925
23302,0,0.13881156
23303,0,0.2888999
23304,0,0.22959833
23305,1,0.9393174
23306,0,0.7066783
23307,1,0.58020794
23308,0,0.24880488
23309,1,0.8536785
23310,0,0.5642864
23311,0,0.31985462
23312,0,0.39804608
23313,0,0.6161096
23314,0,0.1635731
23315,0,0.34110162
23316,0,0.40448976
23317,0,0.41100657
23318,0,0.15010855
23319,0,0.2671835
23320,0,0.18850316
23321,0,0.20489432
23322,0,0.4217659
23323,0,0.24673238
23324,0,0.27045768
23325,0,0.5367044
23326,0,0.328915
23327,0,0.34677443
23328,1,0.9157003
23329,0,0.61344683
23330,0,0.4917334
23331,0,0.35710615
23332,0,0.5047915
23333,0,0.24856587
23334,1,0.88722533
23335,0,0.28936747
23336,0,0.47135422
23337,0,0.2643337
23338,1,0.6893229
23339,0,0.30347213
23340,0,0.35877478
23341,0,0.20784622
23342,0,0.45497307
23343,0,0.26092908
23344,0,0.6254561
23345,0,0.16153136
23346,0,0.33256006
23347,0,0.43006003
23348,0,0.1861314
23349,0,0.6026081
23350,0,0.4267348
23351,0,0.3064245
23352,0,0.45285344
23353,0,0.22030161
23354,0,0.3792705
23355,0,0.40253317
23356,0,0.24300386
23357,0,0.22090161
23358,0,0.3515211
23359,0,0.43234524
23360,0,0.2589183
23361,0,0.4183774
23362,1,0.58567137
23363,1,0.90458876
23364,1,0.40989947
23365,0,0.18790117
23366,1,0.34140524
23367,0,0.1467522
23368,0,0.13145065
23369,0,0.61187625
23370,0,0.41040993
23371,0,0.24434724
23372,0,0.12141742
23373,0,0.3474415
23374,1,0.49967214
23375,1,0.59166306
23376,1,0.47168794
23377,0,0.42361072
23378,0,0.17002892
23379,0,0.30793536
23380,0,0.5981699
23381,1,0.91952854
23382,1,0.6995025
23383,0,0.16180286
23384,1,0.31902254
23385,0,0.24476904
23386,0,0.37774774
23387,0,0.24408455
23388,1,0.34094238
23389,0,0.80259615
23390,1,0.7553197
23391,0,0.311391
23392,0,0.34693855
23393,0,0.29413778
23394,0,0.30778274
23395,0,0.60779744
23396,0,0.31934607
23397,0,0.6104577
23398,0,0.28467777
23399,0,0.09495923
23400,1,0.866643
23401,0,0.30930203
23402,0,0.30122292
23403,0,0.3028474
23404,0,0.17135663
23405,1,0.84855247
23406,0,0.30961883
23407,0,0.52204454
23408,1,0.49250275
23409,0,0.2732356
23410,0,0.35214865
23411,1,0.48291698
23412,0,0.26446813
23413,0,0.272532
23414,0,0.45477185
23415,0,0.6886084
23416,0,0.2189791
23417,0,0.35119647
23418,1,0.32069552
23419,0,0.39079264
23420,0,0.3367603
23421,0,0.35342342
23422,0,0.32017225
23423,0,0.36263788
23424,0,0.2846304
23425,1,0.5002076
23426,0,0.42136192
23427,1,0.6023293
23428,0,0.20792168
23429,0,0.35039642
23430,1,0.9355726
23431,0,0.34931988
23432,0,0.41582733
23433,0,0.37626803
23434,0,0.35791427
23435,0,0.39032257
23436,0,0.5773323
23437,0,0.44811755
23438,0,0.6332524
23439,0,0.30825877
23440,1,0.608169
23441,0,0.20564952
23442,0,0.30998528
23443,0,0.26596528
23444,0,0.2802648
23445,0,0.8059838
23446,0,0.096141964
23447,0,0.43629232
23448,0,0.31211352
23449,0,0.5114343
23450,0,0.42122364
23451,0,0.18381771
23452,1,0.8193019
23453,0,0.7809632
23454,0,0.44066244
23455,1,0.40582523
23456,0,0.39961752
23457,0,0.5276261
23458,1,0.52017635
23459,0,0.305674
23460,1,0.8523781
23461,0,0.48619476
23462,0,0.40545258
23463,0,0.10048745
23464,0,0.37818173
23465,1,0.17960799
23466,0,0.29356363
23467,0,0.29830337
23468,0,0.31237933
23469,1,0.58742577
23470,0,0.22958007
23471,0,0.19520779
23472,1,0.15801942
23473,0,0.3214764
23474,0,0.383371
23475,0,0.3259854
23476,0,0.38602203
23477,1,0.9049194
23478,0,0.4889551
23479,0,0.49953458
23480,0,0.3237174
23481,0,0.29622158
23482,1,0.89886874
23483,1,0.5523263
23484,0,0.387347
23485,1,0.8188429
23486,1,0.6190444
23487,1,0.5549699
23488,0,0.14533862
23489,0,0.4426309
23490,0,0.5346053
23491,1,0.9115151
23492,0,0.61987823
23493,1,0.32977772
23494,0,0.43121296
23495,1,0.91838604
23496,1,0.88988024
23497,1,0.8934027
23498,1,0.64009535
23499,1,0.34004325
23500,0,0.6362391
23501,0,0.34910214
23502,0,0.5068793
23503,0,0.1855007
23504,0,0.10080843
23505,1,0.48396808
23506,0,0.26937413
23507,1,0.87705404
23508,0,0.19782613
23509,1,0.8699955
23510,0,0.77212
23511,0,0.16905722
23512,1,0.6578713
23513,0,0.14267725
23514,0,0.37386477
23515,0,0.2875049
23516,1,0.83148915
23517,0,0.14013645
23518,0,0.8175075
23519,0,0.53126884
23520,0,0.14478965
23521,0,0.57499385
23522,0,0.32114148
23523,0,0.19351272
23524,0,0.265851
23525,0,0.3405037
23526,0,0.2536526
23527,0,0.61919194
23528,0,0.6067046
23529,0,0.4231622
23530,0,0.46438387
23531,0,0.50198627
23532,0,0.3306462
23533,1,0.59089744
23534,1,0.78006625
23535,1,0.5807259
23536,0,0.41809425
23537,0,0.33727306
23538,0,0.34421948
23539,1,0.8835094
23540,0,0.46022326
23541,0,0.3668037
23542,1,0.748918
23543,0,0.30578488
23544,0,0.38611594
23545,0,0.50215745
23546,0,0.12763053
23547,0,0.6591557
23548,0,0.41665274
23549,0,0.3900567
23550,0,0.3473506
23551,1,0.48138812
23552,0,0.33393115
23553,0,0.3915494
23554,0,0.17121115
23555,0,0.10951574
23556,0,0.24101375
23557,0,0.2700677
23558,0,0.36968368
23559,0,0.39048332
23560,0,0.38824344
23561,0,0.4459218
23562,0,0.4405675
23563,0,0.3896702
23564,0,0.36699355
23565,0,0.40477893
23566,0,0.27457297
23567,0,0.6491278
23568,0,0.28944784
23569,1,0.3131866
23570,0,0.26444033
23571,0,0.42517084
23572,0,0.15808149
23573,0,0.25029695
23574,1,0.67222327
23575,1,0.42844778
23576,1,0.88500535
23577,0,0.51664025
23578,1,0.82750404
23579,0,0.52787536
23580,0,0.5456485
23581,0,0.33116525
23582,0,0.38366675
23583,0,0.3483343
23584,1,0.43407655
23585,0,0.6571076
23586,0,0.3799941
23587,1,0.47188315
23588,0,0.2988705
23589,0,0.22488041
23590,0,0.31649983
23591,1,0.93602717
23592,0,0.37081894
23593,0,0.20401849
23594,1,0.49543503
23595,0,0.44881013
23596,1,0.6162374
23597,1,0.5251661
23598,0,0.1705502
23599,0,0.15000518
23600,0,0.3990948
23601,0,0.4562829
23602,0,0.51896095
23603,0,0.58435255
23604,0,0.24850717
23605,0,0.5884227
23606,1,0.67024267
23607,0,0.27867138
23608,0,0.29502448
23609,0,0.18840057
23610,1,0.91684365
23611,0,0.45520496
23612,0,0.74345064
23613,0,0.17145409
23614,0,0.31035808
23615,0,0.1651848
23616,0,0.49025464
23617,0,0.3256581
23618,1,0.36795935
23619,0,0.2938791
23620,0,0.3775327
23621,0,0.57263064
23622,0,0.8409839
23623,1,0.6340548
23624,0,0.32987174
23625,0,0.7015906
23626,0,0.37751377
23627,1,0.8913458
23628,0,0.65084296
23629,0,0.16413626
23630,0,0.59472734
23631,0,0.16447331
23632,0,0.39864406
23633,0,0.5316249
23634,0,0.60745627
23635,0,0.74549896
23636,0,0.11231228
23637,1,0.22647347
23638,0,0.123873614
23639,0,0.38002205
23640,0,0.32635468
23641,1,0.8654047
23642,0,0.80331415
23643,0,0.3572013
23644,0,0.38393837
23645,0,0.34630528
23646,1,0.18261288
23647,0,0.122625165
23648,0,0.11663431
23649,0,0.32009497
23650,1,0.34647113
23651,0,0.5698339
23652,0,0.1910126
23653,0,0.6024793
23654,0,0.2501093
23655,0,0.20538785
23656,0,0.39915636
23657,1,0.36741894
23658,0,0.29691744
23659,1,0.42756832
23660,0,0.38283154
23661,0,0.30474928
23662,0,0.3568489
23663,0,0.40919676
23664,0,0.2726474
23665,0,0.68258995
23666,1,0.84621936
23667,0,0.4434527
23668,1,0.21144785
23669,1,0.66342235
23670,0,0.4602731
23671,0,0.47226262
23672,0,0.22060855
23673,0,0.34546092
23674,0,0.28658435
23675,0,0.37188834
23676,0,0.2823528
23677,0,0.18077433
23678,1,0.6032603
23679,1,0.941112
23680,0,0.27142242
23681,0,0.1724073
23682,1,0.56259525
23683,0,0.17120837
23684,0,0.13266228
23685,0,0.84187776
23686,1,0.8601605
23687,0,0.7019727
23688,0,0.5145478
23689,0,0.5566372
23690,0,0.30681133
23691,0,0.35523504
23692,0,0.355096
23693,0,0.2774629
23694,1,0.1966513
23695,0,0.346327
23696,1,0.39952457
23697,0,0.7998553
23698,0,0.3461302
23699,1,0.64962757
23700,0,0.5959393
23701,1,0.4327634
23702,1,0.5405143
23703,0,0.3465135
23704,0,0.6194641
23705,0,0.25565663
23706,1,0.9091446
23707,0,0.12536354
23708,1,0.86741704
23709,0,0.12512822
23710,0,0.21007733
23711,0,0.21091977
23712,0,0.16335833
23713,0,0.41338816
23714,0,0.19437547
23715,0,0.21964198
23716,0,0.18111177
23717,0,0.45223397
23718,0,0.81212765
23719,0,0.489533
23720,0,0.20802665
23721,1,0.3922948
23722,0,0.43780333
23723,0,0.20172654
23724,0,0.48262846
23725,0,0.2657464
23726,0,0.26624215
23727,0,0.27749997
23728,1,0.5041416
23729,1,0.44086456
23730,0,0.18826763
23731,1,0.86854357
23732,0,0.123060614
23733,1,0.9096111
23734,0,0.16214187
23735,0,0.15949124
23736,0,0.19417112
23737,1,0.85534745
23738,0,0.38784817
23739,1,0.6040318
23740,0,0.18210272
23741,0,0.25249746
23742,0,0.2008375
23743,0,0.33777913
23744,1,0.21906967
23745,0,0.35258973
23746,0,0.27101547
23747,1,0.30106837
23748,1,0.20507634
23749,0,0.64962757
23750,0,0.6341479
23751,0,0.23996978
23752,0,0.29877836
23753,0,0.20462966
23754,0,0.47698036
23755,0,0.42547107
23756,0,0.33514473
23757,1,0.5223504
23758,1,0.44600073
23759,0,0.34552616
23760,0,0.34997037
23761,1,0.9282244
23762,0,0.47379518
23763,0,0.47528866
23764,0,0.79143876
23765,1,0.35860312
23766,0,0.22331117
23767,0,0.4981577
23768,0,0.4319295
23769,0,0.4863233
23770,0,0.262188
23771,0,0.21930057
23772,0,0.41518554
23773,0,0.2106744
23774,0,0.2386911
23775,0,0.4353123
23776,0,0.5281982
23777,0,0.9221545
23778,0,0.45788515
23779,0,0.30919433
23780,0,0.3353784
23781,0,0.475131
23782,0,0.4456813
23783,0,0.7140267
23784,0,0.19421762
23785,0,0.21573186
23786,1,0.71222967
23787,1,0.3459083
23788,1,0.89596564
23789,1,0.23861213
23790,1,0.7218686
23791,0,0.50980616
23792,0,0.29908696
23793,0,0.4357646
23794,0,0.8955152
23795,1,0.67975926
23796,0,0.45348027
23797,0,0.26848945
23798,0,0.2597919
23799,0,0.22915564
23800,0,0.7177191
23801,0,0.1810465
23802,1,0.85555214
23803,1,0.49220577
23804,0,0.49668652
23805,0,0.46809897
23806,0,0.88519406
23807,0,0.25958893
23808,0,0.28142107
23809,0,0.18492903
23810,0,0.36728463
23811,0,0.17110617
23812,0,0.21962222
23813,1,0.44523725
23814,0,0.28932446
23815,0,0.15851338
23816,0,0.24205193
23817,1,0.59738106
23818,0,0.42666718
23819,0,0.7098865
23820,0,0.35457706
23821,0,0.34977263
23822,1,0.38601848
23823,0,0.44013652
23824,0,0.3418751
23825,1,0.83390844
23826,0,0.42693245
23827,0,0.4208178
23828,0,0.26811966
23829,0,0.23563294
23830,0,0.25525892
23831,0,0.2364398
23832,0,0.51166356
23833,1,0.4536646
23834,0,0.49371025
23835,0,0.31886104
23836,0,0.7892387
23837,0,0.12981494
23838,0,0.16812992
23839,1,0.37884763
23840,1,0.40418068
23841,1,0.4044995
23842,0,0.2885556
23843,0,0.23927423
23844,0,0.35016358
23845,0,0.4307032
23846,0,0.14507765
23847,0,0.18401507
23848,0,0.3117984
23849,0,0.40384224
23850,0,0.2846594
23851,0,0.5751084
23852,0,0.4781378
23853,0,0.15373169
23854,0,0.1821535
23855,0,0.2890077
23856,0,0.27354196
23857,1,0.9308188
23858,1,0.945271
23859,0,0.5003683
23860,0,0.55237174
23861,0,0.6250276
23862,0,0.21073173
23863,0,0.5049825
23864,0,0.68494695
23865,1,0.7518803
23866,0,0.603909
23867,1,0.8598408
23868,0,0.44189912
23869,0,0.31030068
23870,0,0.20683974
23871,0,0.27116424
23872,0,0.48647165
23873,0,0.35944682
23874,1,0.9116754
23875,0,0.47526905
23876,0,0.18869284
23877,0,0.21639481
23878,0,0.8552489
23879,0,0.48805186
23880,0,0.14742294
23881,0,0.20147151
23882,1,0.6042241
23883,0,0.2873921
23884,1,0.9119867
23885,0,0.6495293
23886,0,0.28306845
23887,1,0.9023823
23888,0,0.22789562
23889,0,0.7179985
23890,0,0.12157039
23891,0,0.10953048
23892,1,0.9055431
23893,1,0.31354123
23894,0,0.38551027
23895,1,0.4117181
23896,0,0.44758618
23897,0,0.27545
23898,1,0.8763631
23899,0,0.7866958
23900,0,0.22885703
23901,0,0.14484712
23902,0,0.30920416
23903,0,0.5441697
23904,0,0.38698936
23905,0,0.5216002
23906,0,0.28316012
23907,0,0.14545663
23908,1,0.5290434
23909,0,0.3936841
23910,0,0.4341151
23911,0,0.9001193
23912,0,0.36711955
23913,0,0.35269672
23914,0,0.1880174
23915,0,0.39922038
23916,0,0.13032995
23917,0,0.22511713
23918,0,0.43485054
23919,0,0.4686748
23920,0,0.27709565
23921,0,0.26292276
23922,0,0.28066972
23923,0,0.4571072
23924,0,0.5282701
23925,0,0.16258411
23926,1,0.60092735
23927,0,0.27405632
23928,0,0.2787705
23929,0,0.28424683
23930,0,0.35107633
23931,0,0.4681309
23932,0,0.81968117
23933,0,0.7707047
23934,1,0.4658506
23935,0,0.19300038
23936,0,0.35679364
23937,0,0.17180258
23938,0,0.31526548
23939,0,0.45766813
23940,0,0.25095397
23941,0,0.22211546
23942,0,0.30495292
23943,0,0.110224485
23944,0,0.40774348
23945,0,0.77863425
23946,0,0.40016747
23947,0,0.29180393
23948,0,0.27806932
23949,0,0.44280353
23950,0,0.24980512
23951,0,0.2390858
23952,0,0.32693177
23953,0,0.1947332
23954,0,0.34179714
23955,0,0.528147
23956,1,0.612245
23957,0,0.5528079
23958,0,0.89872485
23959,0,0.4076714
23960,1,0.7903674
23961,0,0.343465
23962,0,0.60004926
23963,1,0.36638552
23964,1,0.28427476
23965,0,0.33915803
23966,0,0.18004537
23967,0,0.1227203
23968,0,0.83891886
23969,0,0.3203885
23970,0,0.2188656
23971,0,0.23430064
23972,0,0.10163422
23973,1,0.2837157
23974,0,0.29426506
23975,0,0.5027283
23976,0,0.46269828
23977,0,0.37128255
23978,0,0.5105803
23979,0,0.49895394
23980,0,0.20094542
23981,1,0.26798657
23982,0,0.17172666
23983,1,0.9186399
23984,0,0.38090947
23985,0,0.47724426
23986,0,0.40679857
23987,0,0.4787703
23988,0,0.20346297
23989,0,0.26678863
23990,1,0.42338687
23991,0,0.3493908
23992,1,0.5044213
23993,0,0.26158077
23994,0,0.38319853
23995,1,0.25885838
23996,0,0.42979333
23997,0,0.2580231
23998,0,0.62423253
23999,0,0.4741995
