train_index,y_true,prob_default
0,0,0.8184609770077619
1,0,0.5882852019728024
2,0,0.6745823930179391
3,1,0.35619607937296976
4,0,0.5131362919235264
5,1,0.4944672924427649
6,0,0.6232099936895291
7,1,0.9107945194805213
8,0,0.13534104209867026
9,0,0.36034269051322776
10,0,0.5717485834695516
11,1,0.49973234558832863
12,1,0.5892436109560784
13,0,0.30993864993633
14,0,0.6031849642000039
15,0,0.3136792909357961
16,1,0.7444924497273011
17,0,0.2442268781845912
18,0,0.6138663904816916
19,0,0.2322506087679682
20,0,0.380238485677701
21,0,0.12024402706474353
22,0,0.2988302895166632
23,0,0.714804831460713
24,0,0.22369515404060988
25,0,0.5672546142720423
26,1,0.4044088694736723
27,0,0.3193086690426758
28,1,0.568707434651645
29,0,0.3460867742907617
30,1,0.8030554980763341
31,0,0.11303836023748615
32,0,0.13413794487817332
33,0,0.21980891448908083
34,0,0.5819395737995258
35,0,0.4132559158991529
36,0,0.3585375245622302
37,0,0.8369920544171632
38,1,0.5663606693145674
39,0,0.6917969914837532
40,0,0.4255217422001717
41,1,0.6991801206291274
42,0,0.0570485098446649
43,1,0.6414331831231485
44,0,0.5619236919944517
45,0,0.48054478446675375
46,0,0.6694633783277752
47,0,0.32378905458582397
48,0,0.5012873561135184
49,0,0.17686635707567397
50,0,0.23730551868049318
51,1,0.8451046287557005
52,1,0.7980564893545683
53,0,0.33359089418347293
54,0,0.5513267082655117
55,1,0.4229856397592402
56,0,0.33368147144617827
57,0,0.38635669215872875
58,0,0.48697390109686256
59,0,0.2152974462604653
60,0,0.5679968598307503
61,0,0.45342502083812875
62,0,0.16196428924506484
63,0,0.36905400301840385
64,0,0.16902210094330367
65,0,0.35369923574016204
66,0,0.10087822032486607
67,0,0.39626347177263205
68,0,0.07860016864600122
69,0,0.22093967758933208
70,1,0.8156727355062832
71,1,0.29500400631549345
72,1,0.6889084567477761
73,0,0.20662252829669633
74,0,0.48613632437366716
75,0,0.3426331548371601
76,0,0.20014206745752244
77,0,0.26523500164040564
78,0,0.6796883216519461
79,0,0.3411654164405647
80,1,0.44289318997052163
81,1,0.8293202229359998
82,0,0.44291865358309324
83,1,0.6024812409704697
84,0,0.27448395077368176
85,0,0.2623114011720375
86,0,0.6602558134359122
87,0,0.4283936100414161
88,0,0.4106297381215369
89,0,0.2655608761604946
90,0,0.306750157357877
91,0,0.3597406856128896
92,0,0.4462879248719192
93,0,0.14977564113088318
94,0,0.3603137729636247
95,0,0.37892192284337023
96,0,0.6304295944085828
97,1,0.38351963842592984
98,1,0.3809796762073796
99,1,0.8374206447110929
100,0,0.6503477902997298
101,0,0.6128620545448229
102,0,0.27885505096652125
103,0,0.2666900518595894
104,1,0.6724572748243467
105,1,0.41481832978800554
106,0,0.2928957461487178
107,0,0.40557352905362487
108,0,0.26377633197228656
109,1,0.8478106968710393
110,0,0.41487277322958555
111,0,0.3232601670316154
112,0,0.2681508521397466
113,0,0.5406891806976232
114,0,0.15950617413672086
115,0,0.38758550634196837
116,0,0.15343177896404492
117,0,0.25413734248962333
118,1,0.6373623331731912
119,0,0.2785356321632681
120,1,0.5386127150857084
121,1,0.29333050819137535
122,0,0.36553699150994157
123,0,0.33254514378736016
124,0,0.397900798099349
125,1,0.713653202970587
126,1,0.39803280808984653
127,0,0.18966644713486866
128,0,0.7758221670175621
129,0,0.2674319619030057
130,0,0.49130480001197385
131,1,0.3318273350649949
132,0,0.20189860328236675
133,0,0.711459156387062
134,0,0.4123858095384751
135,0,0.26400108781332143
136,0,0.17718226372161985
137,0,0.5043220445479377
138,0,0.2558642698420313
139,0,0.27711953277345264
140,0,0.385955285783996
141,0,0.39436417597606827
142,0,0.3655865430676397
143,0,0.3038269584464059
144,0,0.6646645351089003
145,0,0.6848343631417851
146,0,0.8102268306087561
147,0,0.47039079802225037
148,0,0.2919600437753182
149,0,0.42734309673995363
150,0,0.2288669853043958
151,1,0.19067988101473798
152,0,0.4507253493111353
153,0,0.22234468613001065
154,0,0.785471475075729
155,0,0.3793692995684244
156,0,0.46538437344454175
157,0,0.49898265320976043
158,0,0.1762115119093555
159,0,0.3212566405451513
160,0,0.15580556927956293
161,1,0.810417367706242
162,0,0.2738553091370069
163,0,0.13295923922606712
164,0,0.493964722332287
165,0,0.32628440512307527
166,0,0.17534856666524942
167,0,0.1402771597862672
168,1,0.7057088354186511
169,0,0.22791032638704078
170,0,0.29590931961990835
171,1,0.30427329803368564
172,0,0.18565009622363451
173,0,0.24417538583124132
174,0,0.34119750468755894
175,1,0.41589924465008965
176,1,0.4940472212527866
177,1,0.35649958523260367
178,1,0.7705203888063805
179,0,0.3310812404180748
180,0,0.20275274580101224
181,0,0.24934129763496965
182,0,0.15189004615358678
183,0,0.14290784630820452
184,0,0.4588674193746081
185,0,0.21566370456522843
186,0,0.24772574747972798
187,0,0.5928508006788542
188,0,0.10800369056876413
189,1,0.6183233461156945
190,0,0.7133740518513066
191,1,0.5110058381159153
192,0,0.2640047846027024
193,0,0.4766304077781956
194,0,0.7041517306161016
195,0,0.36101993008156436
196,1,0.3292319677016789
197,1,0.2059389729802657
198,0,0.10967187979700789
199,0,0.4208340051393681
200,0,0.4170782004371447
201,0,0.31742974603235924
202,0,0.5065639783961816
203,0,0.22290076365794614
204,0,0.22219087461329706
205,0,0.688383788886647
206,0,0.33851424731305657
207,0,0.5360122335422666
208,0,0.20893143500316097
209,1,0.49091360305591375
210,0,0.10982355711408356
211,0,0.32388037864718394
212,0,0.23200414087073573
213,1,0.5858484533530206
214,0,0.3209928798998143
215,1,0.9583334514856894
216,0,0.5664427566294218
217,0,0.16061689959915554
218,0,0.22417387903793667
219,0,0.29148565158129514
220,0,0.1479635446888575
221,1,0.933181584238195
222,1,0.8963979176498937
223,0,0.3159119169350028
224,0,0.42032875161875893
225,0,0.32505500008393207
226,0,0.35318886381180425
227,0,0.3804824308980945
228,0,0.08677244391160352
229,0,0.37807584579023507
230,0,0.12480569872997929
231,0,0.26807828615189
232,0,0.7049230468776048
233,0,0.2652578465450477
234,0,0.30085692423916144
235,0,0.22754512450636566
236,0,0.5176949167827845
237,0,0.25765408651129507
238,0,0.33550452653481244
239,0,0.18822528087511292
240,0,0.5327790776316054
241,1,0.3710109414687951
242,0,0.3414601364602173
243,0,0.3991564572565831
244,1,0.7563303590878725
245,0,0.21621480574699592
246,0,0.6142305616218823
247,0,0.908797099754011
248,0,0.5892119923683328
249,1,0.5392765779947879
250,0,0.12582399369752886
251,0,0.1544800833676296
252,0,0.17900413910662627
253,0,0.6651560650827004
254,0,0.8733236005637377
255,0,0.43922646968232804
256,0,0.56575076573297
257,0,0.20353441811335815
258,0,0.37808961589227297
259,0,0.6248390319801114
260,0,0.5209348256898191
261,0,0.30506276161637835
262,0,0.33217801337610503
263,0,0.2922028257676141
264,1,0.843220967107446
265,0,0.3197062773459362
266,0,0.1550072647561143
267,0,0.11860623846247423
268,0,0.3954729340662471
269,1,0.6605445238632857
270,0,0.19040099819745024
271,0,0.12974595766819627
272,0,0.29247486136361134
273,0,0.4349893168506797
274,0,0.20575911784040887
275,0,0.8430093500695776
276,0,0.20355255657415558
277,0,0.12697638587196547
278,0,0.13900508084379615
279,1,0.8429348238624814
280,0,0.4957060351962221
281,0,0.6729119280853729
282,1,0.7660679054229201
283,0,0.2174554325368864
284,0,0.3382444168018761
285,1,0.87628768992124
286,0,0.45065798974037796
287,1,0.48239800900031826
288,0,0.7658620879386326
289,0,0.05039400783289846
290,0,0.191725534021654
291,0,0.3195407800094328
292,0,0.33464753502984484
293,1,0.8452735874640541
294,0,0.4503763919494457
295,0,0.3281256288489312
296,0,0.19096856775559012
297,0,0.24188753606785432
298,0,0.20703987160067588
299,0,0.13813510107300195
300,0,0.33873459419327234
301,1,0.4402213409095832
302,0,0.24803414468836393
303,0,0.29197619535299396
304,1,0.38449890974977374
305,0,0.2712053739485818
306,1,0.5242345077437994
307,0,0.1181196614421787
308,0,0.37714002903107774
309,1,0.7920611257505569
310,1,0.8768423262646949
311,0,0.23917483282471635
312,1,0.3417310360056714
313,0,0.16629394339627793
314,0,0.22659669282484113
315,0,0.22263871400841398
316,0,0.33325196053675604
317,0,0.44912024015802815
318,0,0.33956784432873327
319,0,0.1302639831597489
320,0,0.7487402719609758
321,0,0.07641462358624143
322,0,0.21914259115378626
323,0,0.09680244942929556
324,0,0.17500798493693204
325,1,0.5601496659761793
326,1,0.7121378368031394
327,1,0.4341597968720369
328,1,0.8827571356623116
329,0,0.6154973933952353
330,0,0.4798343363335815
331,1,0.5500127383739678
332,0,0.6347400276784532
333,0,0.38377116043456594
334,0,0.5102223530815335
335,0,0.19415863040175488
336,1,0.3376492408644846
337,1,0.8964037464956013
338,0,0.4942490182810648
339,0,0.3364184890857188
340,0,0.6600811512146194
341,1,0.6988531078564512
342,0,0.5298428727877751
343,1,0.6800642674278109
344,0,0.2969627008509051
345,0,0.446957400782876
346,0,0.3966244783535645
347,0,0.19134574182266198
348,0,0.4202960324950572
349,0,0.36020003083393803
350,0,0.20378581739820148
351,0,0.21473298200106572
352,0,0.17979462677052985
353,0,0.10094729452947834
354,0,0.8828624885989261
355,0,0.312817511836802
356,0,0.1578837369185016
357,0,0.502465778524513
358,0,0.1930397616702906
359,0,0.27032521053983893
360,0,0.16117187336617317
361,0,0.2933330037961642
362,0,0.3427611417563194
363,1,0.3967134670323681
364,0,0.4535439989977498
365,0,0.1805056920954545
366,0,0.4747017959476316
367,0,0.2486468342004523
368,1,0.3600824629312839
369,0,0.14374621151873354
370,0,0.9097325545969077
371,0,0.2777260059197588
372,0,0.1594237257631865
373,0,0.11250771306675666
374,0,0.134049384810209
375,0,0.17534494607808365
376,0,0.24113511864746232
377,0,0.2999095285081152
378,0,0.2292595168850059
379,0,0.6659019582886139
380,0,0.18897196344564265
381,1,0.6102094872935789
382,0,0.33559904064803514
383,1,0.785512764443192
384,1,0.8732949005840787
385,0,0.1857970768442752
386,0,0.34455644506935096
387,0,0.13922917952381003
388,0,0.43055841468531597
389,1,0.3161502849322069
390,1,0.42616463195007237
391,0,0.33968980049240266
392,1,0.36205041714140374
393,0,0.12485100060748666
394,0,0.2952543025695427
395,0,0.35696255527673393
396,0,0.4525286491027836
397,0,0.33419957768046316
398,0,0.3052411395402564
399,0,0.6301630067693113
400,0,0.16705775721519342
401,0,0.13066849693101498
402,1,0.5742622442882839
403,0,0.2306681912427107
404,0,0.27856915948981564
405,0,0.24197521650704396
406,0,0.18822583904596338
407,0,0.2727899147796424
408,0,0.682311299139482
409,0,0.6364476632293914
410,0,0.8739036594784869
411,0,0.20657382108818223
412,0,0.5785676296509853
413,0,0.4155496663233776
414,0,0.253551208422998
415,0,0.3578330651621557
416,1,0.7022688792910837
417,0,0.26723367702956824
418,0,0.37927122155271187
419,0,0.4619286320031176
420,1,0.4463212421368427
421,0,0.3167906664453421
422,0,0.23439620925237611
423,0,0.25587152570686345
424,0,0.29874160801936367
425,0,0.16690517978906783
426,0,0.3397612833445528
427,0,0.13613343601164685
428,0,0.08541837938372858
429,0,0.39842390406639866
430,1,0.43925727893803296
431,0,0.7010843071502423
432,0,0.35070764422187295
433,0,0.22007913396579545
434,1,0.3786824786854395
435,0,0.2378567782053027
436,0,0.2398661582597912
437,0,0.33146156584044273
438,0,0.2615863362313922
439,0,0.037399642567260936
440,0,0.6384760150749446
441,0,0.37707853964406446
442,0,0.45293995385011876
443,0,0.74178657674051
444,0,0.16414648105177268
445,0,0.21327639387395425
446,0,0.31015441186110193
447,1,0.8387337744488913
448,0,0.5803055774034012
449,0,0.3754586431544903
450,0,0.18897959577365253
451,0,0.2063911965082225
452,0,0.1667622370653939
453,0,0.7024969027547905
454,0,0.33423412687652854
455,0,0.3423905945431434
456,0,0.07209073140286666
457,0,0.24418294035199264
458,1,0.2799273599523895
459,0,0.3173911987221094
460,0,0.3229740853513454
461,0,0.2131424351649979
462,0,0.44264713485538065
463,0,0.19167658103068771
464,1,0.5928693682539499
465,0,0.20630664593848372
466,1,0.8032369847905604
467,0,0.43044731965070226
468,0,0.5850490569131302
469,0,0.24426451542107805
470,0,0.1416985231931381
471,1,0.4899902132011127
472,0,0.3030283188032917
473,0,0.40798846357381996
474,0,0.5683363796715326
475,1,0.9313515183053629
476,0,0.4046926023190979
477,0,0.4553583552860193
478,0,0.3581933915781716
479,0,0.1733286751936504
480,0,0.341476376043048
481,0,0.38634743788658404
482,0,0.4704501098865094
483,0,0.1765214156105227
484,0,0.3704971510673756
485,0,0.7323727739495871
486,0,0.09849825185970619
487,0,0.5632180186587084
488,1,0.44386861666516375
489,0,0.24084371268182708
490,0,0.4307327479367736
491,0,0.15122302204827662
492,0,0.34089058248573345
493,1,0.940541938407298
494,0,0.3997602178731443
495,1,0.47163428555610964
496,0,0.3302607083142679
497,1,0.4013456611608555
498,1,0.865563920859911
499,0,0.37671098931774
500,0,0.07715633219815853
501,1,0.9044427449086002
502,0,0.17189514333044253
503,0,0.12907214946244525
504,0,0.11203095834069984
505,0,0.712323028582325
506,0,0.2929163013548187
507,0,0.0640231769578131
508,0,0.23898443956858315
509,0,0.3511621277273003
510,1,0.7673150720950126
511,1,0.8707963234302434
512,0,0.1841456594735121
513,0,0.27603209372640225
514,0,0.769957561604842
515,0,0.4014726194807195
516,0,0.35191763657967956
517,0,0.3592049622337752
518,0,0.23039202790798988
519,1,0.7866530331437346
520,0,0.1743171220014747
521,0,0.4207802960462815
522,0,0.5373930134949939
523,0,0.18925202320871215
524,1,0.9064144707285862
525,0,0.12063216957578625
526,0,0.27200769196949465
527,1,0.5315739691022249
528,1,0.7832001470929447
529,0,0.12927912467511807
530,0,0.22951050406954313
531,0,0.24396046496232093
532,0,0.5292638890770418
533,0,0.296108644325156
534,0,0.24972748044923815
535,0,0.6727853691833774
536,0,0.2828215683942899
537,1,0.5592252104999695
538,1,0.7816130588920299
539,0,0.3419750529076595
540,0,0.22075035929803846
541,0,0.3890000210309633
542,1,0.4346445005079728
543,0,0.5778887677555661
544,0,0.502065359725226
545,0,0.3784244248390772
546,0,0.5133834428778872
547,0,0.42209943142219736
548,1,0.48582151001101775
549,0,0.2174385679080262
550,0,0.3317738749279936
551,0,0.30584245608263194
552,0,0.3372066094163346
553,0,0.4768621580069015
554,1,0.6450862957641772
555,0,0.21221242452969413
556,0,0.5245646013622755
557,0,0.4522684083473015
558,0,0.33970717478311374
559,0,0.42316720580406075
560,0,0.8703521278136374
561,0,0.7650399692211736
562,0,0.4157997970532615
563,0,0.3334124562555859
564,0,0.18900301430785799
565,0,0.4298598770524483
566,0,0.226265093608267
567,1,0.5286830704006023
568,0,0.27038417065181175
569,0,0.23693276120196685
570,1,0.4534873680557506
571,0,0.22010780805299615
572,0,0.29682801920386825
573,1,0.37758980131519626
574,0,0.34437600398466267
575,0,0.41341427908891354
576,0,0.28605514716867897
577,0,0.6368020982235038
578,0,0.28632491187998194
579,0,0.1612739721530534
580,0,0.1647731500323675
581,1,0.7383295209765987
582,0,0.22256155018740015
583,0,0.46697725774427473
584,0,0.23289082361163016
585,0,0.29339947395197735
586,0,0.48254444470104163
587,0,0.26076147081673473
588,0,0.3180343501872145
589,1,0.45900312284143646
590,0,0.2801486187183018
591,0,0.14964361747536867
592,0,0.29359158180718165
593,1,0.47148624538282674
594,0,0.1739304770123266
595,0,0.3027483086597058
596,0,0.42591232038062543
597,1,0.5067858644322167
598,1,0.8567396772187951
599,0,0.252525140741829
600,0,0.16563039489133038
601,0,0.33896285531967135
602,0,0.378993221513329
603,0,0.16271624306269075
604,0,0.5603497005088379
605,0,0.14928088029280492
606,0,0.4498589582471958
607,1,0.4476761697099866
608,0,0.45488406685153676
609,1,0.8711137739900835
610,1,0.8208046390166007
611,0,0.3653139290516026
612,0,0.207799298193308
613,0,0.16853616206956903
614,0,0.3718355803459145
615,0,0.21879200719965586
616,0,0.8462009468648148
617,0,0.12761016224521504
618,0,0.5455443538826811
619,0,0.1570374232518702
620,0,0.33760426869682564
621,1,0.7309076115973256
622,1,0.6098228226714348
623,0,0.19396693556135644
624,1,0.843934307775817
625,1,0.5170481804368673
626,0,0.13598789620179455
627,1,0.8645458106962047
628,1,0.3537017122580381
629,0,0.16906240168730516
630,0,0.3668817813984221
631,1,0.3809937001521827
632,0,0.5857441095254312
633,0,0.24605681322677583
634,0,0.20639719979261695
635,0,0.39333818393589043
636,1,0.7745073093472938
637,0,0.09075585423106924
638,1,0.5959727526983646
639,0,0.10786558469627153
640,1,0.577179534042264
641,1,0.8939426241203055
642,0,0.3345412954909813
643,0,0.3197374783575159
644,0,0.16008040010052785
645,0,0.2834673901770295
646,1,0.5315673507532417
647,0,0.13802676715651477
648,0,0.3731790720072414
649,1,0.47417048004689016
650,0,0.7739008432147846
651,0,0.3289403494139424
652,0,0.3545794143443104
653,0,0.6435380324320455
654,0,0.7618262157972637
655,0,0.30003315423577914
656,0,0.7200963183638447
657,1,0.6559320892264369
658,1,0.7063458623332162
659,0,0.10422457983187043
660,1,0.4423599909896978
661,0,0.299535012406783
662,1,0.907358645477669
663,0,0.795158898188842
664,0,0.263669095071219
665,0,0.3544032785413242
666,0,0.19787806264495822
667,0,0.29481470345891775
668,0,0.38772091294567995
669,0,0.1346645187235131
670,0,0.23343801049500568
671,0,0.20984594250562477
672,0,0.3178607119693163
673,1,0.7106786876714889
674,0,0.8330511817734636
675,0,0.29454961245809413
676,0,0.3891493383038589
677,1,0.6074622605901515
678,0,0.24318378755690226
679,1,0.7437574002023016
680,0,0.38881452183476933
681,0,0.548028639884148
682,0,0.5216689788522408
683,0,0.6220021363023862
684,0,0.3038807190401593
685,0,0.15797437860278335
686,0,0.5217262263810156
687,0,0.4759757642110436
688,1,0.8545314154696042
689,0,0.1563734932928489
690,0,0.4869395251265288
691,0,0.30374491086081035
692,0,0.5841894482647624
693,0,0.13207841038611742
694,0,0.15680926177805976
695,0,0.33926812459139305
696,0,0.4523024564850665
697,1,0.7872563298034057
698,0,0.17060282260159695
699,0,0.3016954253713819
700,1,0.35164403214753365
701,0,0.23561600705981317
702,0,0.3486738004534649
703,0,0.17336460300265688
704,0,0.1638038674906409
705,1,0.734853941338522
706,1,0.5781970602679872
707,1,0.90622969369643
708,0,0.38143622279325584
709,1,0.4352217578968456
710,1,0.47008635004234656
711,1,0.6395541131671616
712,1,0.842839248165417
713,1,0.5967353316653895
714,1,0.6427206858631058
715,0,0.2641872445768195
716,1,0.4871097670983569
717,0,0.27133629319239444
718,1,0.6248964801753023
719,0,0.26348859312891565
720,0,0.1809287616248634
721,0,0.32394627923894226
722,0,0.32108124547557326
723,0,0.3038105038119224
724,0,0.2900054237767835
725,0,0.47790007210233443
726,0,0.4750869450357267
727,1,0.8345742813401721
728,0,0.14097381007383833
729,0,0.17612769037571865
730,0,0.20709230512394058
731,0,0.6107780946129758
732,0,0.42598264530368746
733,0,0.6399841208276726
734,1,0.9042550085614353
735,0,0.8970324052417158
736,1,0.8535761227758146
737,0,0.4637720442116284
738,0,0.7289275107563743
739,1,0.5751831415511419
740,0,0.18225389289579347
741,0,0.12783215877864545
742,1,0.48167251996353455
743,0,0.40702917941666256
744,0,0.8453542579116292
745,1,0.6131310212082405
746,1,0.3815035997432066
747,0,0.5275492048648335
748,0,0.8493056715238564
749,0,0.32304925203148066
750,1,0.6604701099675812
751,0,0.18016550157109137
752,0,0.33439635198564227
753,0,0.2588330610485869
754,0,0.5231269335720277
755,0,0.19041932879797552
756,1,0.5612029766298433
757,0,0.3775984561986794
758,1,0.3716551855392876
759,0,0.4134774199827613
760,0,0.16511566809318498
761,0,0.1683517151051489
762,0,0.34276197958685245
763,0,0.8642721504789034
764,0,0.05200378592435523
765,0,0.3976793429345941
766,0,0.7589833791293507
767,0,0.5937182688318869
768,0,0.30953354332839284
769,0,0.2833617835295241
770,1,0.258968162817024
771,0,0.43225361682222035
772,0,0.36973338403406836
773,0,0.1403661154039474
774,0,0.26837057338775383
775,0,0.19617355921909208
776,1,0.3603375930794072
777,0,0.1274091598712759
778,1,0.41459969723581963
779,0,0.7262368750710695
780,1,0.8604771062022004
781,0,0.1899415515033036
782,1,0.43931834675903936
783,1,0.2667009944527348
784,0,0.18712225283759285
785,0,0.4062455304052942
786,0,0.5175790774084422
787,0,0.3141872404739035
788,0,0.33447786942253466
789,0,0.391400753324814
790,0,0.3304881053132196
791,0,0.05127886740270898
792,0,0.34171708734243167
793,0,0.7969619144009991
794,0,0.360024366304571
795,0,0.3949116559545159
796,0,0.11231421216678222
797,0,0.45475838497873
798,0,0.23523671412459254
799,1,0.8802713976846565
800,1,0.4134996503352042
801,0,0.47843192341433943
802,0,0.17967887753296238
803,0,0.3080656688749602
804,0,0.3390903368563059
805,0,0.423776812024101
806,1,0.36241009875558966
807,1,0.7979777616790805
808,0,0.14942721218781885
809,0,0.24500283552448124
810,0,0.2340707109711251
811,0,0.2914497866414697
812,0,0.39792486993144144
813,0,0.30635217636572987
814,0,0.3059386655230538
815,0,0.32996507489288723
816,1,0.4189516596997094
817,0,0.7526897082977523
818,0,0.0606636124484337
819,0,0.15093493768073826
820,0,0.35115310815722667
821,1,0.6332185093468241
822,1,0.4252535912586516
823,1,0.8045066636041993
824,0,0.24279251734594173
825,0,0.3595507171350571
826,0,0.3460488584505238
827,0,0.22150325669001564
828,0,0.8809348415807656
829,0,0.1414329676569425
830,0,0.07690167705231438
831,0,0.6437611741636128
832,0,0.47682977014753597
833,0,0.40721082329603936
834,0,0.47648164587541963
835,0,0.3130288395950241
836,1,0.6183702638453891
837,0,0.17368072157766942
838,0,0.44041366551991196
839,0,0.45129025553499014
840,0,0.31886059515100906
841,0,0.10864564194283977
842,0,0.17460992029224265
843,0,0.8875809688298899
844,0,0.2589767104487263
845,0,0.271340764428979
846,0,0.44570123134130823
847,0,0.6147354555295644
848,0,0.36112594969589834
849,1,0.34782091699256523
850,0,0.22434371824962038
851,0,0.2889492414412187
852,0,0.3989759787066691
853,0,0.34169751730419917
854,0,0.28341632661654903
855,0,0.3123103260809695
856,0,0.2905686799936698
857,0,0.18065812398214567
858,0,0.2680520189939123
859,1,0.4071240863498752
860,1,0.7482753481749589
861,0,0.1677355397256131
862,1,0.48737739180998213
863,0,0.5295542817032765
864,0,0.35094963122091977
865,1,0.9186470959775629
866,0,0.37528081412442815
867,0,0.1764593449807183
868,0,0.4315715052344888
869,0,0.37740051764210053
870,0,0.31376321818776176
871,1,0.5946091229461148
872,0,0.34101217856693467
873,0,0.8050205649258169
874,0,0.30990825536107597
875,0,0.27831128761980795
876,0,0.3197637015115636
877,0,0.3249961061019181
878,0,0.2930303245094401
879,0,0.21473735085901122
880,0,0.2666905671120203
881,0,0.13644128902397215
882,1,0.43515716175186175
883,0,0.34303319359193796
884,1,0.9160572580353589
885,0,0.2432006081220827
886,0,0.6217716649103229
887,1,0.3468580920541941
888,1,0.3589829344274121
889,0,0.3453510273981053
890,0,0.21127634209355806
891,0,0.18401100286847413
892,0,0.19869629297097355
893,1,0.546634161244146
894,0,0.6503477902997298
895,0,0.32904944184436485
896,0,0.4259502385234253
897,1,0.6768853720446134
898,1,0.5230118216299355
899,1,0.42351593972114093
900,1,0.5844148522714067
901,0,0.44578737751199554
902,0,0.35146023616924593
903,0,0.32551247194534044
904,0,0.5397425586241306
905,0,0.15708428932568674
906,1,0.44739802796050543
907,0,0.2752401048366143
908,0,0.18844283337527948
909,1,0.6656696828296836
910,0,0.37440468293669127
911,0,0.3428049684796577
912,0,0.33776445972732333
913,0,0.14096578435925486
914,0,0.13638071880486458
915,0,0.3181845974302333
916,1,0.6709663602981526
917,1,0.4793329783649545
918,0,0.20773051381547603
919,0,0.39540555840085195
920,0,0.2691132378287982
921,1,0.7242862168966286
922,0,0.19412570400953258
923,0,0.19098682869556385
924,0,0.24812722607717125
925,1,0.8494558371768681
926,0,0.18276841275758515
927,0,0.3648289939081865
928,0,0.14247633062941614
929,1,0.8311527681547339
930,0,0.3880879334130818
931,0,0.22878570191120626
932,1,0.7370115618792255
933,0,0.22747752274984978
934,0,0.6303639553086426
935,0,0.335052026605433
936,1,0.82641800383645
937,1,0.6815387262004293
938,0,0.35813912717902724
939,0,0.346236539970618
940,1,0.7769732444998576
941,1,0.5419186773179703
942,0,0.24994251415266522
943,0,0.3862771599623167
944,0,0.6228438682055727
945,1,0.24590372265183233
946,1,0.881969014468967
947,0,0.13439484595076437
948,1,0.7536146483004608
949,1,0.9069895571154457
950,0,0.8728929388268035
951,0,0.41615963984453885
952,1,0.4913784214852573
953,1,0.9223449901778557
954,0,0.8828428961219025
955,0,0.10717158501546267
956,1,0.8041458965175381
957,0,0.14591739995307587
958,0,0.16366336394034633
959,0,0.30181014516619825
960,0,0.46649280166943685
961,0,0.38138753423925953
962,0,0.3282359988015078
963,1,0.47670055099827136
964,0,0.6556674934690331
965,0,0.09944423888768478
966,0,0.29629802904244196
967,0,0.7183916560793842
968,1,0.6976997736296113
969,0,0.25310829279670727
970,0,0.34668114712090514
971,0,0.24366273260515645
972,0,0.27417156818698224
973,0,0.44372408576756867
974,1,0.8391077730097252
975,1,0.5137463479750164
976,0,0.3227928238122689
977,0,0.19652951273151753
978,0,0.33117095102039634
979,0,0.5256624640900386
980,1,0.4048783119572312
981,0,0.2691260751385548
982,0,0.408849309433473
983,1,0.8027775921686786
984,0,0.20128721202679437
985,0,0.5379951252793534
986,0,0.8275358532890885
987,0,0.2666123574296185
988,0,0.12048225994862988
989,1,0.8198201108911363
990,0,0.6511632656634972
991,0,0.24178128807018953
992,1,0.88790636395953
993,0,0.27106574806613376
994,0,0.805313137055673
995,1,0.8184485108234728
996,0,0.06741532167733617
997,0,0.1713443264342062
998,0,0.1979450429809504
999,1,0.7419050339031752
1000,0,0.18815500315765804
1001,0,0.8030294999225134
1002,0,0.32191705390245046
1003,0,0.5218181511362014
1004,1,0.8045427047996024
1005,1,0.7326478417869191
1006,0,0.3280963197966424
1007,0,0.5741428655124026
1008,0,0.2783465071363307
1009,0,0.10454487297680765
1010,0,0.22973491302619625
1011,0,0.2507025052406745
1012,0,0.15373102400773936
1013,1,0.6944009606665641
1014,0,0.26232379619023655
1015,0,0.634878897761707
1016,0,0.3968672642027198
1017,0,0.17628201116861036
1018,0,0.31405078667363245
1019,1,0.8757626622850639
1020,1,0.295809043718437
1021,0,0.1907674563887047
1022,0,0.25393143990503286
1023,0,0.17929137458829728
1024,0,0.1436945383856537
1025,0,0.6908400522363185
1026,0,0.4733566980143177
1027,0,0.4704511461685601
1028,0,0.23794217977869064
1029,0,0.28371661627028216
1030,1,0.8496740761305762
1031,1,0.6090869965016484
1032,0,0.20912740123204682
1033,1,0.9263952406254249
1034,1,0.6782163672881262
1035,0,0.27821867074255446
1036,0,0.4079107917030177
1037,0,0.08447920342757774
1038,1,0.958879777400177
1039,0,0.5134221251006735
1040,1,0.3616701094847082
1041,1,0.8528349652098663
1042,1,0.535538607361711
1043,0,0.10238241165613489
1044,0,0.20980923187231568
1045,0,0.4313840341075322
1046,1,0.7355142911846306
1047,0,0.3282053228295439
1048,0,0.2903217915112379
1049,1,0.32938342417295685
1050,0,0.3149204010109967
1051,0,0.4603270145987252
1052,1,0.835270322173047
1053,0,0.17713200707321555
1054,0,0.5093612021474303
1055,0,0.605631015779391
1056,0,0.11073804757923501
1057,0,0.13076777598207648
1058,0,0.6788780531642636
1059,0,0.3917463048141552
1060,0,0.5250583891293783
1061,0,0.4690345616860362
1062,1,0.7256760888960531
1063,0,0.3356526057295091
1064,0,0.1628275965082654
1065,0,0.3929015759262285
1066,1,0.5085862814997912
1067,0,0.26978971580661293
1068,0,0.22554731354756558
1069,0,0.25668343980837904
1070,1,0.3618884809908581
1071,0,0.18941060525319323
1072,1,0.41724216455968516
1073,0,0.3339499524888872
1074,1,0.46693422947851937
1075,0,0.13083002196356314
1076,1,0.5910281946889318
1077,1,0.8926366338441498
1078,1,0.5109402725040902
1079,0,0.23819380771703447
1080,0,0.29702312357194666
1081,0,0.23124732432993642
1082,0,0.24083357570481265
1083,0,0.27541391259649634
1084,0,0.16307052550303702
1085,0,0.6013687654115848
1086,0,0.25960969506608
1087,0,0.2909529449884169
1088,0,0.32540260017045924
1089,0,0.6868264615594084
1090,0,0.24955947009538032
1091,0,0.5320700525191363
1092,0,0.24695627147113272
1093,0,0.3950310436969102
1094,0,0.6527266676120704
1095,0,0.2533135290912587
1096,0,0.7257517038571852
1097,1,0.879189675601226
1098,0,0.3767612974186331
1099,0,0.24464269351628967
1100,1,0.6174720038176145
1101,0,0.3426864265188432
1102,1,0.5361123324435851
1103,1,0.8022568658238023
1104,0,0.8609450339629828
1105,1,0.43935059273186444
1106,0,0.1598651877748136
1107,0,0.4448069847459017
1108,0,0.8061853270470494
1109,0,0.36681988998948944
1110,0,0.17950337162836777
1111,0,0.29043310364884656
1112,0,0.18085880790242456
1113,1,0.4551397788328611
1114,1,0.624792203724163
1115,1,0.850998271174323
1116,0,0.5804807351068129
1117,1,0.3838098650728298
1118,0,0.22979388002108642
1119,0,0.29012661942133827
1120,0,0.35201667848834073
1121,0,0.15888901408968126
1122,0,0.7935757529479326
1123,0,0.1237164734728686
1124,0,0.20697090285299768
1125,0,0.40306801163751543
1126,1,0.8084434921847848
1127,0,0.1648171331925367
1128,0,0.27681511341181636
1129,0,0.23154134208769336
1130,0,0.2112570589682447
1131,0,0.2956713418264903
1132,1,0.885589719685856
1133,0,0.2719178932484692
1134,1,0.7857815522425594
1135,1,0.46297168568561736
1136,1,0.5183666751183603
1137,0,0.26284057525727955
1138,1,0.8611641693268761
1139,0,0.3090114781606967
1140,0,0.4165642117516631
1141,0,0.05501183332137605
1142,0,0.6689241522570226
1143,0,0.8218087194849404
1144,0,0.2281690135851174
1145,0,0.2759730703710363
1146,0,0.7927596324717124
1147,0,0.24784400038653623
1148,1,0.5876057129149576
1149,1,0.6098599384857791
1150,1,0.7297470135768438
1151,0,0.3454665259519497
1152,1,0.5101119709772113
1153,0,0.3447847482835124
1154,1,0.5374504672799646
1155,1,0.4290854296810454
1156,0,0.2788971658932821
1157,0,0.3285200903668777
1158,0,0.3462310233202303
1159,0,0.16357500141567577
1160,0,0.22847486907006645
1161,0,0.46978890493697256
1162,0,0.3028490103481809
1163,0,0.32304416432348027
1164,0,0.6910415074943664
1165,0,0.8015022213909847
1166,0,0.17490382091196563
1167,1,0.900365333211338
1168,1,0.4690599726009808
1169,0,0.4296434550013581
1170,0,0.15770876343883636
1171,1,0.39316013367761043
1172,1,0.8553628795340009
1173,0,0.1532972597989413
1174,0,0.35710431555180017
1175,0,0.8281109713629238
1176,0,0.19537424616015384
1177,0,0.5530716092430391
1178,0,0.17299780737896192
1179,0,0.18317154782941447
1180,0,0.2995437406537618
1181,0,0.3297667414388059
1182,0,0.4469256279378848
1183,0,0.17270665067160706
1184,0,0.1406990438715086
1185,0,0.5120354367644946
1186,0,0.21063891792468717
1187,0,0.10913985714197187
1188,0,0.34644913426427154
1189,0,0.30635193410858697
1190,1,0.9558873696219043
1191,0,0.23646440491402843
1192,1,0.8617588553531397
1193,0,0.4660686447138648
1194,0,0.31680953026045083
1195,0,0.4136528463070819
1196,0,0.29226951514133526
1197,0,0.27627924079107885
1198,0,0.5299070381205728
1199,0,0.37512861546179493
1200,0,0.31637416751672676
1201,1,0.8422147908712607
1202,0,0.9081209790217184
1203,0,0.8215156877112222
1204,1,0.4114140852595941
1205,0,0.26158262139558747
1206,0,0.3234805598892516
1207,0,0.2355939821762668
1208,0,0.2794614021982489
1209,1,0.8787646750504475
1210,1,0.6313546960416913
1211,1,0.3199223670115495
1212,0,0.2364988395134209
1213,0,0.1787101954582319
1214,0,0.5334113264583492
1215,0,0.3029671678121329
1216,0,0.2881803507133784
1217,0,0.38871674082500574
1218,0,0.2284536113816224
1219,0,0.5074594733285211
1220,1,0.476019823546594
1221,1,0.8864640914064887
1222,1,0.23274433437190278
1223,0,0.5540018496601565
1224,0,0.3719006401776523
1225,0,0.3484419723586616
1226,0,0.19161926941984006
1227,1,0.8964664581949567
1228,0,0.8540720083824174
1229,0,0.2373365342716065
1230,1,0.5705208297515432
1231,0,0.0908279579209482
1232,0,0.494908540211233
1233,0,0.22760172149426894
1234,0,0.15152486003783774
1235,0,0.2551443647732701
1236,0,0.440904564458331
1237,0,0.27177638189810926
1238,0,0.2477064929687806
1239,0,0.3074723692859864
1240,0,0.8390031080059884
1241,0,0.31371373047227896
1242,0,0.42322854807381083
1243,1,0.3678945461520721
1244,1,0.8100935436306126
1245,1,0.7491918076637992
1246,0,0.5948095223351028
1247,0,0.19492732480503144
1248,0,0.12058174060771956
1249,0,0.20137281276001123
1250,0,0.346647841298981
1251,0,0.4287596594912217
1252,0,0.16458663398006712
1253,0,0.34496619117720256
1254,0,0.2608113121290518
1255,0,0.24784919720682214
1256,0,0.4030982937652491
1257,1,0.7316555985013099
1258,0,0.23738908897038077
1259,1,0.2566285661488516
1260,0,0.39186791113711733
1261,0,0.6277239864674385
1262,0,0.18760654020887746
1263,0,0.11024356641030417
1264,1,0.8464675259381541
1265,0,0.1988457970721926
1266,0,0.7329400739027987
1267,0,0.3289070816438835
1268,1,0.4063975048437916
1269,1,0.7463378249805095
1270,0,0.32619689138706337
1271,1,0.39781597615623016
1272,0,0.27573099737903045
1273,0,0.4224831455470502
1274,0,0.5465225015090819
1275,1,0.8485745452000704
1276,0,0.11132140338037248
1277,0,0.3189169436500498
1278,1,0.4073659942998521
1279,0,0.3392472476367005
1280,0,0.3859507948275221
1281,1,0.52265183224491
1282,1,0.7248806104888569
1283,0,0.1531682290652943
1284,1,0.38575307691855004
1285,0,0.29882032345177245
1286,0,0.2195948512240461
1287,0,0.23632299977169033
1288,0,0.8066949115451285
1289,0,0.3214422599501614
1290,0,0.34413699913236356
1291,0,0.18426901244828417
1292,1,0.4858263949402151
1293,0,0.33201662672903376
1294,0,0.27100296859301976
1295,1,0.7019513183158064
1296,0,0.691738761693631
1297,0,0.30782999537267375
1298,0,0.27072041349105513
1299,0,0.4250591756472238
1300,0,0.33049711589447434
1301,0,0.32908073697931983
1302,1,0.5431845593933281
1303,0,0.2215714723550434
1304,1,0.3589433349467083
1305,0,0.45720007945648894
1306,1,0.4300737533684215
1307,0,0.261413406071315
1308,1,0.596878075345023
1309,1,0.7812732433103633
1310,0,0.10432208082189255
1311,1,0.8813153727805413
1312,0,0.1449821035219845
1313,0,0.20494508047986998
1314,1,0.8594955895192649
1315,0,0.1755011528260286
1316,0,0.5634262966736182
1317,0,0.10813779463884639
1318,0,0.21666967352456593
1319,0,0.38019702859355603
1320,0,0.15976186729302017
1321,0,0.4162770922209355
1322,0,0.44138432058794796
1323,0,0.1923165894132516
1324,0,0.3943887728052788
1325,0,0.33090433825452964
1326,0,0.1367609695954211
1327,0,0.10535335454963882
1328,0,0.30574258474747595
1329,0,0.39471410409851626
1330,1,0.8690766862099251
1331,1,0.5844373393392862
1332,0,0.23747242746862843
1333,0,0.0999975883469719
1334,1,0.6322903362624334
1335,0,0.24965639492024658
1336,1,0.6312873905395538
1337,0,0.430175494915992
1338,0,0.2333702247821882
1339,1,0.6249005126102035
1340,0,0.3419620961058562
1341,0,0.2578793238875602
1342,0,0.3024706095606998
1343,0,0.2214801989583167
1344,0,0.08719743346249498
1345,0,0.10136801330870204
1346,0,0.16223105548124134
1347,0,0.2068435061574245
1348,1,0.38561150720533804
1349,0,0.12281853479072598
1350,0,0.188737418580465
1351,0,0.4014322962151408
1352,0,0.15702935558905046
1353,0,0.6454709192365119
1354,1,0.3850808181655589
1355,0,0.18586449948168568
1356,1,0.8908431714008153
1357,0,0.4172030213986811
1358,0,0.31539740040273306
1359,0,0.6374295155778674
1360,0,0.13630971608449913
1361,1,0.7617537861122681
1362,1,0.669371845594235
1363,1,0.7483566707518612
1364,1,0.4494780089902784
1365,1,0.7157460696889424
1366,0,0.43665504441387415
1367,0,0.6239150810607825
1368,0,0.379291660290341
1369,1,0.49642360372259603
1370,0,0.4815097386646981
1371,0,0.3581512934474219
1372,0,0.3143787152378085
1373,1,0.3555637285291679
1374,0,0.1934224657360879
1375,0,0.44999790420408514
1376,0,0.2400597808521341
1377,1,0.9023148686925911
1378,0,0.4840931553581611
1379,0,0.14770890095196126
1380,0,0.3669398651032474
1381,0,0.5408652825579273
1382,1,0.7795156482246697
1383,0,0.3297542581010713
1384,0,0.16277728768079192
1385,0,0.3757599358008574
1386,0,0.26425851831823677
1387,0,0.5980552397014199
1388,0,0.25926360449974234
1389,0,0.18532653209661987
1390,1,0.4891623863465886
1391,0,0.17889605831865837
1392,0,0.3261224731198737
1393,1,0.49855913942218794
1394,0,0.5861280974135775
1395,0,0.1938666587544715
1396,0,0.3132163993927981
1397,0,0.357588276440852
1398,0,0.21962018748002118
1399,0,0.1857145180214715
1400,1,0.45217448697975215
1401,0,0.06903800026879686
1402,0,0.4203133431435064
1403,0,0.2603531047861377
1404,0,0.6305234288396988
1405,0,0.32046365197877913
1406,0,0.15595030781067393
1407,1,0.906404801253486
1408,0,0.19361638062170275
1409,0,0.38044906519339344
1410,0,0.08023751811190935
1411,0,0.2958411015528062
1412,0,0.3196531626267664
1413,0,0.1438648309675259
1414,0,0.15871197254545596
1415,0,0.2666960857247376
1416,0,0.6334584094486178
1417,0,0.11026470647779422
1418,0,0.2202222293223448
1419,0,0.7335284581273975
1420,0,0.26796529604259234
1421,0,0.8175281212421627
1422,0,0.27735158048619163
1423,1,0.6747854250104031
1424,0,0.5902928697884464
1425,0,0.15016374687445402
1426,0,0.20516503013313994
1427,0,0.511780024757952
1428,1,0.8508904482459231
1429,1,0.8244945895142144
1430,0,0.24353206207607792
1431,0,0.4435992626446281
1432,0,0.34941337741369666
1433,1,0.8884713581149574
1434,0,0.14442730179684554
1435,0,0.5861931785507747
1436,0,0.17901024993378845
1437,1,0.8071150475895146
1438,0,0.3053169078424768
1439,0,0.1931115265504522
1440,0,0.3223943501375246
1441,0,0.18183820016822722
1442,0,0.6854912429779926
1443,0,0.2991642040552651
1444,0,0.15634308165822974
1445,0,0.18427619351560673
1446,0,0.4838151066886096
1447,0,0.29752874044151884
1448,0,0.3996314716801412
1449,0,0.15974739679723207
1450,0,0.17044854564765682
1451,0,0.4972606511161323
1452,0,0.3540532576214827
1453,1,0.8332791472501814
1454,0,0.35589782761759237
1455,0,0.2093800507183184
1456,0,0.3551523809804613
1457,0,0.3007592671450038
1458,0,0.3196434875458689
1459,1,0.8964238051200353
1460,0,0.16282986054723744
1461,0,0.31633069240492834
1462,1,0.8413321121777178
1463,0,0.5776055523824969
1464,0,0.6614067517047054
1465,0,0.42661738348421513
1466,0,0.2959460388985321
1467,1,0.3066654598007632
1468,0,0.5987328309246381
1469,0,0.513218422997063
1470,1,0.8483513718887064
1471,1,0.6889496629173479
1472,0,0.3079783085904317
1473,0,0.24998718355554314
1474,0,0.17764976089128395
1475,0,0.157805360446298
1476,0,0.32276398618705954
1477,1,0.904772546611264
1478,0,0.2759437269829268
1479,1,0.24341297119310504
1480,1,0.4047091574747189
1481,0,0.4210203323218841
1482,0,0.2911326517455951
1483,0,0.25420869413299985
1484,1,0.7723054879028219
1485,0,0.16104938719213416
1486,0,0.6167439279416401
1487,0,0.12418627680565499
1488,1,0.5486633475220529
1489,0,0.2788628222711147
1490,0,0.4536869967576878
1491,0,0.6405564905217497
1492,0,0.24818171589485122
1493,0,0.423472830830082
1494,1,0.5406265162090821
1495,0,0.26112411681645864
1496,0,0.29253812772906485
1497,0,0.16297769034029413
1498,0,0.12716689371213322
1499,1,0.6190532709862306
1500,1,0.7242325812390199
1501,1,0.9125333039123242
1502,0,0.15931070432395372
1503,0,0.35935171309531955
1504,0,0.2234716299633022
1505,0,0.42607324905089444
1506,0,0.36876734991339816
1507,0,0.20550214180017964
1508,0,0.3396484356723799
1509,0,0.20267958402639635
1510,1,0.37472451575780574
1511,0,0.43734151427523643
1512,0,0.20219466023371266
1513,0,0.4672103555836013
1514,0,0.5271974442823445
1515,1,0.3027562545831619
1516,0,0.17541062345497851
1517,0,0.8260762471452883
1518,0,0.46256102728227655
1519,0,0.17062921617629853
1520,0,0.34461547140347853
1521,0,0.26374407372658704
1522,0,0.5260175528116864
1523,0,0.6516778024601413
1524,0,0.610157861166947
1525,0,0.2179052829049555
1526,1,0.43043743925692296
1527,0,0.1972538666123354
1528,0,0.5025596485345196
1529,1,0.5981679094628685
1530,0,0.21646466809594675
1531,1,0.41783013258096635
1532,1,0.34661077972459864
1533,0,0.1365741821778752
1534,0,0.31957791429902555
1535,0,0.6131144863621147
1536,0,0.18303618362823537
1537,1,0.8839568150074807
1538,0,0.12036059280456232
1539,1,0.8832673988788784
1540,1,0.7520381788997957
1541,0,0.372280633942889
1542,0,0.35681651814847565
1543,0,0.14211737665722102
1544,0,0.3777556229699796
1545,0,0.3107417994122261
1546,0,0.8174293628246025
1547,0,0.1570020739033463
1548,0,0.5637366126133209
1549,0,0.15723990627752327
1550,0,0.3711601203085895
1551,0,0.42247161446430015
1552,0,0.924497931494472
1553,0,0.21513133013598423
1554,0,0.30571562392809787
1555,0,0.6152870594745786
1556,0,0.20317315923730528
1557,1,0.5521042178510872
1558,0,0.5624221154044468
1559,0,0.7868050542735463
1560,1,0.5116570179976434
1561,0,0.2305087812558915
1562,1,0.3007067825026541
1563,0,0.15837349239137494
1564,0,0.18622021845404205
1565,0,0.3541314078995051
1566,0,0.2336882165044124
1567,1,0.831495692527237
1568,0,0.06191400207353654
1569,0,0.27458249177500865
1570,0,0.6033865915594189
1571,0,0.258739634101026
1572,0,0.3502511163535403
1573,0,0.3061626609754382
1574,0,0.3789481169694701
1575,0,0.25277264052439435
1576,0,0.12261478870430269
1577,1,0.5003436683821416
1578,0,0.5781575586212147
1579,0,0.2840938947009669
1580,1,0.534802124736469
1581,1,0.6136318678018209
1582,0,0.1857567921741804
1583,0,0.7203139746236136
1584,0,0.4058188050196887
1585,0,0.7829384852294338
1586,0,0.39311965566752766
1587,0,0.2488161437603718
1588,0,0.18607047148068895
1589,0,0.31965541031445466
1590,0,0.20392231602430097
1591,0,0.09923578792813056
1592,0,0.3255705995569925
1593,0,0.41190592880740207
1594,1,0.6244382075488847
1595,0,0.13170297096052944
1596,0,0.2776952328211484
1597,0,0.1550114405496284
1598,0,0.3507439261892619
1599,0,0.382718562902968
1600,1,0.7038174772346565
1601,0,0.25393661521024247
1602,1,0.23125842121900905
1603,0,0.5019387873796479
1604,0,0.8400007124439448
1605,1,0.35038659484748086
1606,0,0.5193605585972229
1607,0,0.3774018521337708
1608,0,0.100817002701808
1609,0,0.30782229483765744
1610,1,0.5979616246815882
1611,0,0.2408239318701796
1612,0,0.24396697017642352
1613,0,0.5790503815228908
1614,0,0.3254249786787467
1615,0,0.1102327741734177
1616,1,0.28650944351051066
1617,0,0.1164624002549066
1618,0,0.32957654622673305
1619,0,0.1835180377181783
1620,0,0.12719385131366517
1621,1,0.7079167936834635
1622,1,0.2980191703921611
1623,0,0.27869068731558483
1624,0,0.7728401352505163
1625,0,0.24506404499291015
1626,0,0.4753461953804781
1627,1,0.9028769171626706
1628,0,0.3189648720885404
1629,0,0.31057958242825023
1630,0,0.37071050272580836
1631,1,0.6750640116212471
1632,0,0.3184762615786438
1633,0,0.1429139538905724
1634,0,0.44898358509438663
1635,0,0.2658627439051706
1636,0,0.2249741578982847
1637,0,0.3591224076987525
1638,0,0.37395103543770597
1639,0,0.5012783427164428
1640,0,0.5125571878293971
1641,0,0.1667199660106362
1642,0,0.2357199151410409
1643,1,0.9328486401992266
1644,0,0.12172018570789961
1645,0,0.23227740579471357
1646,0,0.3492757574433819
1647,0,0.5927249302630001
1648,0,0.2745106038236473
1649,0,0.15349288720028728
1650,0,0.6055403562563584
1651,0,0.3621000927870706
1652,0,0.2918360563727605
1653,0,0.7487423885627463
1654,0,0.17771616799985665
1655,0,0.3849823457282108
1656,0,0.29345669275024183
1657,0,0.27252259394976736
1658,0,0.3245206948316557
1659,0,0.3751274192548767
1660,0,0.6235465572092656
1661,0,0.3304678764634615
1662,0,0.1395843769403264
1663,0,0.5525337628373925
1664,1,0.3515698551164428
1665,0,0.21656134122155554
1666,0,0.41028907476926413
1667,0,0.1732916985919118
1668,1,0.4852075101316457
1669,0,0.43792500677951574
1670,0,0.43551000206726925
1671,0,0.3764453747142894
1672,0,0.17202708659951632
1673,0,0.11024762196714155
1674,0,0.8371322752243734
1675,0,0.27559676904352054
1676,1,0.9239329643439812
1677,0,0.4389539583828184
1678,1,0.37141119423720426
1679,0,0.5343285372966783
1680,0,0.2025440091509857
1681,1,0.9058190929142136
1682,1,0.5448525476286658
1683,0,0.22812125208752218
1684,0,0.2606106320911741
1685,0,0.35885805253901937
1686,0,0.40900611190096825
1687,0,0.3071896785722977
1688,0,0.2877267711015056
1689,0,0.1955325892460028
1690,0,0.34704233379136395
1691,1,0.7310344467729485
1692,0,0.28583330725586426
1693,0,0.20190090202343566
1694,1,0.6280599163918713
1695,1,0.6114443959457673
1696,1,0.3797802908720422
1697,0,0.3079219838094129
1698,1,0.23488769374913882
1699,0,0.10904680933099792
1700,0,0.06171432006603627
1701,0,0.11844701837456764
1702,0,0.28959288432615915
1703,0,0.4091283415427614
1704,0,0.2868503790951759
1705,0,0.31295053843513043
1706,0,0.2553972402954121
1707,0,0.2993804832254663
1708,0,0.1815906796175785
1709,0,0.19257784026963926
1710,0,0.48556849127899754
1711,0,0.405685165515928
1712,1,0.5055601668392897
1713,0,0.6347493647420164
1714,0,0.22171268190597787
1715,0,0.1749690811626337
1716,0,0.4433755088488794
1717,0,0.37521113047656457
1718,0,0.29740956182918354
1719,0,0.632929132870214
1720,0,0.2288006358785991
1721,0,0.7406291694982472
1722,0,0.2985327873102826
1723,0,0.1109018955079664
1724,0,0.35574687475912015
1725,1,0.7820030744981556
1726,1,0.7414960324297867
1727,0,0.3717492592019856
1728,0,0.33708158187880527
1729,0,0.29870879921874705
1730,0,0.19642168207733018
1731,1,0.8680479842738121
1732,0,0.23159181768953851
1733,1,0.6519630929000624
1734,1,0.23376245681886199
1735,0,0.2802355750561748
1736,0,0.6123735377337809
1737,0,0.42180123113286005
1738,0,0.5264144471768405
1739,1,0.5865419549568103
1740,0,0.7210162857001379
1741,0,0.10914643064961702
1742,1,0.4794267990720681
1743,0,0.19966708430149424
1744,0,0.7427589827952287
1745,0,0.1408043607136342
1746,0,0.35362796415277004
1747,0,0.13109099734046997
1748,0,0.6104729813934189
1749,0,0.20572233373830673
1750,0,0.13280602727104776
1751,0,0.18589886357721727
1752,0,0.16487254364133005
1753,1,0.4750717429921479
1754,0,0.1032894920121717
1755,1,0.8755576791997589
1756,0,0.1398640531516104
1757,0,0.1821510961881102
1758,1,0.43604453148405725
1759,0,0.3004963213265624
1760,0,0.4702576825077511
1761,0,0.6032700922005818
1762,0,0.19508720634694512
1763,1,0.7291188575789478
1764,0,0.21260839416883787
1765,0,0.6078206760566056
1766,1,0.8695629399096605
1767,0,0.16826014563729902
1768,0,0.4733550281572579
1769,0,0.3197723217168687
1770,0,0.2272962499656439
1771,0,0.3969889161456379
1772,1,0.6989543641327597
1773,0,0.28628687329784763
1774,1,0.931669367663891
1775,0,0.19542658999010964
1776,1,0.5221923291190917
1777,0,0.668620039381848
1778,0,0.3874771461540415
1779,0,0.335235479159519
1780,0,0.1930407246510706
1781,0,0.39460757488347026
1782,0,0.30474971891835345
1783,0,0.2063154979050125
1784,0,0.15240546316975936
1785,0,0.2674455197815839
1786,0,0.28242366110272277
1787,1,0.4439458789343717
1788,0,0.8038563215009167
1789,0,0.34962743011404684
1790,1,0.5602104115244699
1791,0,0.21524847207622624
1792,0,0.3630015752195302
1793,0,0.2406967239251783
1794,0,0.22081891254819289
1795,0,0.3994974394793394
1796,0,0.42027562318074674
1797,0,0.4920802725316566
1798,1,0.5874923918039808
1799,0,0.35231431833045923
1800,0,0.20548098507760706
1801,1,0.3333074190548131
1802,0,0.24274090075539767
1803,1,0.7701268075498409
1804,0,0.1947177380452293
1805,0,0.3638137833056427
1806,0,0.540557815390254
1807,0,0.3192605207136045
1808,0,0.07776913191047038
1809,0,0.40148405764867456
1810,0,0.6937257470894491
1811,0,0.12363483412573788
1812,0,0.12850297210744077
1813,0,0.10279678751352597
1814,0,0.5148034634282571
1815,0,0.363968453098714
1816,0,0.7356233271375097
1817,0,0.27682292225173183
1818,1,0.8924085905229326
1819,0,0.41975966670084214
1820,0,0.24562996621594824
1821,1,0.7789348740249311
1822,0,0.24692762204287227
1823,0,0.6970413765475179
1824,0,0.2917667358811742
1825,0,0.3957475395476773
1826,1,0.8163915752205562
1827,0,0.2887502294916132
1828,0,0.3611145615371731
1829,0,0.28122452222298017
1830,0,0.33216841222629795
1831,0,0.2503999544612696
1832,0,0.6432130346524508
1833,1,0.8386887106754105
1834,0,0.2843581767428896
1835,0,0.17741018808352735
1836,1,0.7020105853208223
1837,0,0.34270997272882187
1838,1,0.8814945766581816
1839,0,0.3431926173144432
1840,0,0.38682702490576903
1841,0,0.20069522341156257
1842,0,0.6409757132889715
1843,1,0.3069461480817826
1844,0,0.2408986363336056
1845,0,0.33551377636468316
1846,1,0.4638913594829884
1847,0,0.15907787818371635
1848,0,0.1253014332620841
1849,1,0.7551110862730094
1850,0,0.4355124503418946
1851,0,0.32556856600326506
1852,0,0.3128033657014519
1853,0,0.15604256006922493
1854,0,0.07424548485101788
1855,0,0.20110311056038696
1856,0,0.12003306486418225
1857,1,0.8417851786072815
1858,0,0.2847140702050775
1859,0,0.15171378303622882
1860,0,0.3507006905621566
1861,0,0.4147426099708427
1862,0,0.5862971861199499
1863,0,0.17396198988842998
1864,1,0.868890568022597
1865,0,0.3054255335894625
1866,1,0.6429069358651281
1867,0,0.5265225116624561
1868,1,0.8544656919310516
1869,0,0.33206238409156863
1870,0,0.4203343446507672
1871,0,0.13635709243092453
1872,0,0.15372013164123366
1873,0,0.3180345454713337
1874,0,0.18535852626580876
1875,0,0.22507174219153897
1876,0,0.4781855567177961
1877,0,0.19778605593033685
1878,0,0.29867869888288845
1879,0,0.2854568374123022
1880,0,0.8440777232548975
1881,1,0.4268930385394238
1882,0,0.26100935708401474
1883,0,0.6616582965401605
1884,0,0.1558336574139682
1885,0,0.4772359100477104
1886,1,0.9040119589172733
1887,0,0.41549416393426797
1888,0,0.14025308159913752
1889,0,0.39128100765385065
1890,0,0.5541076328026067
1891,0,0.27829424387889146
1892,0,0.8008792555406857
1893,0,0.5646988578592788
1894,1,0.7398123845193509
1895,0,0.8393617284110577
1896,0,0.39079826540687207
1897,0,0.4535019523390366
1898,0,0.2792832559120826
1899,0,0.6437390552661264
1900,1,0.8552103301468535
1901,1,0.7225648834301442
1902,0,0.1373696551529341
1903,0,0.13441360032038127
1904,1,0.6646878633488934
1905,0,0.3107817931715724
1906,0,0.67337450979757
1907,0,0.25653957845609243
1908,0,0.15500896064003797
1909,0,0.2596536179529486
1910,0,0.16773737930249838
1911,0,0.19413757562798953
1912,0,0.48835107792642013
1913,1,0.6405044062827515
1914,0,0.5754527953873378
1915,0,0.19185932599586508
1916,0,0.5223883820122779
1917,1,0.6251273694399738
1918,0,0.22616233293741408
1919,0,0.22768483758361185
1920,0,0.40866644498226334
1921,0,0.8198076775700835
1922,0,0.3641037554616484
1923,1,0.7429455689465612
1924,0,0.1853813836143362
1925,1,0.4123337655092746
1926,0,0.23034449162866263
1927,0,0.17391846585664741
1928,1,0.3037827994806506
1929,0,0.309890877795713
1930,0,0.9056370061084802
1931,0,0.6581456996200203
1932,1,0.4096869871023341
1933,0,0.3504649521454115
1934,0,0.324449566961656
1935,0,0.8205157710100461
1936,0,0.5211938697307148
1937,0,0.18261910295099143
1938,0,0.2698895329602621
1939,1,0.5964950732868672
1940,0,0.22719996452328317
1941,0,0.10665201377439383
1942,0,0.6980562939413523
1943,0,0.51445197995977
1944,1,0.918752423212052
1945,0,0.15947748229476705
1946,0,0.30440321089211686
1947,0,0.40044597351207983
1948,0,0.1679902475628108
1949,0,0.15855297244302086
1950,0,0.24583314164570116
1951,0,0.1365320392042178
1952,0,0.48668110845846635
1953,1,0.47250778927046305
1954,0,0.3071572351530343
1955,0,0.3583382798261953
1956,0,0.3417966589352123
1957,1,0.41063102404003304
1958,1,0.7960812851132302
1959,0,0.3671667386442244
1960,0,0.07301951734001244
1961,1,0.8430449225034756
1962,0,0.19432030628605293
1963,0,0.36915704676899586
1964,0,0.25605800876932344
1965,0,0.35405233628724914
1966,0,0.6205589130202612
1967,0,0.2838809238992675
1968,0,0.4493130385712827
1969,0,0.16793940911612185
1970,0,0.3503773825580808
1971,0,0.2663562106116429
1972,1,0.4071227596398397
1973,1,0.5919824257155079
1974,0,0.2749061772580193
1975,0,0.22640743596563948
1976,0,0.2786459154000035
1977,0,0.22291317948749578
1978,0,0.2546751601261132
1979,1,0.5189347008551962
1980,0,0.6394859667079863
1981,0,0.3085985018484363
1982,0,0.7676726413445557
1983,0,0.24541653420250056
1984,1,0.43541193025779895
1985,0,0.1358272768303981
1986,0,0.32775065746973786
1987,0,0.367893739637956
1988,0,0.37607675878001656
1989,1,0.787001727661501
1990,1,0.881789857082455
1991,0,0.3707686781235436
1992,0,0.2928700095559699
1993,0,0.3932547526271684
1994,1,0.8487601054512786
1995,0,0.24204448029268366
1996,0,0.380406461756194
1997,1,0.7905924405347504
1998,0,0.057079134168420295
1999,0,0.269976308200509
2000,1,0.6482808157077186
2001,0,0.22268284033103897
2002,0,0.2642210034552587
2003,0,0.4408758302808789
2004,0,0.17207326805305306
2005,0,0.49013110133752946
2006,0,0.2634892100363435
2007,0,0.8010979167141895
2008,1,0.9074675279053597
2009,0,0.09123684833082128
2010,0,0.31196481374637247
2011,1,0.6345337153534194
2012,0,0.2559155409274517
2013,0,0.326392717223622
2014,0,0.17473701085705937
2015,0,0.26967065790581174
2016,1,0.602878688616379
2017,0,0.2882256448489718
2018,0,0.2443863624539908
2019,0,0.3774465738424327
2020,0,0.2817981007077764
2021,0,0.32130186284460743
2022,1,0.499116905989429
2023,0,0.5990977217931723
2024,1,0.8307955294455739
2025,0,0.3294675126862465
2026,0,0.20891208839079417
2027,1,0.7922439839439602
2028,0,0.6510970692231866
2029,0,0.5421135135183921
2030,0,0.7801991456790338
2031,0,0.1707955396602752
2032,0,0.2198992132983102
2033,0,0.09358005829614348
2034,0,0.23062726873135017
2035,0,0.2401762529145444
2036,0,0.40985118447389773
2037,1,0.8519176854302298
2038,0,0.32254729406038046
2039,0,0.34316689589807814
2040,0,0.226876753360668
2041,0,0.6945335197184703
2042,1,0.6772873165768243
2043,0,0.2171424484958169
2044,0,0.08152143375229995
2045,0,0.27073461286159906
2046,0,0.1491769184024221
2047,0,0.21762196224604113
2048,0,0.473268357031076
2049,0,0.19091169234542582
2050,0,0.11529302798484102
2051,0,0.6452997809709485
2052,1,0.7928438913110878
2053,0,0.5025402201785926
2054,0,0.4783216229446263
2055,0,0.2955105263956397
2056,0,0.4804324046036978
2057,0,0.2640118422806998
2058,1,0.959537965051767
2059,0,0.46737786080156146
2060,0,0.860503487990622
2061,0,0.8288146299359856
2062,0,0.3681908953616745
2063,0,0.17356407108495056
2064,1,0.3504051845827143
2065,1,0.8756738588062586
2066,0,0.32918235774897925
2067,0,0.3119254022918612
2068,0,0.2052867894942683
2069,1,0.6639249547243348
2070,1,0.6818062095733333
2071,1,0.5760201500558356
2072,1,0.9096109879923243
2073,0,0.23166838934274206
2074,0,0.4880264917071508
2075,0,0.29525325332145913
2076,0,0.8573097534462236
2077,0,0.19430056479128668
2078,0,0.23117821460853072
2079,1,0.772856986210596
2080,0,0.35401358747332223
2081,0,0.4010623572580053
2082,1,0.453233280537497
2083,0,0.29199161426432874
2084,1,0.3738234263108339
2085,0,0.48202255958646556
2086,0,0.1506907530404091
2087,0,0.42657657444634756
2088,0,0.2802475321987329
2089,0,0.049921970430729254
2090,0,0.27736872584802713
2091,1,0.40139376776624025
2092,1,0.6818362334633068
2093,0,0.4054350586935051
2094,0,0.27547354289492687
2095,0,0.2349354664082946
2096,1,0.7216140605200454
2097,0,0.35425812060097944
2098,1,0.34626932041270864
2099,0,0.39851435898867726
2100,0,0.4048162311630149
2101,0,0.453436507790239
2102,0,0.64202441779962
2103,0,0.34906421436677804
2104,0,0.23525077315314374
2105,0,0.3643754740023888
2106,1,0.8751152075137848
2107,0,0.23713346690983447
2108,0,0.35399687520181566
2109,0,0.37012348586371757
2110,0,0.21318939844646245
2111,1,0.7248579983531936
2112,0,0.2204475952047611
2113,0,0.30754946084147294
2114,0,0.21881934644225662
2115,1,0.5852891980849776
2116,0,0.38483483127193613
2117,1,0.8980581187215461
2118,1,0.8091701266818846
2119,0,0.20632887934609392
2120,1,0.4536456179525771
2121,1,0.6737095444664608
2122,0,0.43778843920751875
2123,0,0.2914141799272563
2124,0,0.5733089510808049
2125,0,0.2661940353379418
2126,0,0.1927874926004366
2127,0,0.5093507658635819
2128,0,0.7277898130944442
2129,0,0.25682158116962456
2130,0,0.4259685726560985
2131,0,0.3202759310931468
2132,1,0.3496138783581719
2133,0,0.320341380413875
2134,0,0.3312127118605397
2135,0,0.19967275281561375
2136,0,0.797624047768201
2137,0,0.4307223494561368
2138,1,0.764131344648347
2139,0,0.5204928732691435
2140,1,0.5332523548298346
2141,1,0.6354764847752205
2142,0,0.3195381293815452
2143,0,0.3632347810552018
2144,0,0.17970562406110246
2145,0,0.3454363440225596
2146,0,0.2175901490798971
2147,0,0.7957639659040947
2148,0,0.1711011919615352
2149,0,0.20022532068797225
2150,0,0.27355665467341583
2151,0,0.14328188738135345
2152,0,0.4992777538529144
2153,0,0.19830307946336506
2154,1,0.5218766738348127
2155,0,0.49545124095635834
2156,0,0.4064876557121327
2157,0,0.10501405269104051
2158,0,0.42768489032206747
2159,0,0.32564962207627135
2160,0,0.30726323063489175
2161,0,0.2402138742849888
2162,0,0.3805427498098275
2163,0,0.37571616456654566
2164,0,0.8161876162561164
2165,0,0.8116063490685729
2166,0,0.27082561708221276
2167,0,0.3441092957526704
2168,0,0.6196372336295182
2169,0,0.864981981208474
2170,1,0.3832511240629713
2171,0,0.4464314912571938
2172,0,0.11376527588708518
2173,0,0.4048231641414335
2174,0,0.29700874083925954
2175,0,0.28580689712898616
2176,0,0.2846329328730346
2177,0,0.29936635949285384
2178,1,0.18241052735618155
2179,0,0.17487505814993018
2180,0,0.7672062179051163
2181,0,0.22911017179102658
2182,0,0.2726787140417451
2183,0,0.3207266731242931
2184,0,0.5569373378592136
2185,0,0.07816329180808217
2186,1,0.3431749923524037
2187,0,0.1801871137821454
2188,0,0.17241787591390426
2189,0,0.7606168157471028
2190,0,0.2613598950624073
2191,0,0.22374484897719896
2192,0,0.3022557285743376
2193,0,0.18665151034379432
2194,0,0.42364153758164425
2195,1,0.7195907828961271
2196,0,0.2851984056523587
2197,1,0.8578292380329813
2198,0,0.5435653390597637
2199,1,0.31963889393534717
2200,0,0.347759879995851
2201,0,0.536269924721789
2202,1,0.6271438318036888
2203,0,0.3140847147757289
2204,0,0.4888022367720675
2205,0,0.35475392843938275
2206,0,0.4259587187947808
2207,1,0.8527749751994805
2208,0,0.16998563379449613
2209,0,0.23404379875126896
2210,0,0.23932119844831662
2211,0,0.18604471620825927
2212,0,0.330645065350255
2213,1,0.3889900356863126
2214,0,0.25662296981799243
2215,0,0.3816090036021362
2216,0,0.3506652234803784
2217,0,0.49548732329299183
2218,1,0.8669431110056507
2219,0,0.20414312416150537
2220,0,0.10830723133667357
2221,0,0.08761911151619176
2222,1,0.5316902074240827
2223,0,0.27823350848469786
2224,0,0.22946072717239943
2225,0,0.3519389338152265
2226,1,0.7606648467789026
2227,0,0.5285671307300742
2228,0,0.24105792945495605
2229,0,0.37795493652622597
2230,1,0.9075466720241394
2231,0,0.39949830603845976
2232,1,0.3302785016249426
2233,0,0.16796411533087394
2234,0,0.15005812344678263
2235,1,0.7335930439954538
2236,0,0.46911977372483304
2237,0,0.29018786359009796
2238,0,0.3598751366843151
2239,1,0.39070280589796513
2240,0,0.23365219835961912
2241,0,0.18920316166243395
2242,0,0.17498148501043553
2243,0,0.4681881425107847
2244,0,0.2572557642394809
2245,1,0.46748786314026103
2246,0,0.31362988694550675
2247,0,0.37092883750825645
2248,0,0.15078245920428096
2249,0,0.38700703659171437
2250,0,0.29260500761976976
2251,0,0.8252886941791179
2252,0,0.32295898558947256
2253,0,0.3040116410970968
2254,0,0.37096687447733356
2255,1,0.824551090342649
2256,0,0.35037320127896665
2257,0,0.4737993913063854
2258,0,0.9543133707329412
2259,0,0.2002550180487791
2260,0,0.29080409663742346
2261,0,0.26026020997347066
2262,0,0.6420944496665535
2263,0,0.10449834604550022
2264,0,0.3538650168151761
2265,0,0.1272081440918474
2266,0,0.31799097921693326
2267,1,0.35939786211512803
2268,1,0.5016942323996267
2269,0,0.4242020987793119
2270,0,0.2993894088867886
2271,0,0.41431752804484695
2272,0,0.19301877188807962
2273,1,0.4703687387885843
2274,0,0.5270789878460262
2275,1,0.4680092797439833
2276,0,0.38020374522480244
2277,0,0.2813248757423585
2278,0,0.3546616157161819
2279,0,0.33074268958399977
2280,0,0.2604690192990657
2281,0,0.25939125353151765
2282,0,0.30000333838214044
2283,0,0.3818317688677093
2284,1,0.39482020151543934
2285,1,0.4696421677231239
2286,1,0.6052292456113557
2287,0,0.23130769251528893
2288,1,0.3452520897462366
2289,1,0.3733671498866195
2290,0,0.11804541341943443
2291,0,0.4210187875678701
2292,0,0.32410385827476756
2293,0,0.4116080514731687
2294,0,0.2328530190673906
2295,0,0.2831239419966947
2296,0,0.23098176421970912
2297,0,0.20676445770087926
2298,0,0.23034246893996918
2299,0,0.16004749218643521
2300,1,0.3936573929753283
2301,1,0.8343233445111952
2302,0,0.4390990961076609
2303,0,0.26401878909918275
2304,0,0.2946749159200044
2305,0,0.32459203824577215
2306,0,0.21624703450108598
2307,0,0.4310666404818628
2308,1,0.9283945200736987
2309,0,0.356772768729032
2310,0,0.4351131258082129
2311,0,0.2393518863040361
2312,0,0.9065772766412539
2313,1,0.8722134361402173
2314,1,0.4036721535076077
2315,0,0.2290333915095676
2316,0,0.1173011123612369
2317,0,0.07157195461251403
2318,0,0.3074453805649977
2319,1,0.7256963625355405
2320,0,0.6425017802602077
2321,0,0.40996241073231354
2322,1,0.8793551022969095
2323,0,0.25313266227312503
2324,0,0.5650815259114714
2325,0,0.2529842449254552
2326,0,0.22816403091745405
2327,1,0.25985511128863237
2328,1,0.7561807813585874
2329,0,0.4030411668989197
2330,0,0.43102649792362413
2331,0,0.5810891530707676
2332,0,0.8781625151795535
2333,0,0.2690933820350361
2334,0,0.30162430229488313
2335,0,0.07499251323883142
2336,0,0.5510823701609211
2337,0,0.29472368187101244
2338,1,0.538341226027864
2339,0,0.22729150584879584
2340,0,0.2790081701466842
2341,0,0.37853984793424234
2342,0,0.3405245033305719
2343,0,0.4179423647727368
2344,0,0.1119611281455844
2345,0,0.4463892815426238
2346,0,0.3798297030768214
2347,0,0.25750689989066244
2348,0,0.37226317486762744
2349,1,0.8827584210421636
2350,0,0.19315330599647035
2351,0,0.6440576612936546
2352,1,0.7052599767384209
2353,1,0.9106956156640392
2354,0,0.3338097753788852
2355,0,0.20380787446919102
2356,0,0.5985009685000681
2357,1,0.85685004046662
2358,0,0.11663174398860995
2359,0,0.3638591003874596
2360,0,0.3188747169787946
2361,0,0.2563541359111292
2362,0,0.27620363650655655
2363,0,0.2578132169020649
2364,0,0.6622162844913624
2365,0,0.27649908538783113
2366,0,0.8747936942800308
2367,0,0.1661016429290299
2368,0,0.13074411572341876
2369,1,0.29439607838663795
2370,0,0.526532216417923
2371,1,0.7040185321334603
2372,1,0.8382831524230008
2373,0,0.2061314269408253
2374,0,0.11632845775379494
2375,0,0.12815500174157912
2376,0,0.32366023428085633
2377,0,0.3810770140169016
2378,0,0.22544641159306392
2379,0,0.3008501551950502
2380,1,0.37424328268103885
2381,0,0.5209331581534061
2382,0,0.5350218453478172
2383,1,0.8679410863686466
2384,0,0.42535826626269
2385,0,0.3501519710693725
2386,1,0.7436604763595362
2387,0,0.13820501104443106
2388,0,0.3274050591418433
2389,1,0.4445025786657061
2390,0,0.3227672138802896
2391,1,0.878676920717311
2392,0,0.359129965944729
2393,0,0.24937296720290966
2394,0,0.38001853973061267
2395,0,0.15182987301436882
2396,0,0.7527514406646998
2397,0,0.47726251102680595
2398,0,0.11508732129752051
2399,1,0.45607172888327946
2400,0,0.3033146460355852
2401,0,0.2011439760268518
2402,0,0.1970092345085101
2403,1,0.4455101247079262
2404,0,0.21650545246001876
2405,0,0.33263186982839854
2406,0,0.26860556918117506
2407,0,0.23595249722892578
2408,0,0.6660074353072716
2409,0,0.09659291099135904
2410,0,0.4688999703427232
2411,0,0.20950227898553753
2412,1,0.6955261581170299
2413,0,0.10957121664089259
2414,0,0.3764197081337596
2415,0,0.4982283403699489
2416,1,0.7205534752592508
2417,0,0.2109631548064274
2418,1,0.8182719912722266
2419,0,0.13715414471397322
2420,0,0.8324833260679401
2421,0,0.8625677816897422
2422,0,0.4730116140720685
2423,1,0.7603373652740535
2424,0,0.084023705396816
2425,0,0.27830782146542943
2426,0,0.1683122691400338
2427,0,0.20787069643744668
2428,0,0.19484032528706305
2429,1,0.3827857560106516
2430,0,0.7955344898077124
2431,0,0.3704542060020678
2432,0,0.316000681416535
2433,0,0.5198371776428466
2434,1,0.5715311493578152
2435,1,0.7065391597828704
2436,0,0.248087130703997
2437,0,0.19376997273971683
2438,1,0.6822173466225149
2439,0,0.2879864969382007
2440,0,0.2641817819163135
2441,1,0.7987266066335289
2442,1,0.848726074826069
2443,0,0.21859903626018073
2444,0,0.18280704371562362
2445,0,0.19865780645719672
2446,0,0.3072476607519472
2447,0,0.14103794414760748
2448,1,0.6230392400059082
2449,0,0.2212163685345204
2450,0,0.2900583187203333
2451,0,0.2144580595872788
2452,0,0.34664371040834746
2453,1,0.7457513992469985
2454,0,0.3466320532050122
2455,0,0.45600552758944474
2456,1,0.8398475099698399
2457,0,0.2992117043738131
2458,1,0.5121589455355376
2459,0,0.673872956407286
2460,0,0.25087960623168226
2461,0,0.3029148738185224
2462,0,0.338662830128119
2463,0,0.8201602300211407
2464,1,0.41636637362913226
2465,0,0.24392964404743148
2466,1,0.5954866412909575
2467,0,0.31226580322541575
2468,0,0.17127209904335128
2469,0,0.12782190729878082
2470,0,0.2507313870591158
2471,0,0.4130391239475159
2472,0,0.5424020542874336
2473,0,0.1366684491516661
2474,0,0.302756225731226
2475,0,0.7158769278060132
2476,1,0.6734172474401714
2477,0,0.414612780760816
2478,1,0.8910746373085553
2479,0,0.4188562971210837
2480,1,0.40636554904748073
2481,0,0.5741893571122375
2482,0,0.05684391098393659
2483,1,0.6934619800640018
2484,1,0.3616375873316773
2485,0,0.17527426750001449
2486,0,0.38404756780353333
2487,1,0.3867150385923908
2488,0,0.24476832649614516
2489,0,0.09088119099381396
2490,0,0.18435259799731732
2491,0,0.10212453485427726
2492,0,0.8299746822145754
2493,0,0.07671628946048918
2494,0,0.47557772429357614
2495,0,0.46921022833917125
2496,0,0.2779675607520057
2497,0,0.5946995732136153
2498,0,0.3743118531507569
2499,0,0.7630698444710733
2500,0,0.18387769634801335
2501,0,0.6209198591806125
2502,0,0.4037663134746584
2503,0,0.2588071234488133
2504,0,0.42986285355997755
2505,0,0.1686537237082918
2506,1,0.39581044025143575
2507,0,0.6238424911850902
2508,0,0.36248968615169397
2509,0,0.6208020392556803
2510,0,0.1816579832164991
2511,0,0.3489724174906935
2512,1,0.8226678447592967
2513,0,0.20552060913781026
2514,0,0.27508549804786164
2515,0,0.32239248421443817
2516,0,0.36501403088004364
2517,1,0.7497331328665493
2518,1,0.6534889401898759
2519,0,0.5265386125462372
2520,0,0.3644650070275793
2521,0,0.16553685615098737
2522,0,0.29941750217736507
2523,1,0.22781685908083424
2524,0,0.20061644875523943
2525,1,0.8742349927375063
2526,0,0.11081251536954577
2527,0,0.2653694251100389
2528,0,0.2546240657882864
2529,1,0.8367931011416857
2530,0,0.722688701402713
2531,1,0.9187465176858928
2532,0,0.29669066243575876
2533,0,0.2678727472206711
2534,1,0.8004411806798841
2535,0,0.17944355119198338
2536,0,0.2925065264140547
2537,1,0.5199687556113234
2538,0,0.1448919540158176
2539,1,0.5835265887699495
2540,0,0.3226055516347518
2541,0,0.4129635953556019
2542,0,0.16660044859706302
2543,1,0.8200712401277245
2544,0,0.32555261399461777
2545,0,0.2852761607874117
2546,0,0.3334843717800672
2547,0,0.3580337583608999
2548,0,0.8688962054727081
2549,1,0.8330342015208835
2550,1,0.8108796943505012
2551,0,0.2839409113887362
2552,0,0.4611439677967122
2553,0,0.2133708418160521
2554,0,0.8423644085512989
2555,0,0.3841568252998876
2556,1,0.37784454311644344
2557,0,0.23895937764376407
2558,0,0.323566226075331
2559,1,0.212663850518937
2560,0,0.25927957055768214
2561,0,0.1522398087116266
2562,0,0.31850094418122005
2563,0,0.26272453526483597
2564,0,0.13379596355570839
2565,0,0.17797009290006816
2566,1,0.8155167134461414
2567,1,0.20765284809393283
2568,1,0.9376830099557496
2569,0,0.34807758477274864
2570,0,0.2711277926474843
2571,0,0.426913040130136
2572,0,0.2759175815146904
2573,0,0.11740354797173441
2574,0,0.3055979310215855
2575,0,0.1614842841181029
2576,0,0.5536979924232925
2577,0,0.4856574184898207
2578,0,0.4127863303555135
2579,0,0.21826617338022397
2580,0,0.3092314868884391
2581,1,0.7046595245165986
2582,1,0.7678575142507613
2583,1,0.22922623256427638
2584,0,0.857389550452718
2585,0,0.209970881518208
2586,0,0.12158225759033595
2587,0,0.34750094803484993
2588,0,0.27644894116969776
2589,0,0.15443670764827772
2590,1,0.8583558904450804
2591,0,0.15703312659788288
2592,0,0.24638669719242565
2593,1,0.7755389380805922
2594,0,0.5616630979932911
2595,0,0.23018463635852157
2596,0,0.6322153339520145
2597,1,0.434515467775392
2598,1,0.6899270873596458
2599,0,0.39474934211454993
2600,0,0.14756118181541902
2601,0,0.16512511346075162
2602,0,0.2998672085350357
2603,0,0.4164407341681528
2604,1,0.7806228461730158
2605,0,0.7410473706703447
2606,0,0.5657664001785111
2607,0,0.8426436475086437
2608,0,0.12891787644154665
2609,0,0.7600420219692393
2610,0,0.31513287623425046
2611,0,0.7112907422157597
2612,0,0.20231659074621539
2613,0,0.3079488077307634
2614,0,0.3171756986976309
2615,0,0.16960787695575397
2616,0,0.07464826750436196
2617,0,0.25860265303583
2618,1,0.3786512617412353
2619,0,0.3319744776716792
2620,0,0.16720658825652474
2621,0,0.40837220657827267
2622,0,0.2897214857238187
2623,0,0.2559580055127132
2624,1,0.8512358521176202
2625,0,0.07588015026501853
2626,0,0.6089469210223251
2627,0,0.41752414802401605
2628,1,0.9269169869237167
2629,0,0.22401748983393088
2630,0,0.2050015117452612
2631,0,0.1868123957532019
2632,1,0.8520173599655547
2633,0,0.7927581489805487
2634,0,0.3836144269833717
2635,0,0.38148999172553816
2636,0,0.4118189310202189
2637,0,0.24289398980435464
2638,0,0.626678826286102
2639,0,0.3435601452785081
2640,0,0.32580016562934283
2641,0,0.15112756016606532
2642,0,0.12279708736142268
2643,0,0.11132155065606565
2644,0,0.4190074407681857
2645,0,0.6493983542219715
2646,0,0.2562535498181637
2647,0,0.330766880640454
2648,1,0.48713078984527836
2649,0,0.3215938260158028
2650,0,0.3182399567863665
2651,0,0.2192138929123648
2652,1,0.8509304158056972
2653,1,0.9236637981435356
2654,0,0.4036803015107949
2655,0,0.6345453642182861
2656,0,0.687079051060917
2657,0,0.479925506377085
2658,0,0.2117477128300844
2659,0,0.14445136268621836
2660,0,0.20795791601260663
2661,1,0.8840103067680515
2662,0,0.2765205126115938
2663,0,0.5184571829030754
2664,0,0.11472140998521242
2665,0,0.3610897465142024
2666,0,0.26910117217081186
2667,0,0.3174169524407259
2668,0,0.3471388266916701
2669,0,0.28393413352049396
2670,1,0.7297163635832858
2671,0,0.5359207444243153
2672,0,0.2542838840244834
2673,1,0.7672632491830126
2674,0,0.8222411422038498
2675,1,0.30192316664015295
2676,0,0.3579144087097046
2677,0,0.15993587354730485
2678,0,0.3903880891604309
2679,0,0.0973616877916765
2680,0,0.19007190956183462
2681,0,0.28780791851264736
2682,1,0.8953037751966585
2683,1,0.4610458355045926
2684,0,0.47884898571350704
2685,1,0.4754572931771803
2686,0,0.2485276604245132
2687,1,0.39064092148981544
2688,0,0.3016289442259285
2689,1,0.3215664717911925
2690,0,0.20812847495355136
2691,0,0.14693236913867916
2692,0,0.3290647851218673
2693,1,0.3303936486834113
2694,0,0.2568827862722056
2695,0,0.5764561969377194
2696,0,0.19628463349226394
2697,0,0.4960706394718053
2698,1,0.914785794209928
2699,0,0.41558734234501904
2700,0,0.36419835747546103
2701,0,0.34119206650146466
2702,0,0.4088138076725265
2703,0,0.14051202814265137
2704,0,0.30225065334827955
2705,0,0.3494374662155434
2706,0,0.48649890496118997
2707,1,0.7579893097444282
2708,0,0.29786771863149186
2709,0,0.7551986600406742
2710,0,0.12266551429771512
2711,0,0.35474880170461887
2712,0,0.2140305836971522
2713,0,0.20440525752925137
2714,0,0.2182009525402094
2715,0,0.6346817130420578
2716,0,0.2934993016070127
2717,0,0.5464756122702817
2718,0,0.25220426906513904
2719,0,0.1903416276092547
2720,0,0.4025775562774395
2721,0,0.33443643748846513
2722,0,0.7586578823195431
2723,0,0.15848339849309726
2724,0,0.40080591145263095
2725,1,0.889230770371811
2726,0,0.2590953944258298
2727,0,0.18495291773067546
2728,0,0.3353539976114795
2729,0,0.2829273595042487
2730,0,0.3247063696094435
2731,0,0.34342162569759915
2732,0,0.09613194739828888
2733,0,0.5393328022470298
2734,0,0.32863942501654947
2735,0,0.6785727572699187
2736,0,0.8083575219726733
2737,0,0.18074366719986482
2738,0,0.39160506162798214
2739,0,0.3325583850081856
2740,1,0.7142946419696213
2741,0,0.24915660166513695
2742,1,0.847562677684587
2743,0,0.7755791756864149
2744,0,0.13963566312361478
2745,0,0.3979861683723134
2746,0,0.17338964906548576
2747,0,0.6302132992332453
2748,0,0.06118474118643504
2749,0,0.4655307607410721
2750,1,0.5472935019838999
2751,0,0.25387075678789894
2752,0,0.5088395768235323
2753,0,0.2936831334039393
2754,0,0.2050392970070264
2755,0,0.4021673126798776
2756,1,0.48827568945062794
2757,1,0.8687014392496911
2758,0,0.18836119217293837
2759,0,0.13886962619195642
2760,1,0.9352505958088586
2761,0,0.3660769633067844
2762,0,0.26123861660757186
2763,0,0.715597172185003
2764,1,0.7684527589540459
2765,0,0.31299798815875435
2766,1,0.47643130832398384
2767,0,0.398341669379592
2768,0,0.1763722163308982
2769,0,0.6420425374693894
2770,0,0.15663280509392816
2771,0,0.13245273724305123
2772,0,0.3871510099625398
2773,0,0.3331061142712054
2774,1,0.8669462939905108
2775,0,0.7245695464004538
2776,1,0.835177085108985
2777,0,0.23849267881454772
2778,0,0.2833927870623525
2779,0,0.21303350691634093
2780,0,0.5498027225573714
2781,0,0.12335026941168574
2782,0,0.24215491201541364
2783,1,0.728980653883307
2784,0,0.20869420535555006
2785,0,0.1561883939495727
2786,0,0.47292484069547513
2787,0,0.11987421053104699
2788,0,0.8505539541356322
2789,1,0.4126110711741968
2790,1,0.5177036898823607
2791,1,0.46704185897308415
2792,0,0.2607076466279782
2793,0,0.1045711335980279
2794,0,0.2041986798744367
2795,0,0.1188596596882582
2796,0,0.26819085800139797
2797,1,0.8245759178148697
2798,1,0.8634666249447946
2799,0,0.2998653913861949
2800,0,0.2881320818467815
2801,0,0.5701880192189899
2802,1,0.37882995235281025
2803,0,0.1789059830510928
2804,1,0.8289952721678006
2805,0,0.24123135384476932
2806,1,0.502592556020611
2807,1,0.5528299668102757
2808,1,0.7182938018570774
2809,0,0.13693740106584099
2810,0,0.3815877298649864
2811,0,0.6422753764898462
2812,0,0.33683494871338887
2813,1,0.7629085202588601
2814,0,0.3185471950490388
2815,0,0.7064909182198693
2816,0,0.15773957559628485
2817,0,0.6122156718704197
2818,0,0.1998846671336917
2819,0,0.26641314023653084
2820,0,0.09933507855928381
2821,0,0.24882224557191107
2822,0,0.3792193170871696
2823,0,0.26917221526765917
2824,0,0.36043921189991807
2825,0,0.25081762107386046
2826,1,0.8355628893908951
2827,1,0.9391929041329945
2828,0,0.4356890672950901
2829,0,0.2876587087992217
2830,0,0.2453527429424099
2831,0,0.49831755209403666
2832,0,0.4635146564907228
2833,1,0.3184237565173263
2834,0,0.29009105787470024
2835,0,0.34210462970306194
2836,0,0.44025068778535376
2837,0,0.23821308246959508
2838,0,0.35945888486660466
2839,0,0.1990978908824573
2840,1,0.829815178212138
2841,0,0.055065439561362645
2842,0,0.45198291462267615
2843,0,0.6234287631213938
2844,0,0.15959268135042495
2845,1,0.7608287097742418
2846,0,0.3483504176873653
2847,0,0.27823424338088254
2848,0,0.32222377435231037
2849,1,0.5284865822543777
2850,0,0.37678674276260354
2851,0,0.2404082524781854
2852,0,0.24573946801233504
2853,0,0.6009632838388665
2854,0,0.35594721074700986
2855,0,0.5002085035053616
2856,0,0.30255674545757694
2857,1,0.4697551095338045
2858,0,0.26751486343727565
2859,0,0.4439412323614759
2860,1,0.5957524379868269
2861,1,0.4759690252935339
2862,0,0.3529666080063484
2863,0,0.34898172597625526
2864,0,0.5875272703064683
2865,1,0.9236386163760564
2866,0,0.34630709569581264
2867,0,0.1788887036522218
2868,1,0.23337089617741746
2869,0,0.359163583007985
2870,0,0.30307498621687856
2871,0,0.31959290314439914
2872,0,0.4586080827148594
2873,1,0.8394411299625716
2874,0,0.24840346705087513
2875,0,0.31074054282735303
2876,1,0.6914674454642831
2877,0,0.32838868848728914
2878,0,0.3755568853003713
2879,0,0.2467144766634695
2880,1,0.8095839216723997
2881,0,0.18827051405489129
2882,0,0.3986548588704848
2883,1,0.6411788009094019
2884,0,0.4276634777621332
2885,0,0.3078435311530362
2886,0,0.38972083334026253
2887,0,0.23547891063834647
2888,0,0.4781580378965727
2889,1,0.9601589080978418
2890,1,0.8080533278046543
2891,0,0.3072794808541914
2892,0,0.2788654573584669
2893,0,0.4987601746992909
2894,0,0.28584721333342916
2895,0,0.45188098301570284
2896,0,0.18503447130645612
2897,0,0.11778583152744043
2898,1,0.7513923525432782
2899,1,0.7775811809174159
2900,0,0.44185301741448735
2901,1,0.518661816415047
2902,0,0.20012159928366482
2903,0,0.2663884671256798
2904,0,0.686151265728009
2905,0,0.21721121212379407
2906,0,0.49026192023130866
2907,0,0.4571691885528014
2908,0,0.19929857674307236
2909,0,0.3502501498016343
2910,0,0.25607372461220906
2911,0,0.19369934651513698
2912,0,0.3296774552786246
2913,1,0.515403739120543
2914,0,0.4525169530794294
2915,0,0.1513322901784693
2916,0,0.10469083837286343
2917,1,0.78099398209709
2918,0,0.16907775845598635
2919,0,0.3864417114276259
2920,1,0.8307560675038803
2921,1,0.8228696784935781
2922,0,0.3279845037571203
2923,0,0.600215575821393
2924,0,0.2555130740055301
2925,0,0.352242388295217
2926,0,0.21744904657704572
2927,0,0.19495234354825036
2928,0,0.26951610183287805
2929,1,0.9212783882998948
2930,0,0.15497336217049607
2931,0,0.4240777147020322
2932,0,0.23893196298974836
2933,1,0.5013891326444867
2934,0,0.36660821085874623
2935,0,0.15532760305166587
2936,0,0.15686035635354226
2937,0,0.31976573060996816
2938,0,0.22559055438440778
2939,0,0.15142406904850772
2940,1,0.815492740569703
2941,0,0.3462972343062023
2942,0,0.05867411594951074
2943,0,0.34008768786163884
2944,0,0.25559516222377765
2945,1,0.2975082698612401
2946,0,0.38721033719453735
2947,0,0.23914910393725375
2948,0,0.427157622780646
2949,0,0.26570797204591334
2950,0,0.2911751166925917
2951,1,0.5208289128684211
2952,0,0.3536938519863903
2953,0,0.26082264022807367
2954,1,0.8509633880725024
2955,1,0.8156842366185102
2956,1,0.817011500726907
2957,0,0.4040003728692594
2958,1,0.4218080232875706
2959,0,0.2781656437536489
2960,0,0.30234879561458694
2961,0,0.25472316834154574
2962,0,0.26491197002050176
2963,0,0.18740154522639443
2964,0,0.4632744665438934
2965,0,0.3106446912352458
2966,0,0.483177233157706
2967,1,0.6837320638416143
2968,0,0.4640938016149962
2969,1,0.4838066167913113
2970,0,0.33297488640372463
2971,0,0.3589423410796933
2972,0,0.5700607204771103
2973,0,0.5814725055953243
2974,1,0.46155310133152816
2975,0,0.4388206882545066
2976,0,0.38884467754812896
2977,0,0.4708215917744314
2978,1,0.36078934898612713
2979,0,0.7635386539135333
2980,0,0.2917684031926573
2981,0,0.13325812180954372
2982,1,0.8210969284597088
2983,0,0.21349540861501778
2984,0,0.12815954870069798
2985,0,0.346102814324016
2986,0,0.2800133234278194
2987,0,0.09070419658691022
2988,0,0.5880714545069075
2989,0,0.3054310416407144
2990,0,0.6648053289724715
2991,0,0.260693746470409
2992,0,0.2385792696458825
2993,0,0.3369296864610909
2994,0,0.41348674238307837
2995,0,0.20158517401826323
2996,0,0.31808124121974013
2997,0,0.26564608938878703
2998,0,0.392094358360208
2999,1,0.7569602625231354
3000,0,0.15260101623388875
3001,0,0.35384025406858166
3002,1,0.47964899210679657
3003,0,0.22252870026628183
3004,0,0.1592311420688626
3005,0,0.14803266758529104
3006,0,0.3360119868469645
3007,0,0.15804393698184957
3008,0,0.33250984532263345
3009,0,0.09001724832422442
3010,0,0.15025057136362707
3011,0,0.4484086922317725
3012,0,0.41022775708195175
3013,0,0.06972782692888883
3014,0,0.12897983118471507
3015,0,0.5702905196889162
3016,0,0.21378396551187556
3017,0,0.2787171355991045
3018,0,0.3844527043242349
3019,0,0.7009496775360873
3020,0,0.1852030240951768
3021,0,0.3724058850728835
3022,1,0.7318200617212912
3023,0,0.4189652062590989
3024,0,0.30723430253095585
3025,0,0.5382033563075728
3026,0,0.12196980046398977
3027,1,0.8690723201337298
3028,0,0.20216204557590786
3029,0,0.23628889889846608
3030,1,0.37331056947107055
3031,0,0.12934072839488508
3032,0,0.17882246919953249
3033,0,0.1711773254455964
3034,0,0.17036709629902458
3035,0,0.6445657538020643
3036,0,0.1981976231285446
3037,0,0.28522259411572415
3038,0,0.5871535046600631
3039,1,0.35003028094563127
3040,0,0.8705941549552374
3041,0,0.273060369507982
3042,0,0.6213158215415856
3043,1,0.2679797601094689
3044,1,0.4489397351992407
3045,1,0.7381481932403534
3046,0,0.5621216912563282
3047,0,0.2697731807459588
3048,0,0.2635638809561013
3049,0,0.23130974969004445
3050,0,0.26078950284727975
3051,1,0.4567246106915097
3052,1,0.5119561612078057
3053,0,0.44137732431669474
3054,1,0.5472246173326085
3055,0,0.7283820129432819
3056,1,0.7665250098437807
3057,0,0.6533115638994467
3058,0,0.5624157783682222
3059,1,0.4547403114899597
3060,0,0.37696435727792993
3061,1,0.7503806137563213
3062,0,0.28353443234821696
3063,0,0.19473730911168105
3064,0,0.3022609414341932
3065,1,0.46764388642422333
3066,0,0.4810444870159909
3067,0,0.14600103904607256
3068,0,0.2777033115886536
3069,0,0.3076896327811809
3070,0,0.2258171305049297
3071,0,0.6413098895806365
3072,0,0.11072928976026448
3073,0,0.29679584288434563
3074,0,0.3612340198586555
3075,0,0.901347683841815
3076,1,0.3580149819666067
3077,0,0.2973529743063855
3078,0,0.8659197206756675
3079,0,0.1761609595321366
3080,0,0.36529301303448586
3081,1,0.7995474224439542
3082,0,0.30147300795837156
3083,0,0.3858686718851908
3084,1,0.3524331697035642
3085,1,0.8920557134550496
3086,0,0.2136073401471175
3087,0,0.3076328862387014
3088,0,0.4886488807917878
3089,0,0.5536251934486787
3090,0,0.18471931982740863
3091,0,0.7200998269608304
3092,1,0.47180773413796445
3093,0,0.22533251208059807
3094,1,0.7773606394790707
3095,0,0.4475219290660247
3096,0,0.5714820971042484
3097,0,0.13875850855114422
3098,0,0.29648672979023555
3099,0,0.7299736577781105
3100,0,0.13002224131149798
3101,0,0.26423644665419516
3102,0,0.26393280185491147
3103,0,0.3035495856227001
3104,0,0.11307317758540301
3105,0,0.29566710271009206
3106,0,0.3888160903773052
3107,0,0.31461566922721845
3108,0,0.5558327815902417
3109,1,0.4834990386237215
3110,0,0.36396978755364123
3111,0,0.19217144287220608
3112,1,0.31069788928363584
3113,0,0.38066574485767013
3114,0,0.7050169740322335
3115,1,0.6213117668800517
3116,0,0.18609924548352455
3117,0,0.142616622347569
3118,0,0.3104716416378386
3119,1,0.7994189883655142
3120,0,0.3005293582198337
3121,0,0.16869886059314843
3122,1,0.32428388816062165
3123,1,0.5504036782986632
3124,0,0.2151135366637854
3125,0,0.2353031821809354
3126,1,0.7755330240865219
3127,1,0.9065559248941696
3128,0,0.16486134643059028
3129,0,0.6411309123636458
3130,1,0.9218224310545119
3131,0,0.14667166793575181
3132,0,0.22565497515021937
3133,0,0.3160934356212325
3134,0,0.5307633334503367
3135,0,0.5011883249055452
3136,0,0.18879191293838218
3137,0,0.336888652302444
3138,0,0.22314278943829371
3139,0,0.16604010853626291
3140,1,0.5537043687621676
3141,0,0.04771852958096348
3142,0,0.627611566295596
3143,0,0.3861424216423162
3144,0,0.19506516527715967
3145,0,0.8377138521160739
3146,0,0.16013797085118772
3147,0,0.19998915340908263
3148,1,0.7763557405120745
3149,1,0.4653761676973852
3150,0,0.28147173229972156
3151,0,0.3691075813786066
3152,1,0.6685967089760276
3153,0,0.22763285409795256
3154,1,0.5839167482497971
3155,0,0.5044059429688651
3156,0,0.2918302836516177
3157,0,0.272117075920567
3158,1,0.48033447275509444
3159,1,0.7952952472964726
3160,0,0.23076880524687166
3161,0,0.3565329577843492
3162,1,0.43601869910052315
3163,0,0.24456823956458876
3164,0,0.24286647170251555
3165,0,0.37424609038865275
3166,0,0.3010175240348851
3167,1,0.825986711581878
3168,0,0.6862565358398939
3169,0,0.6077734709716617
3170,1,0.44555456514399105
3171,0,0.750657497440193
3172,1,0.6531117307136185
3173,1,0.6711520248124023
3174,0,0.19690770508918676
3175,0,0.13998382518491959
3176,0,0.4610361365708417
3177,1,0.35895315102389425
3178,0,0.5443477047726768
3179,0,0.2979243013974151
3180,0,0.29377919913062644
3181,0,0.3648270749295887
3182,0,0.26623066108164223
3183,0,0.3316394338711589
3184,0,0.17756254473555036
3185,0,0.1671121477770197
3186,0,0.8891495965967774
3187,1,0.9196175189102438
3188,0,0.30407908277761686
3189,0,0.1461618613028998
3190,0,0.3000837683276559
3191,1,0.6559237417321643
3192,0,0.8281671706218755
3193,0,0.2472876924913037
3194,0,0.31438569986791043
3195,0,0.24501988450222525
3196,0,0.6481636477832656
3197,0,0.2825525622228318
3198,0,0.18449459415640032
3199,0,0.3379451523095024
3200,0,0.49014128358445164
3201,0,0.27334984066942747
3202,0,0.3277514879050755
3203,0,0.24209254493159926
3204,0,0.2554086590024087
3205,1,0.6440018438803164
3206,1,0.900731416433146
3207,0,0.2739279698778606
3208,0,0.2331388557083993
3209,0,0.12394920911831277
3210,1,0.769523764867945
3211,0,0.11955492803229177
3212,0,0.3098821333183412
3213,0,0.2347974837125107
3214,0,0.29409391581582234
3215,0,0.21557645030631764
3216,0,0.5837841643670961
3217,0,0.22794020436983856
3218,0,0.49769425565994313
3219,0,0.34660188571197503
3220,1,0.8410295174757981
3221,0,0.18493537974981952
3222,0,0.12959445565266495
3223,0,0.38529829774053076
3224,1,0.5550989481627904
3225,1,0.8031829595594023
3226,0,0.26398491067652957
3227,1,0.9000211837714897
3228,1,0.8533450987614357
3229,0,0.22112565812043938
3230,0,0.7120648770760023
3231,0,0.35113889513080243
3232,1,0.8257243080381426
3233,0,0.25070236718986516
3234,0,0.33328398033502926
3235,0,0.4018163176647315
3236,0,0.7322607579478992
3237,0,0.33635112588340405
3238,0,0.25538522201320274
3239,0,0.338505770032814
3240,0,0.32292842440507286
3241,0,0.18508768095775505
3242,0,0.08649534409325732
3243,0,0.3559398767239748
3244,0,0.3768521847594451
3245,0,0.08355537336131075
3246,0,0.5893403004645831
3247,0,0.36167979773425524
3248,0,0.6504658719640076
3249,0,0.7447183163864692
3250,0,0.1539540332234164
3251,0,0.1777606078407352
3252,0,0.4227976319016467
3253,1,0.8715873050612234
3254,1,0.7340182737696722
3255,1,0.8825443743543707
3256,0,0.21499725299312383
3257,1,0.6793940607170705
3258,0,0.28836121483041016
3259,0,0.1541530529715782
3260,0,0.303178746253161
3261,1,0.4197206807893272
3262,0,0.3488051469386487
3263,0,0.21155051048010673
3264,0,0.22266749067040592
3265,0,0.34149652847879935
3266,0,0.5527651042582286
3267,1,0.6091492471712543
3268,0,0.3259207526685091
3269,1,0.3453510107134487
3270,0,0.289553042546192
3271,0,0.5968751439353367
3272,0,0.14007979212029223
3273,0,0.09566376863442612
3274,0,0.2696563281061454
3275,1,0.734803601391377
3276,0,0.13836835304775977
3277,0,0.399699921161907
3278,0,0.4543117926143106
3279,0,0.5317305631385977
3280,0,0.11620718814142875
3281,0,0.13835016478103518
3282,1,0.7236728304346914
3283,1,0.8536698047620003
3284,0,0.4503067905226243
3285,0,0.14060890647915145
3286,0,0.36359459000646377
3287,0,0.2652660251090553
3288,0,0.6213622621176392
3289,0,0.3060299997397775
3290,0,0.21620543998547323
3291,0,0.2626234862993729
3292,0,0.7455222243644605
3293,0,0.2672945179187922
3294,0,0.2792434789597075
3295,1,0.8930541513310328
3296,0,0.31828164038933965
3297,0,0.18286073273714173
3298,0,0.30927705752687695
3299,1,0.8516769906753023
3300,0,0.20453122655589634
3301,0,0.35375619343115916
3302,1,0.5701883464326457
3303,0,0.12351291889080297
3304,0,0.6437907493383043
3305,0,0.15534527002382312
3306,0,0.3272014129892547
3307,0,0.21289977724441603
3308,0,0.2135762191279078
3309,0,0.14360250494547272
3310,0,0.3343380668054076
3311,0,0.45278069560577117
3312,0,0.2554061580809197
3313,0,0.27100231121353313
3314,0,0.8258392958800261
3315,0,0.15608332181580273
3316,0,0.2533177278951831
3317,0,0.6871453013588972
3318,1,0.6206584393917952
3319,0,0.10775140067943983
3320,0,0.5516410614892695
3321,0,0.21129490024130257
3322,0,0.15026622194838468
3323,1,0.8838586174303438
3324,1,0.7529141211251889
3325,0,0.13405089493715006
3326,0,0.6474107147857096
3327,0,0.8322857135587709
3328,0,0.3410017672342869
3329,0,0.11746149835758869
3330,0,0.40776970657073064
3331,0,0.40810903480601196
3332,0,0.511529877617278
3333,0,0.4201942374903757
3334,0,0.552444298822046
3335,0,0.1688438828389711
3336,0,0.30650006976490446
3337,0,0.3613771641863125
3338,0,0.36046074674125256
3339,0,0.26091764189374894
3340,1,0.6864874461760718
3341,0,0.19619325690709144
3342,1,0.8483598184334338
3343,0,0.23408374696910703
3344,0,0.40263614050508634
3345,0,0.25404311698175275
3346,0,0.154401736134782
3347,0,0.2490414001755196
3348,0,0.18879521466826568
3349,0,0.40186004765269495
3350,1,0.4323024873880843
3351,0,0.20320267048946922
3352,1,0.8248251399626989
3353,0,0.26692285883874756
3354,1,0.713891897304367
3355,0,0.11227625888144914
3356,0,0.10830882960682628
3357,0,0.2994469873338908
3358,0,0.24253988031854476
3359,1,0.6773391196865864
3360,0,0.20447912870291662
3361,0,0.3204299784672505
3362,1,0.616770341869873
3363,0,0.1517115433372009
3364,0,0.20255348884292154
3365,0,0.32867571618762276
3366,0,0.18632896188162598
3367,0,0.1927604052961513
3368,1,0.4232665008539638
3369,1,0.41847940230395086
3370,0,0.812579426142954
3371,0,0.4851802603571105
3372,0,0.5228216948407602
3373,0,0.6308588335197565
3374,0,0.49830831102523626
3375,1,0.8798221487718472
3376,0,0.3566033751202524
3377,0,0.4766982438267109
3378,0,0.7181763658269219
3379,0,0.3593160119626889
3380,0,0.5144910334397745
3381,0,0.3054516837390512
3382,0,0.6685095872018804
3383,0,0.29935949173316506
3384,1,0.798141474887003
3385,0,0.28196165192137645
3386,0,0.6134071509410739
3387,0,0.3734033323249417
3388,0,0.2054037379007723
3389,0,0.2694227015793541
3390,1,0.37153569298130684
3391,1,0.6051403017950466
3392,0,0.5158867485081098
3393,1,0.37454891133343726
3394,0,0.38223608788383684
3395,0,0.3884050173508492
3396,0,0.2529686536108466
3397,0,0.3698310216550842
3398,0,0.500598809383448
3399,0,0.44842404382379863
3400,1,0.7653215587649711
3401,0,0.19912359984761635
3402,0,0.11325821491425693
3403,0,0.12062070676324804
3404,0,0.3137434529594427
3405,1,0.4325556632124371
3406,1,0.8076727339847167
3407,0,0.40446273516290776
3408,0,0.7809034511711337
3409,0,0.24170774675836115
3410,0,0.526879593321559
3411,1,0.7343220671784871
3412,0,0.5351451680099927
3413,1,0.7202478263473577
3414,1,0.5143049226543702
3415,0,0.29687540966328263
3416,0,0.31225824544162384
3417,1,0.8513351547169091
3418,0,0.37529548635046295
3419,1,0.8871055936134858
3420,0,0.26100917602207235
3421,0,0.13134844067880838
3422,0,0.2194927321701765
3423,0,0.1444530531619823
3424,0,0.3303852412324562
3425,0,0.18177560558449776
3426,1,0.6482351824274546
3427,0,0.23265860099321092
3428,1,0.8724728043396962
3429,1,0.632510964084418
3430,0,0.5398911800910753
3431,1,0.45096546624510736
3432,0,0.23850933030395144
3433,0,0.8332379674423609
3434,0,0.13401855077343913
3435,0,0.1885629987296629
3436,0,0.1486997405211529
3437,0,0.783790806923004
3438,1,0.3146778520032699
3439,1,0.8240496959211832
3440,0,0.42092576844805896
3441,0,0.19577238257236165
3442,0,0.22990864431297386
3443,0,0.34820690354342093
3444,0,0.6921835999973903
3445,0,0.44099722891036086
3446,1,0.898788171591423
3447,0,0.7559847828226962
3448,0,0.28044371833390086
3449,0,0.2542291176943272
3450,0,0.1641897820622193
3451,0,0.5804928892660104
3452,0,0.18202220006118427
3453,0,0.5998985075598182
3454,0,0.27152655143456256
3455,1,0.35728586362045633
3456,1,0.893748713966297
3457,0,0.07652532771131021
3458,0,0.2935074968375308
3459,0,0.8048323642895882
3460,0,0.5566782023243533
3461,1,0.8330200088723143
3462,0,0.3000361481107375
3463,0,0.39064649843940735
3464,0,0.21268821615505554
3465,1,0.6815526497223883
3466,0,0.36496601895177855
3467,1,0.4192451796589868
3468,0,0.07806048050147595
3469,0,0.2153925739657409
3470,0,0.1324621167584359
3471,0,0.2922247192077601
3472,0,0.44993984279292476
3473,0,0.2687777006554184
3474,0,0.32004612340965494
3475,1,0.8815622342477831
3476,0,0.18732342642888675
3477,0,0.2507316181664159
3478,0,0.7577014735384315
3479,0,0.21439300856857454
3480,0,0.21328435653680738
3481,0,0.2544218347789609
3482,1,0.7983169296679636
3483,0,0.6711556547356627
3484,0,0.4492116102653078
3485,0,0.194746173566822
3486,0,0.40511239505336005
3487,0,0.24267937724689653
3488,0,0.06486985630834939
3489,0,0.3228549188522273
3490,1,0.7792289939211311
3491,0,0.19678966014008645
3492,1,0.6099468749222836
3493,0,0.3644737186368933
3494,0,0.2942927354160407
3495,0,0.4704842501243661
3496,0,0.23962979039396207
3497,0,0.2803101806499658
3498,0,0.22323894688909604
3499,0,0.45588222862090055
3500,0,0.24675182171297405
3501,1,0.3604463421929944
3502,0,0.35403316693124576
3503,0,0.2621546858517934
3504,0,0.46717467881658864
3505,1,0.8012003254769969
3506,0,0.14601833531271768
3507,0,0.34072648613580114
3508,0,0.3936218691693517
3509,1,0.5406365296102417
3510,0,0.13165360288453262
3511,1,0.6993218441198285
3512,0,0.38821054689857926
3513,0,0.25354627867298335
3514,0,0.0793664244719741
3515,0,0.2562254733828433
3516,0,0.30217099780066886
3517,0,0.49426293611455013
3518,1,0.8401642242656309
3519,0,0.8026591827521316
3520,0,0.2949096212651307
3521,0,0.4800880334860425
3522,0,0.4211982368540368
3523,0,0.3546613273014701
3524,1,0.44390744329324333
3525,0,0.6347759535800254
3526,0,0.2891788292562137
3527,0,0.2948531982177368
3528,0,0.38252452213259636
3529,0,0.8607785225102854
3530,1,0.7416175390987739
3531,0,0.4960168780169845
3532,0,0.4386309267102806
3533,0,0.5913720545286114
3534,0,0.31681834512619816
3535,1,0.45501751339365226
3536,0,0.18866750579417085
3537,0,0.21186126320105245
3538,0,0.17780360257388053
3539,0,0.38461942503911195
3540,0,0.19317145998318783
3541,0,0.3831841127023944
3542,1,0.8160774189273254
3543,0,0.22838229594540888
3544,0,0.27094237975096536
3545,0,0.2732499511611933
3546,0,0.334208593055142
3547,0,0.3223700704799204
3548,0,0.8697780094380606
3549,0,0.37605340126385245
3550,1,0.7860932830890374
3551,0,0.21484523963274413
3552,0,0.25813567677994986
3553,0,0.39407157612804494
3554,0,0.10183752434572536
3555,0,0.2963692686527753
3556,0,0.2152916520831795
3557,0,0.4453409793567843
3558,1,0.7849679183404548
3559,0,0.4754680147303237
3560,0,0.5051132657491925
3561,0,0.21169416113011968
3562,0,0.6798126389012183
3563,0,0.7019397157157546
3564,0,0.28502532929722124
3565,0,0.5642085869337186
3566,1,0.8549449056417623
3567,0,0.3622748799916718
3568,1,0.45191775791697447
3569,0,0.3454824202405454
3570,0,0.3746531574894704
3571,0,0.1521002175158049
3572,0,0.3115775244732033
3573,0,0.3546816114146773
3574,0,0.24890751680335568
3575,1,0.8564580776669632
3576,0,0.3521569264009669
3577,0,0.31858735231206453
3578,1,0.6398089305688848
3579,0,0.9046188529113047
3580,0,0.8304073426210721
3581,0,0.6388443472190208
3582,0,0.3309485605056532
3583,0,0.2882525759733705
3584,0,0.39218594928617007
3585,0,0.14557872671271302
3586,0,0.20759759693483926
3587,0,0.5185601745601042
3588,0,0.2341674393938091
3589,0,0.2873685609110106
3590,0,0.30442622258357294
3591,0,0.5751783345435324
3592,0,0.1629493739507276
3593,0,0.2128327844602023
3594,0,0.2835932523984966
3595,1,0.40211207219123046
3596,0,0.3125485579686477
3597,0,0.23150259819781505
3598,0,0.150011011475664
3599,0,0.8119854128011823
3600,1,0.8234465890868656
3601,0,0.4485849948434427
3602,0,0.4059130932620772
3603,0,0.5252982759939608
3604,0,0.2905477445513053
3605,1,0.7577487323126754
3606,0,0.30004720439154825
3607,1,0.8907658860225527
3608,0,0.42415147143579107
3609,1,0.346123578660219
3610,0,0.23213262100874213
3611,0,0.8706662846185417
3612,1,0.7747718910266839
3613,0,0.30557493735218505
3614,0,0.1689104555321336
3615,1,0.6217137376014632
3616,0,0.0695639696210233
3617,0,0.26878324009336985
3618,0,0.30521231483734
3619,0,0.5503508020316668
3620,0,0.3457818668849421
3621,0,0.2778277925460704
3622,0,0.31169483287180727
3623,1,0.7099996525680559
3624,0,0.4320347112772053
3625,0,0.6547154618680348
3626,0,0.2710514654282113
3627,1,0.9156836998126893
3628,0,0.11095511369743079
3629,0,0.27917072146355315
3630,0,0.2933747108432294
3631,1,0.8455249235110562
3632,1,0.4653599937310975
3633,0,0.14949506292313794
3634,0,0.3865763397012205
3635,0,0.2443714308924114
3636,0,0.32673924870758436
3637,0,0.23465684775948628
3638,0,0.16437436024018345
3639,1,0.7015399394940312
3640,0,0.39130559858735653
3641,0,0.24105229237486822
3642,0,0.33449475057374206
3643,0,0.11498327282301489
3644,1,0.5531224107927887
3645,1,0.8434779709821761
3646,0,0.32053438077019386
3647,1,0.8192609109777453
3648,1,0.7371510191283603
3649,1,0.843215644392846
3650,0,0.39868493332558325
3651,0,0.3211987322458551
3652,1,0.5676443571185797
3653,0,0.14370310354100987
3654,0,0.11973772741258193
3655,0,0.6041661489691085
3656,1,0.9639392495516863
3657,1,0.4169978860622676
3658,0,0.21614396369691888
3659,0,0.23388770419596866
3660,0,0.1131722640163931
3661,0,0.22072332773670109
3662,1,0.7638439542048325
3663,0,0.2591583128849528
3664,0,0.10987873972536004
3665,0,0.6223688300272718
3666,1,0.8818956695107439
3667,0,0.5099966319473265
3668,0,0.17482266699815743
3669,1,0.5086729358203346
3670,0,0.34375471296276905
3671,0,0.6101374351894767
3672,0,0.2944213030135855
3673,0,0.33776458505304946
3674,0,0.42492867011700314
3675,0,0.16319969024718417
3676,0,0.642824035098932
3677,1,0.9204274697516012
3678,0,0.2597452700785247
3679,0,0.180648144098448
3680,0,0.10789117614923617
3681,0,0.7183651177944985
3682,0,0.154034138102515
3683,1,0.786101585061237
3684,0,0.18369631904697534
3685,0,0.11675675395157338
3686,1,0.44686123377658293
3687,0,0.34016617482127304
3688,0,0.1288818773824071
3689,0,0.8465506541242159
3690,1,0.8057301356748354
3691,0,0.7034668533462239
3692,0,0.316108630778164
3693,0,0.6102183430606117
3694,0,0.3195437454046304
3695,0,0.22589813854801613
3696,0,0.5848741684840869
3697,0,0.1962218813383872
3698,1,0.440477334176407
3699,0,0.2888897966686492
3700,0,0.36205294704974356
3701,0,0.55101415157246
3702,0,0.738923147216354
3703,0,0.29170901457495174
3704,0,0.5289581304822416
3705,0,0.09092682622800946
3706,1,0.6941421842959123
3707,0,0.24890438591551795
3708,1,0.4712402743540301
3709,0,0.3537750436609224
3710,1,0.5428966741134781
3711,0,0.5438771339791673
3712,0,0.30246631373634486
3713,1,0.4980149574740325
3714,0,0.36658201311257826
3715,0,0.33756324643071706
3716,1,0.5546262921988583
3717,0,0.510958967317916
3718,0,0.34740592888204574
3719,0,0.33931496401897
3720,0,0.22366700468563255
3721,1,0.6358067385052872
3722,0,0.2943324475671292
3723,0,0.8294317109770364
3724,0,0.4709976766251354
3725,0,0.4069885426220048
3726,1,0.45195364317132986
3727,0,0.5018982940983294
3728,0,0.12218523943513782
3729,0,0.40636044569768975
3730,0,0.7805772190991702
3731,0,0.5369341385200592
3732,0,0.3232160671752525
3733,0,0.1363578030188441
3734,0,0.4598913798575737
3735,0,0.24827637011053713
3736,0,0.7506648397120257
3737,0,0.41853047353835643
3738,0,0.21388615060444416
3739,0,0.19852799692459058
3740,0,0.2186073124404963
3741,0,0.3640247860552818
3742,0,0.2629042300703446
3743,0,0.4627738740207958
3744,0,0.5082183333622968
3745,1,0.5343721238409145
3746,0,0.5606357506804833
3747,0,0.3620191749970243
3748,0,0.4251553151069625
3749,0,0.26905955536174986
3750,1,0.8545669268339617
3751,0,0.32678993028379116
3752,0,0.06778341483784417
3753,0,0.3070063556163411
3754,0,0.19023402992634003
3755,1,0.5468528826093962
3756,1,0.8648916149665837
3757,0,0.3040540741102578
3758,1,0.5877458872620523
3759,0,0.2497630363054693
3760,0,0.3435951005757275
3761,1,0.4395167942209743
3762,0,0.269661018075631
3763,1,0.8424094596964337
3764,0,0.21563205893076032
3765,0,0.3412699969838757
3766,0,0.32064236883763525
3767,1,0.8854624904494882
3768,0,0.3487149155949053
3769,1,0.8520446464574962
3770,0,0.7616110693282812
3771,0,0.12835564510074943
3772,1,0.6312622780072163
3773,0,0.21490865617531615
3774,0,0.36863311981744695
3775,0,0.15832252628859136
3776,0,0.4072418581847633
3777,0,0.32565118049947583
3778,0,0.15708246353835217
3779,0,0.18470347471634477
3780,0,0.4256293077543534
3781,0,0.5441260665539063
3782,1,0.857370575182685
3783,0,0.3105574332023944
3784,1,0.5006357874193149
3785,0,0.7687774601169878
3786,0,0.32342361110082485
3787,0,0.4166910491406528
3788,1,0.6335026155297621
3789,0,0.644968065916257
3790,0,0.1757627594025003
3791,0,0.1539824832651226
3792,1,0.37073286523472093
3793,0,0.2637626552356831
3794,0,0.16608540075414244
3795,0,0.2238877650500987
3796,0,0.2762442133151515
3797,0,0.6823273684426213
3798,1,0.9170151425601967
3799,0,0.25308732239034026
3800,1,0.4937583911103293
3801,0,0.2004187469535275
3802,0,0.15224040132004268
3803,0,0.5790434066028152
3804,1,0.7401397425166674
3805,0,0.1542937890733589
3806,1,0.32377722439405937
3807,0,0.25394020996589406
3808,0,0.3611256927162499
3809,0,0.5029749655872627
3810,0,0.7489166810355562
3811,0,0.19817341371180386
3812,0,0.24797572599238632
3813,0,0.23520645836666346
3814,0,0.3720610213057524
3815,0,0.27049295614641294
3816,0,0.4978062570021578
3817,1,0.4225158404669884
3818,0,0.3080586629122062
3819,1,0.37495481864660074
3820,0,0.2009120722592915
3821,1,0.45686356552799395
3822,0,0.23792454552118739
3823,0,0.2708757693009445
3824,0,0.6817858225199978
3825,0,0.41916430442618396
3826,0,0.4090934798310537
3827,0,0.2775125691492433
3828,1,0.2950212552539475
3829,0,0.08949426701589976
3830,0,0.317935512737359
3831,0,0.44582030028867403
3832,1,0.8927736641073897
3833,1,0.8758817062957511
3834,0,0.1655955381387815
3835,0,0.12230731520735129
3836,0,0.30902568180032985
3837,0,0.7004380157845653
3838,1,0.4306604706711578
3839,0,0.5762132362692433
3840,0,0.7062932653689955
3841,1,0.8811599723328538
3842,0,0.25938297668936866
3843,0,0.20487242080623289
3844,0,0.1340895453963049
3845,0,0.30981966580734005
3846,0,0.2457974657547461
3847,0,0.3628496759797804
3848,0,0.4081185900988556
3849,0,0.3396515980690555
3850,0,0.6852168434124418
3851,0,0.3271970006232706
3852,0,0.366675797833592
3853,0,0.5811193764363125
3854,0,0.2703028932744498
3855,0,0.6916589133533729
3856,0,0.28660510374125875
3857,0,0.2566595673410474
3858,0,0.2423964090417248
3859,0,0.1952896136314056
3860,0,0.2759672237219777
3861,0,0.338148384097077
3862,0,0.5125307630439102
3863,0,0.3325477813150848
3864,0,0.23192968061400174
3865,1,0.6976559361646728
3866,0,0.16189546204594085
3867,0,0.5705091863487414
3868,0,0.14473053508390035
3869,0,0.2705079559468957
3870,1,0.6137891924169013
3871,1,0.3361054635152258
3872,1,0.8772580655289508
3873,0,0.21961355782648423
3874,0,0.29100862941530864
3875,0,0.37101289846311225
3876,1,0.8413020733267794
3877,0,0.34826301785416314
3878,0,0.5934120292345131
3879,1,0.47128052365378986
3880,0,0.23797981350595127
3881,1,0.783031761648547
3882,1,0.4497440451046322
3883,1,0.2929108499896852
3884,0,0.32802385585007343
3885,0,0.4036655668961921
3886,0,0.2696656334551976
3887,0,0.4186289930978102
3888,0,0.39503939277079714
3889,0,0.3653469848499198
3890,0,0.32351781714878164
3891,1,0.4325444019739048
3892,0,0.46596677993534574
3893,0,0.3244789843586188
3894,1,0.3507382108591772
3895,0,0.1310435328082273
3896,0,0.30972388109002613
3897,0,0.11564615071922246
3898,1,0.702989888854987
3899,0,0.2214344017412965
3900,0,0.20338456369862107
3901,0,0.2048966367047801
3902,1,0.8888070160650656
3903,0,0.2668822924584014
3904,0,0.14566521186954667
3905,0,0.2045213043021714
3906,0,0.5214765426909816
3907,0,0.19680134393003507
3908,0,0.2943076642163479
3909,0,0.4994271543520971
3910,1,0.6766754722663382
3911,0,0.27623770688457877
3912,1,0.43083531153041427
3913,0,0.26376225608315274
3914,0,0.19401038751303115
3915,1,0.6783353247863582
3916,0,0.4788223754774087
3917,0,0.7125328629499339
3918,0,0.32037230201206696
3919,1,0.6170832832040898
3920,0,0.30853903634553964
3921,0,0.24846321975777433
3922,0,0.4958118303342872
3923,0,0.31741271393424764
3924,0,0.1681567145671771
3925,1,0.911023538878216
3926,1,0.43188941319967555
3927,0,0.2199714477907732
3928,1,0.8843912666333277
3929,1,0.46712138100848455
3930,1,0.6872117435395977
3931,0,0.3694278801136512
3932,0,0.23831987223111242
3933,0,0.5877476942142527
3934,0,0.22324656644742596
3935,0,0.3569401344443627
3936,0,0.4163582356040086
3937,0,0.28570368746348995
3938,1,0.5387982185223452
3939,0,0.30111662153502544
3940,0,0.5629758540915732
3941,1,0.9029510979685456
3942,1,0.3785331546425198
3943,0,0.549937581173198
3944,1,0.24726402366528447
3945,1,0.8713448786964575
3946,0,0.15202866338436416
3947,0,0.3495046627654383
3948,0,0.4927649884693417
3949,0,0.2666826423993938
3950,0,0.852995707876579
3951,1,0.40795092175918446
3952,0,0.18605762070554746
3953,0,0.5865613848085742
3954,0,0.2877726335424629
3955,1,0.901842414676194
3956,1,0.73111278142691
3957,0,0.8471704741297178
3958,0,0.09642520573537607
3959,0,0.26847604261820845
3960,0,0.11369281554551536
3961,1,0.7496629472058309
3962,1,0.7003592403394018
3963,0,0.7440207612956644
3964,1,0.8077819886895388
3965,0,0.18700783706248952
3966,0,0.5047092687525097
3967,0,0.2763195419581488
3968,0,0.3600080343345151
3969,0,0.2178644720948776
3970,0,0.5604948949491976
3971,0,0.3906519708251337
3972,0,0.31611998288393184
3973,0,0.13230306084601795
3974,0,0.3433950607009596
3975,0,0.1182264017085041
3976,1,0.5742228969510628
3977,1,0.3391754975952711
3978,0,0.7899044033468889
3979,0,0.2663330355691551
3980,1,0.4717338846177682
3981,1,0.4110980859035107
3982,0,0.2386989765858579
3983,0,0.6775793870061735
3984,0,0.31027100714498523
3985,1,0.9017069882095652
3986,0,0.15300538469182656
3987,0,0.36095424535381687
3988,0,0.2856092270728019
3989,0,0.17746806579252491
3990,0,0.2787951154539097
3991,0,0.32189108161753394
3992,0,0.08561279389048274
3993,0,0.6208414466554018
3994,0,0.08978128314780406
3995,0,0.1808340887081984
3996,0,0.2137072786220107
3997,0,0.1675499108806568
3998,0,0.35077555399047855
3999,1,0.6499927962418747
4000,0,0.13225554824114522
4001,1,0.6393203310562307
4002,0,0.15175469217988086
4003,0,0.1846810309497311
4004,0,0.35982709425851317
4005,1,0.8526970498468226
4006,0,0.855977525409604
4007,0,0.18973889479866865
4008,1,0.4181269452970634
4009,1,0.8647014374461943
4010,0,0.3951489310447751
4011,0,0.17219300278280653
4012,0,0.16452237522441546
4013,0,0.4286575681703924
4014,0,0.4635995719928884
4015,0,0.25961773009124994
4016,0,0.22141494908380174
4017,1,0.39080769304546464
4018,1,0.5117899980821825
4019,0,0.28651378765111657
4020,1,0.8831945270887991
4021,0,0.27040201230749084
4022,0,0.2595815771475053
4023,1,0.4852026225866469
4024,0,0.7070301869520189
4025,0,0.590788040329533
4026,0,0.7053153979141413
4027,0,0.17813007766887676
4028,0,0.5914829963079629
4029,1,0.9059161585418853
4030,0,0.10322349433056073
4031,0,0.48430512825878735
4032,0,0.33295408368511753
4033,0,0.22940424530319883
4034,0,0.2823447255899679
4035,0,0.20800377199198625
4036,0,0.5451174300702825
4037,1,0.8499831117688069
4038,0,0.27746333062819284
4039,0,0.1303175794296286
4040,0,0.26960313672270997
4041,0,0.3873213305773689
4042,0,0.36373313784742584
4043,1,0.8128813253121001
4044,1,0.5384515480617433
4045,0,0.3591964811720091
4046,0,0.43116232091614715
4047,1,0.8553987191471869
4048,1,0.6660875161873737
4049,0,0.13017990163500287
4050,0,0.14754213266497648
4051,0,0.4053471009855506
4052,0,0.27007797835667074
4053,0,0.32101931229919245
4054,0,0.2407906024953655
4055,0,0.1501375949931183
4056,0,0.367367814311986
4057,0,0.3447822961155832
4058,0,0.637906224613746
4059,0,0.7672441241208884
4060,0,0.20780129478873868
4061,0,0.18199951530309
4062,0,0.15299127104554533
4063,0,0.3353139525479727
4064,0,0.4046003058070017
4065,0,0.36012197313090494
4066,1,0.8734375568567768
4067,0,0.4243178879643626
4068,0,0.23704050315964037
4069,0,0.7753799987095513
4070,0,0.29592008824605665
4071,1,0.38544527709528464
4072,1,0.7170573419599043
4073,0,0.24758807255276072
4074,0,0.14726082869030033
4075,0,0.2685103491384238
4076,0,0.2511508853323263
4077,1,0.628614131590647
4078,0,0.32082847714337887
4079,1,0.8459291334077992
4080,0,0.3526248415682186
4081,0,0.2547761119137665
4082,0,0.2807327019387135
4083,0,0.26952981922908026
4084,0,0.31768089758657825
4085,1,0.8322324436952977
4086,0,0.24086029944091547
4087,0,0.14871498804476874
4088,1,0.7477282500778563
4089,0,0.2571619903801724
4090,0,0.596969891078236
4091,1,0.7231743307355518
4092,0,0.20888345097131175
4093,1,0.3692432762471835
4094,0,0.2636487416257275
4095,0,0.3681007298100918
4096,0,0.16245466633814956
4097,0,0.2645252079220116
4098,1,0.4643145502210536
4099,1,0.8472035783840469
4100,0,0.48320967036469187
4101,0,0.252874014143432
4102,0,0.39510896980681987
4103,0,0.8475056371081331
4104,0,0.30178957561907627
4105,0,0.09563338973303712
4106,0,0.3165039571794145
4107,0,0.24294176179138705
4108,0,0.42885223921736687
4109,0,0.5478352545852102
4110,0,0.5200365951201756
4111,0,0.18400571408035696
4112,0,0.47871727470028025
4113,1,0.3680633751650083
4114,0,0.2377102868430396
4115,0,0.7036334509341293
4116,1,0.398729259257197
4117,0,0.811678702525943
4118,0,0.452988079385913
4119,0,0.363911138153425
4120,0,0.3381446263407348
4121,1,0.6523032370082616
4122,0,0.3589055459012627
4123,0,0.3471041792691462
4124,0,0.2949363598651162
4125,0,0.37365128314350854
4126,0,0.20133254243939902
4127,0,0.6747454813998783
4128,0,0.43044111929597123
4129,0,0.7367038172589048
4130,0,0.11535870897718076
4131,0,0.20197381337545764
4132,0,0.20275366243271745
4133,0,0.4191414537517316
4134,1,0.4172315934305842
4135,0,0.26981514097543335
4136,0,0.7885047013440827
4137,0,0.34548630506308575
4138,0,0.4643663827443312
4139,0,0.2961232061808586
4140,0,0.4050190670762142
4141,0,0.28597201487117435
4142,0,0.3789604708163429
4143,1,0.43947805480192154
4144,0,0.14113631542963764
4145,0,0.7159931299872497
4146,0,0.07184508699601139
4147,0,0.4199970764641177
4148,0,0.6553134032647355
4149,0,0.1113144758816029
4150,1,0.39799889985743464
4151,0,0.25423268239185237
4152,0,0.2387294017628891
4153,0,0.3729901727780485
4154,0,0.45213212691280774
4155,0,0.6999346816717739
4156,1,0.5514559930109375
4157,0,0.3379853892308711
4158,0,0.11418407372849229
4159,0,0.23035715862147355
4160,0,0.2242919463692176
4161,0,0.19767181108404286
4162,0,0.27211218327916514
4163,0,0.6907099449083618
4164,0,0.2467393057534289
4165,1,0.8731557970044832
4166,1,0.40045603741575464
4167,0,0.18299705537334063
4168,0,0.08974285776599418
4169,0,0.23641099466142804
4170,1,0.5337374220946791
4171,0,0.8340267339635666
4172,0,0.4676872189477041
4173,0,0.5383386274540225
4174,1,0.33342151932573627
4175,0,0.19432936525492972
4176,0,0.12533895239937964
4177,0,0.32956149366937154
4178,0,0.28359845966112945
4179,0,0.29940504629271164
4180,0,0.4487787660596233
4181,0,0.3342059054378542
4182,0,0.10085665195186777
4183,0,0.25588646579047286
4184,0,0.310448183994224
4185,0,0.2015160582178562
4186,1,0.4781525333758438
4187,1,0.6939235720126247
4188,1,0.7638998504792169
4189,0,0.3517877162794925
4190,0,0.16905524890409562
4191,0,0.07468519283574873
4192,0,0.2506630779000103
4193,0,0.19383062876493504
4194,0,0.578396571764763
4195,0,0.15872744751604764
4196,0,0.13867283337281122
4197,0,0.2877192919370042
4198,0,0.15572357091172212
4199,0,0.6409470375970119
4200,0,0.35416495836958206
4201,1,0.8162255762032907
4202,0,0.6248390319801114
4203,0,0.28189609026089213
4204,0,0.8070759740303112
4205,0,0.0889136656815852
4206,0,0.6446196474143694
4207,0,0.3097864584447603
4208,0,0.29147785491658246
4209,0,0.6785015987596456
4210,0,0.3799427400557538
4211,1,0.38234143429693324
4212,0,0.25448561540899206
4213,1,0.8140401867986352
4214,0,0.40361273731905944
4215,0,0.12788214102972095
4216,0,0.21302666087957767
4217,0,0.151160609621418
4218,1,0.42776966910315706
4219,0,0.39117072401459174
4220,0,0.04998819433095206
4221,0,0.28767811243403535
4222,0,0.44383962391026416
4223,0,0.592050264967019
4224,1,0.45971531042796876
4225,0,0.35433406068157197
4226,1,0.7543948511449581
4227,0,0.2881000585191905
4228,0,0.4488030080735671
4229,0,0.10395503643142721
4230,0,0.5857532945470101
4231,0,0.4028529724943724
4232,1,0.4591240587840646
4233,0,0.4697385095075972
4234,0,0.4345756124095888
4235,0,0.3545275602790238
4236,0,0.45509136632178604
4237,0,0.6256921428015597
4238,0,0.18882568627238608
4239,0,0.7210952299551474
4240,0,0.21315605165936316
4241,0,0.7741964170682988
4242,1,0.9021505483378618
4243,0,0.3804427843260669
4244,0,0.40544587471755184
4245,0,0.43360806253635753
4246,0,0.1485520821443137
4247,1,0.8278909508018093
4248,0,0.2921793619895438
4249,1,0.5948037261964
4250,0,0.463664215889574
4251,1,0.8570680056438938
4252,1,0.9316708097354409
4253,0,0.10958468952861461
4254,0,0.2707172694462223
4255,0,0.5062232094402522
4256,0,0.4376145510319487
4257,0,0.2835436151540819
4258,0,0.6406547940797337
4259,0,0.2718710745446434
4260,0,0.424333019242764
4261,0,0.20813000005209759
4262,1,0.47885997193509944
4263,0,0.49071889882492464
4264,1,0.7986483942660507
4265,0,0.834753076375226
4266,0,0.5014463027378971
4267,1,0.6821865389324877
4268,0,0.2224380819046556
4269,0,0.45067328405534773
4270,0,0.21298478966878073
4271,0,0.14333517301310328
4272,1,0.36625817262234583
4273,0,0.15241377830347755
4274,0,0.7051029645282728
4275,0,0.24567676361017338
4276,0,0.4975675375045301
4277,0,0.6383783004348121
4278,1,0.5039793523523278
4279,0,0.11992554270140524
4280,0,0.23560788853672698
4281,1,0.8834110742274944
4282,0,0.49148987180792764
4283,0,0.7194376408254577
4284,1,0.7176580755185356
4285,0,0.13068336933211872
4286,0,0.1869953123188137
4287,1,0.39834400941780307
4288,1,0.3789022896039075
4289,0,0.2695359317222344
4290,0,0.37423055467550514
4291,0,0.16629686597318993
4292,0,0.10856255118705865
4293,1,0.6589482602282382
4294,0,0.14595849794175286
4295,0,0.4684033981305693
4296,1,0.4714179246406633
4297,1,0.43590195379714103
4298,0,0.3201997538672998
4299,0,0.17419618234406753
4300,0,0.20462179327683952
4301,0,0.2451654167229255
4302,0,0.23355977507286677
4303,0,0.6848735563794793
4304,0,0.7960975559122961
4305,0,0.453067419581163
4306,0,0.17272581123962108
4307,0,0.48203304313982415
4308,0,0.39300403015313023
4309,1,0.7039116965441603
4310,0,0.7225175319854997
4311,0,0.4169477316001213
4312,0,0.32869500511506233
4313,0,0.1364182629697599
4314,1,0.5397561060841586
4315,0,0.3341146873610336
4316,1,0.9000532931295754
4317,1,0.6606062758424361
4318,0,0.16335178940214573
4319,0,0.16710460532745958
4320,0,0.7511223869691319
4321,0,0.155685050105795
4322,0,0.16782245651042252
4323,1,0.7566303634766912
4324,0,0.2279812184679108
4325,0,0.18987522900747358
4326,0,0.2657171392521807
4327,0,0.2593801106111572
4328,0,0.3172626019659285
4329,0,0.6007864444768848
4330,0,0.5120208985478792
4331,1,0.924896005581887
4332,0,0.14136396631185966
4333,0,0.0891768250225855
4334,1,0.8794503929905065
4335,1,0.8777822049786126
4336,0,0.3712011096403374
4337,1,0.6063213324718091
4338,0,0.21060430627515436
4339,0,0.35104663314643936
4340,1,0.8823511843452531
4341,0,0.3861574483089478
4342,0,0.13582026846383427
4343,0,0.3549147024709425
4344,0,0.35681302710426827
4345,0,0.2480624237379081
4346,0,0.43203352547673096
4347,0,0.47653330630740526
4348,0,0.1706419303483809
4349,0,0.5867269050086915
4350,0,0.454955714043422
4351,1,0.6488459203457433
4352,0,0.7024087597186663
4353,0,0.1295326329992291
4354,0,0.3192984020217009
4355,0,0.8710115009597483
4356,1,0.8692776290438653
4357,0,0.6527842287767277
4358,0,0.1919462884043943
4359,0,0.2848130056584846
4360,0,0.19241540662290574
4361,1,0.5607457862297188
4362,0,0.2903728576966244
4363,0,0.22775040612255268
4364,0,0.3645733241960235
4365,0,0.26213958278600197
4366,0,0.26386708634769784
4367,0,0.15267257983361598
4368,0,0.21798426646137967
4369,1,0.3241858981334104
4370,0,0.6271661051577273
4371,1,0.6503477902997298
4372,0,0.636201498565778
4373,0,0.3191530339516403
4374,0,0.46448426072892396
4375,0,0.08988893642906552
4376,0,0.19444084819082724
4377,0,0.8174464012792487
4378,0,0.12463822692643896
4379,0,0.11589289037108326
4380,0,0.17725047121031057
4381,1,0.4135572017799715
4382,1,0.29323107458954145
4383,0,0.3149143669744434
4384,0,0.136216786354272
4385,1,0.9408094705004275
4386,0,0.17209068160791519
4387,0,0.20804026154376346
4388,0,0.07057562185591798
4389,0,0.3048525272389915
4390,0,0.19932228191606488
4391,0,0.5287538089908259
4392,0,0.39426752672174786
4393,0,0.5472838976701262
4394,0,0.26875868086525434
4395,0,0.36768102820177234
4396,0,0.27331523180275424
4397,0,0.43759453921975544
4398,0,0.2725977030687957
4399,1,0.25640867386936944
4400,0,0.31240686954406405
4401,0,0.3021369967279422
4402,1,0.8611433977216433
4403,0,0.2301322558802768
4404,1,0.9136744854557619
4405,1,0.8978559967183828
4406,1,0.4622739990705745
4407,0,0.3569815275859497
4408,0,0.22587188323048032
4409,0,0.34181465883346
4410,0,0.4629425599991404
4411,0,0.3208652501865037
4412,0,0.8524123884000128
4413,0,0.36688760750602667
4414,0,0.22321700431114064
4415,0,0.286419060037397
4416,0,0.3814799843627057
4417,0,0.8675310328642776
4418,0,0.30359580600937347
4419,0,0.359421626828602
4420,0,0.23832905625870507
4421,0,0.2448715442782981
4422,1,0.8314522619346689
4423,1,0.8539934647624627
4424,1,0.8873317166489039
4425,0,0.37450418744981384
4426,1,0.9305720640449422
4427,0,0.29837498688978636
4428,0,0.20528051088922972
4429,0,0.5096793868402699
4430,1,0.8497953965487625
4431,0,0.18441001477714702
4432,0,0.39881191185082043
4433,0,0.17741267057543392
4434,0,0.2967528525033074
4435,1,0.8170396823581066
4436,0,0.19484060900281783
4437,1,0.389237354640903
4438,0,0.36263093839518723
4439,0,0.17292379524411014
4440,0,0.5722659115300119
4441,0,0.45929125160561646
4442,0,0.7420510711223993
4443,1,0.8387006005053038
4444,0,0.7631235327219825
4445,1,0.8273056377066997
4446,0,0.1840388929862414
4447,0,0.37034314023810483
4448,0,0.246465334273463
4449,0,0.13035194976560827
4450,0,0.2000657781679849
4451,0,0.4383123644674992
4452,0,0.21296219332030628
4453,0,0.16455583024824746
4454,0,0.7081936260996133
4455,1,0.8662450607609254
4456,0,0.3656786762377686
4457,1,0.6935771896348758
4458,0,0.19686587959557011
4459,0,0.28336268357559774
4460,0,0.32680237291372516
4461,0,0.6243682362560644
4462,1,0.4901323329527628
4463,0,0.398050739160986
4464,0,0.3345520214647588
4465,0,0.2158230550827743
4466,0,0.179380586458169
4467,0,0.3375041520367472
4468,1,0.3195219413379369
4469,0,0.4425557356480648
4470,0,0.24244473743816042
4471,0,0.301051654500119
4472,1,0.40626204198281085
4473,0,0.223652727206106
4474,0,0.5519835322644855
4475,0,0.4128865970283326
4476,0,0.30457674733027856
4477,0,0.7844158011754304
4478,0,0.2340100585881147
4479,0,0.2459901301357693
4480,0,0.2653599459695565
4481,0,0.8003895931841079
4482,0,0.17329197735795518
4483,0,0.17115423168062768
4484,0,0.4092319012744452
4485,0,0.29885309848110153
4486,0,0.8105916918037624
4487,1,0.5454680969450862
4488,0,0.23513246605607685
4489,0,0.8162289793626226
4490,0,0.22999854427395483
4491,0,0.1272415381047404
4492,0,0.22982623682310852
4493,1,0.8853600038236545
4494,0,0.36669671509679835
4495,0,0.2407902183566598
4496,0,0.32687239968750553
4497,0,0.1604086559752259
4498,0,0.37871848608009506
4499,0,0.1500698338940591
4500,0,0.31259662015509915
4501,0,0.289439742116742
4502,0,0.1764905770661772
4503,0,0.32345937432047095
4504,0,0.5130966226730117
4505,0,0.3588660691045078
4506,0,0.26043445714085783
4507,0,0.4498319225398875
4508,0,0.12078011378078689
4509,1,0.4330308086141084
4510,0,0.42163497738326833
4511,0,0.3079001516749891
4512,0,0.4018943003849922
4513,0,0.2456552340065156
4514,0,0.601888812536817
4515,1,0.7362401527592116
4516,0,0.12022474874167932
4517,0,0.12699238852267206
4518,1,0.8475346536859708
4519,0,0.36435908820078194
4520,0,0.18706371908488098
4521,0,0.8554073227954277
4522,0,0.14297283903251332
4523,0,0.14941103820552462
4524,0,0.3687324156825163
4525,0,0.11627528136946923
4526,0,0.5537318619538381
4527,0,0.10322774464591739
4528,1,0.8372972836554051
4529,0,0.2526006936120351
4530,1,0.6636028891477372
4531,0,0.3180022661834318
4532,0,0.39347503591019767
4533,0,0.34872311626792063
4534,0,0.2811065495589682
4535,0,0.8916066964835068
4536,0,0.8812751941025261
4537,0,0.3639169566789795
4538,0,0.6466504846547844
4539,0,0.32311972980657744
4540,0,0.4681861388498942
4541,1,0.4903714850586604
4542,0,0.27809511340085036
4543,0,0.1659219530691512
4544,0,0.35711884414001693
4545,0,0.7862994013592629
4546,1,0.7250422186769054
4547,1,0.7876164779835786
4548,0,0.3491996624360828
4549,0,0.07201034907057982
4550,0,0.3195621788060907
4551,0,0.3549640542263461
4552,0,0.34942069849367924
4553,0,0.33205244983766946
4554,0,0.24489880238713715
4555,0,0.12241151833221103
4556,1,0.6387686768382675
4557,1,0.5296455943406823
4558,0,0.6869734587101806
4559,0,0.15623771563524186
4560,1,0.5981218279953918
4561,0,0.41880877727526844
4562,0,0.22598866216595245
4563,0,0.06029872664254349
4564,0,0.8588216348493156
4565,0,0.41462547738633826
4566,0,0.10551119675809735
4567,0,0.26286958345161826
4568,1,0.41078856070339725
4569,0,0.3458749239088849
4570,0,0.5679137899389752
4571,0,0.620205702271654
4572,0,0.13183327056348865
4573,0,0.3393729942520267
4574,0,0.2633132333644804
4575,0,0.3314082689827657
4576,0,0.20249594710353133
4577,1,0.2727715180509322
4578,0,0.49553265443231576
4579,0,0.19273933680910338
4580,0,0.12390291755975284
4581,0,0.14168483905219859
4582,0,0.8197480351671619
4583,0,0.12325790819920669
4584,1,0.8218631720792563
4585,1,0.1929602317559523
4586,0,0.42069093349378245
4587,0,0.23038143985166382
4588,0,0.6246121033013263
4589,0,0.09625653646497931
4590,0,0.3580137056076537
4591,0,0.36631374594661464
4592,1,0.7557228291471947
4593,1,0.7949937594762551
4594,0,0.31505216731569674
4595,0,0.29447196384128294
4596,1,0.4176708270822207
4597,0,0.4818198346877669
4598,0,0.3158534922883634
4599,0,0.20777039191872768
4600,0,0.5083541718482035
4601,1,0.7725678175944011
4602,0,0.24171807553626898
4603,0,0.4953746593282334
4604,0,0.2991133433353
4605,0,0.3552651206696221
4606,0,0.35025282275699526
4607,1,0.8139960194063289
4608,0,0.15953164026050928
4609,1,0.7820493226662735
4610,0,0.3092852279529696
4611,0,0.1769740375010131
4612,1,0.895865402835052
4613,0,0.6628855983696735
4614,0,0.21590156775273034
4615,0,0.4057936184136568
4616,0,0.7954956742732848
4617,0,0.7001897849945871
4618,0,0.37071429923556165
4619,0,0.685131635639559
4620,0,0.3028029730036443
4621,0,0.28849723355902857
4622,0,0.4810720089840339
4623,0,0.5751546356755872
4624,0,0.28673351596699226
4625,1,0.8335646344473766
4626,0,0.4194696689194896
4627,0,0.22547457417639788
4628,1,0.39107160065825286
4629,0,0.3732771794088259
4630,1,0.852039986696763
4631,0,0.13526307951881542
4632,1,0.5221883234981383
4633,0,0.4320508432816733
4634,0,0.3131635896585134
4635,0,0.4363569670850767
4636,0,0.2584256079485843
4637,0,0.766139577005854
4638,0,0.3600646222293301
4639,0,0.35739287457803326
4640,0,0.10236943374627668
4641,0,0.4863951960856398
4642,0,0.29082961976514576
4643,0,0.27140926152011136
4644,0,0.2106603814600461
4645,0,0.2430369080249703
4646,0,0.27305506968866
4647,0,0.11324557780454052
4648,0,0.3639231025039574
4649,1,0.6551159720708296
4650,0,0.30410594743857444
4651,0,0.3047047492032253
4652,0,0.1261639519355035
4653,0,0.4179275880337168
4654,0,0.050766832223837904
4655,1,0.7638155392964994
4656,0,0.7822536630357192
4657,1,0.7538526903526896
4658,0,0.3541366992326711
4659,0,0.14638520969609845
4660,0,0.4872161969769268
4661,1,0.7701930725412512
4662,0,0.34265244008355444
4663,0,0.3403234195335357
4664,0,0.23287653538712275
4665,1,0.9576177012815229
4666,0,0.42671991644289414
4667,0,0.24904999136624137
4668,0,0.3455215178599688
4669,0,0.3112214807385572
4670,0,0.3948552561998369
4671,1,0.3417620256731179
4672,0,0.18734776964587907
4673,0,0.26811656014962915
4674,0,0.2677034610961788
4675,0,0.2790407965229619
4676,0,0.7466582612687165
4677,0,0.28500321207160373
4678,0,0.36267999305743986
4679,0,0.15952673547322432
4680,0,0.24312245957243683
4681,1,0.6287415020153355
4682,0,0.11773432035073737
4683,0,0.26247684812794914
4684,0,0.17895864826774616
4685,0,0.14711553394372515
4686,0,0.45688256408980943
4687,0,0.6078373361117682
4688,0,0.606540783276179
4689,1,0.7711471988061278
4690,0,0.2081570320346674
4691,1,0.3806035441641313
4692,0,0.28397425213363886
4693,0,0.2905702739964288
4694,0,0.21074450721952823
4695,0,0.0889475897845558
4696,1,0.44940792098055093
4697,0,0.16814912204589294
4698,0,0.4364392533618426
4699,1,0.7657067569255225
4700,0,0.4895253199869781
4701,0,0.16028479112186722
4702,0,0.16203538425951197
4703,0,0.32070910658262597
4704,0,0.2545358085805032
4705,1,0.3072977705296623
4706,0,0.27279952552399694
4707,0,0.5579744671488435
4708,0,0.784844904676775
4709,0,0.18945896949897761
4710,0,0.3828756252033994
4711,0,0.27785544277593255
4712,0,0.5154582737455645
4713,0,0.38285295235007916
4714,0,0.7127767204354776
4715,0,0.1843509462296401
4716,0,0.5741212863783512
4717,1,0.7497845817270398
4718,0,0.2575396829221396
4719,0,0.21208965349409772
4720,0,0.5998885219063734
4721,1,0.6800143631837688
4722,0,0.4361733360495373
4723,0,0.380218471625489
4724,1,0.32098244732503284
4725,0,0.8145982552925445
4726,0,0.23692759934051708
4727,0,0.32759653156562885
4728,0,0.3153460845079246
4729,0,0.22790896927651907
4730,1,0.766904162014638
4731,0,0.19177517579219164
4732,1,0.5821007835938202
4733,1,0.3279273608502391
4734,1,0.8080327365967572
4735,1,0.25417813685857726
4736,1,0.8506232442575294
4737,0,0.2725647560149118
4738,0,0.39617000689903287
4739,0,0.6330684968221404
4740,0,0.23638569124865275
4741,1,0.8119972770297126
4742,0,0.2059178400707984
4743,0,0.6340660744005058
4744,0,0.24390398780492561
4745,0,0.4059176350225855
4746,0,0.41618209311911875
4747,0,0.4552648408683013
4748,1,0.5544591731945218
4749,0,0.0733131253427671
4750,0,0.1696166057384937
4751,1,0.6092269010218131
4752,0,0.13068793623384156
4753,0,0.17354685053024835
4754,0,0.2333083695372807
4755,0,0.20704149148785903
4756,0,0.24225057241390677
4757,0,0.18285749942876048
4758,0,0.32548565665256746
4759,0,0.22275276011451114
4760,1,0.8347629628393942
4761,1,0.4223080662258189
4762,0,0.18946670872575294
4763,0,0.6312317372165207
4764,0,0.2980439723878214
4765,0,0.3748625163134971
4766,0,0.598263466614409
4767,0,0.33551725643795044
4768,0,0.1364412825143246
4769,0,0.2949265445025156
4770,1,0.838898081038058
4771,0,0.22486913141744477
4772,0,0.7333383821663982
4773,0,0.3163343954862096
4774,0,0.4098560341501139
4775,0,0.16128582373386535
4776,0,0.3572371609428343
4777,0,0.13326294199618288
4778,0,0.24808556281513922
4779,0,0.3606691053713933
4780,0,0.08263573011069716
4781,0,0.38672850134231107
4782,0,0.25882506755964
4783,0,0.2893204222855074
4784,0,0.08245250316933088
4785,0,0.14417135533349243
4786,0,0.2437403999046107
4787,0,0.299732397163172
4788,0,0.24411406060026544
4789,0,0.7124488949452872
4790,0,0.3414392064668422
4791,0,0.18263663447393622
4792,0,0.27114399191104716
4793,0,0.12608742546936674
4794,0,0.9277173595618484
4795,0,0.25367481220491617
4796,1,0.4141234723329808
4797,0,0.16677205232750883
4798,1,0.8454510807538598
4799,0,0.2573304992242529
4800,0,0.45382323064205005
4801,0,0.2026132630001879
4802,0,0.6890169956780126
4803,1,0.493478544862995
4804,0,0.2546406202873735
4805,0,0.14734755291459384
4806,0,0.21017350071915042
4807,0,0.3286080017571408
4808,0,0.3229930211173103
4809,0,0.16292906627576986
4810,0,0.27341826592228274
4811,0,0.7802633844302694
4812,0,0.2314360325072161
4813,1,0.9181244368759802
4814,0,0.18502887153099995
4815,0,0.10555472786472576
4816,0,0.22100537114739044
4817,0,0.8114238514445481
4818,1,0.7529436829802933
4819,1,0.3946010078606595
4820,0,0.2697997618109884
4821,0,0.19744391094696334
4822,0,0.22117302669495179
4823,1,0.8505192392894035
4824,0,0.18350181165469087
4825,0,0.4428726881712394
4826,0,0.8046100268415358
4827,0,0.17810426095848012
4828,1,0.38947258459173456
4829,0,0.7175839649466071
4830,1,0.4132269278618999
4831,0,0.31307728031525445
4832,0,0.18041930368349524
4833,0,0.16258387468830116
4834,1,0.7118825705796356
4835,1,0.6049348402137655
4836,0,0.26910111046866647
4837,0,0.2825365347496172
4838,0,0.21894514629637052
4839,0,0.19985185840281275
4840,0,0.07738066317543427
4841,0,0.2551592843482587
4842,0,0.30591280497661627
4843,0,0.07677782339489628
4844,0,0.10794269046025275
4845,0,0.5357238226352399
4846,0,0.2720475774464929
4847,0,0.08984006545817869
4848,0,0.304804660281694
4849,0,0.2792358845433663
4850,0,0.44450433254265753
4851,0,0.3276251898540283
4852,0,0.5581325587348566
4853,0,0.40628527487519583
4854,0,0.2335053843333084
4855,0,0.3114393077646545
4856,0,0.09508574801863771
4857,1,0.5490560908634042
4858,0,0.3165796405996089
4859,0,0.507909918829411
4860,1,0.22657853008999446
4861,0,0.18466959939865799
4862,0,0.5358131521022541
4863,0,0.4305754683951735
4864,0,0.33234370427234466
4865,1,0.9114851763349108
4866,0,0.3023066879795922
4867,0,0.20209233394839296
4868,1,0.38758181368389627
4869,0,0.19537774213351053
4870,1,0.4494371794259883
4871,0,0.1463460290009674
4872,0,0.13233679687136052
4873,0,0.3321610634300535
4874,0,0.14063475797741803
4875,0,0.15286894033956966
4876,1,0.863894176607795
4877,0,0.2509029885365783
4878,1,0.4386097247091672
4879,0,0.187065981260804
4880,0,0.33534557829298584
4881,1,0.7855291532823445
4882,0,0.23329104334717032
4883,0,0.08780433568328715
4884,0,0.3747233998962839
4885,1,0.922167579306616
4886,0,0.20916570650968147
4887,0,0.18575189255496827
4888,0,0.33974524208267837
4889,0,0.30512779847657273
4890,0,0.42259355333661314
4891,0,0.4301134478433568
4892,0,0.24438691536336815
4893,0,0.3332824162047862
4894,0,0.25991251960986483
4895,0,0.2874567357034832
4896,0,0.3458016042175364
4897,0,0.3089395046872206
4898,0,0.28980492500993416
4899,0,0.33975553293648963
4900,0,0.46533841448809116
4901,0,0.29628364880967206
4902,0,0.3195605343627715
4903,0,0.08669023210603101
4904,0,0.28767627814049623
4905,0,0.40638472126976244
4906,0,0.4847376247628868
4907,0,0.2859939783582809
4908,0,0.3524586350436556
4909,0,0.31385112636131735
4910,0,0.2951781238015656
4911,0,0.3036393584456467
4912,0,0.16937782850967445
4913,0,0.22824125399928605
4914,0,0.2843417084462944
4915,1,0.7212127830173639
4916,0,0.42077267043740085
4917,0,0.16457938606603592
4918,0,0.40968704876512585
4919,0,0.14142999959217203
4920,0,0.5325024449502475
4921,0,0.2939579476990297
4922,0,0.4889100060295195
4923,1,0.6042728977234646
4924,0,0.32284260147868665
4925,0,0.30011262037760766
4926,0,0.888330519087999
4927,0,0.13742158950984923
4928,1,0.4792393182712339
4929,0,0.585693919550953
4930,0,0.31590468849424647
4931,0,0.12461394762185263
4932,1,0.6169984248101743
4933,1,0.38352814997829404
4934,0,0.1469393332218992
4935,0,0.2332883560538752
4936,1,0.697522078882028
4937,0,0.2020245056950522
4938,0,0.8658015296524882
4939,1,0.35666958588089676
4940,1,0.3226653463121442
4941,0,0.30849931993920826
4942,0,0.7499872927200252
4943,0,0.24447226375132813
4944,0,0.27992944361149824
4945,0,0.3161839846344673
4946,0,0.5240501405344474
4947,0,0.19296382113262603
4948,1,0.7736391546471252
4949,0,0.24279891187415373
4950,0,0.1986009167711973
4951,0,0.6326963227416458
4952,0,0.6858014359601963
4953,1,0.8451811431743452
4954,0,0.18449973798476604
4955,0,0.1686136925130023
4956,1,0.8774643609198947
4957,0,0.20511177372115807
4958,0,0.6917571564542684
4959,1,0.9393145134572422
4960,0,0.2544618104516499
4961,1,0.7510825125442067
4962,1,0.7087959628545731
4963,0,0.30788827148552783
4964,0,0.16282157260877
4965,0,0.608385558206097
4966,0,0.4320671829329943
4967,0,0.8447161597723054
4968,0,0.3492057956223345
4969,0,0.655738902890982
4970,0,0.21312454843751755
4971,0,0.26562112224527373
4972,0,0.7566745709532536
4973,0,0.30047322538446236
4974,0,0.5327855791062696
4975,1,0.8108445234432315
4976,1,0.40085283707804037
4977,0,0.5195687415506955
4978,0,0.5357370730723872
4979,0,0.27540471919153026
4980,0,0.233419964093725
4981,0,0.27363523016940927
4982,1,0.5918898617036334
4983,1,0.6072497976918377
4984,0,0.2285807743970638
4985,0,0.15694664437796846
4986,0,0.14479251517486433
4987,0,0.40221145612370945
4988,0,0.5446245378833057
4989,0,0.39432780473668344
4990,0,0.36575747783212414
4991,0,0.29806718629925016
4992,0,0.16308866209032893
4993,0,0.11862528212890852
4994,0,0.44693579649159715
4995,1,0.8408831287915379
4996,0,0.4107877103722975
4997,0,0.2357740854641871
4998,1,0.7827601267274958
4999,0,0.2013009663045775
5000,0,0.7681335989791813
5001,0,0.15319393739556514
5002,0,0.3193651122977104
5003,1,0.8678227824524284
5004,1,0.2834490282525573
5005,0,0.30645329319848896
5006,0,0.6953613751693959
5007,0,0.2932992327836669
5008,0,0.28724646086400196
5009,0,0.2576525272058545
5010,1,0.3760066548960235
5011,0,0.27119011165366835
5012,0,0.259218581155683
5013,0,0.25327682086040965
5014,0,0.24910267416551818
5015,1,0.6278458672728314
5016,0,0.662334584724362
5017,1,0.4204542072705504
5018,0,0.3048200557147581
5019,0,0.1484719176371115
5020,0,0.3628137717436033
5021,0,0.5299359460654917
5022,0,0.3582264239052623
5023,0,0.8202222479572561
5024,0,0.4579454241178007
5025,0,0.2397666695700201
5026,0,0.21614892710540473
5027,0,0.31501344089300076
5028,1,0.8553561267992852
5029,0,0.33850395747244005
5030,0,0.2976076127429544
5031,1,0.806202019063933
5032,1,0.41717911562957694
5033,0,0.17336400736184396
5034,0,0.33289328339485763
5035,0,0.23770965346088713
5036,0,0.23900836482879698
5037,0,0.3567598465759959
5038,0,0.8954221363966165
5039,0,0.3364839241440143
5040,0,0.4133543933530192
5041,1,0.8715266552523265
5042,0,0.15056305666654846
5043,0,0.27057696915980173
5044,0,0.2006880186671954
5045,0,0.16476160464293216
5046,0,0.2753030152923268
5047,0,0.2693587144572554
5048,0,0.7063713244858094
5049,0,0.11291628577873901
5050,0,0.85493076156378
5051,1,0.6835184344651196
5052,1,0.6530026949739626
5053,0,0.32710106183248977
5054,0,0.24215661737839828
5055,0,0.35389607206910173
5056,0,0.5960768156179026
5057,1,0.7133742633298241
5058,0,0.13862012162300863
5059,0,0.17817085361307952
5060,0,0.27855235627829866
5061,1,0.36568150200807403
5062,0,0.40048112703185285
5063,0,0.2565136188608726
5064,0,0.2573159385270467
5065,0,0.32910340502835134
5066,1,0.8638550915701173
5067,0,0.2521853896486699
5068,0,0.616865243760336
5069,0,0.7240170844660311
5070,1,0.8479263581265307
5071,0,0.1719028199199248
5072,0,0.35528457159271953
5073,0,0.5352142623850363
5074,0,0.4126955806611373
5075,1,0.6339038987861048
5076,0,0.4302561798386362
5077,1,0.40415666533346484
5078,0,0.19516439505763636
5079,1,0.8528671276352674
5080,0,0.20412243490077317
5081,0,0.710335342808025
5082,0,0.250396648063825
5083,0,0.1895093033027126
5084,1,0.7577662945230645
5085,1,0.3181390659986911
5086,0,0.8243202246972184
5087,1,0.7654189979471421
5088,0,0.2989411550317932
5089,0,0.366633835786686
5090,0,0.5905972406304396
5091,1,0.8932065036491558
5092,1,0.4416106719750668
5093,0,0.18041985744931252
5094,1,0.3246765936183597
5095,1,0.46308902129983115
5096,0,0.23058366134380692
5097,1,0.8833176430466111
5098,1,0.7410841231138121
5099,0,0.7629516396376346
5100,0,0.6001270291225864
5101,0,0.18858268892597774
5102,0,0.11033635912747423
5103,0,0.29620854085411435
5104,0,0.6012346082841191
5105,0,0.5778517967993022
5106,0,0.7482683135871198
5107,1,0.9008396743594342
5108,1,0.9122605854659654
5109,0,0.35286101507406664
5110,0,0.6744099686777381
5111,0,0.6441848907410129
5112,0,0.7974082181052313
5113,0,0.18865020238720467
5114,0,0.2421426670067794
5115,0,0.5459240743344599
5116,0,0.20176395540898823
5117,1,0.8503569597374233
5118,0,0.36389343651356043
5119,0,0.2998066809179935
5120,0,0.08393448927471986
5121,0,0.5160708739512585
5122,0,0.48123141182954154
5123,1,0.8508027666856275
5124,0,0.22068596833362408
5125,1,0.39944157915737366
5126,0,0.8096696440892895
5127,0,0.12635265315753752
5128,0,0.26825484258574517
5129,1,0.45620268388544827
5130,0,0.336731813319431
5131,0,0.2963142419182793
5132,0,0.32928166746858395
5133,0,0.0791631012953061
5134,0,0.26685855755154586
5135,0,0.3084226677655529
5136,0,0.41178399908319313
5137,0,0.18970448780784213
5138,0,0.28439767363852686
5139,0,0.1734954894429791
5140,0,0.5088434177593344
5141,0,0.33419543423510845
5142,1,0.4254864752985456
5143,0,0.29554785200665945
5144,0,0.3887867262767833
5145,0,0.08868179140968228
5146,1,0.896662202348181
5147,0,0.3628977064752364
5148,0,0.6875069272931427
5149,0,0.2871677987020336
5150,0,0.2745109160563553
5151,0,0.2399797883261888
5152,0,0.45508793221742067
5153,0,0.26744421678860625
5154,1,0.4904112266996832
5155,0,0.3426422696193983
5156,1,0.3720736710502488
5157,0,0.26554671686952763
5158,1,0.7896296790971391
5159,0,0.2744507956244586
5160,1,0.32641081959139934
5161,1,0.6132088874421038
5162,0,0.3713338247513397
5163,1,0.42341051645912275
5164,0,0.12319709086032912
5165,0,0.07357680917155004
5166,1,0.8395104861070142
5167,0,0.13761942657432946
5168,0,0.3673546489947367
5169,0,0.2416635939404161
5170,0,0.13123271528915523
5171,0,0.777804912307465
5172,0,0.45259782157857636
5173,0,0.1560944063900248
5174,1,0.5523981640675366
5175,0,0.34708773459776815
5176,1,0.35773944458099116
5177,0,0.7205096147820724
5178,0,0.2207046086387721
5179,0,0.7420052385702737
5180,0,0.12377745662497375
5181,0,0.24374770625103842
5182,1,0.4459954111721165
5183,0,0.21060469556935277
5184,0,0.7020112422119154
5185,0,0.4550519494655111
5186,0,0.21778059360894578
5187,1,0.6586551044488779
5188,0,0.3468340930613049
5189,1,0.63527498425027
5190,1,0.504355014110125
5191,1,0.5106696886922096
5192,0,0.15554799317018692
5193,0,0.29462872509043225
5194,0,0.10438276861563275
5195,0,0.3233944634545557
5196,0,0.28094720310219073
5197,0,0.31340691907691537
5198,0,0.24639910326129097
5199,0,0.38949980632995995
5200,1,0.7728710497420752
5201,0,0.3088968398855821
5202,0,0.09568334357220146
5203,0,0.49984629495941285
5204,1,0.45768609849372616
5205,0,0.22542058449243702
5206,0,0.3770017022753213
5207,0,0.2861521709434161
5208,0,0.2695928526171525
5209,0,0.2851807061919825
5210,1,0.40719115789949767
5211,1,0.6565916028162367
5212,0,0.2326319093262365
5213,1,0.5186131490310589
5214,1,0.905495946977478
5215,0,0.3565451905675724
5216,0,0.8106573436777448
5217,1,0.8016414050204058
5218,0,0.38778843695582355
5219,0,0.5972833901237515
5220,0,0.5841697698818075
5221,0,0.2805189198980892
5222,0,0.5234018907859184
5223,1,0.6047727329154186
5224,0,0.07411505228827693
5225,0,0.6318332422611276
5226,0,0.24243420331124568
5227,0,0.6930772291283906
5228,0,0.26870739848376457
5229,0,0.33700340823690433
5230,1,0.8184134492914097
5231,0,0.43084043595602906
5232,0,0.4900004818914615
5233,0,0.2869836342846675
5234,0,0.16280886293772248
5235,0,0.6274998241761851
5236,0,0.1029428343898748
5237,0,0.10483886032584498
5238,0,0.26836984931688485
5239,0,0.11405150930675166
5240,1,0.7663020495719737
5241,0,0.42170826462373834
5242,0,0.22586593834540372
5243,1,0.692935991034173
5244,0,0.19118085418043448
5245,0,0.13386511150283845
5246,0,0.21117552624211153
5247,0,0.12216797917056307
5248,0,0.09030381795304862
5249,1,0.37957652776399486
5250,0,0.11484204021956551
5251,0,0.44138535882220226
5252,0,0.09746422925004648
5253,0,0.12702431637396575
5254,0,0.6970668629876637
5255,0,0.2979090493852616
5256,0,0.4728501104418973
5257,1,0.395989085905981
5258,0,0.253542345365514
5259,0,0.24862504786814552
5260,0,0.34174648155273846
5261,0,0.19670639862920944
5262,0,0.4017808685971504
5263,0,0.6157878391919288
5264,0,0.3851958581058078
5265,1,0.8802601221418026
5266,0,0.3041258259423345
5267,1,0.6658064745110059
5268,0,0.1394892241078975
5269,1,0.7396993432104526
5270,0,0.6757552532480442
5271,0,0.16729733011072104
5272,0,0.4216297804232329
5273,0,0.2775807795155959
5274,1,0.8361498536254746
5275,0,0.3016813259695929
5276,1,0.7371926549943612
5277,0,0.23385982537955588
5278,0,0.2227170272910476
5279,0,0.3955367216922631
5280,0,0.2366583625550582
5281,0,0.17608895249783882
5282,0,0.31650779297533677
5283,0,0.4966888294236137
5284,0,0.5733741855905421
5285,0,0.16782988008256325
5286,0,0.3448814360187631
5287,1,0.6627936128362778
5288,1,0.46250550768570337
5289,1,0.8258097755814161
5290,0,0.21674262644237316
5291,0,0.41286653901185816
5292,0,0.16942429737698114
5293,0,0.2045299117907885
5294,0,0.17338640808406924
5295,0,0.444477377552864
5296,1,0.4400817778652542
5297,1,0.31406910738565463
5298,0,0.22523759802428445
5299,0,0.4110421339177625
5300,0,0.34558698963602735
5301,0,0.17566840727363642
5302,0,0.2045652590874458
5303,0,0.43936014659093514
5304,0,0.14231626767624797
5305,1,0.19412010065156654
5306,0,0.6521877637146725
5307,0,0.16975174955249234
5308,1,0.43352206782588676
5309,0,0.3508465146779193
5310,0,0.3123010573348088
5311,0,0.40604460845522666
5312,0,0.587614752354591
5313,0,0.25064893849851005
5314,0,0.3114963692675289
5315,0,0.3216983666811982
5316,0,0.1519686788957202
5317,1,0.39926973513226016
5318,0,0.2681445249261539
5319,0,0.2378070710710696
5320,0,0.183097182941939
5321,0,0.1247716748311794
5322,0,0.3843365665193218
5323,0,0.32704971844109115
5324,0,0.23722919490665015
5325,1,0.42301196213232345
5326,0,0.4180684682147763
5327,1,0.7535397228425477
5328,0,0.41958715353615267
5329,0,0.2736423596218645
5330,0,0.2248200875735811
5331,1,0.674256888397768
5332,0,0.24228059850200243
5333,1,0.8108025097704473
5334,1,0.8367103479476182
5335,1,0.5741038606156109
5336,0,0.2016320269764242
5337,0,0.24689417106379918
5338,0,0.23812142187260726
5339,0,0.5260949593029604
5340,0,0.23927138168406917
5341,0,0.5858549223151194
5342,0,0.2467338272282776
5343,0,0.2815669498834965
5344,0,0.09909704118333112
5345,1,0.7382018439612409
5346,0,0.581640046346416
5347,1,0.5410162776832643
5348,0,0.07670333193749158
5349,1,0.925961317045982
5350,0,0.222148714758371
5351,0,0.4925409803579715
5352,1,0.40290899430056776
5353,1,0.2836594843645685
5354,0,0.44460378149999136
5355,1,0.3235102454218798
5356,0,0.29241883607058033
5357,1,0.6527361578224875
5358,0,0.343548657382512
5359,1,0.5163930492204968
5360,1,0.7094621677106459
5361,0,0.040190201055003
5362,1,0.6108662042704907
5363,0,0.33509632363492114
5364,0,0.0908248339134337
5365,0,0.41103825373981046
5366,0,0.1632749046853669
5367,1,0.9583677430964752
5368,0,0.44931945818597785
5369,0,0.2956295174418482
5370,0,0.27880689492338767
5371,1,0.851096850313723
5372,0,0.20723462181968574
5373,0,0.29528399866665983
5374,0,0.2013814918978961
5375,0,0.2043395693202009
5376,1,0.8625454849997369
5377,0,0.27879386816802865
5378,0,0.3467833170361423
5379,0,0.18189270687299303
5380,0,0.19854815655198263
5381,0,0.47662835902782547
5382,0,0.21690291104044004
5383,0,0.1857142950085143
5384,1,0.41725156165788824
5385,1,0.6137096590302408
5386,1,0.9351934871922724
5387,1,0.5232512947633703
5388,1,0.6618792958376318
5389,0,0.5791474080921871
5390,0,0.3155159225886631
5391,0,0.41682784367339454
5392,0,0.0854451062695784
5393,0,0.342087649561307
5394,0,0.2141556877764924
5395,1,0.7992639148805166
5396,1,0.727821428569311
5397,0,0.3387034171361236
5398,0,0.25110765826425024
5399,0,0.3632900344651191
5400,1,0.6763462916125043
5401,0,0.4116747083462431
5402,0,0.4000834275644767
5403,1,0.5484294663734438
5404,1,0.7375727958984342
5405,0,0.26354086102689156
5406,1,0.7644358100759031
5407,1,0.3144615635512949
5408,0,0.23386771946300322
5409,1,0.4439696720216157
5410,0,0.41431606869357757
5411,0,0.33691880446680955
5412,1,0.7960916629999703
5413,0,0.48511865226464507
5414,1,0.378018659463177
5415,0,0.37131397611422406
5416,0,0.5447559941192001
5417,1,0.7709144403113726
5418,0,0.6550550950042165
5419,0,0.10748361954992175
5420,0,0.34931938172654964
5421,0,0.10749182739444521
5422,0,0.3191186057650723
5423,0,0.25829251218338184
5424,0,0.4143810568048223
5425,1,0.9236355381226089
5426,1,0.3976942895632664
5427,0,0.6112130074321847
5428,0,0.38142647685361397
5429,0,0.08911994383425309
5430,0,0.32203247549188363
5431,0,0.22388784989823735
5432,1,0.3725043883622259
5433,1,0.6035884593057087
5434,1,0.39787090988217694
5435,0,0.19751211338009825
5436,0,0.21295652321338732
5437,0,0.31772204777798346
5438,0,0.398054320786587
5439,0,0.7186013700266213
5440,0,0.1773708360021964
5441,1,0.9080518059795659
5442,0,0.31432964808600733
5443,0,0.4507578208774531
5444,0,0.7931896747187629
5445,0,0.6477907971820173
5446,0,0.14818885655663888
5447,0,0.26424073213633664
5448,0,0.1647035427960071
5449,0,0.7685929154840772
5450,0,0.35911559603727417
5451,0,0.2915746697320925
5452,0,0.3140835114937181
5453,1,0.7640523575856047
5454,0,0.14293163772570866
5455,0,0.3458214207188108
5456,1,0.43462239660617513
5457,0,0.39842931358758377
5458,0,0.41763077613309774
5459,1,0.8103637815850095
5460,0,0.5213555364962486
5461,0,0.6897031114998934
5462,0,0.356307478246154
5463,1,0.909180830672658
5464,0,0.38988894850152944
5465,0,0.3348728247874597
5466,0,0.4683169204794035
5467,0,0.39780224500774375
5468,1,0.7568079646120525
5469,0,0.33251682401874755
5470,0,0.29100062665299903
5471,0,0.3828287016339826
5472,1,0.6130569882086983
5473,0,0.2810988278966323
5474,1,0.6676376568100877
5475,0,0.434782933248867
5476,0,0.20770849491458448
5477,1,0.297563462939965
5478,0,0.4047283666295363
5479,0,0.2659965124750555
5480,0,0.3092230319677627
5481,0,0.3028652146805303
5482,0,0.26110958307281434
5483,0,0.24107973428338336
5484,1,0.40762692588791977
5485,0,0.24683399461641933
5486,1,0.4627575106301213
5487,0,0.27741381373924395
5488,0,0.36627652750647577
5489,0,0.1784810028109698
5490,0,0.2044297303850686
5491,0,0.10907349188553742
5492,0,0.25468996662215815
5493,0,0.3419679965694232
5494,0,0.7186486977770242
5495,0,0.10271989365211442
5496,1,0.9345939359255288
5497,1,0.6481013121956747
5498,0,0.32717081061538394
5499,0,0.8550371634222913
5500,0,0.7638349578378167
5501,0,0.27201657928556877
5502,0,0.4348255671399804
5503,0,0.4089199802979822
5504,0,0.4622062927240708
5505,0,0.4897428997173076
5506,0,0.19999202594192927
5507,0,0.19082224997180727
5508,0,0.13628886599044868
5509,1,0.6462468456744243
5510,0,0.05402123258216541
5511,0,0.6092246215125425
5512,1,0.36978368959535607
5513,0,0.33040164736279826
5514,1,0.4461460384215094
5515,0,0.3938386751837066
5516,1,0.8926790244850278
5517,0,0.5082397073388983
5518,0,0.5041327164086439
5519,0,0.28706997060494904
5520,0,0.21710525642755385
5521,0,0.24674772931518882
5522,0,0.29451953455926927
5523,0,0.3049579313499209
5524,0,0.3736547211144961
5525,0,0.1971701081594169
5526,0,0.28164024184319447
5527,0,0.29954096185071977
5528,1,0.6831039855842616
5529,0,0.23586704143332615
5530,0,0.7543109168063984
5531,1,0.8371101866061794
5532,0,0.23940817788563443
5533,0,0.21242689148045307
5534,0,0.28532625988627985
5535,1,0.9015094796113818
5536,0,0.17044590290105346
5537,0,0.1996880881174619
5538,0,0.48324085174900555
5539,0,0.2677333003618533
5540,0,0.27071659575562856
5541,0,0.4456552664584262
5542,0,0.303889437216735
5543,0,0.2998511631761077
5544,0,0.07633407745840515
5545,0,0.26099598175279054
5546,0,0.48724311210835564
5547,0,0.3920213534826749
5548,0,0.33317110940522776
5549,0,0.14832726292531373
5550,0,0.22270620335511299
5551,0,0.3523212035140269
5552,0,0.46109495500384834
5553,0,0.12895769757922934
5554,1,0.7143914023596457
5555,0,0.8222187493970354
5556,0,0.34969534869589475
5557,0,0.15744184086498175
5558,0,0.7866181710450106
5559,0,0.4086378078612689
5560,0,0.15185150061118308
5561,0,0.3818189445133892
5562,0,0.191626337148734
5563,1,0.875455104676503
5564,0,0.3656101930929291
5565,0,0.23032813930308632
5566,0,0.5306571121043338
5567,0,0.6612047758473999
5568,0,0.3554951912748927
5569,1,0.7765205542546306
5570,0,0.14426791023954869
5571,1,0.5212254755235962
5572,1,0.7083992003762364
5573,0,0.2468077544186985
5574,0,0.24305954676038063
5575,0,0.44852402184444934
5576,0,0.2796369411106366
5577,0,0.09779415789702904
5578,0,0.3927069788621524
5579,0,0.1643914234218894
5580,0,0.14515800799035225
5581,1,0.4509934492374733
5582,0,0.33965978094653826
5583,0,0.22543287265491144
5584,0,0.2611198289630128
5585,0,0.2800063147009046
5586,0,0.12462364646160222
5587,1,0.7696930910800392
5588,0,0.5968670984964257
5589,1,0.871718802843661
5590,0,0.3376607618059969
5591,1,0.8943337284024129
5592,0,0.3248946312179448
5593,0,0.2539959382894434
5594,1,0.5565348188099042
5595,1,0.788003096125207
5596,0,0.34033306669509344
5597,0,0.8843773871164113
5598,1,0.7884018994159799
5599,0,0.4058141219117383
5600,0,0.256033231626214
5601,0,0.3324583351470072
5602,0,0.10920235047590017
5603,0,0.45414504402820327
5604,0,0.2136852361573822
5605,0,0.4016604485320091
5606,0,0.468638194196834
5607,0,0.14726235153037123
5608,0,0.44735842442003565
5609,0,0.17377266294975136
5610,0,0.6819019239147195
5611,0,0.22981991098890386
5612,1,0.45272395479562233
5613,1,0.6728157908874772
5614,0,0.1961661833117345
5615,1,0.5215374673079157
5616,0,0.2735174704966421
5617,0,0.2254160363209233
5618,0,0.3693897544238798
5619,0,0.2838837859503103
5620,0,0.18815231820515899
5621,1,0.616984685853479
5622,0,0.4023161960987315
5623,1,0.4026646687444385
5624,0,0.22424281345921002
5625,1,0.8022628685733407
5626,0,0.2694446248044305
5627,1,0.8630580895805292
5628,0,0.13760995899199027
5629,0,0.37540066033738506
5630,1,0.6724545319740998
5631,0,0.37819287502581544
5632,1,0.8719307809126761
5633,1,0.46977417412453504
5634,0,0.3390525975537397
5635,0,0.15548757543528693
5636,0,0.1931014896264803
5637,0,0.206949819111781
5638,1,0.3823006471194995
5639,0,0.4040801716601648
5640,0,0.557403742028818
5641,0,0.4151306085011655
5642,0,0.41852305297602654
5643,0,0.2543431934796414
5644,0,0.46064304730756583
5645,0,0.31829771667398693
5646,0,0.6661160954048324
5647,0,0.2216506386820213
5648,0,0.47596271538558504
5649,0,0.19185482717943764
5650,0,0.1284595269166213
5651,0,0.1875724633370856
5652,0,0.16130531683391247
5653,1,0.8041859436459013
5654,0,0.23929201616021512
5655,0,0.31972750914543857
5656,0,0.3113679349824152
5657,0,0.25813572490507886
5658,1,0.3756111260110175
5659,0,0.20241919471216693
5660,0,0.13399847697319198
5661,0,0.6479468542463461
5662,0,0.3769602785749033
5663,0,0.2230344710910301
5664,0,0.21425495284818002
5665,0,0.7807573475123647
5666,0,0.2892805605967791
5667,0,0.3935810870912371
5668,1,0.8781855200331263
5669,1,0.6652328949177392
5670,0,0.8767710139065008
5671,0,0.06871618069065408
5672,0,0.14685418818932128
5673,0,0.45788980952605
5674,1,0.8039916377543393
5675,0,0.2962633151466864
5676,0,0.3851410378606539
5677,0,0.44176541963545435
5678,0,0.3483921415844051
5679,0,0.8207056614103598
5680,0,0.5279316630230455
5681,0,0.2896412357231585
5682,0,0.07479062777305648
5683,0,0.38295378985490663
5684,0,0.1480286831714829
5685,0,0.2114349940475342
5686,0,0.16146598252801467
5687,0,0.3656355615954011
5688,1,0.7942176839520683
5689,0,0.4026078391816135
5690,0,0.31256990952494257
5691,0,0.3226496980112952
5692,0,0.14802674561224696
5693,0,0.1966727753200326
5694,0,0.2811796526359443
5695,0,0.4090271000090727
5696,0,0.3173062802943034
5697,0,0.37785829773102747
5698,0,0.06168883117344363
5699,0,0.3893770958014312
5700,0,0.27880918409147065
5701,1,0.32195576354516975
5702,0,0.8500308486681084
5703,0,0.1340192117736469
5704,0,0.5113180373348366
5705,1,0.5197087053324791
5706,1,0.6491267044326059
5707,0,0.3535491504336445
5708,0,0.5452062926100177
5709,0,0.14620051214778684
5710,0,0.08152305884701397
5711,0,0.3194564349231773
5712,0,0.12262237586721587
5713,0,0.29323431571086345
5714,0,0.46541196000076196
5715,0,0.2080966523917814
5716,0,0.13001320848224596
5717,1,0.9317416239663062
5718,0,0.41721219625103656
5719,0,0.3622008184457038
5720,1,0.9189042692993832
5721,0,0.2572692254919509
5722,1,0.7137314297302789
5723,0,0.4622827905363744
5724,0,0.2041848942538982
5725,0,0.26610354077634907
5726,0,0.2011330624127371
5727,0,0.1841963276286677
5728,0,0.16247843443013085
5729,1,0.40653171788654574
5730,0,0.2746359346300565
5731,0,0.36490465324385113
5732,0,0.7972293583216686
5733,0,0.3863804813771751
5734,1,0.6733047423932236
5735,1,0.7852292697883247
5736,0,0.20342814310819748
5737,0,0.6872383459132969
5738,0,0.37102465096548054
5739,1,0.8902669326215609
5740,0,0.8359218886667631
5741,1,0.659047279487114
5742,0,0.27145735831044626
5743,0,0.3196892695041147
5744,1,0.8362375962497801
5745,0,0.17013980099288176
5746,0,0.3251064497973982
5747,0,0.17862056853356026
5748,0,0.3633397085457073
5749,0,0.49668775956929784
5750,0,0.33326853086987995
5751,0,0.6381688773931476
5752,0,0.2642315800360091
5753,0,0.30489455452819825
5754,0,0.4673798865989307
5755,0,0.2624157370445982
5756,0,0.4211691482864967
5757,0,0.27588216123776776
5758,0,0.40782882753125577
5759,0,0.3189258385529346
5760,0,0.35306194149877945
5761,0,0.5376735066616463
5762,0,0.2407013183278561
5763,0,0.25079126120046913
5764,0,0.33774407787329475
5765,1,0.5056043753157561
5766,0,0.42147398833060107
5767,0,0.17591128373148548
5768,0,0.25924698978270677
5769,1,0.7706666206592321
5770,0,0.12077858596362256
5771,0,0.6643692659861843
5772,0,0.29331125876024056
5773,0,0.3209755237965309
5774,1,0.8078268838805924
5775,0,0.3406411155130178
5776,1,0.8344498560756588
5777,0,0.23130771113859366
5778,0,0.05921364437000227
5779,0,0.43601896973155296
5780,1,0.8346648175006163
5781,1,0.9256967977302551
5782,0,0.443678589226081
5783,0,0.24676653001374405
5784,1,0.9096444752213598
5785,0,0.2942128034512801
5786,0,0.47651878075568255
5787,0,0.3197079608781585
5788,0,0.2915384385760249
5789,0,0.38664891894368664
5790,0,0.21800163649946508
5791,0,0.28760396457249476
5792,0,0.2926298419748582
5793,0,0.08504323758266252
5794,1,0.45155354171100326
5795,0,0.2654378957640783
5796,1,0.8120625932904559
5797,0,0.10845535042859339
5798,1,0.4313564023755954
5799,0,0.375044487867303
5800,0,0.23662310489056831
5801,0,0.23394471405825784
5802,0,0.4404884005740019
5803,0,0.30363930853535875
5804,0,0.20091555528697166
5805,1,0.4448867060151666
5806,1,0.5113629528526844
5807,0,0.5955136430672495
5808,0,0.31455289840618933
5809,1,0.6822930613943039
5810,1,0.6263879003880709
5811,1,0.8529579328878385
5812,0,0.27663565071371743
5813,0,0.21117808114672687
5814,0,0.19116321314739362
5815,1,0.34916169051381823
5816,0,0.12600241718973218
5817,0,0.2939945100645328
5818,1,0.8864718369348337
5819,0,0.4946026365701406
5820,0,0.3109443339251126
5821,0,0.3859326953025035
5822,0,0.3295607172036456
5823,1,0.7794241255655389
5824,0,0.358360174747136
5825,1,0.7644701295172902
5826,0,0.4272627941899988
5827,0,0.30050296134628973
5828,1,0.3907016816605273
5829,0,0.36212363149434035
5830,0,0.2492472448118276
5831,1,0.39273621744260084
5832,1,0.45461622133055657
5833,0,0.3743979720664393
5834,1,0.5402990769702588
5835,0,0.7936129888814297
5836,0,0.26621480842066975
5837,1,0.6022759486938665
5838,1,0.35679423141347555
5839,0,0.3930677529904854
5840,0,0.21358369902486643
5841,0,0.5086034631421904
5842,1,0.5492027170752513
5843,0,0.2128051307066766
5844,0,0.2033327792366251
5845,1,0.8109299577898971
5846,0,0.19278904268031702
5847,0,0.21396791486360328
5848,0,0.15741952917506466
5849,0,0.3966844470238133
5850,0,0.1834302809845813
5851,1,0.7556485784746763
5852,0,0.2977346075518274
5853,1,0.7882911112944148
5854,0,0.2982272905793735
5855,0,0.15611157515154842
5856,0,0.1735416686103677
5857,0,0.09416559196991414
5858,0,0.3024154007472131
5859,0,0.17401590158943323
5860,0,0.7221655782250613
5861,1,0.8499762984586811
5862,0,0.11350951920578875
5863,0,0.37373555001041
5864,0,0.34667165644598996
5865,0,0.33549293810425235
5866,0,0.25999169637073366
5867,1,0.6570655796150378
5868,0,0.7204603479197463
5869,0,0.16842770277701388
5870,0,0.07892303984504716
5871,0,0.3366297014686097
5872,1,0.8980337694495338
5873,0,0.372589069787494
5874,0,0.41205858426886366
5875,0,0.19950244881322474
5876,1,0.8038432775002853
5877,0,0.22768090479980302
5878,0,0.2458052016124379
5879,0,0.3181042461882848
5880,0,0.30504440313769543
5881,0,0.26611066562405045
5882,0,0.6757928457734953
5883,0,0.8369111158853285
5884,0,0.5834752847804867
5885,1,0.6749171162368475
5886,0,0.3247868340214798
5887,1,0.5614736647679759
5888,0,0.26157861297399004
5889,0,0.4591648765561274
5890,0,0.1945981658345472
5891,0,0.7846263657694367
5892,1,0.6327881977844756
5893,0,0.8476593104866228
5894,0,0.3780672997914308
5895,0,0.3960851716123673
5896,0,0.3912603098995538
5897,0,0.15747057440195453
5898,1,0.8377048558493696
5899,1,0.5151166521865524
5900,0,0.45800659482342143
5901,0,0.1847590240125151
5902,1,0.822351223505089
5903,0,0.1846314087589623
5904,0,0.46682093343444697
5905,0,0.31069109642434467
5906,0,0.3974660251913636
5907,0,0.09798278530219473
5908,0,0.19933177601630236
5909,0,0.31796098658677074
5910,0,0.4365269799170726
5911,0,0.17987613470304742
5912,0,0.10669317628040156
5913,0,0.45131981975691604
5914,0,0.3259810218384955
5915,1,0.4811939415254321
5916,0,0.4905848043571538
5917,1,0.8751722702062239
5918,1,0.8150059682122839
5919,0,0.2126842482097365
5920,0,0.37462587396372266
5921,1,0.520640222331015
5922,0,0.6965971010645822
5923,1,0.8290281643213963
5924,0,0.10809737222351842
5925,0,0.21036647079355286
5926,1,0.45209987653078665
5927,0,0.6361382080733481
5928,0,0.5418678008328284
5929,0,0.2789560444018207
5930,0,0.3736065262933102
5931,0,0.3244166998055566
5932,1,0.4733060066012621
5933,0,0.22901731432405315
5934,0,0.2142736831306421
5935,0,0.4480701541187617
5936,1,0.7155592701483852
5937,0,0.2710228860525603
5938,0,0.34855271319518794
5939,0,0.2732645881506405
5940,0,0.5402161410910291
5941,0,0.3001165198908656
5942,0,0.20043230773124196
5943,0,0.2972360628154599
5944,0,0.5004977362077747
5945,0,0.32897431105478575
5946,0,0.3846845958423014
5947,0,0.5218481436026894
5948,0,0.15874372702610562
5949,1,0.3303694102252879
5950,0,0.3292013566300531
5951,0,0.5561662709498133
5952,0,0.7491429451298227
5953,0,0.3055670579815492
5954,0,0.061550922846618186
5955,0,0.38276171231990064
5956,0,0.3408558419472281
5957,1,0.8216632019590157
5958,1,0.3595216851295809
5959,0,0.34138475357195114
5960,0,0.3153320169022075
5961,0,0.37870995195922275
5962,1,0.69497471854174
5963,1,0.8290148203469733
5964,1,0.8791754880512979
5965,0,0.2702732346757366
5966,1,0.5712785008628506
5967,0,0.15938808310861494
5968,0,0.35300641017491374
5969,0,0.46063368143296585
5970,0,0.21896563062643598
5971,0,0.08687307838780843
5972,1,0.800063316364282
5973,0,0.23630770728850892
5974,0,0.37330518345411207
5975,1,0.29426051939892334
5976,0,0.2905397729737076
5977,0,0.29206343189895384
5978,1,0.6632025503051067
5979,0,0.38415138929990406
5980,0,0.24037337750887683
5981,0,0.2509635696943954
5982,1,0.8611552470975758
5983,0,0.20399078527734993
5984,0,0.11782859155401658
5985,0,0.2151497295418157
5986,0,0.26844689794837817
5987,0,0.33651069323965854
5988,0,0.35288365955597223
5989,0,0.29808936825589005
5990,0,0.6280771951435495
5991,0,0.23456512407491495
5992,0,0.6472230395312509
5993,0,0.4793751066678314
5994,1,0.4840384811561741
5995,0,0.31544155579768096
5996,1,0.4068531833762299
5997,0,0.27583290053506365
5998,1,0.6934852339064597
5999,0,0.4076146143643273
6000,0,0.6675823897332559
6001,0,0.35390547804862393
6002,0,0.37707201368276444
6003,0,0.3278930929078412
6004,0,0.13711413433315897
6005,0,0.3489495738822896
6006,0,0.16594449658454477
6007,1,0.33178414899669895
6008,0,0.41879611938252337
6009,0,0.2307636008011905
6010,0,0.23966814794038843
6011,1,0.6822416706175412
6012,0,0.5744411950232993
6013,0,0.46016600720409156
6014,1,0.33532030808638924
6015,1,0.7645105806457572
6016,0,0.37078423339422906
6017,0,0.8195243435843323
6018,0,0.6386713984555924
6019,0,0.2841717818104402
6020,1,0.46952274421864426
6021,0,0.12393634422853123
6022,0,0.1404179897068315
6023,0,0.4139260817966585
6024,0,0.21793354809740945
6025,1,0.5333233490618928
6026,0,0.31356737985933003
6027,1,0.3355559135027903
6028,0,0.20535996581822974
6029,0,0.3347801776898804
6030,0,0.1934487311749547
6031,1,0.658880050970305
6032,1,0.8663901606285402
6033,0,0.6767969927236349
6034,0,0.23205066947472378
6035,0,0.4962873534000471
6036,1,0.3561674696028744
6037,0,0.35956306082049017
6038,1,0.8805372424306575
6039,0,0.4786598247074783
6040,0,0.3876732300414965
6041,0,0.2700017440947892
6042,0,0.14595257352311614
6043,0,0.2234129303040261
6044,0,0.3241215924490853
6045,0,0.3342517245080591
6046,1,0.3614596087775434
6047,0,0.15946054745954621
6048,0,0.4073424945296225
6049,1,0.4977241372295164
6050,1,0.6835988428986363
6051,0,0.3025250799862824
6052,0,0.35651698272556764
6053,1,0.6018354384129071
6054,0,0.6729988220879494
6055,0,0.34643693388402264
6056,0,0.06542240607606767
6057,0,0.7042482026944237
6058,0,0.17669042233987864
6059,0,0.5744424315312968
6060,0,0.2154703439164441
6061,0,0.6760630062482831
6062,1,0.7068256741298223
6063,0,0.14402196195544426
6064,1,0.8619280478694834
6065,1,0.33975143290038046
6066,0,0.4248200515143354
6067,1,0.3741725867550737
6068,1,0.3548003682854187
6069,0,0.15007364787326546
6070,0,0.2574061936036955
6071,0,0.37697247797677025
6072,0,0.19310862698328277
6073,0,0.40914394649108937
6074,0,0.4587060871538939
6075,0,0.6191703795492984
6076,0,0.6285341168579592
6077,0,0.33224380900272843
6078,0,0.3113242032405215
6079,0,0.11808863536464824
6080,0,0.31862974609305583
6081,0,0.13559647848108095
6082,1,0.6570924015018423
6083,1,0.9514614527558227
6084,0,0.3915082834046236
6085,0,0.07913746911790137
6086,1,0.8915710301934183
6087,0,0.37422665779287156
6088,0,0.557877299716619
6089,0,0.2525491973887283
6090,1,0.7656243453316227
6091,0,0.1328640138470079
6092,0,0.32939407873820875
6093,0,0.16579292368287796
6094,1,0.7883135724842552
6095,0,0.5304192712512527
6096,0,0.6720139421572355
6097,0,0.5525073393887985
6098,1,0.9095803138438957
6099,0,0.17614067120615992
6100,0,0.2947892539324368
6101,0,0.11519760528933225
6102,0,0.07720499395653235
6103,1,0.3971423540056277
6104,1,0.7492479888452003
6105,0,0.35263132161716754
6106,0,0.30573699184272546
6107,0,0.24873696188487884
6108,0,0.28088799443207707
6109,0,0.299025053912101
6110,0,0.21511510478218096
6111,0,0.2869595703095544
6112,1,0.5469995019557147
6113,0,0.10781722341099714
6114,0,0.3236529778612576
6115,0,0.6470541940697829
6116,0,0.6878792036571088
6117,1,0.8520066539273456
6118,0,0.2948776298069243
6119,1,0.7801501678817163
6120,0,0.23449850833569028
6121,1,0.6030742629129611
6122,1,0.5357251744159154
6123,1,0.4235374204248744
6124,0,0.204729185555702
6125,1,0.8064675280382108
6126,0,0.2954758268464047
6127,0,0.21180977301516932
6128,0,0.3467817628292344
6129,1,0.439366317409108
6130,0,0.1450308812635922
6131,0,0.3186299690232024
6132,0,0.5993837306542624
6133,0,0.718731864367371
6134,0,0.47337072015698695
6135,0,0.30071367731570803
6136,0,0.4785020425157749
6137,0,0.09750281595714155
6138,0,0.27274654898150713
6139,0,0.1390475723280842
6140,0,0.5311506517594594
6141,0,0.24289720465846645
6142,0,0.18829176619891416
6143,1,0.7219224995589094
6144,0,0.242323349533459
6145,1,0.8770578964192915
6146,0,0.2893705613103327
6147,1,0.4437345453422977
6148,1,0.6967644239075882
6149,0,0.3623537156622502
6150,0,0.26464518419487515
6151,0,0.11548382956572252
6152,0,0.38583430031953014
6153,0,0.26195154033638696
6154,0,0.5366959268447737
6155,0,0.34689600406771925
6156,0,0.4081879055086885
6157,0,0.1665264069695758
6158,0,0.24338262503406086
6159,0,0.28741057282859556
6160,0,0.26384554742938016
6161,0,0.7284497166432886
6162,0,0.4577090921164831
6163,0,0.3421412670836954
6164,0,0.15979973747800028
6165,0,0.2497731588003471
6166,0,0.2012867774154603
6167,0,0.4431218634738419
6168,0,0.40727425148123764
6169,0,0.19216339763717474
6170,0,0.5786619621421026
6171,1,0.7835028973703235
6172,1,0.7128864738071055
6173,0,0.25284449589402275
6174,0,0.29914878569845554
6175,1,0.8961172361251232
6176,0,0.28995716051162446
6177,0,0.2179620632037155
6178,0,0.340509667726011
6179,0,0.2596881040041567
6180,0,0.33777641670469744
6181,0,0.27861591571327654
6182,0,0.2352284699486553
6183,1,0.9160561752040792
6184,0,0.3217725355222609
6185,1,0.40783446611777585
6186,0,0.47413552557047106
6187,0,0.7289399489307818
6188,0,0.21792837633474785
6189,1,0.424747491469311
6190,1,0.5845055266360069
6191,0,0.10525157014797054
6192,0,0.18619661666929388
6193,0,0.7976227321309386
6194,0,0.19547517475320766
6195,1,0.7108682524705695
6196,0,0.547167772642587
6197,0,0.29991956489957317
6198,0,0.4894390550285052
6199,1,0.8200410854028002
6200,0,0.20063032626625937
6201,0,0.4290205129674587
6202,0,0.3478082880904769
6203,0,0.30399511403717466
6204,0,0.15702451168816797
6205,0,0.21569943559575308
6206,0,0.42005964170023274
6207,0,0.39349174588767427
6208,0,0.6186466901839084
6209,0,0.6267114693901472
6210,0,0.1916495640518665
6211,0,0.32281833494015205
6212,0,0.13882441500545642
6213,0,0.3764257616561376
6214,0,0.34666413852902095
6215,0,0.3767230888491625
6216,0,0.3199091571792731
6217,0,0.5710499821263331
6218,0,0.33393460688831
6219,0,0.23324315221423095
6220,0,0.2949312734972368
6221,0,0.30596117838379905
6222,0,0.16729886413874012
6223,1,0.5124824328001515
6224,1,0.9327711870827704
6225,0,0.505834977455257
6226,1,0.8373885732406715
6227,0,0.35107653594606963
6228,0,0.23527461075843384
6229,0,0.46481835839725244
6230,1,0.77137279629726
6231,0,0.10787528996170379
6232,0,0.19440709965614722
6233,1,0.7904167566522432
6234,0,0.45518035404299634
6235,1,0.7804554539607644
6236,0,0.26074428344175166
6237,0,0.2740862007877237
6238,0,0.37592404521522377
6239,0,0.22829162162936004
6240,0,0.3119500701761858
6241,1,0.6872542293128638
6242,0,0.280326624476947
6243,1,0.32977579255352607
6244,0,0.12721526846692582
6245,0,0.28415208005664405
6246,0,0.3113157941865692
6247,1,0.8678633012244535
6248,0,0.39001573277768853
6249,0,0.14808659206414104
6250,0,0.16757100992406287
6251,0,0.20269368076787245
6252,0,0.2775693916907344
6253,0,0.3422914645649777
6254,0,0.5512014031210497
6255,0,0.36292033708241656
6256,0,0.08850526705304458
6257,1,0.831607025478117
6258,0,0.296991264071917
6259,0,0.39899554080466404
6260,0,0.3833090817135733
6261,1,0.40272543274051514
6262,0,0.2116566234190169
6263,1,0.5828502199705723
6264,0,0.34415751662250316
6265,1,0.8173673761046681
6266,1,0.614525591591852
6267,0,0.2951196821680918
6268,0,0.3247894532819975
6269,0,0.7839576755946476
6270,0,0.40087155316831724
6271,0,0.25662689551058226
6272,0,0.18273095315837537
6273,0,0.3647593331716147
6274,0,0.4154196092202791
6275,0,0.7983707618185182
6276,0,0.2851160606677728
6277,0,0.5264919622303386
6278,1,0.9618699558138727
6279,0,0.3182847728914202
6280,0,0.14027214127347726
6281,0,0.27410306838470494
6282,0,0.29737841498660383
6283,1,0.9181765822184907
6284,0,0.2022442031814659
6285,0,0.0669238575887039
6286,0,0.28171325017781795
6287,1,0.7005414977419481
6288,1,0.7472680404332297
6289,0,0.16605628582130572
6290,0,0.6250130682253093
6291,0,0.16481709188215962
6292,0,0.24695759790296795
6293,0,0.3771252646353506
6294,1,0.7115827005607841
6295,0,0.08115323173004364
6296,0,0.50265198384327
6297,0,0.35065300393466375
6298,0,0.5526033839792458
6299,0,0.10167447043415935
6300,0,0.23089414436792366
6301,0,0.17211922479626768
6302,1,0.6756648930559019
6303,0,0.4233286426536615
6304,0,0.33302508690799987
6305,0,0.21479583240169908
6306,0,0.4559684964062729
6307,0,0.7012383176964405
6308,1,0.8522231151905172
6309,1,0.8738910521218566
6310,0,0.22865420024122646
6311,0,0.2887333780602937
6312,0,0.4267617111058939
6313,0,0.6710966152941323
6314,1,0.4742609051071303
6315,1,0.7894718610795973
6316,0,0.3159417571678426
6317,0,0.44733407208790027
6318,0,0.8256488214594121
6319,1,0.367568489523196
6320,1,0.9128588168545321
6321,0,0.40457971340669524
6322,0,0.2561137867180714
6323,0,0.27996104589019155
6324,1,0.5833986427776348
6325,0,0.1410872046037613
6326,1,0.7722706060842222
6327,0,0.3130985842013396
6328,1,0.2828157912639587
6329,0,0.7857989582230368
6330,1,0.8019159470118575
6331,0,0.2954791408541948
6332,0,0.7078745482479393
6333,0,0.21554477676901063
6334,0,0.13569789253471148
6335,0,0.3741752958671605
6336,0,0.23214179735668464
6337,0,0.6498311661763335
6338,0,0.16110127399703406
6339,1,0.7013157232442749
6340,1,0.777842150831216
6341,0,0.36821097093162986
6342,0,0.12374938526332083
6343,0,0.2865368332215769
6344,0,0.24527445281880922
6345,0,0.13232813583748002
6346,1,0.46289010852888895
6347,0,0.274669483815966
6348,0,0.33315401540525746
6349,0,0.21694054423651463
6350,0,0.15217133581610334
6351,0,0.12868603001752407
6352,1,0.47434117933582776
6353,0,0.24240895301652937
6354,0,0.37853938673695103
6355,0,0.10985520818877223
6356,1,0.7568313242645207
6357,0,0.12682362977499995
6358,1,0.7568836503282094
6359,1,0.9113103236258503
6360,0,0.3004064846770108
6361,0,0.20654647368398998
6362,1,0.4564916879805706
6363,1,0.7180136646486587
6364,0,0.3637350528794175
6365,0,0.3177963068549431
6366,0,0.3950710399902875
6367,0,0.38374329702155197
6368,0,0.13574390435499217
6369,1,0.7339001048343228
6370,0,0.3162718867362135
6371,0,0.39377322175338436
6372,0,0.2792618066677665
6373,0,0.09452069981419467
6374,0,0.2264388504229627
6375,0,0.35679498414478167
6376,0,0.3702587986662792
6377,0,0.17553968874639067
6378,0,0.11813103098641915
6379,0,0.23793097944736988
6380,0,0.13907583947592297
6381,0,0.4060236308124003
6382,0,0.4721792416643927
6383,1,0.446111778190743
6384,0,0.14259702767201238
6385,0,0.2712622498333083
6386,0,0.3253693347329936
6387,1,0.5567671249036047
6388,0,0.2885138902963209
6389,0,0.29934668070051335
6390,0,0.2970233266771497
6391,0,0.25431276657664204
6392,0,0.26896135447777175
6393,0,0.26868211584676194
6394,1,0.6613869735986335
6395,0,0.7221004819353278
6396,0,0.39265058894655974
6397,0,0.39355801746567404
6398,0,0.15387721174094657
6399,0,0.14067472545414944
6400,0,0.27626316822037095
6401,0,0.41352002301123897
6402,1,0.6872015299486466
6403,0,0.7513120278187562
6404,0,0.2051344546232336
6405,0,0.613698134309677
6406,0,0.3312131325309779
6407,0,0.3346595502342129
6408,0,0.30135606788313113
6409,0,0.4201096070558193
6410,0,0.3297676906931569
6411,0,0.5945026985195521
6412,1,0.8517902640801668
6413,1,0.4643443934923437
6414,1,0.9004337012328751
6415,0,0.2409345684371504
6416,1,0.6252836757955403
6417,0,0.16362812342893407
6418,1,0.8384871441374031
6419,0,0.09592182830452725
6420,0,0.33997650558418147
6421,0,0.1489317800951635
6422,0,0.28800742820338393
6423,0,0.17426338771139221
6424,1,0.445923931814559
6425,0,0.3099124723887978
6426,0,0.23201408979293386
6427,1,0.591419391725596
6428,1,0.5143735441074112
6429,0,0.32534834010209585
6430,0,0.30445055724915737
6431,0,0.7834547558994795
6432,0,0.10937232277937482
6433,1,0.6788242747090351
6434,0,0.23019353304541426
6435,0,0.3028966686771575
6436,0,0.1968689399362999
6437,0,0.21971510712738154
6438,0,0.2691371303931358
6439,0,0.18785909270704937
6440,0,0.4009465580597197
6441,0,0.2514554685304673
6442,0,0.273494264949272
6443,0,0.42220512312174696
6444,0,0.3931095025363841
6445,0,0.3249037083185275
6446,1,0.5085631361297518
6447,0,0.5195302414143821
6448,0,0.2553656081595213
6449,0,0.519158641092605
6450,0,0.8018796714259637
6451,1,0.3847654456399794
6452,0,0.2702273404757039
6453,0,0.2085102851935043
6454,0,0.30939880673644754
6455,0,0.1858635864312268
6456,0,0.33463222334585047
6457,0,0.2790064211194896
6458,0,0.2723537079118045
6459,1,0.5062694105397648
6460,0,0.2837963827017108
6461,0,0.40207466013425713
6462,0,0.20617924258839326
6463,1,0.8433961628131192
6464,1,0.8369803532015138
6465,0,0.3885429937470979
6466,0,0.18868134570543327
6467,0,0.23606449158900403
6468,0,0.35997950211531365
6469,1,0.8202322792795096
6470,1,0.8720877769925569
6471,0,0.7542659673907889
6472,0,0.3156336629240195
6473,0,0.3955334645334059
6474,0,0.5545054053064016
6475,1,0.5403025191759149
6476,0,0.5983058604615064
6477,0,0.47149115873645725
6478,0,0.09912239741836369
6479,0,0.235400596651974
6480,0,0.1073957392633122
6481,0,0.1786981768068599
6482,1,0.43140858376616875
6483,0,0.3059562176869603
6484,0,0.2084297632224877
6485,0,0.2227723013114839
6486,0,0.3317371908872409
6487,0,0.28248213684560014
6488,0,0.3019444262431795
6489,0,0.15464863757551744
6490,0,0.35276194134255995
6491,0,0.21656201245572276
6492,0,0.4052356930412697
6493,0,0.2568927715466783
6494,0,0.27539859004450984
6495,0,0.1653111705910942
6496,1,0.46832663499797633
6497,0,0.30804713156157404
6498,0,0.23095600108442532
6499,0,0.37130100940298294
6500,0,0.32407438666984256
6501,0,0.6794197760399531
6502,0,0.13570304496259034
6503,0,0.4194825271088912
6504,0,0.2376703912538079
6505,0,0.3045212202299722
6506,0,0.5944038023655547
6507,0,0.28993935897751266
6508,0,0.7846021422504001
6509,1,0.4732285820244781
6510,1,0.7219674707894427
6511,1,0.7506560565190119
6512,0,0.2540716128745215
6513,0,0.5907759787413969
6514,0,0.640165204786038
6515,1,0.5542357397074239
6516,0,0.535597964313682
6517,0,0.3883305448506492
6518,0,0.3868198475055821
6519,0,0.597061870857199
6520,0,0.5205274554730278
6521,0,0.5077472659276202
6522,1,0.640357485191203
6523,0,0.23306326940601807
6524,0,0.2820121087782719
6525,0,0.55133047453237
6526,0,0.3315862322287277
6527,0,0.3890992442851136
6528,1,0.33683475332458795
6529,1,0.7001641031840645
6530,0,0.23528224372215728
6531,0,0.5238508372693995
6532,0,0.4792231326022102
6533,0,0.4575719042039424
6534,1,0.4424266791918835
6535,1,0.8567636797864651
6536,0,0.3381684007437912
6537,0,0.3073643228815282
6538,0,0.4935730232101511
6539,0,0.1764266915639058
6540,0,0.5575434617304217
6541,0,0.6353679694929095
6542,0,0.2133071519689594
6543,0,0.195890329566627
6544,0,0.8240593186785035
6545,1,0.6800965756427624
6546,1,0.8568113906895855
6547,0,0.3135914491544604
6548,1,0.8490540028023079
6549,0,0.3837150097476764
6550,0,0.18020362543541923
6551,1,0.450087141671187
6552,0,0.4037987085024255
6553,0,0.2546315090567835
6554,1,0.793751681044869
6555,1,0.8214096501362594
6556,0,0.661210827066486
6557,0,0.38345620218876403
6558,0,0.1669643862115498
6559,0,0.2696382236924575
6560,0,0.22077327217982268
6561,0,0.25551535051588026
6562,0,0.3497502868081797
6563,1,0.8709588875890246
6564,1,0.31149888005460524
6565,0,0.6164410074111227
6566,1,0.7594035594037852
6567,0,0.5335677989175188
6568,0,0.3593339321232992
6569,1,0.5920791605993985
6570,0,0.4370415789926991
6571,1,0.27665959099041154
6572,0,0.351792721163237
6573,0,0.378398023013008
6574,0,0.1754735628923213
6575,0,0.24183613795892467
6576,0,0.6840639218934426
6577,0,0.36176358005037057
6578,0,0.13495009902911137
6579,1,0.2827333226176477
6580,0,0.3854768266083483
6581,0,0.1838854944518803
6582,1,0.8566941216487725
6583,0,0.34296850687237407
6584,0,0.41010386416131817
6585,0,0.3319901316544099
6586,1,0.7569252423378456
6587,0,0.7602503605755085
6588,0,0.2711289278933889
6589,0,0.20686332777895708
6590,1,0.32496344519051573
6591,0,0.13362781789686085
6592,0,0.2112140957063934
6593,0,0.15366570332131257
6594,1,0.4277468969680874
6595,0,0.4663275571752623
6596,1,0.4211630788017447
6597,0,0.14825949431901558
6598,0,0.3984184448162294
6599,0,0.31308165833758467
6600,0,0.30318195503298045
6601,0,0.5769921240787866
6602,0,0.41260088428111585
6603,0,0.3118861934730538
6604,1,0.3888194189559663
6605,0,0.20042925858860908
6606,0,0.3082476448991851
6607,1,0.7160487780898657
6608,0,0.19212913105590487
6609,0,0.28708159815128714
6610,1,0.8033263287268252
6611,0,0.14999691198889717
6612,0,0.2914627130254376
6613,0,0.28047488164778583
6614,0,0.4944334946725708
6615,0,0.3993975615653759
6616,0,0.4649039525176508
6617,0,0.19373366511308784
6618,0,0.40336526966719916
6619,0,0.27729393715379785
6620,0,0.05821018133069912
6621,0,0.3291550977677161
6622,0,0.16418150276265628
6623,0,0.6335272311829088
6624,0,0.2641895791417199
6625,0,0.2578991434546859
6626,0,0.2819650642630755
6627,0,0.2479924374795597
6628,0,0.2767650672779391
6629,0,0.5595469394518272
6630,0,0.25244028675418595
6631,1,0.4235672791317896
6632,1,0.39326300447634177
6633,0,0.4625834932167981
6634,0,0.31136368173838497
6635,1,0.8055809102782636
6636,0,0.1878776260912317
6637,1,0.8757386254926396
6638,0,0.2310205817651411
6639,0,0.6794996434865564
6640,0,0.17981817839005376
6641,0,0.11940376725651286
6642,1,0.8180502964719781
6643,0,0.18624668597572114
6644,0,0.37271912157021114
6645,1,0.7697390977812774
6646,0,0.3539936848509071
6647,0,0.11273153880805106
6648,1,0.840645635538004
6649,0,0.2212750805043936
6650,0,0.4491920688983033
6651,0,0.15717838895956507
6652,0,0.3033320419653449
6653,0,0.3577019764878737
6654,0,0.5895249547279777
6655,0,0.15734415107273944
6656,0,0.1987832247566685
6657,0,0.2100939469300936
6658,1,0.8574638078561021
6659,0,0.7833412661213857
6660,0,0.22572647561877635
6661,1,0.3653272937620419
6662,0,0.5905246799121525
6663,0,0.6405975804765237
6664,0,0.47980705201692736
6665,0,0.35720646438252435
6666,1,0.40094805511598897
6667,0,0.4118409930552597
6668,0,0.18707584925750168
6669,0,0.14030192405698208
6670,0,0.4924323501298035
6671,0,0.3018570726270383
6672,1,0.8314340230640663
6673,0,0.23315221003730988
6674,0,0.5344557939705885
6675,0,0.5232592087537344
6676,0,0.24466699044225165
6677,0,0.20000486817455054
6678,0,0.172508283225023
6679,1,0.7832966979742296
6680,0,0.3180252707144586
6681,0,0.4271987625456611
6682,0,0.6812457042663715
6683,0,0.44699777475141
6684,0,0.22810370194081667
6685,1,0.8203936250102434
6686,0,0.2298680447873012
6687,0,0.0943444538611472
6688,0,0.3307596115001166
6689,0,0.4362030674726307
6690,0,0.5370428600804478
6691,0,0.2822048889338914
6692,0,0.6376000364957712
6693,1,0.5848506853027644
6694,0,0.4369487686578955
6695,0,0.13906728288628803
6696,0,0.22544348732451647
6697,0,0.4668911920187633
6698,1,0.31028955466880737
6699,0,0.222321881223298
6700,0,0.13917330529197836
6701,0,0.6195332983880217
6702,0,0.1370472360045259
6703,0,0.3264488278721151
6704,1,0.8728298026848662
6705,0,0.3230630931704226
6706,0,0.19808966345465578
6707,0,0.4120939638180969
6708,0,0.06935010195466862
6709,0,0.05527575535158167
6710,0,0.26148736571513853
6711,0,0.21984076742219763
6712,0,0.5991251800441731
6713,0,0.13212005169834232
6714,1,0.8886243457092651
6715,0,0.4787436678572714
6716,0,0.5030561914144461
6717,1,0.6555446381909037
6718,0,0.5390629339762684
6719,0,0.15649421430389376
6720,0,0.12134613960568537
6721,1,0.4872009893371295
6722,0,0.7273603929526097
6723,0,0.23156888241478535
6724,1,0.8243199117627376
6725,0,0.3119609045016844
6726,0,0.5982424124101375
6727,0,0.5776269177584448
6728,0,0.15680650799739956
6729,0,0.27555053264162976
6730,1,0.6093440556277323
6731,0,0.10013612253396134
6732,0,0.3936988355615321
6733,1,0.49324338954468233
6734,0,0.2073820182933773
6735,0,0.27094973328447397
6736,0,0.6298410653139053
6737,0,0.2991343407780648
6738,1,0.393508103529284
6739,0,0.24548546192732934
6740,0,0.31543874546044753
6741,0,0.5441221533125657
6742,0,0.3355032486098877
6743,0,0.22666905488396336
6744,1,0.2894643803944211
6745,1,0.8849897070214471
6746,0,0.2624685811448746
6747,0,0.3627290251940819
6748,1,0.873000480478535
6749,0,0.5516410614892695
6750,1,0.5439343878692234
6751,1,0.8730041865679219
6752,0,0.30165478570727033
6753,0,0.40338138672431895
6754,0,0.6258893216253273
6755,0,0.21604588351046797
6756,0,0.16485438581008338
6757,1,0.8511293961361234
6758,0,0.13571764727416852
6759,0,0.3120645897266543
6760,0,0.3605461906349647
6761,0,0.07257226173229603
6762,1,0.8623609317870726
6763,0,0.27225686754558187
6764,0,0.22887329143169247
6765,0,0.3179046581970709
6766,0,0.1847219404873458
6767,0,0.16814524117772373
6768,0,0.2088207199756684
6769,1,0.5730851167420995
6770,1,0.9174390417549318
6771,1,0.7571048845850982
6772,1,0.6136555397375814
6773,1,0.49473629344410563
6774,0,0.28137485184818706
6775,0,0.4372505363877247
6776,0,0.3572033784783457
6777,0,0.31724140966224207
6778,0,0.2223348836795633
6779,1,0.5754962697778948
6780,1,0.3202118297611992
6781,0,0.31356745291630916
6782,0,0.7714847828983138
6783,1,0.4253303779950501
6784,1,0.3933962130278951
6785,0,0.21305323914405808
6786,0,0.4857024953963471
6787,0,0.20634182234305107
6788,0,0.14399755589703778
6789,0,0.19131235489494144
6790,0,0.24036505551376053
6791,0,0.20487830947375382
6792,1,0.5905645885214653
6793,1,0.851308091325797
6794,0,0.452874573566122
6795,0,0.1267459298174012
6796,0,0.3059182364871985
6797,0,0.07645381815348784
6798,0,0.27101325147432986
6799,0,0.35337883465165687
6800,0,0.17010876882716178
6801,0,0.3020872654007772
6802,0,0.27788602832824033
6803,0,0.334017809905379
6804,0,0.47976376572492646
6805,0,0.23171810689926045
6806,0,0.19289493561510837
6807,0,0.6666302038993182
6808,1,0.5344972662546512
6809,0,0.29198354352458267
6810,0,0.2929886295577071
6811,0,0.15715117868384054
6812,0,0.4012528110102479
6813,0,0.3437987671044367
6814,0,0.5062759238718834
6815,0,0.7314366172630191
6816,1,0.44619970946728543
6817,0,0.3684822401501212
6818,0,0.4512925831475609
6819,0,0.722378097559141
6820,0,0.4068344070557616
6821,0,0.2559489972283207
6822,0,0.20433735636622544
6823,0,0.45239939064785467
6824,0,0.41698700267968003
6825,1,0.48651427561060745
6826,0,0.1402488157625853
6827,1,0.8206023695670246
6828,0,0.28747621721240674
6829,0,0.299213556945828
6830,0,0.3361047809857833
6831,0,0.1490291163204549
6832,0,0.18962781257968356
6833,0,0.347451056279888
6834,0,0.10726278790548253
6835,1,0.6988740262824306
6836,0,0.14380028689132973
6837,1,0.5151673778125969
6838,0,0.2928552651218111
6839,0,0.6327881873162786
6840,0,0.24683950129963475
6841,0,0.32945084608746805
6842,0,0.20146575188274954
6843,0,0.4648740792607765
6844,0,0.13690341697288505
6845,0,0.6958840799760998
6846,1,0.9286636402900819
6847,1,0.887715035341333
6848,0,0.2528754796621624
6849,0,0.3609667903016075
6850,0,0.4154690568227865
6851,0,0.3657905671706442
6852,0,0.09461776869111123
6853,0,0.10172069182723506
6854,0,0.28069212660623805
6855,0,0.42945576553586057
6856,0,0.34249542279570266
6857,0,0.277392777085557
6858,1,0.6831721343799368
6859,0,0.6767295663249502
6860,0,0.3499792665259983
6861,0,0.3853782649960008
6862,1,0.8501064496911117
6863,0,0.2763622637903318
6864,0,0.40058714944165097
6865,0,0.16693833612563252
6866,0,0.12394119310835915
6867,1,0.8744114103540231
6868,0,0.22913058914668918
6869,0,0.37922825083375905
6870,0,0.42643575820941343
6871,1,0.7519617830025953
6872,0,0.1685906243319383
6873,0,0.15250003839690943
6874,1,0.41409406172226193
6875,1,0.9208416715914944
6876,1,0.5676405805204222
6877,0,0.43961004756595984
6878,0,0.6938475680890167
6879,0,0.45516997596730496
6880,0,0.8281122232414527
6881,1,0.836983643122062
6882,1,0.6223956522090789
6883,0,0.7809869614955833
6884,0,0.14597645991695513
6885,0,0.13447828401698653
6886,0,0.5368534035799157
6887,0,0.2533380892196698
6888,0,0.4489685026049701
6889,0,0.2377381576728634
6890,0,0.2870998882284196
6891,0,0.1830652924310044
6892,1,0.6797032865866112
6893,0,0.1508473452596838
6894,1,0.6653208376431149
6895,1,0.3205533160642004
6896,1,0.44127456355748795
6897,0,0.29509186374003704
6898,0,0.1906320963661593
6899,0,0.1882427107125848
6900,0,0.41551127804518545
6901,0,0.1849106499718467
6902,0,0.35138247451524707
6903,1,0.4061787431956224
6904,0,0.20776420658188272
6905,1,0.9107659839365077
6906,1,0.6998311424819269
6907,0,0.39929895658019615
6908,0,0.6775017075403161
6909,1,0.8938246301937479
6910,0,0.7474407599711261
6911,1,0.34861682483601436
6912,0,0.3887021117088584
6913,0,0.6604715097429228
6914,0,0.3652008779686532
6915,0,0.27746836339665415
6916,0,0.7176086322068345
6917,1,0.42982458166396
6918,0,0.23938747066029317
6919,0,0.14579572911797212
6920,0,0.13385221293843444
6921,1,0.5151164148418986
6922,0,0.28155953690518404
6923,1,0.4786804294660383
6924,0,0.1287866348863185
6925,1,0.8631007463958862
6926,1,0.41355503923119025
6927,1,0.6164993911673402
6928,0,0.3374359110089486
6929,0,0.23530672161074853
6930,0,0.3286728128589827
6931,0,0.3599910880283001
6932,0,0.2146507128665498
6933,0,0.30404851724946774
6934,1,0.7603368774081843
6935,1,0.4006436775954516
6936,1,0.7905890099759557
6937,1,0.4030133189608254
6938,0,0.26291839604548695
6939,0,0.07405563838989858
6940,0,0.17365519972504018
6941,0,0.1706411591814965
6942,0,0.21626354085733648
6943,0,0.6937572918514157
6944,0,0.49078917887095413
6945,0,0.468198273310923
6946,0,0.2448202446823797
6947,1,0.3986719242648705
6948,1,0.2910907351332143
6949,0,0.6206523598356313
6950,0,0.7170626886162289
6951,0,0.7496163434228293
6952,0,0.38889289157406304
6953,0,0.08831378706652414
6954,0,0.21197432601006547
6955,0,0.3121925943736189
6956,0,0.25092207833884117
6957,0,0.11453195747053008
6958,0,0.3146831961266606
6959,1,0.8164009963315604
6960,0,0.11958335728599778
6961,0,0.2574849724671336
6962,0,0.2227341195440001
6963,0,0.15387135120282136
6964,0,0.25224319619718666
6965,0,0.3850924124307015
6966,0,0.100997866677091
6967,0,0.14049109799632323
6968,0,0.30157043048141957
6969,0,0.5492095802583348
6970,0,0.14548449850913914
6971,0,0.22166671156540668
6972,1,0.44908892804412487
6973,0,0.6655059438936877
6974,0,0.7636188493187238
6975,0,0.1058005793672314
6976,0,0.4425634880277481
6977,0,0.5502673443423334
6978,1,0.4575275068110706
6979,1,0.4393757185369165
6980,0,0.3930656916884035
6981,0,0.27557899389868035
6982,0,0.21466750023971407
6983,1,0.8487645717292217
6984,0,0.16632851537351098
6985,0,0.23579144277897535
6986,1,0.4760887525443348
6987,0,0.3276744917017216
6988,0,0.36776991935734654
6989,0,0.2558801657397071
6990,0,0.24938269827860574
6991,0,0.35100298162252225
6992,0,0.16698504474422138
6993,0,0.3165189334082256
6994,0,0.2772937132725185
6995,0,0.30116869411012176
6996,0,0.36658726058199875
6997,0,0.31298326070325166
6998,1,0.8540290396825629
6999,0,0.15206572340143112
7000,0,0.4040332189170095
7001,0,0.15127876028162227
7002,0,0.30246562491392015
7003,0,0.3704326990831616
7004,0,0.2954325116317622
7005,1,0.4199292548285553
7006,0,0.39056178412588977
7007,0,0.29445858850968976
7008,0,0.2840410097342257
7009,0,0.15837208092973143
7010,0,0.09862178709308472
7011,0,0.3702447169031511
7012,0,0.3011046623117343
7013,0,0.45714926940163975
7014,1,0.7890123667387786
7015,0,0.17727287584961643
7016,0,0.5806830518617585
7017,1,0.7375319777365565
7018,1,0.22029702795003178
7019,0,0.43786650630806817
7020,1,0.6317941483094343
7021,0,0.27941400569239194
7022,1,0.9599348663787852
7023,0,0.40684652881472344
7024,0,0.4993846686770411
7025,0,0.26718393298011406
7026,0,0.29046660045296735
7027,1,0.7681351608413514
7028,0,0.4255472312050264
7029,0,0.33388688581470904
7030,0,0.3356692531000245
7031,1,0.7899879042493001
7032,0,0.6586712562597922
7033,0,0.4255677689507882
7034,0,0.8464150102136111
7035,0,0.4483711231833541
7036,0,0.5649256371100683
7037,0,0.3162807850794445
7038,0,0.3167874626644292
7039,1,0.8075510460744882
7040,0,0.35046235004796245
7041,0,0.1815272023443518
7042,0,0.7072942287834455
7043,0,0.3035637346608135
7044,0,0.25196043563068377
7045,1,0.7010271611222941
7046,1,0.8501604654842758
7047,0,0.3638338452915515
7048,1,0.40258968853359667
7049,1,0.8118056257577878
7050,0,0.494743660208677
7051,0,0.14460905695944215
7052,1,0.45029087235538784
7053,1,0.5930575465040316
7054,0,0.2717972068813152
7055,0,0.34758135827934306
7056,1,0.8076750464206315
7057,0,0.20345031011612058
7058,0,0.35191515812334934
7059,0,0.06801805607757479
7060,0,0.34032972978282855
7061,0,0.18053362958164373
7062,1,0.6252256832493002
7063,0,0.17476804058109066
7064,0,0.20976226778837734
7065,0,0.2642647734612044
7066,0,0.24960537326114335
7067,1,0.75112449653396
7068,1,0.8594675327456307
7069,0,0.1956000773330823
7070,0,0.17906278364174275
7071,0,0.1253410603308545
7072,0,0.2160383675736143
7073,1,0.6127749852044864
7074,0,0.1138684579587426
7075,1,0.30793632997662473
7076,0,0.06857828776776839
7077,1,0.8540994246741334
7078,0,0.37159721508071974
7079,1,0.8169719331830484
7080,0,0.09598791187310923
7081,0,0.3593165728520937
7082,0,0.10960503171022812
7083,0,0.39183157612325664
7084,0,0.7893044297339087
7085,0,0.1839237930841412
7086,0,0.25176821431436897
7087,1,0.8973512431935589
7088,0,0.6828434735204684
7089,0,0.11337860817289883
7090,0,0.1807888586801455
7091,0,0.3272139515886065
7092,1,0.9060044023977593
7093,0,0.24595728465194217
7094,1,0.44675489857989964
7095,0,0.26407063185345325
7096,1,0.5156905959938635
7097,1,0.6154562649868666
7098,1,0.9548856992221233
7099,0,0.46438805978017533
7100,0,0.12621458538968955
7101,0,0.5362154483397452
7102,0,0.6359113049225431
7103,0,0.31436830361113155
7104,1,0.61948824444224
7105,0,0.3251647987117447
7106,1,0.5941460422139244
7107,1,0.6668320049011005
7108,0,0.24988584810397835
7109,0,0.7039903057781103
7110,0,0.642913786830824
7111,1,0.926180896103038
7112,0,0.19247543096330857
7113,0,0.21561535579014232
7114,0,0.18945790437555918
7115,0,0.38166062850110827
7116,0,0.4791085374624307
7117,1,0.8650829714532705
7118,0,0.09194655488602421
7119,0,0.1648672908349315
7120,0,0.41341078977211576
7121,0,0.38823861200294396
7122,1,0.3282918429179128
7123,0,0.5267125700813934
7124,0,0.3958856863977285
7125,1,0.7217302179019444
7126,0,0.5522827255235947
7127,0,0.7815222554463179
7128,0,0.08523288390439075
7129,0,0.2756455681373576
7130,0,0.2798501357450471
7131,1,0.34829599702286573
7132,0,0.4179095679414108
7133,0,0.2803285211950837
7134,0,0.41210299594223104
7135,0,0.27704731435217106
7136,1,0.9410783763731875
7137,0,0.317708529230897
7138,0,0.30318735908156935
7139,1,0.8589238873138554
7140,1,0.8448107608415252
7141,0,0.16714948055507933
7142,0,0.35785989812095964
7143,0,0.636555189161687
7144,0,0.29108333928973096
7145,0,0.15082690095567514
7146,0,0.227187642460849
7147,0,0.3951255979459385
7148,0,0.3089867375188766
7149,0,0.31361701027585054
7150,1,0.7866301942830457
7151,0,0.05147209803675527
7152,0,0.4280716825379774
7153,0,0.41237962957561775
7154,0,0.37211475517289505
7155,0,0.2980589155808992
7156,0,0.2844291058572063
7157,0,0.20004496497132937
7158,0,0.6226123399313578
7159,1,0.6277320105734411
7160,0,0.44205524230708254
7161,0,0.3451287355531191
7162,1,0.8581487860861274
7163,0,0.1638455523702998
7164,0,0.5847964788431979
7165,0,0.21145212990957274
7166,1,0.8123625842656219
7167,0,0.1735304095137665
7168,0,0.8621334875310283
7169,0,0.2039686674899176
7170,0,0.29408352619822753
7171,1,0.21961763857315217
7172,1,0.9312522321921678
7173,0,0.3772713801493459
7174,0,0.31201136134115476
7175,0,0.3619007365745865
7176,0,0.45873360207679903
7177,0,0.7578760419691034
7178,0,0.17354025402108877
7179,0,0.3735763802624546
7180,0,0.571945564957558
7181,0,0.20881496160219862
7182,0,0.29576178140003584
7183,1,0.7147368285219293
7184,0,0.15303475534537977
7185,0,0.3397813649323445
7186,1,0.8019234438625937
7187,0,0.39173027774825636
7188,0,0.16836681854552052
7189,0,0.4231716541103805
7190,0,0.18223274167847187
7191,0,0.33299149106535475
7192,1,0.5250821343933546
7193,0,0.21276788478863295
7194,0,0.1514545957279453
7195,0,0.24976953782736172
7196,0,0.7760986850537139
7197,0,0.7367543610468303
7198,0,0.27860466940773243
7199,0,0.28996726111216886
7200,0,0.121286280030038
7201,0,0.23492705230702973
7202,0,0.2263871165789927
7203,0,0.2650041925836557
7204,0,0.349572444139007
7205,0,0.44024829273243354
7206,0,0.2728032360789046
7207,0,0.38184374523065256
7208,0,0.35572694713105046
7209,1,0.849226968974927
7210,0,0.20536620900348843
7211,1,0.5601121410572454
7212,0,0.8012944521617053
7213,1,0.7522260936565519
7214,0,0.134420721554821
7215,0,0.2516892866146633
7216,0,0.103879754538564
7217,0,0.12027760398312967
7218,1,0.5132272192329737
7219,0,0.7331345624149457
7220,0,0.1724746894826259
7221,1,0.5245211880454427
7222,1,0.6235216315219673
7223,0,0.2970720047632495
7224,1,0.3673049789197521
7225,0,0.24703980517151966
7226,0,0.3723029753218154
7227,0,0.8091554178614457
7228,0,0.3251486833281485
7229,0,0.3040779520989143
7230,0,0.09134140447449055
7231,0,0.4974303156023568
7232,0,0.36342868620030544
7233,0,0.43191620176304896
7234,1,0.7015156514137462
7235,1,0.5306481900343375
7236,0,0.39086788495283464
7237,0,0.5317238367272339
7238,0,0.18999656481438806
7239,0,0.3625953319876121
7240,1,0.8534889320238578
7241,0,0.29410333083231305
7242,0,0.4611523792608149
7243,1,0.6865435756653513
7244,0,0.29845606441980227
7245,0,0.07175674299368402
7246,0,0.6769991760879048
7247,0,0.545883389026275
7248,1,0.6474994778386953
7249,0,0.3671298196404079
7250,0,0.17308589981141684
7251,0,0.239060394037883
7252,1,0.9208205854630723
7253,1,0.7037348940644458
7254,1,0.5122350690524867
7255,0,0.226021837607075
7256,0,0.37395961681346895
7257,1,0.36838490488570175
7258,0,0.08404137961996842
7259,0,0.4189342344188159
7260,0,0.17718530464144128
7261,0,0.32322249457328517
7262,0,0.309190724057758
7263,0,0.36592408556760314
7264,0,0.33871059161786937
7265,0,0.757620632770145
7266,0,0.44589514094044985
7267,0,0.5584280721970489
7268,0,0.14048128952719677
7269,0,0.28451133080274943
7270,0,0.13433503995797225
7271,1,0.8977075536966338
7272,1,0.6370988714781239
7273,1,0.8877467972664651
7274,0,0.26124711428249675
7275,1,0.7914142440739914
7276,0,0.29194016389786254
7277,0,0.3400123540368158
7278,0,0.2245549735717895
7279,0,0.14785929433025857
7280,0,0.18239323912824368
7281,0,0.38995087474474815
7282,1,0.4666746793430568
7283,0,0.5947805162427725
7284,1,0.34320957535882607
7285,1,0.3064601402927082
7286,0,0.67930009491267
7287,0,0.302799709007263
7288,0,0.3652362221745263
7289,0,0.3639833248639606
7290,0,0.39837056158251355
7291,0,0.3124963516321231
7292,1,0.53243917660571
7293,0,0.7593046950008646
7294,1,0.6566221275999717
7295,0,0.8217237081675174
7296,0,0.28050012134400093
7297,0,0.31966067198018105
7298,0,0.3436798138162304
7299,0,0.41556625178426143
7300,0,0.4157822989120162
7301,1,0.41786270663516206
7302,0,0.6212283138136615
7303,0,0.3846527878056278
7304,0,0.2953856776512451
7305,0,0.29547229993335433
7306,0,0.12169614830149769
7307,0,0.7694721999037659
7308,1,0.7606714982981502
7309,0,0.14365996000095843
7310,0,0.19861344445467466
7311,0,0.1148188030641098
7312,0,0.44148272168730607
7313,0,0.7046662900663783
7314,0,0.15220473023326694
7315,0,0.19834495840827335
7316,1,0.8190160831235374
7317,1,0.874251256170486
7318,0,0.17303204933550112
7319,0,0.33558356008592516
7320,0,0.2190688017837546
7321,0,0.3523883377369757
7322,0,0.06401425302822149
7323,0,0.39020876403927396
7324,0,0.1263624175680173
7325,0,0.3133187361325833
7326,0,0.45882220513801514
7327,1,0.44295309749814726
7328,0,0.27428755614178235
7329,0,0.4097646477886665
7330,1,0.8256882223949908
7331,1,0.5916220418248849
7332,0,0.17275919467787523
7333,0,0.31227070976386334
7334,0,0.384747550659613
7335,0,0.22858792704248695
7336,0,0.051864340463675045
7337,0,0.2028712383859639
7338,0,0.1835800659334192
7339,0,0.8066607163036543
7340,0,0.32645690446684755
7341,0,0.17419422725702666
7342,0,0.8268976645039054
7343,0,0.5513472536389135
7344,1,0.3920700767765407
7345,0,0.14670119094424197
7346,0,0.19280858453374056
7347,0,0.2887196123853802
7348,0,0.26860157284465186
7349,0,0.33932560522296235
7350,0,0.30802639070331084
7351,0,0.13206182613540118
7352,1,0.5656459162133838
7353,0,0.2911345921906501
7354,1,0.42159768095192507
7355,0,0.12837604745261644
7356,0,0.13568437762103738
7357,0,0.30482309076458447
7358,1,0.8097067925224185
7359,0,0.27784378435908685
7360,0,0.056439038537434726
7361,1,0.6759108603483824
7362,0,0.10287240263630679
7363,0,0.23621024568990936
7364,1,0.32235495371676526
7365,1,0.8691384837182037
7366,0,0.15860942431526692
7367,0,0.3676685778561123
7368,0,0.24425667182787578
7369,0,0.16931597163021259
7370,0,0.08915939252399843
7371,0,0.46190651287509643
7372,0,0.34015421050319766
7373,1,0.9044885797368367
7374,0,0.4119495833757525
7375,0,0.33168008460032444
7376,0,0.42206789698847735
7377,0,0.27084556286407774
7378,0,0.2765873578622352
7379,1,0.48961336931695015
7380,0,0.4468602058107738
7381,0,0.3107551320116494
7382,0,0.4279561409000271
7383,1,0.6165172060238144
7384,0,0.2995394074075843
7385,0,0.10152871641536215
7386,0,0.4807543913968205
7387,0,0.16379311791076476
7388,0,0.2004605277168176
7389,0,0.6921315717614566
7390,0,0.20340532026862193
7391,1,0.6106945377277095
7392,1,0.8742852041551455
7393,0,0.4177929010835581
7394,1,0.46364842600045814
7395,0,0.24704028758420435
7396,0,0.14017077770963707
7397,1,0.36041405892019396
7398,0,0.4845520009234056
7399,1,0.7738355251049396
7400,0,0.20564599952044627
7401,1,0.7910172671701658
7402,0,0.3241060246246847
7403,0,0.2447879248817206
7404,1,0.45562579907915485
7405,0,0.28185309181508467
7406,0,0.21940483492363883
7407,0,0.37144534503826754
7408,0,0.2167052843667891
7409,0,0.4506685119707691
7410,0,0.35180649508184836
7411,0,0.17989700503150385
7412,0,0.22305280098621702
7413,0,0.20034938282575812
7414,0,0.38859690548340353
7415,0,0.3384743761686365
7416,1,0.5739792792579427
7417,1,0.6897057350555024
7418,0,0.33366239678400644
7419,0,0.22249011597913143
7420,0,0.2572997167762838
7421,0,0.17956632756393598
7422,0,0.22187176979333936
7423,0,0.29052734193216645
7424,0,0.33861354907906943
7425,1,0.5018271631100787
7426,1,0.5900639423876228
7427,0,0.2823454081755452
7428,0,0.3444641315235697
7429,0,0.6352041018940116
7430,0,0.09154005488383068
7431,0,0.8366261566982692
7432,1,0.819828012756419
7433,0,0.22964254065399164
7434,0,0.32940737597455494
7435,0,0.12315285886690175
7436,1,0.3151211443973282
7437,0,0.1707936725455089
7438,0,0.20447223606051432
7439,0,0.239947085033101
7440,1,0.7886999321063223
7441,0,0.23199284756788835
7442,0,0.8446108930578095
7443,0,0.32630282127826143
7444,0,0.3175162311259148
7445,1,0.8423671182600672
7446,0,0.8464643970396617
7447,0,0.33438095390738226
7448,0,0.09343671747463712
7449,0,0.3414547607004592
7450,0,0.2499879517248537
7451,0,0.7287497711625325
7452,0,0.3792101415900354
7453,0,0.23978356490190633
7454,0,0.661892469589821
7455,0,0.7143569520726203
7456,0,0.6192449914888937
7457,0,0.2053279399798124
7458,0,0.7761276610805129
7459,0,0.1404954690136379
7460,0,0.8549029942645473
7461,0,0.46318346451478154
7462,0,0.5658979882022152
7463,1,0.3457416000414764
7464,1,0.5667010112607076
7465,0,0.48829559056101124
7466,1,0.8921477533956452
7467,0,0.31025336477845866
7468,0,0.3444060470332898
7469,0,0.33670807367949346
7470,0,0.10423698920542743
7471,0,0.4813732214194023
7472,0,0.17207171038398372
7473,0,0.18787725860957707
7474,0,0.661143973948747
7475,0,0.3489684610238903
7476,0,0.1177970437761598
7477,0,0.4012707576278688
7478,0,0.16982558043485305
7479,0,0.619536604672279
7480,0,0.21680998487354028
7481,0,0.3093005148096445
7482,0,0.1985712671338852
7483,0,0.23112952949314602
7484,0,0.09604592230696847
7485,0,0.16515924537193336
7486,0,0.43122837457740504
7487,0,0.23814448474697525
7488,0,0.4763379539946129
7489,0,0.15358995256015914
7490,0,0.0789690502351149
7491,0,0.2208583744011568
7492,0,0.4323076911135372
7493,0,0.27281997318532436
7494,0,0.43150831507391724
7495,0,0.3423905573918318
7496,1,0.5422413763994429
7497,1,0.4072062964057443
7498,0,0.7945908782601157
7499,1,0.8563273067472598
7500,0,0.15395501905800693
7501,0,0.7868391248187436
7502,0,0.4829177071307991
7503,0,0.28190173738590146
7504,0,0.36413656817908086
7505,0,0.5976447517699056
7506,0,0.41520759256001666
7507,1,0.5923097421395291
7508,0,0.16073504311967268
7509,0,0.27718294993416187
7510,0,0.8151250001673412
7511,0,0.581537451980615
7512,0,0.4423451940051695
7513,0,0.19559405616559075
7514,0,0.21206707740301772
7515,1,0.8525604505255057
7516,0,0.11996615375473647
7517,0,0.3816534698225463
7518,0,0.3759768677251036
7519,0,0.3942479319449803
7520,0,0.7386281657228144
7521,0,0.26868600467476894
7522,0,0.3182565424905644
7523,1,0.8410806613723025
7524,0,0.17869518765728248
7525,0,0.20254084604774816
7526,1,0.5215451501134075
7527,0,0.4224888238859849
7528,0,0.7293073279109977
7529,0,0.11326814228127974
7530,0,0.5219988882814942
7531,1,0.8577853657045945
7532,0,0.38756198623016014
7533,1,0.8250467868925243
7534,0,0.3590999803234758
7535,0,0.2380013112899281
7536,0,0.27114267718546703
7537,0,0.31952347927245744
7538,0,0.8923336601174735
7539,0,0.1949476026865291
7540,0,0.6502376404957215
7541,0,0.752769707760135
7542,0,0.27924423932154574
7543,0,0.33315170176768916
7544,0,0.2097723281962904
7545,1,0.31327325012414126
7546,1,0.4589441895316687
7547,0,0.20175033946229073
7548,0,0.1574202023073334
7549,0,0.3522829473878593
7550,1,0.4036368896455996
7551,0,0.3405096619729991
7552,0,0.16593576652148015
7553,1,0.4026157245656915
7554,0,0.15071811305892122
7555,0,0.5359585573609629
7556,0,0.3818723114991504
7557,0,0.4936445293869944
7558,0,0.18021866735710826
7559,0,0.2782180365414207
7560,0,0.23264972619735624
7561,0,0.05531899926188812
7562,0,0.5484205243709597
7563,0,0.1872671290570927
7564,0,0.13283204157754072
7565,0,0.09712811586273862
7566,0,0.26234990933699687
7567,0,0.23168866889359163
7568,0,0.6109451747340894
7569,0,0.5383988050884855
7570,1,0.709323099193158
7571,1,0.3058517953718134
7572,0,0.39406028345063426
7573,0,0.2573586492111957
7574,0,0.3608790033937364
7575,0,0.2363843733494712
7576,0,0.412198091111051
7577,0,0.2820486321958674
7578,0,0.29339866135455656
7579,1,0.9005443378783068
7580,0,0.25009592652279594
7581,0,0.6591928123940641
7582,0,0.3896736399270852
7583,0,0.25391967793020176
7584,0,0.295998358982504
7585,1,0.2620959121961271
7586,0,0.30108655627643377
7587,1,0.7113874922574783
7588,0,0.6237422052735269
7589,0,0.5351056635401874
7590,0,0.33691737232766544
7591,0,0.3581717613511565
7592,0,0.36778789299930814
7593,0,0.247954458039266
7594,0,0.28440003111744383
7595,0,0.14558501539550273
7596,0,0.29818011240678116
7597,0,0.4122180250993658
7598,0,0.23347277909048
7599,0,0.3824381433244027
7600,1,0.231786263423507
7601,1,0.8636623314195727
7602,0,0.44154405662460583
7603,0,0.08776436996536509
7604,0,0.38502503334374455
7605,1,0.7129722940901125
7606,1,0.3545532117721691
7607,1,0.6807765103604898
7608,0,0.2742021448529546
7609,0,0.7384283480060851
7610,0,0.2809851556125441
7611,0,0.24429155368756184
7612,1,0.6314948410417952
7613,0,0.251015988947876
7614,0,0.36195905315222165
7615,0,0.08170764337424286
7616,0,0.4987839602343631
7617,0,0.1702200708779435
7618,0,0.20184606030503968
7619,0,0.2415186750568733
7620,1,0.4214868525308668
7621,0,0.44130308731290413
7622,1,0.45702544053898203
7623,1,0.8459764717474495
7624,0,0.535180488288407
7625,0,0.5948554774093029
7626,1,0.39194860415621363
7627,0,0.32896404980478755
7628,0,0.16478523306749301
7629,0,0.22972891940785187
7630,0,0.3737951213014018
7631,0,0.290488519829915
7632,0,0.25978191147108687
7633,1,0.6540532387587308
7634,0,0.32538413277784545
7635,0,0.08289066248141606
7636,0,0.17673028461898663
7637,0,0.797339379814523
7638,1,0.3225030183741574
7639,0,0.3982115248279711
7640,0,0.3131590756594956
7641,1,0.41881010272093966
7642,0,0.1722660152618127
7643,0,0.46239803864818024
7644,1,0.5083245978092733
7645,1,0.8065101711076045
7646,0,0.2871932964645482
7647,0,0.7161806967440684
7648,1,0.7967863552176996
7649,0,0.3113468336359604
7650,0,0.7131499044248705
7651,0,0.38567934538994414
7652,0,0.27705600072394904
7653,1,0.5760243722503118
7654,0,0.42839026751983544
7655,0,0.505668333337843
7656,0,0.36951237744807375
7657,1,0.8705344985174974
7658,1,0.5552056386740507
7659,0,0.849543768615383
7660,0,0.23215439669304846
7661,0,0.3626957877835564
7662,0,0.24034328772045874
7663,0,0.1894371102104121
7664,0,0.8116343879379941
7665,1,0.4411760236032338
7666,0,0.2913545646780687
7667,0,0.2202296134837115
7668,1,0.6713360540195539
7669,0,0.4453073747334818
7670,0,0.4116027249449863
7671,0,0.32279771966816106
7672,0,0.4026382981796921
7673,0,0.3054448764427467
7674,0,0.3073689683194937
7675,0,0.1920345921815802
7676,0,0.31419561547069935
7677,0,0.2795516119540547
7678,0,0.2936824898484409
7679,0,0.19441390819699944
7680,0,0.18344867249199384
7681,0,0.12391824898377889
7682,0,0.19801274969230423
7683,0,0.3429313378227469
7684,0,0.21485903111173127
7685,0,0.06885355035401801
7686,0,0.08552080558645594
7687,0,0.8850028041835957
7688,0,0.14045511329157198
7689,0,0.41307873622089547
7690,1,0.37236023204481716
7691,0,0.41282941761680064
7692,1,0.5441606836163461
7693,1,0.6622547261603563
7694,1,0.8464988096678856
7695,0,0.12794361302667634
7696,0,0.15413631685696494
7697,0,0.6814232154222296
7698,0,0.29827728594385655
7699,0,0.23469676299089687
7700,0,0.06262216738310938
7701,0,0.2307506334240919
7702,0,0.09978774795595358
7703,0,0.32159516532184035
7704,0,0.35622642347378625
7705,0,0.2369709846247506
7706,1,0.8669312166084805
7707,0,0.22019008128777934
7708,0,0.2026783992405711
7709,0,0.1913806506942038
7710,1,0.8570138296446834
7711,0,0.7205745881367102
7712,0,0.7071490013120362
7713,0,0.25424992756029374
7714,0,0.7753487434562483
7715,0,0.12164281525005975
7716,0,0.6781684763981795
7717,1,0.8498077524340243
7718,0,0.33988361834612313
7719,1,0.5376555767774749
7720,0,0.21924897160735163
7721,0,0.07787868725819126
7722,0,0.19430009278754937
7723,0,0.2984592896497877
7724,0,0.1189720076958919
7725,1,0.4976310660412118
7726,0,0.20542616167372743
7727,1,0.7748712934858685
7728,0,0.1141571455006096
7729,0,0.2674039819894622
7730,0,0.12166848350841113
7731,0,0.2588786883651906
7732,0,0.6096202210140005
7733,0,0.332838070683785
7734,1,0.6537688011044394
7735,0,0.21605138679060532
7736,0,0.3973324899620567
7737,0,0.300911422985145
7738,0,0.09766012662734141
7739,0,0.19888061247477887
7740,0,0.25494571584747927
7741,0,0.7222993343311139
7742,1,0.4326782478644997
7743,0,0.38740233280464303
7744,0,0.1074708583505706
7745,0,0.5770274311678818
7746,0,0.16964372134224992
7747,0,0.4674504109683735
7748,0,0.06262654703790325
7749,0,0.4337641054930377
7750,0,0.39589032808299396
7751,0,0.2477260798250353
7752,1,0.8465627608994235
7753,0,0.4326263832661864
7754,0,0.26637981805252875
7755,0,0.22091592805760932
7756,1,0.9646780337197726
7757,0,0.1438038559215853
7758,1,0.4379702200801065
7759,1,0.49317415036070505
7760,1,0.6336986095524838
7761,1,0.3054093073834772
7762,0,0.16249451288585534
7763,0,0.20400201120217543
7764,0,0.2565645273510631
7765,0,0.20400532149890246
7766,0,0.8299354925480672
7767,0,0.19528581913261867
7768,0,0.2949584248285289
7769,0,0.22543487442024918
7770,1,0.5092656368650677
7771,0,0.24293564822883493
7772,0,0.22809996161881319
7773,0,0.23065699989801394
7774,0,0.2923828740340314
7775,0,0.39523867735358076
7776,1,0.3237627348210822
7777,0,0.6546491486856025
7778,1,0.5396349518866119
7779,0,0.35566867524851203
7780,0,0.3114037498407552
7781,0,0.36235326009943386
7782,0,0.26893243520212406
7783,0,0.4834257211861872
7784,0,0.7458187958773362
7785,0,0.4904927165565591
7786,0,0.1640129873270351
7787,0,0.10691046423024048
7788,0,0.19186240108400046
7789,0,0.3166100882817436
7790,0,0.28862150106394213
7791,0,0.1887753937093369
7792,0,0.3211279731477583
7793,0,0.3174928366068717
7794,0,0.30964579383525714
7795,1,0.8396393515589254
7796,0,0.3621894247337265
7797,0,0.49813650515015256
7798,0,0.24199462483155373
7799,0,0.2523661206379465
7800,0,0.3929525590948688
7801,1,0.5141852764051973
7802,1,0.7522855288827625
7803,0,0.3786213847478476
7804,0,0.7125740939291048
7805,0,0.4401062524014811
7806,0,0.4316022326638968
7807,1,0.8960699663492374
7808,0,0.2618396277054652
7809,0,0.38011570036925446
7810,0,0.4803015853112367
7811,1,0.8233864579385427
7812,0,0.4284152195158191
7813,0,0.3227131875370711
7814,0,0.17858756426834246
7815,0,0.4549913761685799
7816,1,0.9197569804689533
7817,0,0.20386160921414612
7818,0,0.33864919561629053
7819,0,0.10615827419232593
7820,0,0.21562902373684192
7821,0,0.2446308786644154
7822,0,0.08961346207746276
7823,0,0.405874468961792
7824,0,0.4321083129394937
7825,1,0.4590134066955309
7826,0,0.07846183837976047
7827,0,0.3007022295154023
7828,1,0.7353518198697293
7829,0,0.33809260670970004
7830,0,0.13608739046667295
7831,1,0.5383080514446614
7832,0,0.3066357152285266
7833,1,0.8685454376453747
7834,0,0.2519179908333396
7835,0,0.24114861789541636
7836,1,0.3462586473268708
7837,0,0.349418546587489
7838,0,0.707683909594461
7839,0,0.20287654649186046
7840,1,0.2223289384243246
7841,0,0.21861738549256754
7842,0,0.8484342198519353
7843,0,0.23245907728600287
7844,0,0.25995420976079403
7845,1,0.5905519450266294
7846,0,0.10597621221239302
7847,0,0.3687120909853202
7848,0,0.40149154722693153
7849,1,0.8470435318247259
7850,0,0.3028927335863982
7851,0,0.13144915782084696
7852,0,0.2065261575226009
7853,0,0.828177912736234
7854,1,0.43415335015659884
7855,1,0.5242696591168207
7856,0,0.19446891160673377
7857,0,0.13249667163802453
7858,1,0.24819889206210863
7859,0,0.38517411414732955
7860,0,0.2858216967346957
7861,0,0.23628670655034525
7862,0,0.3816861521803843
7863,0,0.32482755160528215
7864,1,0.5956706537945844
7865,0,0.24112596090708685
7866,0,0.8154322538058422
7867,0,0.2683373817296453
7868,1,0.4394370773647119
7869,0,0.18643414030605968
7870,0,0.5242175054065278
7871,1,0.9316055644586023
7872,0,0.38680611869877807
7873,0,0.329905489420969
7874,0,0.39093159251366955
7875,1,0.19365410258503846
7876,0,0.22165036618667092
7877,0,0.27787981504868836
7878,0,0.3672364416789993
7879,1,0.4049483178365558
7880,0,0.2158936508697082
7881,0,0.19674750450295028
7882,1,0.7445510521325047
7883,0,0.05209910366216122
7884,1,0.41255700696485803
7885,0,0.16057690635621927
7886,1,0.5919754467238684
7887,0,0.42801195496337935
7888,0,0.27618597201391465
7889,0,0.17604767260855816
7890,0,0.34705164886181544
7891,1,0.5628842195836752
7892,0,0.18177582706836573
7893,0,0.2127792302257826
7894,0,0.3330204292927151
7895,0,0.19833266212407363
7896,0,0.901135688172741
7897,0,0.6477361309043677
7898,0,0.16824182580176308
7899,0,0.32406611113433764
7900,0,0.2735508095418518
7901,0,0.42476666615893083
7902,1,0.45944328178581306
7903,0,0.14891888230089914
7904,1,0.8403354449807323
7905,0,0.1991507664874066
7906,0,0.3369263646219626
7907,0,0.7470642648088809
7908,0,0.4497603294021276
7909,0,0.7941031621781376
7910,0,0.1409834785990543
7911,0,0.5120095485115055
7912,0,0.24612307546337045
7913,1,0.6736777156783507
7914,0,0.775531606334729
7915,1,0.27702063446355163
7916,0,0.34136988712297867
7917,0,0.2061365502236314
7918,0,0.3617752546110419
7919,1,0.9036943830044218
7920,0,0.1679156237441058
7921,0,0.35126030138570563
7922,0,0.27284815596414785
7923,0,0.1438719917950728
7924,0,0.4565647214309901
7925,1,0.3983715601080402
7926,0,0.18274434938273415
7927,0,0.3021150980990492
7928,0,0.27722200989655105
7929,0,0.3013423061678619
7930,0,0.4035275714903086
7931,0,0.33550361454053373
7932,0,0.24281092013660233
7933,0,0.48382031729354735
7934,0,0.6400279333309087
7935,0,0.32718247589406085
7936,0,0.3541261203662359
7937,0,0.0880466033618902
7938,1,0.842579171131071
7939,0,0.27370703099288834
7940,1,0.8646812176108091
7941,0,0.24982839099969056
7942,1,0.7691533895182281
7943,0,0.2861014784709752
7944,1,0.8338115433993416
7945,1,0.4074146834912319
7946,0,0.19547129923952614
7947,1,0.7660253968433584
7948,1,0.48867396571054994
7949,0,0.613715355881531
7950,1,0.9049648318389084
7951,0,0.6273450585137256
7952,0,0.10726060640778445
7953,0,0.5485813701214253
7954,0,0.3220796001775293
7955,1,0.7236005968154697
7956,0,0.3718786190583537
7957,1,0.7111878769372036
7958,0,0.13228678262033905
7959,1,0.9570122960874629
7960,1,0.33946104578267255
7961,0,0.3559112743117873
7962,0,0.6525014807548685
7963,0,0.3486098687968577
7964,0,0.30462573929383757
7965,0,0.589661730884907
7966,0,0.31735267041904414
7967,0,0.4397650168196421
7968,0,0.23258551294029747
7969,0,0.09689505142342733
7970,1,0.3353249174066011
7971,0,0.3327310863279969
7972,1,0.3976387625781757
7973,0,0.27243241461478407
7974,0,0.2972875296133485
7975,0,0.19375771213016205
7976,0,0.2113167609822077
7977,1,0.9547696094616093
7978,1,0.313630166366057
7979,0,0.3504439756732983
7980,0,0.3052469622541032
7981,1,0.34573489859310913
7982,0,0.3381982555703711
7983,0,0.25479470564101914
7984,1,0.6306118430297585
7985,0,0.20084863879825604
7986,0,0.15059202123658066
7987,0,0.38483108470295185
7988,0,0.4845010585050133
7989,0,0.31160796073656827
7990,0,0.3018717718970851
7991,0,0.17913977233162037
7992,0,0.2629339728574146
7993,0,0.26317132548337274
7994,0,0.4072697500186577
7995,0,0.6778614886664972
7996,0,0.3768023285717383
7997,1,0.526401766589954
7998,0,0.301497487851885
7999,0,0.0965469736425635
8000,1,0.6161006777814021
8001,1,0.4807658955187385
8002,1,0.9580053042369617
8003,0,0.194681979450401
8004,1,0.7210270760896842
8005,0,0.19436049281164117
8006,1,0.4267120163391974
8007,0,0.08746896930464729
8008,1,0.41150557830791823
8009,0,0.09816827456389769
8010,0,0.7361135391080462
8011,0,0.8052810407380626
8012,0,0.2474290058893159
8013,0,0.6004697000116918
8014,0,0.37233923422004284
8015,1,0.5116750495293264
8016,0,0.15283360087315154
8017,0,0.753014105527833
8018,0,0.3390501255044731
8019,0,0.294450871068764
8020,0,0.3887698627561387
8021,0,0.6524736354409061
8022,0,0.26267121024645756
8023,0,0.34390252480134875
8024,0,0.2932850808490427
8025,0,0.6176245761999188
8026,0,0.21194694883240217
8027,0,0.28405057166924264
8028,0,0.40118359319317565
8029,0,0.3466311920156685
8030,0,0.6985866497533341
8031,0,0.7621188044214898
8032,0,0.4008878942363052
8033,0,0.23324713535834796
8034,1,0.3311438883149166
8035,1,0.7551571362773757
8036,0,0.6505135418545148
8037,0,0.33938300368313024
8038,0,0.8485781063570436
8039,0,0.8492734231119394
8040,0,0.3785340048277628
8041,0,0.4443918945637913
8042,0,0.06506101229787789
8043,0,0.34985105596013233
8044,1,0.9656409193295264
8045,1,0.7362713932649023
8046,0,0.20575645579717716
8047,0,0.31343644643116514
8048,0,0.1272196395219293
8049,0,0.33399842110049077
8050,0,0.426801642526084
8051,1,0.8434608292156631
8052,0,0.38736592471417647
8053,0,0.12422232086154185
8054,0,0.26929633771060013
8055,0,0.1282437647235407
8056,1,0.4252357253121335
8057,0,0.19683692869526104
8058,0,0.15394218688092828
8059,0,0.442445614508428
8060,1,0.8271944980684605
8061,1,0.419169520930982
8062,0,0.2084138952247519
8063,0,0.20088138418804596
8064,0,0.4107015649045682
8065,0,0.3507456115039622
8066,0,0.44321568494720814
8067,0,0.3107463871837442
8068,0,0.7242355751313566
8069,0,0.07949345056844125
8070,1,0.587397259461665
8071,0,0.18068072799892881
8072,0,0.4358735405042402
8073,0,0.6550079393122507
8074,0,0.3274190876892411
8075,0,0.30791571953417757
8076,0,0.5667748384346674
8077,0,0.3426912776177911
8078,0,0.2866510265206512
8079,0,0.5544046405466158
8080,1,0.8932632558704264
8081,0,0.40776871438381446
8082,1,0.5089702411371614
8083,0,0.08458795472862918
8084,0,0.34089470243278625
8085,0,0.23388798761441726
8086,0,0.2607859256663659
8087,0,0.09208611562289758
8088,0,0.09405763002356475
8089,0,0.1971932223654297
8090,0,0.17201498316398658
8091,0,0.1646110361530421
8092,1,0.6841289624465503
8093,0,0.32627992249674986
8094,0,0.07166756584829359
8095,0,0.6706388478793748
8096,0,0.08276347301877063
8097,0,0.10128853598271924
8098,0,0.47402285407284167
8099,0,0.13564824524053665
8100,0,0.602466601343096
8101,0,0.6141679553835022
8102,1,0.532484642480892
8103,0,0.40821386128518256
8104,0,0.21427928201275384
8105,0,0.41393535450825136
8106,0,0.15462551088811907
8107,0,0.29844948135313837
8108,0,0.06322691379529594
8109,0,0.2504037553291392
8110,0,0.291596460066401
8111,0,0.17351200161678282
8112,0,0.4409752739809472
8113,0,0.22885782343676297
8114,1,0.3281062400475526
8115,0,0.3508666597396124
8116,0,0.6459274136553568
8117,1,0.3292411855145763
8118,0,0.5943025570100884
8119,0,0.09546960238550944
8120,0,0.4208421437213267
8121,0,0.6142671986731979
8122,0,0.4959871734478746
8123,0,0.31250829962152005
8124,0,0.3463681036408065
8125,0,0.29091325848293714
8126,0,0.2504406541261414
8127,0,0.7745734425643609
8128,0,0.3500359534545059
8129,1,0.8534722911383248
8130,0,0.6340152429726882
8131,0,0.2011419029679103
8132,0,0.13820735641123563
8133,0,0.2593965775229103
8134,0,0.2689504375797669
8135,1,0.8868962133950604
8136,0,0.24966956255941894
8137,0,0.13227788783156083
8138,1,0.7914221260209804
8139,0,0.2177813027542539
8140,0,0.26473388727848657
8141,1,0.44700375788519703
8142,1,0.4408465351878361
8143,0,0.3969383709831568
8144,1,0.402908053078024
8145,0,0.34780281000139524
8146,0,0.17299461805279365
8147,1,0.8261590543464513
8148,0,0.21283174918550693
8149,0,0.07915617466038329
8150,1,0.6874238474706738
8151,1,0.2609014333660241
8152,1,0.7957017957126905
8153,0,0.09559264994122046
8154,0,0.3486597585909495
8155,0,0.3264423692625102
8156,0,0.32893715650501043
8157,0,0.16342568964571744
8158,0,0.34015041023337134
8159,0,0.2631802553289648
8160,0,0.15668262698954538
8161,1,0.3181840275943343
8162,0,0.13496324910960836
8163,0,0.26030446581268607
8164,0,0.3801374076980034
8165,0,0.8358730118323614
8166,1,0.3710830800750091
8167,0,0.3544231473012846
8168,0,0.18636331626432134
8169,0,0.5578110241812396
8170,0,0.20964181075691424
8171,0,0.40886638220156274
8172,0,0.2676537890923287
8173,0,0.5791897113525565
8174,0,0.18630936304993262
8175,0,0.608639604040877
8176,0,0.07836801560128494
8177,1,0.5207810900758556
8178,0,0.33278184936677946
8179,0,0.1930244912080499
8180,1,0.778822305866374
8181,0,0.5930320744313373
8182,1,0.6952194958783636
8183,0,0.2176862093394482
8184,0,0.347197658683916
8185,0,0.12455130007090258
8186,0,0.3349231765612574
8187,0,0.34046168261753457
8188,0,0.3476281600421632
8189,0,0.35464652672512037
8190,0,0.45320414259344205
8191,0,0.4826106572841887
8192,0,0.6325650288205094
8193,0,0.3821009908397843
8194,0,0.2447726606443954
8195,0,0.3316457495502535
8196,0,0.2744079937544674
8197,0,0.05725907491624013
8198,1,0.7361584039657084
8199,1,0.8132437566766381
8200,0,0.18008625417352306
8201,0,0.5980090808976923
8202,0,0.2733594570789188
8203,0,0.4305537570474565
8204,1,0.41486920081910844
8205,1,0.5848845135084136
8206,0,0.20085127796757873
8207,0,0.9141497464980723
8208,0,0.45474744547064666
8209,0,0.22069781195593902
8210,0,0.16236599838132446
8211,0,0.1388202351871055
8212,0,0.1493482469946331
8213,0,0.5265953150466073
8214,1,0.49607795088147294
8215,0,0.13041180901096458
8216,0,0.10431493740941779
8217,0,0.3368356178605563
8218,0,0.5211924345464628
8219,0,0.335650899679969
8220,0,0.3631774830577481
8221,0,0.45935170950154824
8222,0,0.23173841902682496
8223,0,0.4944749015471045
8224,0,0.29989338441755947
8225,0,0.07672965195042422
8226,0,0.3304524867965701
8227,0,0.3663122219009135
8228,0,0.22569065821605871
8229,0,0.20107688041409458
8230,1,0.8058525976934956
8231,0,0.2211933920151703
8232,0,0.7355527576703886
8233,0,0.11345574963823844
8234,0,0.37708427573826947
8235,1,0.3285435542032108
8236,0,0.2964124680922018
8237,1,0.8825365927019299
8238,0,0.25369031429278627
8239,0,0.3291205652468351
8240,0,0.2615319459871866
8241,0,0.1864792147610316
8242,0,0.2598146554491356
8243,1,0.4146243472475093
8244,0,0.2795517397195926
8245,0,0.7473656390653979
8246,0,0.1946312144101716
8247,0,0.31085158218125913
8248,1,0.7597981518870219
8249,0,0.3904421984064572
8250,0,0.1506421292385943
8251,0,0.41516666970479965
8252,0,0.673651579980295
8253,1,0.7985245151023171
8254,0,0.13528878177498344
8255,0,0.2571505555205211
8256,0,0.1942691895708134
8257,1,0.8664775791111592
8258,1,0.4874731019225797
8259,0,0.7617487280273155
8260,1,0.5587099212937597
8261,0,0.488529197047646
8262,0,0.611076885008922
8263,1,0.5174596268191406
8264,0,0.5908124828625755
8265,0,0.6096902750383909
8266,0,0.4502537895402384
8267,0,0.16593627941409367
8268,0,0.41249377953969485
8269,0,0.28027130294896907
8270,0,0.28657725301206133
8271,1,0.5839982256736227
8272,0,0.4456791535680681
8273,1,0.528372410861752
8274,0,0.23239760510136281
8275,0,0.761260551641515
8276,1,0.5443830822872682
8277,0,0.7087655893839846
8278,0,0.1664684690914134
8279,1,0.8088698062368551
8280,1,0.8812715681290471
8281,0,0.22562463310596026
8282,0,0.6068366822654798
8283,0,0.22914984668423288
8284,0,0.5246392678188887
8285,0,0.40469045322035124
8286,1,0.8488033708720404
8287,0,0.40938564961451723
8288,0,0.3346774712746799
8289,0,0.677472465914739
8290,0,0.364735027300535
8291,0,0.3292463179433956
8292,0,0.2305334010619256
8293,0,0.3692821527583023
8294,0,0.29626280789721054
8295,0,0.6231158647470459
8296,0,0.3195658540569083
8297,0,0.22923167278318968
8298,0,0.5445421499748871
8299,1,0.49524092686035076
8300,0,0.08799771464842243
8301,0,0.17352122434446168
8302,0,0.7297306182723687
8303,0,0.04498510833742007
8304,0,0.16708416552787905
8305,1,0.8866055483418042
8306,0,0.24927376749999636
8307,0,0.20684935007175573
8308,1,0.5655265098797254
8309,1,0.43564815951847247
8310,1,0.7513526270382337
8311,0,0.2812848899486059
8312,0,0.3797842695891599
8313,0,0.09382583281072565
8314,0,0.3095394779635029
8315,0,0.5879255078886686
8316,1,0.8909282567124602
8317,0,0.7924402709696249
8318,0,0.08094373351377283
8319,1,0.8982792657995669
8320,0,0.278606757941327
8321,1,0.8206891124773592
8322,0,0.5088879045427956
8323,0,0.17821774814529284
8324,0,0.16856579091726293
8325,0,0.6921048567548236
8326,0,0.14840627781842597
8327,1,0.2986066883436912
8328,0,0.6878599422228636
8329,0,0.5287874539912383
8330,0,0.22285160687210617
8331,0,0.15366926814397197
8332,0,0.27899702144202043
8333,0,0.4519111506153507
8334,0,0.3554451110669097
8335,1,0.861326536986746
8336,0,0.5624496626054363
8337,0,0.5932011938186803
8338,0,0.7751703851588111
8339,0,0.6006596191717672
8340,0,0.6786375886332165
8341,0,0.24647147006058528
8342,1,0.7508307657197365
8343,0,0.32739090628978873
8344,0,0.18037027194930066
8345,0,0.39327060170858913
8346,0,0.32619112044646587
8347,0,0.28392763348409766
8348,0,0.2534887240427959
8349,0,0.5117899980821825
8350,0,0.38127340571960294
8351,0,0.2880188993455608
8352,0,0.36524536357100407
8353,0,0.24837965339506682
8354,0,0.5093444555776263
8355,1,0.4546456932142551
8356,0,0.330780046700617
8357,0,0.36069795809669747
8358,0,0.3333521163544556
8359,0,0.4905423047723794
8360,0,0.12504740885892482
8361,1,0.48269255221190555
8362,1,0.5892807028071119
8363,0,0.2784330733762404
8364,0,0.24653326659437624
8365,0,0.35891768521888173
8366,1,0.5600913214399654
8367,0,0.2892470356910415
8368,0,0.36261613142842253
8369,1,0.8773311031738826
8370,0,0.13851199458671737
8371,0,0.21254950259695604
8372,0,0.807115067321811
8373,1,0.6636105832162131
8374,0,0.26480614053457535
8375,0,0.4022525852826105
8376,0,0.06299021021095551
8377,0,0.3235527511605871
8378,0,0.27585224490671095
8379,0,0.6131774983107721
8380,1,0.614004775822822
8381,0,0.4106525522831296
8382,0,0.4338289323069485
8383,0,0.29119413471300326
8384,0,0.07651883638659841
8385,1,0.3777536758609642
8386,0,0.34703977320881596
8387,0,0.4907976972044026
8388,0,0.34456174971565856
8389,0,0.2633392106326154
8390,1,0.8846775150797005
8391,0,0.5134515441082004
8392,0,0.2316616806693368
8393,1,0.49282448615448693
8394,0,0.5344674279736293
8395,0,0.4143911473728388
8396,0,0.24302040979383333
8397,0,0.23830742697229654
8398,0,0.8224313555368862
8399,0,0.10967634457703726
8400,0,0.45908237608773617
8401,0,0.4087522441973009
8402,0,0.282660561748917
8403,1,0.1938728250572977
8404,0,0.7595449949599847
8405,0,0.3116753719226094
8406,0,0.2916757859036751
8407,0,0.45925826725453833
8408,1,0.8021494086953012
8409,0,0.30697129895634595
8410,0,0.37839758155272
8411,0,0.5274989424859854
8412,1,0.9040713608383184
8413,0,0.1529787353925361
8414,1,0.47161144763490204
8415,1,0.4253931570518462
8416,0,0.16647875243197777
8417,0,0.272920106465759
8418,0,0.28485684945613643
8419,1,0.8163907456783108
8420,1,0.46509631268146395
8421,1,0.5111121021098886
8422,0,0.12665087692762314
8423,0,0.3270564381281568
8424,0,0.1717099776388005
8425,1,0.8639397512123581
8426,0,0.3111610517202792
8427,0,0.8318091194871706
8428,0,0.20965739529344876
8429,0,0.255350925265978
8430,0,0.36077410499364887
8431,1,0.5955730575010231
8432,0,0.16531301125513106
8433,1,0.3583252320199437
8434,0,0.3343380025853764
8435,0,0.6461003774542893
8436,0,0.19059285465936346
8437,0,0.3877467748078783
8438,0,0.7989225683669734
8439,0,0.3749455328514573
8440,0,0.3210871337163846
8441,0,0.254651266151023
8442,0,0.22547095336051953
8443,0,0.1547739896678477
8444,0,0.558236325619274
8445,0,0.5641512544996187
8446,0,0.11095721798735796
8447,0,0.2415343037347622
8448,0,0.84890117580922
8449,0,0.41217034720805806
8450,0,0.31892192178610335
8451,1,0.7191127413918085
8452,0,0.3516107743449307
8453,0,0.2844146007433711
8454,1,0.42547079856024966
8455,1,0.8409225307133614
8456,0,0.2227668754061367
8457,0,0.35603740651580623
8458,1,0.7844367152469006
8459,0,0.4301324891769319
8460,1,0.43503748104271067
8461,0,0.14138484014078492
8462,0,0.8128219699858463
8463,0,0.22465203275683482
8464,0,0.3610561014017697
8465,0,0.35706637863218715
8466,0,0.23951843039842508
8467,0,0.22548607636694076
8468,0,0.34512882977567144
8469,0,0.7938720488521659
8470,0,0.45032374552542626
8471,0,0.8992177770499417
8472,0,0.3715845486735501
8473,1,0.7298676498999036
8474,0,0.16975814033815362
8475,0,0.24457323146513427
8476,0,0.2404682341265716
8477,0,0.2565298598085213
8478,0,0.1641423526401065
8479,1,0.8332905640583758
8480,0,0.569315147321957
8481,0,0.42409129162304765
8482,0,0.6927366093732169
8483,0,0.1694082958855714
8484,0,0.13717919900347397
8485,0,0.17696925455922016
8486,0,0.8733996440882301
8487,0,0.12206723924446856
8488,1,0.5103055822519983
8489,0,0.35895046282377197
8490,0,0.1458320590484538
8491,0,0.1943572171874578
8492,0,0.40121795660750126
8493,0,0.16175840103007175
8494,0,0.19235319923068497
8495,0,0.2978042595891173
8496,0,0.28779974982104256
8497,0,0.39606535841768253
8498,0,0.3691652701221102
8499,1,0.5345411318050075
8500,0,0.22097091073343278
8501,1,0.544854775722432
8502,0,0.15859456392731996
8503,1,0.8319064452069305
8504,0,0.1061641414133457
8505,0,0.16625556696757793
8506,1,0.6634467359190295
8507,0,0.141128860199605
8508,0,0.39675448184372253
8509,0,0.3941607295387309
8510,0,0.261883392837735
8511,0,0.09436594562670418
8512,1,0.8021713962285206
8513,0,0.3542401872763935
8514,1,0.6957850031704621
8515,0,0.6567851928050564
8516,0,0.46434902546423773
8517,0,0.2517686844007777
8518,0,0.19849588851777838
8519,0,0.39376204751382327
8520,0,0.24256589612977783
8521,0,0.49874686143812397
8522,1,0.5919673853973831
8523,0,0.29322433238183737
8524,1,0.8872220597965103
8525,0,0.16740828238185007
8526,0,0.4415827756587166
8527,0,0.13683188630311832
8528,0,0.37150323828721893
8529,0,0.7320842961953032
8530,0,0.20483462771564592
8531,0,0.27622340671702866
8532,0,0.2924650320512792
8533,0,0.41153357526511164
8534,0,0.7353794340827998
8535,0,0.5727645452035963
8536,1,0.646689085466669
8537,0,0.6478019788668428
8538,0,0.36015153985250087
8539,0,0.3222582408465353
8540,0,0.309994277399896
8541,0,0.6298602895013393
8542,0,0.6479952721791175
8543,0,0.11553788934175868
8544,1,0.6246410157507957
8545,0,0.4302143722575632
8546,0,0.17442247309786713
8547,0,0.21413169538727073
8548,0,0.39447995381001566
8549,0,0.45525080613017865
8550,0,0.34632146101838857
8551,0,0.19565867495812495
8552,0,0.2548232428716765
8553,0,0.23443400033455142
8554,0,0.30267727466371375
8555,0,0.34829787176698374
8556,1,0.487568723917095
8557,0,0.3170605412968013
8558,0,0.33955131564850677
8559,0,0.3293562762133234
8560,0,0.4486270153475024
8561,1,0.44118893153028443
8562,0,0.5690466017792716
8563,0,0.8923145004898901
8564,0,0.8974035085771962
8565,0,0.5831690914103506
8566,0,0.40986356851392264
8567,1,0.4977843919092141
8568,1,0.5456963072448404
8569,0,0.30275406261611715
8570,0,0.08745133559735936
8571,0,0.23964166924663347
8572,0,0.2878156792568138
8573,0,0.3729016154963
8574,0,0.6535441781837937
8575,0,0.16447857507321462
8576,0,0.13421031229491556
8577,0,0.3033895918832339
8578,1,0.8730410241137001
8579,0,0.16162850603008572
8580,0,0.12262914524924355
8581,0,0.7243073021627299
8582,0,0.17673533805944927
8583,0,0.3634322633644361
8584,1,0.3680192167234171
8585,0,0.3062688620977243
8586,0,0.6702250272603828
8587,0,0.1566538495704482
8588,0,0.6931997101512545
8589,1,0.7952140814396017
8590,1,0.8545721814007976
8591,0,0.38501344062005133
8592,0,0.6511135537109893
8593,0,0.16783006092292405
8594,0,0.22921044737085702
8595,0,0.35708282416037107
8596,0,0.13703038910632398
8597,0,0.40175571734200993
8598,0,0.14636227781424577
8599,0,0.19090604969445907
8600,0,0.18440698370630015
8601,0,0.4346250984220653
8602,1,0.467499510450841
8603,0,0.12146330864326053
8604,1,0.835334523498385
8605,0,0.6247240834039917
8606,1,0.9023025708855212
8607,0,0.436756894953492
8608,0,0.24511997413395403
8609,0,0.45159525898115055
8610,0,0.8748934717104752
8611,0,0.24355676765619752
8612,0,0.3314831290782182
8613,0,0.18026053903106234
8614,0,0.16419746826912288
8615,0,0.2984949057247295
8616,0,0.4103593065017004
8617,0,0.3719658655944631
8618,0,0.4564581716164778
8619,0,0.3338276390018385
8620,0,0.29416724628467683
8621,0,0.27813107475633186
8622,0,0.2982521169749455
8623,0,0.2906820432615571
8624,0,0.24016253707022586
8625,0,0.46498163507012535
8626,1,0.9103647169776634
8627,1,0.43331260794065984
8628,0,0.5451409385012567
8629,0,0.5135286061352977
8630,0,0.33862818538408623
8631,0,0.27458348276864813
8632,0,0.5522936819934108
8633,0,0.3569148652506782
8634,0,0.1531732164721555
8635,0,0.3160616458286196
8636,0,0.7958330529909213
8637,0,0.30748282788886483
8638,0,0.5785049959871559
8639,0,0.41366379769511047
8640,1,0.6293550446808585
8641,0,0.17160588603504565
8642,0,0.4520754601445981
8643,1,0.6015585318182309
8644,0,0.3530890207907618
8645,0,0.4115470177793554
8646,0,0.15583484509987577
8647,1,0.9274814414448983
8648,0,0.192947667805154
8649,1,0.8874616417369823
8650,1,0.440177186993803
8651,1,0.42255679465991924
8652,0,0.21660971607343454
8653,0,0.31610784604274494
8654,0,0.31904280604187174
8655,0,0.3862318422669537
8656,1,0.7498457796149655
8657,0,0.14723989573058927
8658,1,0.4447242511375882
8659,0,0.09258770160978064
8660,0,0.1337227764076818
8661,0,0.2567485375769279
8662,0,0.5247080915606847
8663,1,0.4660154906954175
8664,0,0.21581527206227144
8665,0,0.7657976466946415
8666,0,0.16314487233736652
8667,0,0.33234798580586383
8668,0,0.4663819805131498
8669,0,0.4104061379870218
8670,0,0.16837738752714138
8671,0,0.09318879665088257
8672,0,0.47863229221346365
8673,0,0.3580962714208711
8674,0,0.313333414469781
8675,0,0.45059109071403425
8676,0,0.7441298704808206
8677,0,0.2662111376013347
8678,0,0.5766280323900643
8679,0,0.1675537692515115
8680,1,0.7741323167438517
8681,0,0.27718149241214585
8682,0,0.2862945919570056
8683,1,0.7647587122543659
8684,1,0.8426446665036482
8685,0,0.16867446001514172
8686,0,0.2769678031908905
8687,0,0.24030278991320736
8688,0,0.39827715489297083
8689,0,0.2204647406254883
8690,0,0.4317621533579758
8691,0,0.4229038544193891
8692,0,0.1491166724327134
8693,1,0.8426911398088209
8694,0,0.43366143443378996
8695,0,0.2945729341029184
8696,0,0.657471906793979
8697,0,0.8111479195197971
8698,0,0.6567579225309905
8699,0,0.46254034872880084
8700,0,0.7966937387201084
8701,0,0.23351930862918785
8702,1,0.8625288552881741
8703,0,0.1541963977527777
8704,0,0.39209752047366686
8705,0,0.41224349439615765
8706,1,0.6085592326358517
8707,0,0.16132232523641882
8708,0,0.30991594135024675
8709,0,0.3023789536240121
8710,0,0.119638932841627
8711,0,0.16783718041565357
8712,1,0.27540157853875025
8713,0,0.2322119912471177
8714,0,0.46548315650856337
8715,0,0.07978318308800172
8716,0,0.8933001841671195
8717,0,0.3995411643398061
8718,1,0.8671011178129661
8719,0,0.33302265774288914
8720,0,0.1852467123919762
8721,0,0.3318590059655247
8722,0,0.34652509606720744
8723,0,0.26805355663113467
8724,0,0.16406160469611492
8725,0,0.3403971622318375
8726,0,0.21950199043624066
8727,0,0.2766728177196175
8728,0,0.15625310667669687
8729,0,0.5861513941146845
8730,0,0.16113445500440282
8731,0,0.24301647164750506
8732,0,0.3967779356566947
8733,0,0.3425757021324085
8734,0,0.199790743683396
8735,0,0.32063699956476216
8736,1,0.918977977883152
8737,0,0.14757915413078476
8738,0,0.33647911579676426
8739,1,0.7818326873586627
8740,0,0.4852262231166828
8741,0,0.16589886548695967
8742,0,0.2742992985218192
8743,0,0.37964230162335205
8744,1,0.8578856718301392
8745,0,0.13781533183808836
8746,0,0.6336287593635863
8747,0,0.6639255491900591
8748,0,0.1545932968070487
8749,0,0.3039354522747049
8750,0,0.3534453877192709
8751,0,0.29810640779098474
8752,0,0.3712064308380749
8753,0,0.2320738772476054
8754,1,0.5412128647335259
8755,0,0.1050335569910549
8756,0,0.2922921566210717
8757,0,0.26435875066924025
8758,0,0.4171940158670757
8759,0,0.29691192997916943
8760,0,0.2132045271223884
8761,0,0.3301300090492707
8762,0,0.3855271407821396
8763,1,0.4773770793861206
8764,0,0.18171926075014472
8765,0,0.3178127183367472
8766,0,0.16741119262895457
8767,1,0.8459986644038413
8768,0,0.3885337203782486
8769,0,0.1373754887969592
8770,0,0.24157447999244133
8771,0,0.38347485005065624
8772,0,0.17116317314667384
8773,0,0.20451819733749652
8774,0,0.4068095941978257
8775,0,0.1956797769477161
8776,1,0.7646984535358111
8777,0,0.19026401666636705
8778,0,0.3326152201613209
8779,1,0.47046941011281895
8780,1,0.909220726567257
8781,0,0.40356185192886485
8782,0,0.43161118006843785
8783,0,0.3833880194506934
8784,0,0.43968206070044374
8785,0,0.90410176040865
8786,0,0.38278721117595366
8787,0,0.5739576295799022
8788,0,0.5228656175856354
8789,0,0.3367302877612577
8790,0,0.2562109856432786
8791,0,0.8391986844013111
8792,0,0.21005183041256992
8793,0,0.24304916806158178
8794,1,0.900664863888004
8795,0,0.304791927992131
8796,1,0.8609800645006344
8797,0,0.6080904169847001
8798,0,0.2365826726885798
8799,0,0.7274993473848963
8800,0,0.6228884184313246
8801,0,0.37030517394795553
8802,1,0.5470482125557766
8803,0,0.09752185513129351
8804,0,0.22842962301347566
8805,0,0.2228860474131811
8806,0,0.3200764865615806
8807,0,0.2503803751365329
8808,0,0.4349155616384266
8809,0,0.7059888716198092
8810,1,0.4552147672808234
8811,0,0.3057311171054258
8812,0,0.498526572243015
8813,0,0.15582216847737565
8814,0,0.2175168025875499
8815,0,0.12379423288010277
8816,0,0.3781416839310212
8817,1,0.4822972196711771
8818,0,0.4976476454720224
8819,0,0.3432003296346767
8820,1,0.8518122802443518
8821,0,0.3513654054546025
8822,0,0.2289147785821651
8823,0,0.1571821487970707
8824,1,0.41620918523991035
8825,0,0.6559320892264369
8826,0,0.32077362143402455
8827,0,0.45346649160886626
8828,1,0.3663198126704138
8829,1,0.3031768215313746
8830,0,0.4061717530607083
8831,0,0.1533396690982353
8832,0,0.20717370928201462
8833,0,0.45615860499069305
8834,0,0.14240903420396422
8835,0,0.08963503432126217
8836,0,0.32134016793216647
8837,0,0.33749427180011277
8838,0,0.2548432256305255
8839,0,0.13720954642996083
8840,1,0.8922166929295071
8841,1,0.8574062536065487
8842,1,0.5859376644048757
8843,0,0.8603534436978854
8844,1,0.5175080897180591
8845,1,0.6225754832925066
8846,0,0.4141804004672876
8847,0,0.44092290167022
8848,0,0.635042816626576
8849,0,0.25478255574647024
8850,1,0.7076397409944982
8851,0,0.2834943034298355
8852,0,0.16744392969511895
8853,1,0.46018760694355426
8854,0,0.2980400799062151
8855,0,0.29003992663180506
8856,0,0.33231229977425486
8857,0,0.5856063538203602
8858,0,0.6610516042599862
8859,0,0.25094245436598617
8860,0,0.8521180732828003
8861,0,0.32612465240899374
8862,0,0.2477208141685603
8863,1,0.8035091110185626
8864,0,0.3994645702918725
8865,0,0.8082905309580426
8866,0,0.5521659780290818
8867,1,0.9601286061537891
8868,0,0.26393566966917975
8869,1,0.7732127842491009
8870,0,0.4051527508770084
8871,0,0.24732231519587355
8872,1,0.5726455190113409
8873,0,0.16654149863715495
8874,0,0.46707092783708876
8875,1,0.4422505841623802
8876,0,0.3926951387766971
8877,0,0.16765909170279042
8878,0,0.4372026910618672
8879,1,0.5372392066811849
8880,0,0.5591065528076595
8881,0,0.34983943049789723
8882,0,0.2691116451390496
8883,0,0.32924811639378165
8884,1,0.7158526640495521
8885,0,0.2937938508220693
8886,0,0.23604005349687046
8887,1,0.905373868236603
8888,0,0.17356195403912802
8889,1,0.906925416143047
8890,1,0.8109797297590363
8891,1,0.8705767546724077
8892,0,0.33882500567655727
8893,1,0.5137920806853652
8894,0,0.2332441216057317
8895,1,0.86803538776972
8896,0,0.2857161349054069
8897,0,0.10130315963660803
8898,0,0.46645868629687404
8899,0,0.3840030754108974
8900,0,0.3446301876970101
8901,0,0.20803448352566176
8902,0,0.17144673403070773
8903,0,0.07408920881054235
8904,0,0.3510982509983778
8905,1,0.6035764127997593
8906,1,0.29487440191289777
8907,0,0.23280094382380107
8908,0,0.5343032600080356
8909,0,0.1538160057222295
8910,0,0.2859706963419983
8911,0,0.25555194534658016
8912,1,0.8314005731962077
8913,1,0.7407620911258131
8914,0,0.12396741298199344
8915,0,0.40871173460852295
8916,1,0.8646171616538995
8917,1,0.8209776366443077
8918,0,0.17170351174022566
8919,1,0.5632419795832483
8920,0,0.24959884909139915
8921,1,0.4268940916571556
8922,1,0.7305444476388206
8923,0,0.4715462205378187
8924,0,0.24870370348727155
8925,0,0.34306631406460264
8926,1,0.5597585591110846
8927,1,0.7709477932242499
8928,0,0.2761114047739354
8929,0,0.20993885044351188
8930,0,0.256449401297824
8931,0,0.3045494294628523
8932,1,0.47986940785650234
8933,0,0.27592088580771984
8934,0,0.18210178311512176
8935,1,0.9266760820557118
8936,0,0.2152584233818671
8937,1,0.5963908136691021
8938,0,0.6665538096981329
8939,0,0.274159233483506
8940,0,0.5090892230226665
8941,0,0.28366291633658497
8942,0,0.16500894557139845
8943,1,0.745845669002821
8944,1,0.8223119497460228
8945,0,0.20630440777128314
8946,0,0.24284259807983402
8947,0,0.3920522195920793
8948,0,0.45802001938135073
8949,0,0.3882574082796668
8950,0,0.28826502135779675
8951,1,0.49913986799601495
8952,0,0.41841803985755566
8953,0,0.21306665300236577
8954,0,0.3796508441175847
8955,1,0.6901021739444557
8956,0,0.22111371422650297
8957,0,0.2568390493055955
8958,0,0.3556732141865277
8959,0,0.15554452243116906
8960,0,0.4723722502360086
8961,0,0.3923525821520215
8962,1,0.9605801853628826
8963,0,0.2297516599654352
8964,0,0.44249098519035335
8965,0,0.447999315881175
8966,1,0.8412284385859262
8967,0,0.7482020573993478
8968,0,0.3931766049672024
8969,1,0.8827810658296822
8970,0,0.07234812328681643
8971,0,0.3438264764918418
8972,1,0.7985742901856598
8973,0,0.18701636869936586
8974,1,0.8494045820024932
8975,0,0.2522655274556264
8976,0,0.3773298765727151
8977,0,0.7679890779442761
8978,0,0.555630213158901
8979,0,0.4678720401914316
8980,0,0.15510804263831862
8981,0,0.18044827035094713
8982,0,0.21395921326814168
8983,0,0.6823820468654381
8984,0,0.3012849539784422
8985,0,0.23425658999133264
8986,0,0.5304469968880108
8987,0,0.312442130524762
8988,0,0.12124020521250653
8989,0,0.6187229435792987
8990,0,0.3687782664952623
8991,1,0.32994677968411246
8992,0,0.840569424579121
8993,0,0.545574434641581
8994,0,0.3677399303332549
8995,0,0.24581418646666645
8996,0,0.7046996680401396
8997,0,0.3661115432194867
8998,1,0.3893388092974459
8999,0,0.3228282812839336
9000,1,0.7156195845134747
9001,1,0.6446212345166619
9002,0,0.2467689997842001
9003,0,0.40859724759426486
9004,0,0.1835886336547511
9005,0,0.33990214451437495
9006,0,0.3141734742832422
9007,0,0.2764395767272031
9008,0,0.7615932799363786
9009,1,0.5333661130444107
9010,1,0.84049318815937
9011,0,0.4746259743184848
9012,0,0.37778946345645564
9013,0,0.8813223557106012
9014,0,0.7477124937522542
9015,1,0.43982842261125754
9016,0,0.6835440579279541
9017,0,0.23442584508752312
9018,0,0.26913731893869985
9019,1,0.8492229415295408
9020,1,0.7010545888487728
9021,0,0.642512335153377
9022,1,0.7385047708491949
9023,0,0.4072202182070779
9024,0,0.39759487888666734
9025,0,0.184999754785865
9026,0,0.21212506066011982
9027,0,0.6051987881665204
9028,0,0.12130724505870122
9029,0,0.24400994799078748
9030,0,0.1937308669274315
9031,1,0.2508631564658588
9032,0,0.2686261678600283
9033,0,0.8493158388130848
9034,0,0.21293117455539928
9035,0,0.3123500311378188
9036,0,0.14617241453569008
9037,1,0.819781109548435
9038,0,0.32565151289885486
9039,0,0.49933546437234727
9040,0,0.2670506829284766
9041,0,0.3313406923467644
9042,0,0.2941656400834157
9043,1,0.5357788379777463
9044,0,0.4087722484608756
9045,0,0.24154962035247063
9046,0,0.8411647940359669
9047,0,0.3452009291602912
9048,0,0.5654622225897928
9049,0,0.11040470278634976
9050,0,0.243432434473828
9051,0,0.4163461229897363
9052,0,0.37722349661203053
9053,0,0.26883711158600554
9054,0,0.4665546010199181
9055,0,0.0970704355541552
9056,0,0.14627892955675204
9057,0,0.40584179142680993
9058,0,0.33976054301254704
9059,0,0.24838278856255477
9060,0,0.2883174031946566
9061,1,0.2230720032047965
9062,1,0.8831047720528467
9063,0,0.3465902109455961
9064,0,0.4380760499160704
9065,0,0.6800468984020195
9066,1,0.4553847674265939
9067,0,0.317167301434001
9068,1,0.5558666530897078
9069,0,0.1010025762689894
9070,0,0.25833600990047
9071,0,0.5612274185761141
9072,1,0.43666656303499096
9073,0,0.0781088959094641
9074,0,0.1449903996526415
9075,0,0.10636115455458273
9076,0,0.1139286628434302
9077,0,0.3607492194777647
9078,0,0.25321026133170715
9079,0,0.5191898210804561
9080,1,0.4691731917072055
9081,0,0.23430589742261307
9082,0,0.20125197414377893
9083,1,0.9247867984246306
9084,0,0.3898417951727972
9085,0,0.6147801859358232
9086,0,0.7363688161990385
9087,1,0.47144802739575786
9088,1,0.830686101921757
9089,0,0.660127058092836
9090,0,0.10157205292164342
9091,0,0.1473109771675137
9092,1,0.8603449170386083
9093,0,0.855148682549835
9094,0,0.2995462753143345
9095,1,0.47212640727716915
9096,0,0.38950495518252376
9097,0,0.4345615850863347
9098,0,0.2234889937917966
9099,1,0.37624787794916814
9100,0,0.26875365203107526
9101,0,0.3183656507926164
9102,1,0.8714011320244337
9103,0,0.16930381083666937
9104,0,0.6861048400694404
9105,0,0.458663887518256
9106,0,0.4871925200076203
9107,0,0.4510514270272823
9108,0,0.08386601697090239
9109,0,0.2869338044979877
9110,0,0.4750206618817165
9111,0,0.6991707786066702
9112,0,0.2093139535866685
9113,1,0.891990520475842
9114,0,0.21205936610325035
9115,0,0.8730651501379555
9116,0,0.7029052629438367
9117,0,0.37510304781279685
9118,0,0.5296093203616775
9119,0,0.40575351104147417
9120,0,0.4884911696969936
9121,0,0.20773045574307186
9122,0,0.23084625574284476
9123,1,0.2532060062082361
9124,0,0.27934548084365524
9125,0,0.277845357486136
9126,0,0.2478095697912901
9127,0,0.1826180638955517
9128,0,0.0711669026548289
9129,0,0.22487331897039836
9130,1,0.8361112623467793
9131,1,0.5908848733379238
9132,0,0.17263335579134914
9133,0,0.16449265764317184
9134,0,0.1555701660739692
9135,0,0.12503923321061802
9136,1,0.5649348879298378
9137,1,0.8678624996697225
9138,0,0.2334605747993599
9139,0,0.5619705469429028
9140,0,0.37639639742999664
9141,0,0.1497394163753201
9142,1,0.5049258026170095
9143,0,0.19117496818592053
9144,0,0.3224309908876554
9145,1,0.7387175452534269
9146,0,0.23643328491899884
9147,1,0.42589517157802737
9148,0,0.09573313937959566
9149,0,0.5663253907581652
9150,0,0.28134445446370965
9151,0,0.4753474873999237
9152,0,0.3924986389684591
9153,1,0.7422647505988994
9154,0,0.16731537421334142
9155,0,0.10058768118765667
9156,0,0.2013324184032642
9157,0,0.1464312773028999
9158,1,0.3821449247443024
9159,1,0.36931848312924925
9160,0,0.20389243892797532
9161,0,0.08042242763933723
9162,0,0.2489028759012562
9163,1,0.8590946809940236
9164,1,0.38632795615731685
9165,0,0.4074270681964979
9166,1,0.4405929725503862
9167,1,0.4811951585171096
9168,0,0.11730065854847456
9169,0,0.1799038666316218
9170,0,0.3311076759308853
9171,0,0.5526446466858487
9172,0,0.7500677801762258
9173,0,0.2612410078876456
9174,0,0.2874231098923701
9175,0,0.21717478702863077
9176,0,0.3055876602094559
9177,0,0.1969823486560802
9178,1,0.606658680652294
9179,1,0.8097894473674444
9180,0,0.2657759771803492
9181,0,0.19790608451608172
9182,1,0.5113062335877536
9183,1,0.3258519459584981
9184,1,0.47596543810781744
9185,0,0.2550148808806058
9186,0,0.40878307652534573
9187,1,0.657605483170686
9188,0,0.7362308191099219
9189,1,0.8026379378189291
9190,0,0.4632657752837542
9191,0,0.4850711561688588
9192,0,0.15688974330122477
9193,0,0.6766619270121673
9194,0,0.09559960351980995
9195,0,0.6702311691750507
9196,0,0.2202135173688898
9197,0,0.3288048817325278
9198,0,0.2965022100415254
9199,0,0.27073535834894596
9200,0,0.2669695050172357
9201,0,0.4028601439366921
9202,1,0.3862197055901011
9203,0,0.227069837081689
9204,0,0.41913805753063726
9205,1,0.7987135593339971
9206,1,0.597053002918545
9207,0,0.31230614967341697
9208,0,0.1779528632556748
9209,0,0.2552939409743638
9210,1,0.9039494406945832
9211,0,0.5543546427596187
9212,0,0.28790314180794024
9213,0,0.30567685792106813
9214,1,0.8116582295749508
9215,0,0.5390729776007877
9216,0,0.569113960423423
9217,0,0.6469817593152178
9218,1,0.6610773651340675
9219,1,0.7984146527403945
9220,0,0.23191395936822512
9221,0,0.3065706731082367
9222,0,0.17009956814823574
9223,0,0.2866339275382057
9224,0,0.18879935174152007
9225,0,0.10633885385670579
9226,0,0.4618559013314727
9227,1,0.7782087428895333
9228,0,0.30635895758490034
9229,0,0.44225150578347905
9230,0,0.22474534915242816
9231,1,0.583990006716936
9232,1,0.48771739941919245
9233,1,0.9257369989087317
9234,1,0.4229882861145413
9235,0,0.5431840612920904
9236,1,0.9300278455997649
9237,0,0.3146212386466163
9238,1,0.4899332821883559
9239,0,0.1462719820481373
9240,0,0.4849297190658153
9241,0,0.7219034122689756
9242,0,0.5230821138395544
9243,1,0.7582344797155472
9244,0,0.3262178777227537
9245,0,0.31547863622864974
9246,0,0.24706587240087952
9247,1,0.8084399547864556
9248,0,0.2331280725163886
9249,0,0.6704409728672952
9250,0,0.23564584610101444
9251,1,0.7887546116735246
9252,0,0.32380267980683897
9253,0,0.23412199037501075
9254,0,0.8578320054288316
9255,1,0.39110410623766273
9256,0,0.19469228170255165
9257,1,0.3590211507348461
9258,0,0.16435546805414933
9259,0,0.6737950470214527
9260,0,0.359612832401648
9261,0,0.24648651122931342
9262,1,0.607966319391755
9263,0,0.2083575426936721
9264,0,0.8843746717328612
9265,0,0.1833782074526595
9266,0,0.29943070239319386
9267,0,0.3440791284779419
9268,0,0.3490417502402693
9269,0,0.328828074261356
9270,0,0.26042129921687357
9271,0,0.22208370544624428
9272,1,0.6823986603610837
9273,0,0.2610856648929158
9274,0,0.8051965797546154
9275,0,0.45789507970012516
9276,0,0.3961156411569216
9277,0,0.3025692649785864
9278,1,0.7016880846955945
9279,1,0.6488876878750622
9280,0,0.4950516026222058
9281,0,0.4140462059148337
9282,1,0.8313601929473267
9283,0,0.38130868793781336
9284,0,0.1990789614874808
9285,0,0.37457082388242546
9286,0,0.22916402599824093
9287,0,0.34919343900655947
9288,0,0.14494089205828947
9289,0,0.2733551112697281
9290,0,0.3579597161299117
9291,1,0.6681151774357877
9292,0,0.3297766062703017
9293,0,0.2480015018776991
9294,0,0.2562924005343669
9295,0,0.34787628422002265
9296,1,0.3190675691721328
9297,0,0.8032153122774365
9298,0,0.4420482507872044
9299,0,0.2918744899435459
9300,1,0.29382141594863054
9301,0,0.18924280755266829
9302,0,0.2745945883276702
9303,1,0.4087349006010059
9304,0,0.655306787804946
9305,0,0.5893817477943674
9306,1,0.8703091570817933
9307,0,0.2360496915978684
9308,1,0.3708032792998792
9309,0,0.378526769059778
9310,1,0.6654631082719509
9311,0,0.3069488582911612
9312,1,0.9173036452326341
9313,0,0.24861880802635558
9314,0,0.06626895868718083
9315,0,0.31014555809324607
9316,1,0.3353183884847701
9317,1,0.7041946295329095
9318,0,0.4550669077716213
9319,0,0.1442266599387159
9320,0,0.37720804897807675
9321,0,0.08073059249945508
9322,1,0.48370232353218406
9323,0,0.35454170156161496
9324,0,0.5276648828288956
9325,0,0.2526123416274455
9326,1,0.8327194019234645
9327,0,0.45737125174980375
9328,0,0.17288344594140248
9329,1,0.9178696462896293
9330,1,0.4465938776583973
9331,0,0.356455090191154
9332,0,0.3399163946073647
9333,1,0.8285778945217807
9334,0,0.12888294761136543
9335,0,0.5502956030184567
9336,1,0.7088064531891767
9337,1,0.4510572062134763
9338,0,0.20563316532438736
9339,0,0.6173791615685316
9340,0,0.412802343949952
9341,1,0.44873045401360284
9342,0,0.4283342952198548
9343,1,0.8231640142363043
9344,0,0.15647643616229015
9345,0,0.3680683962243606
9346,1,0.46804894972028604
9347,0,0.17629196124418528
9348,0,0.22844851587213624
9349,1,0.9006761939665334
9350,0,0.34112412535647657
9351,0,0.44409323247393834
9352,0,0.6595117851983602
9353,0,0.3351362343144329
9354,0,0.31267167680554764
9355,0,0.2188130525918427
9356,0,0.28038398610883974
9357,0,0.21207442583885544
9358,0,0.3439712377784069
9359,1,0.4711205278477263
9360,0,0.3440922437530349
9361,0,0.25000908017368834
9362,0,0.1287446542763625
9363,0,0.37303880375952964
9364,0,0.5668788637413241
9365,1,0.6393202959319041
9366,0,0.16843012799877838
9367,1,0.5556253755316992
9368,1,0.8811629959791253
9369,1,0.7625810595471466
9370,0,0.22324833724754028
9371,0,0.3514721243228689
9372,1,0.5382667810932089
9373,0,0.46627886569439303
9374,0,0.17759397022228204
9375,0,0.264100623048822
9376,0,0.20458421830648568
9377,1,0.49281233414271847
9378,1,0.9586615999981225
9379,0,0.16203548381740798
9380,0,0.29238146379011926
9381,1,0.9105607513417796
9382,1,0.5172496492132351
9383,0,0.10637615568619481
9384,0,0.7346092814766942
9385,0,0.6262980111530192
9386,0,0.15573735109723366
9387,0,0.43884721852350445
9388,1,0.19918490523720178
9389,1,0.3381899026152619
9390,0,0.14538805350989098
9391,0,0.6544730864085131
9392,0,0.20936687527585676
9393,0,0.44918959842328393
9394,0,0.2666776387917116
9395,1,0.8294064073683626
9396,0,0.15650376154467296
9397,0,0.30738481417624935
9398,0,0.30198835728201384
9399,0,0.19730951538895203
9400,0,0.3988793357248999
9401,0,0.8796770029965785
9402,0,0.311306741617869
9403,1,0.4384456947933792
9404,0,0.09365195576268392
9405,0,0.214459525045895
9406,1,0.9343690176856585
9407,0,0.13689070209027254
9408,0,0.1511771666813981
9409,0,0.17500736241694587
9410,1,0.4849094317553173
9411,0,0.2974316037486772
9412,0,0.32881482512913807
9413,0,0.24468012090759728
9414,0,0.16833967703007194
9415,0,0.30522237367835675
9416,0,0.43777107919398517
9417,0,0.5543697704900035
9418,0,0.34327552592964566
9419,0,0.38158736658417053
9420,0,0.20028705672911562
9421,0,0.4001783016862012
9422,1,0.720726726612571
9423,0,0.3851456723692385
9424,0,0.18113208752058318
9425,0,0.4354947110099999
9426,0,0.5388218627737985
9427,0,0.2016301802028812
9428,0,0.5917443084298838
9429,0,0.2068036442474436
9430,0,0.2750300494734627
9431,0,0.17308549757099706
9432,0,0.37381290369219883
9433,0,0.10612243350696227
9434,0,0.1769000964965614
9435,1,0.6788721854134212
9436,1,0.4609632812384611
9437,0,0.348785984064044
9438,0,0.23493490016657728
9439,0,0.24305877197564396
9440,1,0.6198616490185415
9441,1,0.8237187128160045
9442,1,0.6899108929361063
9443,0,0.15206574630984776
9444,1,0.8640525662613422
9445,0,0.7439139374638447
9446,0,0.12876669511804056
9447,0,0.534200802350766
9448,1,0.5802153310112864
9449,0,0.30251205835358136
9450,0,0.8319661354862308
9451,0,0.18396660296999065
9452,0,0.13869920108362618
9453,0,0.16215308885686117
9454,0,0.35026432072063635
9455,0,0.6928004324092343
9456,0,0.08178428895314871
9457,0,0.22931206921499814
9458,0,0.16869281383497758
9459,1,0.6144805788059784
9460,1,0.5130946683741342
9461,0,0.28175152131059167
9462,0,0.5976279978817038
9463,0,0.355792226796971
9464,0,0.7591155941897647
9465,0,0.3764227121891085
9466,1,0.4446004747436714
9467,1,0.35716818812376944
9468,0,0.2911350365944538
9469,0,0.18549382023022043
9470,0,0.7903975384505749
9471,0,0.18926749318831362
9472,0,0.22593797619633013
9473,0,0.4555297961000543
9474,0,0.2591227514765568
9475,0,0.15796676942828206
9476,1,0.934726318433339
9477,0,0.3257528516054549
9478,0,0.37596213242140275
9479,0,0.3042902596378234
9480,0,0.2099615149364824
9481,0,0.1983949796905686
9482,0,0.15253196605624705
9483,0,0.38513790353945426
9484,1,0.5054082864040523
9485,1,0.6619320688086767
9486,0,0.37740633622598246
9487,1,0.35050810136495
9488,0,0.35709805264633254
9489,0,0.346531372655415
9490,0,0.27477426549338224
9491,0,0.2991959864611097
9492,0,0.577043021477176
9493,0,0.2818834972649309
9494,1,0.49087577907394747
9495,0,0.18477280357591422
9496,0,0.41831393361666735
9497,0,0.28779618279759406
9498,1,0.7794235228664056
9499,0,0.2495619431975657
9500,0,0.3834485281118327
9501,1,0.6165980235667422
9502,0,0.6040629902262878
9503,0,0.6328631445245793
9504,0,0.3705246605328758
9505,0,0.3325434172239277
9506,1,0.621149771828016
9507,0,0.3779098489599416
9508,0,0.3738868657318035
9509,0,0.3507721407409482
9510,0,0.3819993540830112
9511,0,0.45289309418257495
9512,0,0.10955815067226422
9513,0,0.1898222126136908
9514,0,0.13947748960099093
9515,0,0.2745134330684986
9516,0,0.12949353882119038
9517,0,0.2653019034730069
9518,0,0.41522218356758195
9519,0,0.19588383193056041
9520,0,0.3421860966076451
9521,1,0.45601758190976815
9522,0,0.4396143880531004
9523,0,0.17569280474160526
9524,0,0.3195020050739712
9525,1,0.3154080167818116
9526,0,0.1450936127009715
9527,0,0.8193659032465487
9528,0,0.23469661671998515
9529,0,0.5949335721727731
9530,1,0.8183655503135381
9531,0,0.10623669374931953
9532,0,0.2846528447506768
9533,0,0.5506324256591029
9534,1,0.9602943981696446
9535,0,0.2497115705479026
9536,1,0.38274490568710545
9537,0,0.7595480762499175
9538,0,0.13642961988024693
9539,0,0.23906664650081486
9540,0,0.6031142028366661
9541,0,0.20111629121678654
9542,0,0.49759919361011895
9543,0,0.2829609183511399
9544,0,0.42015849816040834
9545,0,0.17901450692771284
9546,0,0.48932715831779694
9547,0,0.3331492412148737
9548,0,0.5537989350734747
9549,1,0.8051645434970325
9550,1,0.4501423921961476
9551,1,0.43151426401468607
9552,0,0.22010933159875104
9553,0,0.582354910268996
9554,1,0.3462389836006662
9555,1,0.6201047944479069
9556,0,0.8024644878674853
9557,1,0.4931077036033253
9558,0,0.6402158276195467
9559,0,0.18471591459232226
9560,0,0.2752464248689081
9561,1,0.7784871248527034
9562,0,0.3657914780842468
9563,0,0.5857522702998582
9564,0,0.1528068949913188
9565,0,0.24713038475105523
9566,1,0.8944095279957515
9567,0,0.17292914458039305
9568,0,0.14627440245668777
9569,1,0.8644468477692319
9570,0,0.179835033768146
9571,0,0.15965687144551613
9572,0,0.24279325087919923
9573,0,0.2519791595427474
9574,0,0.28445682777944475
9575,0,0.6949855079860668
9576,0,0.4602421010370563
9577,0,0.29541554771085815
9578,1,0.8335568127275937
9579,0,0.21758969511936205
9580,0,0.583878445308008
9581,0,0.18780181695085926
9582,0,0.3665920314284329
9583,0,0.7586778789966775
9584,1,0.8347426447097099
9585,0,0.46228599912692103
9586,0,0.2460170241605495
9587,0,0.20402969260968207
9588,1,0.67000727976997
9589,1,0.4088050393271959
9590,0,0.1127576111015391
9591,1,0.4953462820996839
9592,1,0.42772464663382176
9593,0,0.21605322256090037
9594,1,0.4584414790294051
9595,1,0.9030621435297218
9596,1,0.4519012927191513
9597,0,0.6636011402394827
9598,0,0.18288366773988549
9599,0,0.5764505178913897
9600,1,0.8936812450169598
9601,0,0.2856109726521842
9602,0,0.46050918562440024
9603,0,0.34365353329851606
9604,0,0.1733082534312587
9605,0,0.5737145179468498
9606,0,0.8416940708139359
9607,0,0.12928478698557605
9608,0,0.36115335665067677
9609,0,0.3553121095992909
9610,0,0.2586202230061038
9611,0,0.7745839442257213
9612,0,0.17152783850781683
9613,0,0.3252184510851024
9614,0,0.12753245192654286
9615,0,0.7861693323486851
9616,0,0.1797080290023954
9617,1,0.45378379747458675
9618,0,0.45599536825839265
9619,1,0.44046785878039413
9620,1,0.4290040136161381
9621,0,0.3356533858863254
9622,0,0.2725732027414082
9623,0,0.363564974977979
9624,0,0.4284069308198758
9625,0,0.8113977041073186
9626,0,0.12877869540143722
9627,0,0.1462262161988789
9628,1,0.3813730159203845
9629,0,0.34391444262365617
9630,1,0.9629636534802798
9631,0,0.3374122523252746
9632,1,0.38804551759498734
9633,0,0.31742049366583225
9634,0,0.4113116260434122
9635,0,0.15283214132032902
9636,0,0.37138471332640405
9637,1,0.9073496278428727
9638,0,0.4597649944076274
9639,1,0.9161865221911748
9640,0,0.6889391343022688
9641,0,0.2587156384134977
9642,1,0.30802942473241685
9643,0,0.19958377132787658
9644,0,0.14361736564811622
9645,1,0.8133491861612557
9646,0,0.22944980602047027
9647,0,0.3722481512667446
9648,0,0.3398061330643442
9649,0,0.16516888966303442
9650,0,0.41930591988564364
9651,1,0.6903902469726991
9652,0,0.1197891722212705
9653,0,0.1655419624445141
9654,0,0.2856053512418679
9655,0,0.17026606264070906
9656,0,0.5257165697408189
9657,0,0.30000756397298356
9658,0,0.6813904128212335
9659,0,0.3400550274308686
9660,0,0.27856270056821175
9661,1,0.21820966837540534
9662,1,0.39419986536230217
9663,0,0.4621771179098797
9664,0,0.36988551906899825
9665,0,0.3670750510827846
9666,0,0.3015327827982606
9667,0,0.46127099564982993
9668,0,0.2042109994076075
9669,0,0.2307994746537595
9670,0,0.47588212794864837
9671,1,0.630856763898604
9672,0,0.14616514093244676
9673,1,0.5282434974592461
9674,0,0.34403572206405675
9675,1,0.4363819291781319
9676,1,0.3383557755311679
9677,0,0.7196876567506072
9678,1,0.8747656515271163
9679,0,0.19763756027124835
9680,1,0.7940981318147393
9681,1,0.24859242592307043
9682,1,0.8922493326140927
9683,0,0.39780044830764266
9684,0,0.261467606045455
9685,1,0.29392190990555767
9686,0,0.279581934203014
9687,0,0.5492555044961501
9688,1,0.9122669033061857
9689,0,0.09239925032565685
9690,1,0.8797826457010746
9691,0,0.37407884272833003
9692,0,0.1821627901758541
9693,0,0.3166389463546325
9694,1,0.32720251623666785
9695,0,0.11786163734616599
9696,0,0.28110538308891797
9697,0,0.2487243625844818
9698,1,0.7633369479780693
9699,1,0.40252570122998244
9700,1,0.48056794994329266
9701,0,0.15406365548255307
9702,1,0.8810445795912983
9703,1,0.6046966112962022
9704,0,0.22727153239702377
9705,0,0.6558049115809843
9706,1,0.8152002200507301
9707,0,0.1650080740787267
9708,0,0.6706516234594022
9709,0,0.8436935935892391
9710,0,0.18977368341840678
9711,0,0.23070111767996937
9712,0,0.27582112318559854
9713,0,0.056455149065582175
9714,1,0.6137457412020054
9715,0,0.17596271117686668
9716,0,0.3049336918923097
9717,0,0.25411095563674635
9718,1,0.44372589893653364
9719,0,0.3348093156883006
9720,1,0.6646124613399891
9721,1,0.4053208586388847
9722,0,0.37876636844115646
9723,0,0.7030970516935839
9724,0,0.19196218965389503
9725,0,0.3743919698596569
9726,0,0.29599705891974726
9727,0,0.23374737675405316
9728,0,0.3585058529605379
9729,1,0.7300558368988679
9730,0,0.23441888873327038
9731,0,0.389226849382276
9732,1,0.4893398765089704
9733,1,0.5145534740668478
9734,1,0.7658391805382915
9735,0,0.2949395475557769
9736,0,0.5200436376223162
9737,0,0.5911391408594675
9738,0,0.2018921550967421
9739,0,0.29381102449882474
9740,0,0.2577667201825491
9741,0,0.1713187855941703
9742,0,0.1972390461241804
9743,0,0.35436964993475883
9744,0,0.42443354609146766
9745,1,0.8195990913986535
9746,1,0.8971422679737857
9747,0,0.21269448258002843
9748,0,0.2750153134330058
9749,0,0.5014375024528109
9750,1,0.6376922680467988
9751,0,0.5864694776130135
9752,0,0.26716931376859226
9753,1,0.29566593958096865
9754,0,0.1226227372952124
9755,0,0.6219800247206035
9756,0,0.2311773734593554
9757,1,0.8239865603052501
9758,0,0.6051969338695674
9759,0,0.1138980414567461
9760,0,0.3654221372060595
9761,1,0.3676329230125595
9762,0,0.15574587464553258
9763,0,0.23549897378838933
9764,1,0.3632975880883356
9765,0,0.6285649422477755
9766,0,0.19799191204327532
9767,0,0.2845376523111099
9768,1,0.8144029731217529
9769,0,0.16364636780253863
9770,1,0.44712078806638234
9771,0,0.08164408547318844
9772,1,0.4421719329967788
9773,1,0.6921257526905227
9774,1,0.9024739249282464
9775,0,0.28246396612296143
9776,0,0.36961674510865256
9777,0,0.2293357190035511
9778,0,0.23087334807506907
9779,0,0.47253589636772825
9780,0,0.3403190486295206
9781,0,0.3310599136249591
9782,0,0.587582653996992
9783,0,0.1774741830448933
9784,0,0.38470802837962326
9785,0,0.1924876423553518
9786,0,0.22162531486542097
9787,0,0.3074605576145199
9788,1,0.6814390236371533
9789,0,0.202945565420044
9790,0,0.1161671131677463
9791,1,0.869617381279009
9792,0,0.46398066114476955
9793,0,0.38480324464715876
9794,0,0.5642843563234375
9795,1,0.4557750502539878
9796,0,0.26376525705164494
9797,0,0.4508801697676853
9798,1,0.5287472618162075
9799,1,0.5193653010798108
9800,0,0.6661092021819093
9801,0,0.16878892284173247
9802,0,0.2182584398225596
9803,0,0.21735811594608112
9804,0,0.27775645154988643
9805,0,0.15152132311513092
9806,0,0.20200362385244872
9807,0,0.1400022924423879
9808,1,0.7920158419005595
9809,0,0.4566730511662789
9810,0,0.24289890049595889
9811,1,0.754221295842555
9812,0,0.2599985832852152
9813,1,0.5104333999479513
9814,0,0.1930651058511182
9815,1,0.963418160580138
9816,0,0.42681504816847576
9817,1,0.8379052449343614
9818,0,0.1373005989501552
9819,0,0.44706252860880696
9820,0,0.27923708918326207
9821,1,0.7892204538703175
9822,0,0.46708858219779065
9823,0,0.3228295604375624
9824,0,0.37587396470940176
9825,1,0.8955580937174052
9826,1,0.8730818633808626
9827,0,0.36952861403998055
9828,0,0.16310705241854437
9829,1,0.8476115619860951
9830,0,0.19922096774804934
9831,1,0.4098688108509823
9832,0,0.42848247153330776
9833,1,0.8486333487069753
9834,0,0.2961193193567036
9835,0,0.2128277572160028
9836,1,0.2840149515174067
9837,0,0.8205207179222633
9838,1,0.21094276327157854
9839,0,0.17253445990389524
9840,1,0.879211294662844
9841,1,0.9634049777471881
9842,0,0.24477713067434861
9843,0,0.43673198042913147
9844,0,0.8387994584024875
9845,0,0.14197030808345057
9846,0,0.32533704153521315
9847,1,0.39562585521205834
9848,0,0.1897220073990773
9849,0,0.13993920540153842
9850,0,0.38602322849041215
9851,0,0.37538278451266144
9852,1,0.4307225462772404
9853,1,0.46557160132626074
9854,0,0.1853454521880844
9855,0,0.42283348091980527
9856,0,0.18391264120617493
9857,1,0.46869028767274484
9858,0,0.5347029317521167
9859,0,0.5157653736098294
9860,0,0.3126552438239424
9861,0,0.3921176442359191
9862,0,0.4881394573693044
9863,0,0.20281738448464823
9864,0,0.36700115126744093
9865,0,0.2834521494828483
9866,1,0.30238309318833145
9867,0,0.12512086981839274
9868,0,0.14949473064095897
9869,1,0.8379327082704866
9870,0,0.21314306073176656
9871,1,0.8312824058914682
9872,0,0.24282169833637166
9873,0,0.33256987435562285
9874,0,0.5082760149627482
9875,0,0.32879552285804003
9876,0,0.15746682489944347
9877,1,0.7967303948250535
9878,0,0.41437777857363334
9879,1,0.7052204473154969
9880,0,0.1370924877091313
9881,1,0.5893027489302829
9882,0,0.5365886776288802
9883,0,0.8640720175836895
9884,0,0.10363565910573781
9885,0,0.27420279034758893
9886,0,0.38957817504016407
9887,1,0.6915941485893717
9888,0,0.1830558538513629
9889,0,0.22621197172949803
9890,0,0.12029167420428327
9891,0,0.4275168115092734
9892,0,0.8720665835304466
9893,0,0.3506298433737917
9894,0,0.5812681244845933
9895,0,0.7775349057341601
9896,0,0.4533633388126848
9897,0,0.4033636900189957
9898,0,0.5215517369653627
9899,0,0.40931633962837843
9900,0,0.2491383786718877
9901,0,0.37201597631351596
9902,0,0.43347115571718237
9903,1,0.41748551028130804
9904,0,0.16148301081886768
9905,0,0.2786829137404964
9906,0,0.4830089990457776
9907,0,0.235385571171829
9908,0,0.3893303167457022
9909,1,0.4178846928453304
9910,1,0.45760078834971657
9911,0,0.26119633970883904
9912,0,0.3402344089794724
9913,0,0.395869026027132
9914,0,0.16144604978919436
9915,0,0.3420635609101443
9916,0,0.1015434389836523
9917,1,0.9635293467249624
9918,0,0.30090036395301184
9919,0,0.14235872053983598
9920,0,0.11785148075549852
9921,0,0.4124284772807091
9922,0,0.4187206590665094
9923,0,0.179023440553077
9924,0,0.4448861996475888
9925,1,0.6680504253303409
9926,0,0.5074279436816478
9927,0,0.3423108901728598
9928,0,0.2638305172602199
9929,0,0.3608171198636192
9930,0,0.4059043990381898
9931,0,0.24068945749493006
9932,0,0.4825482219494658
9933,0,0.2598432345639493
9934,1,0.5853175158577604
9935,1,0.6047747823913722
9936,0,0.1812611791954384
9937,0,0.2666967168319719
9938,1,0.7479626431845806
9939,0,0.2652457239352605
9940,0,0.7488456632713807
9941,0,0.4494885523389383
9942,0,0.26762540842307336
9943,1,0.29708280638580403
9944,0,0.3493008853575278
9945,0,0.19435416989908894
9946,0,0.28132281974213297
9947,0,0.21394336676201894
9948,0,0.4342900489074825
9949,0,0.31501948911134475
9950,1,0.8615539274724446
9951,0,0.4108744351059063
9952,1,0.9116999667701288
9953,0,0.4194273988407226
9954,0,0.1805176839428468
9955,0,0.5181480532797302
9956,1,0.6329453180092458
9957,0,0.39205758116494366
9958,0,0.26192768400990896
9959,1,0.855275278192151
9960,1,0.563226983297369
9961,0,0.4211209636205448
9962,0,0.7683040488126273
9963,0,0.3467991760857851
9964,0,0.3326930895331657
9965,0,0.1771037972687345
9966,0,0.6716585155624264
9967,0,0.24578743622852003
9968,0,0.1124068895030377
9969,0,0.3857211207345215
9970,0,0.2602857176538977
9971,0,0.2798219622682697
9972,0,0.3234664066420029
9973,0,0.31598143930354006
9974,0,0.5087518579272251
9975,0,0.5157266716085591
9976,0,0.468952037393571
9977,0,0.21659259183995894
9978,0,0.20745733176817488
9979,0,0.22065015720459408
9980,0,0.3202407616305029
9981,0,0.3636912679463136
9982,1,0.891608415620442
9983,0,0.3102758117755957
9984,1,0.3969960200035043
9985,1,0.28895707114146757
9986,1,0.43216624184441527
9987,0,0.29496519122839415
9988,0,0.6952051182453034
9989,0,0.732976190416355
9990,1,0.878274537905168
9991,0,0.6784746643812852
9992,0,0.152948081897305
9993,1,0.32880280426850705
9994,0,0.6516024119589635
9995,1,0.7118258845895005
9996,0,0.289102925531182
9997,0,0.1539059387664719
9998,0,0.3286461107098297
9999,1,0.8225112944956733
10000,0,0.28543712179682357
10001,0,0.4550036894406231
10002,0,0.3431355061806709
10003,1,0.7981317044110905
10004,0,0.5027809475646907
10005,0,0.34436405996144304
10006,0,0.24269625269358408
10007,1,0.452984618282918
10008,0,0.220502834107238
10009,0,0.29875774446702796
10010,0,0.2561479908075647
10011,0,0.6419997655108909
10012,0,0.2642748682139424
10013,0,0.19114300617749502
10014,1,0.7581300772726652
10015,0,0.25940599652384555
10016,0,0.2932712806090639
10017,0,0.787076476781166
10018,0,0.7950523388029158
10019,1,0.6624002203612023
10020,0,0.8241203517353245
10021,0,0.4729980413211219
10022,0,0.3348561517111372
10023,0,0.3021426717651577
10024,0,0.26929113268534616
10025,1,0.43641488294468384
10026,0,0.3758180849783853
10027,0,0.21314970841895695
10028,0,0.19341376295685175
10029,0,0.7008182886648622
10030,1,0.8580505722610445
10031,0,0.16780711895121347
10032,0,0.11561938390359178
10033,0,0.24004673715258554
10034,0,0.3259708778090886
10035,0,0.20911469378770142
10036,0,0.3338301099575729
10037,0,0.19484689527975985
10038,0,0.158514605983536
10039,0,0.2313513213154551
10040,0,0.14499007937318623
10041,0,0.32677874175938704
10042,0,0.18568478816023723
10043,0,0.3836627231346148
10044,0,0.24602135859014124
10045,1,0.7946901790648555
10046,0,0.2919860095318106
10047,0,0.2578508792857196
10048,1,0.6775996603100176
10049,0,0.13295697714094365
10050,1,0.8993444176241939
10051,0,0.34895146078574585
10052,1,0.4533971520388523
10053,0,0.35489328654768904
10054,0,0.4809058654419004
10055,0,0.37342917789017543
10056,0,0.24883763893988387
10057,0,0.6188118518191074
10058,0,0.21268943001566273
10059,0,0.22369495676390888
10060,0,0.19835394265299044
10061,0,0.35292306833277104
10062,0,0.4762626744172889
10063,0,0.5774400747264059
10064,0,0.6008462501281078
10065,0,0.4402067394766431
10066,0,0.2096467576513005
10067,0,0.30545916789772887
10068,0,0.13739568880616962
10069,0,0.2438234060521095
10070,0,0.18989839815769197
10071,0,0.17533626611960035
10072,0,0.4168428365916067
10073,0,0.5849819218571867
10074,0,0.3085688089837987
10075,0,0.3245938585872263
10076,1,0.8647658708778738
10077,0,0.19668545850011912
10078,0,0.2894756990545784
10079,1,0.7568051677086183
10080,0,0.659504516433442
10081,1,0.34491603119248515
10082,0,0.5371808346308135
10083,0,0.11853885913720888
10084,0,0.2996264671866471
10085,0,0.7514870410542746
10086,0,0.2535042013801753
10087,0,0.1791859556336974
10088,0,0.14655862550813029
10089,0,0.2369770706869855
10090,0,0.15008296892920822
10091,0,0.22089200746667598
10092,0,0.37970829743030904
10093,0,0.2480990848404734
10094,0,0.7106216562132499
10095,1,0.2650400101636857
10096,0,0.2912528969478052
10097,0,0.3837292539947353
10098,0,0.15269521534607508
10099,0,0.12843223877302112
10100,0,0.21273808514840856
10101,0,0.1859356640571934
10102,0,0.1275370569307486
10103,0,0.26332974167964734
10104,1,0.8318433854699319
10105,1,0.42551510520913155
10106,0,0.3869850907907213
10107,0,0.5103739449646255
10108,1,0.7966474527963093
10109,0,0.31738273907523146
10110,0,0.4947076622631487
10111,0,0.6971973810153064
10112,1,0.8221134929776166
10113,1,0.6806576692547341
10114,0,0.46898153453821245
10115,1,0.6300490967073568
10116,1,0.3663954328804682
10117,0,0.16849592944854166
10118,0,0.17483679971255114
10119,0,0.662391590082595
10120,0,0.24321003989030163
10121,0,0.2552737309114847
10122,0,0.7762912353797017
10123,0,0.13676236140822395
10124,1,0.8292754796707499
10125,0,0.16248405275957023
10126,0,0.3816559638647409
10127,0,0.14989627431646477
10128,0,0.31050586697232857
10129,0,0.8961879533111085
10130,0,0.18100605553838003
10131,0,0.3436072518235357
10132,1,0.8222678211239886
10133,1,0.4347178540320716
10134,1,0.40666874097487005
10135,0,0.32596509092956016
10136,1,0.8228836462881223
10137,1,0.7231199895065252
10138,1,0.7638202961109056
10139,0,0.17827344172299206
10140,0,0.3764844709171119
10141,1,0.8499897564446718
10142,0,0.4819930430473304
10143,1,0.4494640697736562
10144,1,0.9256239120023173
10145,0,0.5540873852772
10146,0,0.3706741410004763
10147,0,0.5794733614102738
10148,0,0.26421558977161214
10149,0,0.3357068430909116
10150,0,0.35919110729542575
10151,1,0.6810102734523343
10152,0,0.6477758582319264
10153,0,0.5496617523027871
10154,0,0.12044074999822003
10155,0,0.3770361163031768
10156,0,0.13500460343122084
10157,0,0.3110424498760516
10158,0,0.47967766691886765
10159,0,0.6665148195257656
10160,1,0.9131947072885006
10161,0,0.24427343211544086
10162,0,0.1925175255148633
10163,0,0.38921690372094836
10164,0,0.1275090043058427
10165,0,0.23205697167205222
10166,0,0.7358611884423328
10167,0,0.7533052700713452
10168,0,0.420329446633035
10169,0,0.3622893627062891
10170,0,0.5531992631266857
10171,0,0.3805478213561785
10172,1,0.5312026864670306
10173,0,0.19725558034259816
10174,0,0.3860443063615543
10175,0,0.33795698707082544
10176,0,0.22956491040062005
10177,0,0.34906347272804944
10178,0,0.19412149528987171
10179,0,0.40770526179013294
10180,0,0.791952740108998
10181,0,0.11267499145383858
10182,1,0.8501774626510986
10183,1,0.8264902398258627
10184,0,0.2794714956134941
10185,0,0.41876156243445317
10186,0,0.6926861956068635
10187,0,0.18453157329998013
10188,0,0.3015396293117206
10189,0,0.11754214700834749
10190,0,0.1952016432648137
10191,0,0.17769594277099185
10192,0,0.39975375281409237
10193,1,0.5452920752586142
10194,0,0.5228988161088056
10195,0,0.30533804890830224
10196,0,0.23322168269239543
10197,0,0.23398655762044884
10198,0,0.12039876603847219
10199,0,0.5956680736527068
10200,0,0.37270118012841086
10201,0,0.3417764363403953
10202,0,0.3622664349092659
10203,0,0.3407264304243873
10204,0,0.15848408696216962
10205,0,0.39063402101781897
10206,1,0.25655147368754205
10207,0,0.5640339311631355
10208,0,0.3541034450844791
10209,0,0.7954775370620152
10210,0,0.25375106676520615
10211,0,0.6815677355661837
10212,0,0.34560538370378585
10213,1,0.9245511653437481
10214,0,0.3050696572143918
10215,0,0.16292996374918772
10216,0,0.6718074084759061
10217,0,0.5873168040095809
10218,0,0.21851322435533618
10219,0,0.8384704136429256
10220,0,0.4087045594350656
10221,0,0.3235583572477166
10222,1,0.38995430468149395
10223,0,0.12280806639205628
10224,0,0.23889590056346055
10225,0,0.38447633249550933
10226,0,0.12714184035715412
10227,0,0.2481787111417934
10228,0,0.7771130749144751
10229,0,0.2640330881614495
10230,1,0.41641351480910516
10231,0,0.20790337023265645
10232,0,0.5922852525301816
10233,0,0.2603523954891386
10234,1,0.8769905341897857
10235,0,0.3376829077640873
10236,1,0.8270918758109689
10237,0,0.21796390864924942
10238,0,0.42071352801697565
10239,1,0.5308164857435016
10240,0,0.2848781462464827
10241,0,0.2540729207454346
10242,1,0.7025907051559941
10243,1,0.6376631883689687
10244,0,0.05227077915879644
10245,0,0.3568749903382596
10246,0,0.5466303320392405
10247,1,0.5752168449446109
10248,0,0.4928143346181604
10249,0,0.4147921811638278
10250,1,0.5140290661640001
10251,0,0.16440199888138948
10252,0,0.1259290980714961
10253,1,0.48317905102053205
10254,1,0.6258435218580506
10255,0,0.16662215844304648
10256,1,0.4475709724537377
10257,0,0.24872941755307054
10258,0,0.3200517335936952
10259,0,0.4411488884656744
10260,0,0.24224349623036276
10261,0,0.6108108144040405
10262,1,0.41579599984982096
10263,0,0.45988490029668727
10264,0,0.2526536933899747
10265,0,0.3844291684617771
10266,0,0.3276906661894157
10267,0,0.15592914984917464
10268,1,0.4309762810343474
10269,0,0.5635363051617073
10270,0,0.3143537284980857
10271,0,0.11042449744333639
10272,0,0.19153529639672498
10273,1,0.6399366436455707
10274,0,0.1360804449290214
10275,1,0.334432564953144
10276,1,0.44407051281996857
10277,0,0.15393671259017802
10278,0,0.314510545926069
10279,0,0.6282348885193003
10280,0,0.19273443696692355
10281,1,0.3446196637708905
10282,0,0.20688914735849728
10283,0,0.1269331703078592
10284,0,0.1414210714465097
10285,1,0.4113053241078296
10286,1,0.4408331480055033
10287,0,0.3510862929686002
10288,1,0.4523731092249582
10289,0,0.47979934761146714
10290,0,0.3126080328003847
10291,0,0.3569446092546196
10292,0,0.25346051220250354
10293,0,0.6463145607406721
10294,0,0.29491357311557015
10295,0,0.11370895103818837
10296,0,0.331139750848647
10297,0,0.14439509614464177
10298,0,0.378507354001966
10299,0,0.49038299538425767
10300,0,0.37684789297920845
10301,0,0.3889494061673895
10302,0,0.15050771865531404
10303,0,0.31322428365320465
10304,0,0.1917446978072749
10305,1,0.39787067013782235
10306,0,0.5552937482111133
10307,0,0.6671239820128858
10308,0,0.2530058964899654
10309,0,0.5759498112042732
10310,1,0.39215237923757906
10311,0,0.2485754516816203
10312,0,0.29551019621673996
10313,1,0.44964798007252627
10314,0,0.11199895373207942
10315,0,0.3883873337750846
10316,1,0.38537807016984893
10317,0,0.47591865187961324
10318,0,0.4291638570704659
10319,0,0.1300191410248559
10320,0,0.7201095505072783
10321,0,0.19169701051175575
10322,0,0.2375088578621914
10323,1,0.899069845766295
10324,0,0.25145289098722423
10325,0,0.6222916015343369
10326,0,0.2547512407656523
10327,0,0.20209014697187108
10328,0,0.39409027884554343
10329,0,0.4763477195425714
10330,0,0.4744622528758301
10331,0,0.3634157222431887
10332,0,0.30146333158950284
10333,0,0.3617083758341791
10334,0,0.15612266794756766
10335,0,0.7622114528830696
10336,0,0.35423348531229093
10337,0,0.20531622186607848
10338,0,0.7288232254694479
10339,0,0.3030014706433508
10340,1,0.79252375270278
10341,0,0.30378875511423986
10342,0,0.21485131861304863
10343,0,0.4433885690489157
10344,0,0.10609799890602378
10345,0,0.2622384750071058
10346,0,0.12405093987164102
10347,0,0.13825701525140535
10348,1,0.6674051358140758
10349,1,0.7986410910480664
10350,0,0.4051352874704783
10351,0,0.3043471619121134
10352,0,0.4674431833692932
10353,0,0.2915206591155172
10354,1,0.5193852786530823
10355,0,0.18949965793535317
10356,0,0.1414948545955098
10357,0,0.16805518737693192
10358,0,0.8411005343724756
10359,1,0.8311879288927182
10360,0,0.33484544435311414
10361,0,0.3845839612718355
10362,0,0.3666578226356856
10363,0,0.3577947180864752
10364,0,0.24736343943678274
10365,0,0.46323589704628776
10366,0,0.1570039969461506
10367,1,0.8193063059592985
10368,0,0.34168565653760047
10369,0,0.16501830466568368
10370,1,0.777880003982131
10371,0,0.733234836343213
10372,1,0.6401536068231815
10373,0,0.20622110989056774
10374,0,0.35588404437159193
10375,0,0.11642057360541763
10376,0,0.25475009394261816
10377,0,0.407812516589063
10378,0,0.48689941208568016
10379,0,0.2832560918410565
10380,0,0.5206186089038457
10381,0,0.1548556829917983
10382,1,0.43090288423087714
10383,0,0.40242573424012407
10384,0,0.21758839331942553
10385,1,0.906196247951724
10386,0,0.2909650312683843
10387,0,0.770765973000724
10388,0,0.40285181082752813
10389,0,0.2561883810814461
10390,1,0.788841848660494
10391,0,0.7861467438259778
10392,1,0.39638734117438973
10393,0,0.15678461524974804
10394,0,0.06310893150591547
10395,1,0.4615189866772914
10396,0,0.1973779562139981
10397,1,0.7889373827702331
10398,0,0.27935322126995615
10399,0,0.37163463127340407
10400,0,0.4862073381730807
10401,0,0.41298629034477663
10402,1,0.4355875086941095
10403,1,0.41751906172142417
10404,0,0.18358485933123267
10405,0,0.30496215701075174
10406,1,0.8549351555376928
10407,0,0.25986402806848086
10408,0,0.8044663067998534
10409,1,0.3847442664249515
10410,0,0.16524170521340792
10411,0,0.49522956452177097
10412,0,0.25318561662435546
10413,0,0.255526045145374
10414,0,0.3027887313069571
10415,0,0.4001922675687939
10416,0,0.250701751870823
10417,0,0.39638267435063157
10418,1,0.9215884028021516
10419,0,0.39363920509630923
10420,0,0.5887605371605001
10421,1,0.8955797588789597
10422,0,0.35809906973795236
10423,1,0.675182521450964
10424,1,0.8607016304417918
10425,0,0.6542364370032491
10426,0,0.5819809171058807
10427,0,0.7150261218120542
10428,0,0.16475132848242222
10429,1,0.5630800312350138
10430,1,0.4225924814080676
10431,1,0.8406760549850137
10432,0,0.37342207821295736
10433,0,0.4168645792457879
10434,0,0.2847610532985064
10435,0,0.912918056572048
10436,0,0.23019861615679324
10437,0,0.38354656519784447
10438,0,0.3923796402750437
10439,0,0.32616254554007684
10440,0,0.8100561359239026
10441,0,0.15516471221595976
10442,0,0.8035731784132356
10443,0,0.6842827860134834
10444,0,0.10579259041656475
10445,0,0.3784089796208655
10446,0,0.43129864886445696
10447,0,0.3788969001818397
10448,0,0.08944842334043152
10449,1,0.4820731387481338
10450,0,0.3556640712913315
10451,0,0.6313192989141967
10452,1,0.4294700569773737
10453,0,0.3939224648720983
10454,0,0.11243496372116617
10455,0,0.6342250555192809
10456,0,0.630725641096934
10457,1,0.847427034804817
10458,1,0.42692357057371455
10459,0,0.33727376367716694
10460,1,0.7736623458050802
10461,0,0.5196536548457618
10462,0,0.08960944607327798
10463,0,0.31040530815637773
10464,0,0.44877584892552996
10465,0,0.5316075414671925
10466,1,0.36833873662434624
10467,0,0.1508172716117812
10468,0,0.2989365448988312
10469,0,0.28078995515874416
10470,1,0.3617861022950116
10471,0,0.6379650629853725
10472,0,0.35200871209819906
10473,0,0.12079147031620577
10474,0,0.3484957789088483
10475,0,0.3869105601428484
10476,0,0.2887268619975519
10477,0,0.26390167275307186
10478,1,0.8717212969359427
10479,0,0.342202090702289
10480,0,0.3428903413877235
10481,0,0.6584806534977732
10482,0,0.6944009606665641
10483,1,0.4156145832631672
10484,0,0.8008258727596104
10485,0,0.3815617453300164
10486,1,0.6906039482025276
10487,1,0.500317405377882
10488,1,0.6242290238115372
10489,0,0.23590311930391117
10490,0,0.41050688408313435
10491,0,0.4090069605283391
10492,0,0.2814055013361353
10493,1,0.47050565210321976
10494,0,0.293503427774938
10495,1,0.8446857375329995
10496,0,0.34446508591811836
10497,1,0.35735344303482536
10498,0,0.26216446762842893
10499,0,0.4472789593402065
10500,1,0.4543722791429502
10501,0,0.2516361131639097
10502,0,0.5195368857737732
10503,0,0.36257074096889186
10504,0,0.28510276444232985
10505,0,0.3355299171816272
10506,1,0.6148851449522271
10507,0,0.3454802152707744
10508,1,0.49119813056137374
10509,1,0.8898583330707192
10510,0,0.1379799428504993
10511,0,0.24592868645827276
10512,0,0.2808013548070605
10513,0,0.1789940952010326
10514,0,0.2525540914635702
10515,1,0.9161272575175267
10516,0,0.37663981469270774
10517,1,0.31491707264333224
10518,0,0.22466947693803885
10519,0,0.3479388851979062
10520,0,0.5079624548822977
10521,0,0.15485240666054195
10522,1,0.8092763575570752
10523,1,0.6140239768853515
10524,0,0.39439326081513554
10525,0,0.11033503812820059
10526,0,0.31035769463757895
10527,0,0.37358880082110224
10528,0,0.3073688144360889
10529,0,0.1626386043614588
10530,0,0.14222571301500211
10531,0,0.1405759048306472
10532,1,0.49067475762684454
10533,1,0.48804586949980705
10534,0,0.8972452377776386
10535,0,0.7835148083130059
10536,0,0.31788603184700476
10537,0,0.22747582508841646
10538,0,0.17549276870338656
10539,0,0.22288207002541116
10540,0,0.44127990933408656
10541,0,0.676916601513453
10542,0,0.2619125747604854
10543,0,0.08665064286369159
10544,0,0.3406750987546873
10545,0,0.4187610549226566
10546,1,0.38442081554575347
10547,0,0.34054764499971313
10548,0,0.30134108743379456
10549,1,0.8550088873409335
10550,0,0.41461708867291786
10551,0,0.056513359353895606
10552,0,0.19552037295903615
10553,0,0.4847220935327767
10554,0,0.3091987796993082
10555,0,0.38293856219058797
10556,0,0.28988757112317753
10557,0,0.08874497448130012
10558,0,0.19212473985149914
10559,1,0.9094200192424893
10560,0,0.5618097484008557
10561,0,0.19338526374872023
10562,1,0.6238494185511727
10563,0,0.3022557539755652
10564,0,0.7666730647228889
10565,0,0.7388678297832934
10566,0,0.13383583291641118
10567,0,0.3708401448586882
10568,0,0.5514143133458737
10569,0,0.32566118949084044
10570,0,0.1735792366849794
10571,0,0.1938971845415984
10572,1,0.8134423967288354
10573,0,0.2565832613978191
10574,0,0.19559859366337753
10575,0,0.2390608291357665
10576,0,0.362723202773509
10577,0,0.11808079457478003
10578,0,0.23127331462145484
10579,0,0.2635054824958626
10580,1,0.6987553748238764
10581,0,0.27199476159372304
10582,1,0.8796820375163114
10583,0,0.18183869283196422
10584,0,0.1881885848752831
10585,0,0.17338823348215524
10586,0,0.35124158605973066
10587,0,0.29085972693742146
10588,0,0.23718118472982566
10589,0,0.2883237983675313
10590,0,0.31886941516906103
10591,0,0.20036920544927736
10592,0,0.1461292172649788
10593,0,0.5245121452665927
10594,1,0.8569516524138819
10595,0,0.524570637189695
10596,0,0.27258218080823043
10597,1,0.6991769531561269
10598,1,0.4632306122393661
10599,1,0.44103162161126486
10600,1,0.4940281630674035
10601,0,0.1960097967597864
10602,1,0.9142223033187521
10603,0,0.13710215142990165
10604,0,0.338617499358655
10605,0,0.25809234905357714
10606,0,0.158883623507173
10607,0,0.540034410994345
10608,0,0.264153453132618
10609,0,0.3249603487221306
10610,0,0.7773654381674037
10611,0,0.7965359556314615
10612,0,0.16919436602079135
10613,0,0.744047462235986
10614,0,0.18729317407698143
10615,1,0.5573104209848901
10616,0,0.3090245195245944
10617,0,0.23765751911172106
10618,0,0.3942564215490914
10619,0,0.8337760747693967
10620,0,0.33631789339441076
10621,0,0.1568542827488265
10622,0,0.6401496362007917
10623,0,0.42361364249079597
10624,1,0.697826946063778
10625,0,0.7097630364873087
10626,0,0.35261105606703214
10627,0,0.3116153757916188
10628,0,0.16045323319991378
10629,0,0.2130143558425425
10630,0,0.6492823312146889
10631,0,0.3030136957932661
10632,0,0.4377560888544592
10633,0,0.3281408295955262
10634,1,0.8307484226055243
10635,0,0.8007054730692984
10636,0,0.31122430121498856
10637,0,0.26696482247354614
10638,0,0.8029075571417971
10639,0,0.7557775707408532
10640,0,0.13856207676304774
10641,1,0.5764670005226515
10642,0,0.13371679502017486
10643,0,0.45462891606248873
10644,0,0.365343123685199
10645,0,0.32067324790908186
10646,0,0.7847165306267686
10647,0,0.47162514243948517
10648,0,0.33446534986061155
10649,1,0.9022251612157072
10650,1,0.6979017554048597
10651,0,0.22880891237821005
10652,1,0.39529256478815966
10653,0,0.19020173879164173
10654,0,0.10746199631137272
10655,0,0.3111928850842426
10656,1,0.43001243452224996
10657,0,0.18352191070193624
10658,0,0.33199016360360056
10659,1,0.4192303055621418
10660,0,0.1464280666865252
10661,0,0.3798017845306018
10662,0,0.7935380014600565
10663,0,0.06745720785459736
10664,1,0.8307476661819002
10665,0,0.7946664481880102
10666,0,0.4252348021085546
10667,0,0.14923194399631134
10668,0,0.2690476961001418
10669,0,0.258104141359823
10670,0,0.5155444628526409
10671,0,0.4807887490034879
10672,1,0.8699290067088442
10673,0,0.22637110760683005
10674,0,0.5338429844360126
10675,1,0.7231184966812724
10676,1,0.794532475368776
10677,0,0.6389749643989384
10678,0,0.31526740473439735
10679,0,0.2787668392265955
10680,0,0.7720463327066751
10681,1,0.448008825028055
10682,0,0.3027088812111725
10683,0,0.20197265012192211
10684,0,0.3866242399958608
10685,0,0.3915868395268936
10686,0,0.33357381360728633
10687,0,0.2942876934926856
10688,0,0.17063959061358006
10689,0,0.2075205485238389
10690,1,0.4846643859141287
10691,0,0.5301678549067075
10692,1,0.7629715375634116
10693,0,0.14479978581551703
10694,0,0.1785494822047398
10695,0,0.15675007552714454
10696,0,0.2931368954045935
10697,0,0.8422798451264277
10698,0,0.17671243387905988
10699,0,0.6837785012364976
10700,0,0.6202334158487868
10701,1,0.4392666094810231
10702,0,0.26080415568042226
10703,0,0.16472892507545298
10704,0,0.24807750842634177
10705,0,0.34995463495360396
10706,0,0.33912978113119524
10707,0,0.1857895466763502
10708,1,0.6930206079397716
10709,0,0.34158212119064824
10710,1,0.5426097232055962
10711,0,0.08382685825905072
10712,0,0.6455047957352058
10713,0,0.5764682861509612
10714,1,0.7600490498776447
10715,0,0.2576745080640995
10716,0,0.3437249935467932
10717,0,0.18670257999307074
10718,0,0.29375920270950906
10719,0,0.3242722910848952
10720,0,0.3186350288666269
10721,0,0.38453034507494804
10722,1,0.42357038690263776
10723,1,0.6438538887807552
10724,0,0.2467476227669788
10725,0,0.606734642489605
10726,0,0.4566208934565813
10727,1,0.4194500020874232
10728,1,0.6796045663380746
10729,0,0.36700784492220045
10730,0,0.30470148249017154
10731,0,0.1699572608337835
10732,1,0.41863714015819775
10733,1,0.44562113427399713
10734,1,0.6286561475120451
10735,0,0.4293437042315911
10736,0,0.2325198627550424
10737,0,0.3939208363445635
10738,1,0.8494258508679374
10739,0,0.23288470172368433
10740,0,0.5185102935584688
10741,0,0.5570046686853999
10742,0,0.2071788030090337
10743,1,0.8410350308888688
10744,0,0.18471214451331822
10745,0,0.3600446859726583
10746,0,0.7284984677171655
10747,0,0.5092596582630271
10748,1,0.4196320626216601
10749,1,0.488028847363569
10750,0,0.3965162282938344
10751,0,0.2410416035993721
10752,0,0.299991212010181
10753,0,0.25327863281720653
10754,0,0.38604974032444855
10755,0,0.38185830918879476
10756,0,0.6147951735195266
10757,0,0.1460064378879561
10758,0,0.24349425622996
10759,0,0.6209901671342041
10760,1,0.9309093449606414
10761,0,0.5788385935836664
10762,0,0.2552712914241017
10763,0,0.48291729294297503
10764,0,0.3796783959271261
10765,0,0.16595347229526997
10766,0,0.25454286584216645
10767,0,0.3649682701374126
10768,0,0.39380019091979795
10769,0,0.390668329519152
10770,0,0.23767567579435636
10771,0,0.260822589988081
10772,0,0.3211899114282919
10773,0,0.31747499451587624
10774,0,0.2812072206601619
10775,0,0.12511687613686026
10776,0,0.13204440265463638
10777,0,0.44267495449265865
10778,1,0.7429086198695587
10779,0,0.2522078661580419
10780,0,0.16035571294392784
10781,1,0.6555867803604879
10782,0,0.8396245275310997
10783,0,0.4687892193523682
10784,0,0.2014687332815301
10785,0,0.07676794394827098
10786,0,0.2975746604812312
10787,0,0.31479142672398003
10788,0,0.36564141862833716
10789,0,0.28716466969364757
10790,0,0.6644136847008375
10791,0,0.19594949619963375
10792,0,0.8041053963002547
10793,0,0.8326169738260886
10794,0,0.3203543397279387
10795,0,0.19162877984802754
10796,1,0.9195299484791467
10797,0,0.5626887289543192
10798,0,0.37944006972214367
10799,0,0.41198955810352295
10800,0,0.19016505074291923
10801,1,0.851006941173492
10802,0,0.1508527940921625
10803,1,0.2201025779391513
10804,1,0.5347517095323869
10805,0,0.3547969663247928
10806,1,0.41345616855430906
10807,0,0.3504925678824388
10808,1,0.3705548294336817
10809,1,0.8579965877010339
10810,0,0.27216569167252064
10811,0,0.2763158547529417
10812,0,0.246081896618822
10813,0,0.3027293058532833
10814,0,0.2746064689605129
10815,0,0.23606254819798625
10816,0,0.7291876440326862
10817,0,0.25136059172063485
10818,0,0.3909812073639424
10819,0,0.23330456316353207
10820,0,0.09813713696257453
10821,0,0.16881676353948308
10822,0,0.41919235811200267
10823,1,0.9000685580625661
10824,0,0.06887594558056545
10825,1,0.3800327178486146
10826,1,0.8469924197053241
10827,0,0.15622018703446922
10828,0,0.09662891628325014
10829,1,0.5821631319604095
10830,0,0.24226192708437366
10831,0,0.2988223180987912
10832,0,0.20580935102413278
10833,1,0.8882726801959842
10834,0,0.3649498758440847
10835,0,0.4031481192319288
10836,0,0.3311093076593028
10837,0,0.2084066702132743
10838,0,0.3716719606213657
10839,1,0.5013213488282172
10840,1,0.49018270112041634
10841,0,0.34223607277343243
10842,0,0.6540350254996341
10843,1,0.8178975233717252
10844,0,0.2754325895205343
10845,0,0.6874149165103697
10846,0,0.4684944909044221
10847,1,0.8394115861988802
10848,0,0.2144945080814802
10849,0,0.455665280528434
10850,1,0.49480252993563184
10851,0,0.6601647759180443
10852,0,0.16094032112397877
10853,0,0.833923005305937
10854,0,0.276780125843729
10855,0,0.16585897257456156
10856,0,0.4607675487078728
10857,1,0.4698613180740049
10858,0,0.28030493762554576
10859,0,0.27578523899599466
10860,0,0.14437148249766893
10861,1,0.36741385423753997
10862,0,0.18104924888893137
10863,0,0.33821735657102914
10864,0,0.06923969325795333
10865,1,0.5268656113945138
10866,1,0.389498843626292
10867,0,0.2629208771936566
10868,0,0.41231665971084736
10869,0,0.2940974675865028
10870,0,0.708095612251564
10871,1,0.8819550239029824
10872,1,0.30742134112637076
10873,0,0.3043127866248094
10874,0,0.32150985595626674
10875,0,0.2846115281189147
10876,0,0.39099809269817487
10877,0,0.3216561366799858
10878,0,0.36622716771046415
10879,0,0.24962530502818864
10880,0,0.21150903314839503
10881,0,0.2778784090877597
10882,0,0.7050107174070932
10883,0,0.19244358626529628
10884,0,0.49047457976685116
10885,0,0.35266724011419176
10886,0,0.5955808543573657
10887,0,0.29608551698329405
10888,0,0.26481044316377983
10889,0,0.39180476237467615
10890,0,0.4905529385201883
10891,0,0.8341105722824664
10892,0,0.24111432353075332
10893,0,0.22335714686262625
10894,1,0.5048218705562956
10895,0,0.09991538933727016
10896,0,0.3419647837088764
10897,0,0.09131170942006164
10898,0,0.27905581003294044
10899,0,0.15864812942259396
10900,0,0.13102500257293292
10901,0,0.5233413756076319
10902,0,0.19926628659670415
10903,0,0.4846943510166015
10904,0,0.6189074775177651
10905,0,0.2130328431706684
10906,1,0.859810831090325
10907,0,0.5534090287879725
10908,0,0.33950812720388535
10909,0,0.44971816108480306
10910,1,0.9067095859057029
10911,0,0.21555757086266034
10912,0,0.513156007989222
10913,1,0.4745742680495186
10914,0,0.21573365655159926
10915,0,0.28316946957744177
10916,0,0.23291002338150651
10917,0,0.38642054880671184
10918,1,0.7362089262563988
10919,0,0.2001771520608758
10920,1,0.48069917392371475
10921,0,0.3688480191688275
10922,0,0.7630689442094014
10923,0,0.1970417934685777
10924,1,0.6083639145627517
10925,1,0.38223996849156966
10926,0,0.2873334626197997
10927,0,0.14543494694419562
10928,1,0.2500876369261647
10929,1,0.44558292835365415
10930,1,0.7639760027241987
10931,1,0.5319157363465915
10932,0,0.2394279799128661
10933,0,0.15995715221643134
10934,0,0.3056097058817368
10935,0,0.10733805724998799
10936,0,0.7752854159113454
10937,0,0.27492221738302125
10938,0,0.19182146330817576
10939,0,0.191589062099256
10940,0,0.5961082977348348
10941,0,0.3778690536219851
10942,0,0.2550674912853886
10943,0,0.11038629066487317
10944,0,0.17759322444891965
10945,0,0.1430348010072368
10946,0,0.12012399348160892
10947,1,0.8431218689256983
10948,1,0.4118159119635438
10949,1,0.9149154322577633
10950,0,0.403711031413084
10951,0,0.7511191608836607
10952,0,0.31654458710524436
10953,0,0.23864585034444294
10954,0,0.21864939452035018
10955,1,0.34838607357667983
10956,0,0.4244372558428748
10957,0,0.8342261630066728
10958,0,0.8161665074319955
10959,0,0.3316880230295993
10960,0,0.2828601429798483
10961,0,0.3254244625141676
10962,0,0.1631241744072136
10963,1,0.8238863402338076
10964,0,0.17787553827245745
10965,0,0.39531406102345223
10966,0,0.41149630375021273
10967,0,0.4048850903960065
10968,0,0.16773802566572604
10969,0,0.3677667684916075
10970,0,0.5987639085808134
10971,0,0.3306341442464839
10972,0,0.5735135649695036
10973,1,0.6805819460062732
10974,1,0.7224037126396458
10975,1,0.8559965143109431
10976,0,0.19305995499770318
10977,0,0.39869223601263776
10978,0,0.22134614352904117
10979,0,0.28608517924204496
10980,0,0.32884248181339204
10981,0,0.870568609207027
10982,0,0.08792636638342487
10983,0,0.36896670716130975
10984,0,0.30311716357105484
10985,0,0.2931091977654237
10986,0,0.3665480335970848
10987,0,0.4017955950650478
10988,1,0.8887011155114177
10989,0,0.46525466298391366
10990,1,0.6911326595898879
10991,1,0.7766858131458616
10992,0,0.3143439208775201
10993,0,0.6763854972082816
10994,0,0.42157270042196227
10995,0,0.4238381884831039
10996,0,0.34308636847927504
10997,0,0.8547725182397048
10998,0,0.328770016175673
10999,0,0.33929894794015836
11000,1,0.6827233926929945
11001,0,0.3608244778522358
11002,1,0.39756115914444473
11003,1,0.4201294520521703
11004,1,0.8680105669189635
11005,1,0.6863224113187961
11006,0,0.3967469836517121
11007,0,0.3051307458577953
11008,0,0.3726914493354881
11009,0,0.21379370571164077
11010,0,0.19029183597869415
11011,1,0.9644304227316002
11012,0,0.15784730908608696
11013,0,0.3451741742008821
11014,0,0.3221178688660779
11015,0,0.4134804684610849
11016,1,0.8026463580692517
11017,0,0.823535570542204
11018,0,0.19087215599049853
11019,0,0.2241184181882131
11020,0,0.5038891494354641
11021,0,0.48420780891940024
11022,0,0.19118242012865985
11023,1,0.8333000112400824
11024,1,0.7134282801083502
11025,0,0.3111419298121645
11026,0,0.5314348822324131
11027,0,0.6506027535711962
11028,1,0.7408781714655805
11029,0,0.7030641612421741
11030,0,0.31551429759734106
11031,0,0.4891034506131021
11032,0,0.08880211169130568
11033,0,0.1961891797718188
11034,0,0.3254951380564296
11035,0,0.12035887823192876
11036,1,0.37097505053418317
11037,0,0.17746990728129114
11038,0,0.4076947483946902
11039,0,0.05547518799158224
11040,0,0.15128523625994125
11041,1,0.6186482877117478
11042,0,0.33947616126329494
11043,0,0.31648543001038565
11044,0,0.3729024484529249
11045,0,0.4449475506722873
11046,0,0.17696719128611452
11047,0,0.10149266447578796
11048,1,0.9386134771866316
11049,0,0.42689861279098773
11050,0,0.1214602019599214
11051,0,0.36740378022737713
11052,0,0.38994157638888105
11053,0,0.14035595042194612
11054,0,0.06481172008563812
11055,0,0.4605979970696842
11056,0,0.26414670840577525
11057,1,0.6314078805597275
11058,0,0.3540111921295738
11059,1,0.7904080016087426
11060,0,0.17691915834275096
11061,1,0.5023840647727078
11062,0,0.3271366360517069
11063,1,0.8633370028740598
11064,0,0.7516975160880728
11065,0,0.28000383152045244
11066,0,0.3679582181398654
11067,0,0.43749061624707236
11068,0,0.5010304125391827
11069,0,0.28379323444164906
11070,0,0.34926988626873834
11071,0,0.27864389262136213
11072,0,0.29515040929637637
11073,0,0.2816860049465978
11074,0,0.34345220987676667
11075,0,0.253739336612542
11076,0,0.40988635438734145
11077,0,0.1732469941800205
11078,0,0.22816166877842162
11079,0,0.17228613050771638
11080,1,0.7731861027512622
11081,0,0.3165243443115145
11082,0,0.1459809460941371
11083,1,0.9282159121641798
11084,0,0.6483694839975446
11085,0,0.28387236056798765
11086,0,0.27816118074435325
11087,0,0.7816049105925462
11088,0,0.2913891960775395
11089,0,0.15637736087649182
11090,0,0.33369304569422065
11091,0,0.2662508519675447
11092,1,0.8824768709764745
11093,1,0.36792151990226174
11094,1,0.6077656352399716
11095,1,0.8512343095266882
11096,0,0.41871266097082294
11097,0,0.2393316658150578
11098,0,0.47366365981020747
11099,0,0.4421598183249128
11100,1,0.773776822346745
11101,0,0.36534801587324794
11102,0,0.8884439078035524
11103,0,0.17763306666074097
11104,1,0.9340395743338165
11105,1,0.5873252690633315
11106,0,0.2067956925002221
11107,1,0.36158880886220124
11108,0,0.20671066634408036
11109,1,0.6741498523227257
11110,0,0.8636963749368063
11111,1,0.21633183879253906
11112,0,0.21894193022188557
11113,0,0.6605347255764947
11114,0,0.17572341319159476
11115,1,0.4979964211683875
11116,0,0.15640827451880124
11117,0,0.27036230784404675
11118,0,0.27602233609452337
11119,0,0.1434883188039522
11120,0,0.23118869260854577
11121,0,0.08459367432997983
11122,1,0.37761500565393324
11123,0,0.6391146840328191
11124,1,0.8578710001090449
11125,0,0.46822506451230794
11126,0,0.1541381965859641
11127,0,0.24484542149840519
11128,1,0.43745930257498844
11129,1,0.33050749480782005
11130,0,0.4099475705682417
11131,1,0.4560348591326177
11132,0,0.6769932214773704
11133,1,0.8545929442502745
11134,0,0.19480213365362697
11135,0,0.15251368764245246
11136,0,0.16879272219803895
11137,0,0.3125450927520448
11138,1,0.40658138752292894
11139,0,0.1418341230585324
11140,0,0.49820339206327746
11141,0,0.24255039221132954
11142,0,0.6587102791564413
11143,0,0.1620319922626755
11144,0,0.3908232860648488
11145,0,0.4738532902622651
11146,0,0.25586414214591086
11147,0,0.3286476032257636
11148,0,0.1540207417061577
11149,0,0.7247683545340878
11150,0,0.31820901662622286
11151,0,0.264525214893727
11152,0,0.30418606975462475
11153,0,0.416910479045052
11154,0,0.5511875846244404
11155,0,0.5030956080425751
11156,1,0.32549654993976346
11157,1,0.42815653639587986
11158,0,0.27629256427893567
11159,0,0.15222886383354073
11160,0,0.17856924155409165
11161,0,0.3482119496141318
11162,1,0.5730093461611868
11163,0,0.24489108114914274
11164,0,0.2413980929736895
11165,0,0.11534225605410547
11166,1,0.36384342304065187
11167,0,0.2174413699778235
11168,0,0.12717129769968272
11169,0,0.8355802120390868
11170,1,0.35222823183476615
11171,0,0.20229230987085756
11172,0,0.8440901884213813
11173,1,0.4004145472248954
11174,1,0.7863336766960832
11175,1,0.16195659735899887
11176,1,0.7316801928709958
11177,1,0.45527170604676065
11178,0,0.3812572203219402
11179,0,0.1996664844980408
11180,0,0.2912586496146406
11181,0,0.3223350352118654
11182,0,0.18913365568901766
11183,0,0.13904135968991022
11184,0,0.2537913471263104
11185,0,0.26970025639278294
11186,1,0.83458967603847
11187,0,0.1252111403262714
11188,0,0.5865884530837332
11189,0,0.20701238477789075
11190,0,0.12221831423155319
11191,0,0.4022974470971399
11192,0,0.4961036031138122
11193,0,0.38269498269334223
11194,0,0.3362127688090826
11195,0,0.30067696333019883
11196,0,0.5291771250883
11197,0,0.15212471328306834
11198,0,0.37853148340726306
11199,0,0.24675372266888435
11200,0,0.3876094050799982
11201,0,0.32575862402996125
11202,0,0.09657243371261029
11203,1,0.22695237282061856
11204,1,0.6567076443280142
11205,0,0.6448510169276698
11206,1,0.8336365282585289
11207,0,0.13329486664443382
11208,0,0.45361186935247244
11209,0,0.35729766489794235
11210,0,0.1243341620589508
11211,0,0.8387030123527974
11212,0,0.23174759977660242
11213,0,0.3967519785208485
11214,0,0.19475171944495542
11215,0,0.36573609957428793
11216,0,0.7470519076735901
11217,0,0.2412157697781926
11218,1,0.4540757375533318
11219,0,0.46644257706531805
11220,0,0.2983547567132596
11221,0,0.12936354507566178
11222,0,0.08590796431110291
11223,0,0.46696558551973893
11224,0,0.16290969579625272
11225,0,0.2896221789536906
11226,0,0.2005935976623542
11227,0,0.2065128623460875
11228,0,0.10762554876002241
11229,0,0.30833664823206275
11230,1,0.8568833410703598
11231,1,0.9304942813877249
11232,0,0.25995829141178983
11233,0,0.42036322000955373
11234,0,0.1693938039349129
11235,0,0.31174267074020745
11236,0,0.1438543069861894
11237,0,0.22173020777020944
11238,1,0.6857758789928146
11239,0,0.4097986493316013
11240,0,0.08625644486503681
11241,0,0.5094322122049229
11242,1,0.39923811191722636
11243,0,0.5953884066008663
11244,0,0.2953738500551154
11245,0,0.15689606648650167
11246,1,0.8712933258039857
11247,0,0.4246975246538117
11248,0,0.512369596929019
11249,0,0.24534643533257372
11250,1,0.4996270137291406
11251,1,0.7240783721343802
11252,1,0.841337897678693
11253,0,0.2934084468533701
11254,0,0.28736006097459277
11255,0,0.39778253407510816
11256,0,0.818329886014096
11257,0,0.3104259222208419
11258,0,0.2562108553539055
11259,0,0.6047638068925967
11260,1,0.46985445761826594
11261,0,0.29583863892605217
11262,0,0.45623441422062216
11263,0,0.35088118936897916
11264,0,0.5424361020825544
11265,0,0.8569650967821788
11266,0,0.3387833862092314
11267,0,0.6509129052660931
11268,0,0.4371259702162124
11269,0,0.30342633777342704
11270,0,0.3003514472762965
11271,0,0.4455734639276895
11272,0,0.1585417908605139
11273,0,0.7485959252568629
11274,0,0.11429652676523362
11275,0,0.21791116042206607
11276,0,0.21727882107898264
11277,0,0.24653085736451988
11278,0,0.32679036438998216
11279,0,0.2900941189647886
11280,0,0.2672387099785709
11281,0,0.24050844320825657
11282,0,0.28722773951338404
11283,0,0.5217809146441524
11284,0,0.19662568013050138
11285,1,0.42289967611750034
11286,0,0.24853728528095675
11287,0,0.3353219251172838
11288,0,0.2817222198623585
11289,0,0.2919977324662938
11290,0,0.3570243856406994
11291,0,0.1177607609686967
11292,0,0.575994469019521
11293,0,0.16515978342002896
11294,0,0.2630265439842631
11295,0,0.08489376230072582
11296,1,0.8216464176556367
11297,0,0.5531283576523212
11298,0,0.40701955875768453
11299,0,0.1557420438149707
11300,0,0.4562658447899404
11301,0,0.33537814641594516
11302,0,0.3787448754931977
11303,0,0.2598824038297449
11304,1,0.8444785719654457
11305,0,0.1757384971919353
11306,0,0.20117953116800383
11307,1,0.5267950711117106
11308,0,0.1346874447299685
11309,0,0.39439321185111803
11310,0,0.15311676805968136
11311,0,0.2294177773915645
11312,0,0.2645703099446633
11313,0,0.17382485024275376
11314,0,0.6499472888776269
11315,0,0.6733750707084907
11316,0,0.7786759087859215
11317,0,0.22512398270828377
11318,0,0.34764674351680463
11319,1,0.39458645723018115
11320,1,0.5670313632321563
11321,0,0.16493403966940373
11322,0,0.28514697880581086
11323,0,0.4436850149823382
11324,0,0.2728731308035766
11325,0,0.07686066847075788
11326,1,0.9126039381462604
11327,0,0.8185047075208343
11328,0,0.6678316785464271
11329,1,0.7787875643950342
11330,1,0.4397331927423489
11331,0,0.23117718454804417
11332,0,0.2900353063623923
11333,1,0.6562244120492714
11334,1,0.40275933862508956
11335,0,0.18733613488666073
11336,0,0.22366551590189296
11337,0,0.21121917398703008
11338,0,0.6801441943075756
11339,0,0.6162405603340556
11340,0,0.28253578544214925
11341,0,0.1982694875711519
11342,1,0.3458495839027378
11343,0,0.44361136406573126
11344,0,0.32044087291309026
11345,0,0.430666224370143
11346,0,0.24355672448808832
11347,0,0.047367613610557795
11348,1,0.21136241484084153
11349,0,0.46684707188137914
11350,0,0.4428342658235634
11351,0,0.2757911858016295
11352,1,0.4554443209668262
11353,0,0.10076937826266966
11354,0,0.45022565207681614
11355,0,0.43948685945656274
11356,0,0.4184720429080451
11357,0,0.18896346868674305
11358,0,0.218236704072348
11359,0,0.33708977751708075
11360,0,0.7585749385063124
11361,1,0.3893021618667623
11362,0,0.41579045066152387
11363,0,0.29243727264896235
11364,0,0.2217325167123268
11365,1,0.7541359545004879
11366,0,0.22910133395722476
11367,0,0.11830972281220216
11368,0,0.5222395607386839
11369,0,0.6864874461760718
11370,0,0.2665197785004097
11371,0,0.6011127242200806
11372,0,0.3598777948133743
11373,0,0.5562356786353765
11374,0,0.5241348248978127
11375,1,0.698787295185235
11376,0,0.23252767252299755
11377,0,0.5115248011238704
11378,0,0.5955697976580409
11379,1,0.8818803741800039
11380,1,0.8154640970811298
11381,0,0.33567299657144295
11382,0,0.6217924901998692
11383,0,0.19667402310470883
11384,0,0.4030002969880225
11385,0,0.4182824725648991
11386,0,0.2630946998576683
11387,0,0.14646010443767643
11388,0,0.24664851878080468
11389,0,0.05219078776460731
11390,0,0.5060365930142313
11391,0,0.17889010631624264
11392,0,0.3391555806033062
11393,0,0.40175818251713385
11394,0,0.12988984244941482
11395,0,0.3786282461911826
11396,0,0.090834919410981
11397,1,0.40234959443683516
11398,0,0.3323858386419486
11399,1,0.822767562021753
11400,1,0.806625584855395
11401,0,0.21522201501842653
11402,0,0.28775065151711526
11403,0,0.38881141421064425
11404,0,0.6877901817965392
11405,0,0.28739608640799147
11406,0,0.29090508064737947
11407,0,0.28640792941941395
11408,0,0.3286443790297314
11409,0,0.19803668931710233
11410,0,0.2314672903358296
11411,0,0.3242266175982511
11412,0,0.2871902661208792
11413,0,0.4694970964044379
11414,1,0.3979401639289252
11415,0,0.5797296836781468
11416,1,0.5286801675448581
11417,0,0.2710964712448818
11418,1,0.8780829374766158
11419,0,0.29384556197616185
11420,0,0.31623072904635935
11421,0,0.33921611804187973
11422,0,0.22384142443492738
11423,0,0.11716654486149053
11424,0,0.18464830712577004
11425,0,0.2840484099330817
11426,0,0.1911898269847266
11427,1,0.5140806051912987
11428,0,0.19224295107878114
11429,0,0.3657549152312695
11430,0,0.31730762987218886
11431,0,0.1657638409263411
11432,0,0.2495174754102691
11433,0,0.2370464756222771
11434,0,0.3479450042786542
11435,0,0.18859957443594452
11436,0,0.3808556205350421
11437,1,0.7651653678835686
11438,1,0.8256475538610196
11439,0,0.22725973061065827
11440,0,0.5021104510033151
11441,0,0.29030608002730784
11442,1,0.6001470820680956
11443,1,0.2766502438311433
11444,0,0.21747924102458616
11445,0,0.22710401287783122
11446,1,0.905616764504678
11447,0,0.09248229364170252
11448,1,0.8363661791255342
11449,0,0.12377437327053549
11450,0,0.16718175107060473
11451,1,0.644683976664397
11452,0,0.23278320443236147
11453,0,0.20777235895234994
11454,1,0.5447010636021028
11455,1,0.5046195191212248
11456,0,0.5285904625904985
11457,0,0.18897692132204633
11458,0,0.8065428717676001
11459,1,0.845750753903054
11460,1,0.4527021127585896
11461,0,0.3382664575819051
11462,0,0.7725994921139464
11463,0,0.23306540493962571
11464,0,0.22417474036968746
11465,1,0.7085874139690748
11466,0,0.1635790289173163
11467,1,0.7104824583457614
11468,1,0.4046489243303528
11469,0,0.09438618998672947
11470,0,0.2822510376730485
11471,1,0.693800561291324
11472,0,0.5899059446081145
11473,0,0.29547137168965315
11474,0,0.072492262666373
11475,0,0.45351044370903737
11476,1,0.8167091428803995
11477,0,0.33959912289251404
11478,0,0.3139516137452899
11479,0,0.2781329949046395
11480,1,0.9088996865637103
11481,0,0.14148063757384338
11482,0,0.3852155883605477
11483,1,0.700613729040995
11484,0,0.5718098364720635
11485,1,0.34935644944294325
11486,0,0.18638908193061418
11487,0,0.4264436512748821
11488,0,0.5536656702012177
11489,0,0.7687836341889076
11490,0,0.16068320918402584
11491,0,0.4781325518334993
11492,1,0.41296307844013114
11493,0,0.15661209136188012
11494,0,0.3043237127074706
11495,0,0.39168165965922774
11496,0,0.28015729019796853
11497,0,0.25422936784257205
11498,0,0.24505800787222726
11499,0,0.803839521963849
11500,0,0.209367824349464
11501,0,0.31887987855575256
11502,0,0.23266968921710254
11503,0,0.34763026412800274
11504,0,0.36338433954781224
11505,0,0.29346531606144505
11506,1,0.5922434298682194
11507,0,0.11596127782323537
11508,1,0.44820237224584525
11509,1,0.28832601367074345
11510,0,0.22251526977777586
11511,0,0.26845291625337525
11512,0,0.2986054045352352
11513,0,0.2909233644673742
11514,0,0.3726022575086656
11515,0,0.29365782292343906
11516,0,0.23641024009641637
11517,0,0.30160829921553994
11518,0,0.435963915145675
11519,1,0.5433778518832773
11520,0,0.45080738273430554
11521,0,0.7629511802965306
11522,0,0.06388914592880346
11523,0,0.3073294072021799
11524,1,0.42681186381974084
11525,0,0.21048228712994826
11526,0,0.32977523292745525
11527,0,0.39885500766446386
11528,0,0.37327417303853794
11529,1,0.45773868394886685
11530,1,0.4457165233974527
11531,0,0.8081713813265938
11532,0,0.14181047547640602
11533,0,0.2100727273012682
11534,0,0.5096910796304186
11535,0,0.42135020785677857
11536,0,0.5054384132809413
11537,0,0.33582021323512
11538,1,0.6245972947583461
11539,0,0.3717575924971944
11540,0,0.13912601663642107
11541,0,0.3464159351758001
11542,0,0.10180269356240255
11543,0,0.11391660285895083
11544,0,0.18479423600172826
11545,0,0.2591652488640974
11546,0,0.178345394493863
11547,1,0.7493405259655376
11548,0,0.8239394857728035
11549,0,0.42407495973404125
11550,0,0.33349777862860136
11551,1,0.5801194636377549
11552,0,0.25113511469431526
11553,0,0.6515593462873248
11554,1,0.3496372580097987
11555,0,0.249212257253373
11556,0,0.14940489134438142
11557,1,0.5452829492084219
11558,0,0.2819721412537055
11559,0,0.32362645837300014
11560,1,0.8766374387733457
11561,0,0.1365318896131018
11562,0,0.36885282805501346
11563,0,0.16623468540168052
11564,0,0.3322222614088418
11565,0,0.2964214016212549
11566,1,0.8802519366277121
11567,0,0.5849810137414144
11568,0,0.2784660947239374
11569,0,0.36733914946190255
11570,0,0.5265808287935341
11571,0,0.37160056598935326
11572,0,0.2607028498789719
11573,0,0.43438704036487846
11574,0,0.3925901948497195
11575,1,0.8119423191227643
11576,0,0.1732380503473148
11577,0,0.406810354876859
11578,0,0.18361453109070947
11579,1,0.37605188432198233
11580,1,0.8579387762791376
11581,0,0.11740943881007249
11582,1,0.6043348783045872
11583,0,0.3950999578094243
11584,0,0.2177436869653694
11585,0,0.27008365118737143
11586,0,0.3850347340289074
11587,1,0.9067973474242865
11588,0,0.11531598775350091
11589,1,0.19349311984103765
11590,0,0.7935744203264689
11591,0,0.20906834164827792
11592,0,0.3350468745898987
11593,0,0.23584105084208215
11594,1,0.8616100981569478
11595,1,0.6735592116274955
11596,0,0.3847318570600439
11597,1,0.8396550105951254
11598,0,0.21534473780371394
11599,1,0.595905296486103
11600,0,0.11474684035640058
11601,0,0.13085268759367472
11602,0,0.3030454412979149
11603,0,0.22812955341124166
11604,0,0.20598148181426537
11605,0,0.3154335173944094
11606,0,0.3440692703960049
11607,1,0.4175420415532373
11608,0,0.3178790298685103
11609,0,0.3495226608121129
11610,0,0.38060851217544917
11611,0,0.6209427880582937
11612,0,0.15047826321956112
11613,1,0.859697600083939
11614,0,0.16142105539199378
11615,0,0.11245910250278379
11616,0,0.37525288285155634
11617,0,0.7431581136237216
11618,1,0.4434162252317549
11619,1,0.6771458706137592
11620,0,0.2789485917764689
11621,0,0.5920684357582727
11622,0,0.861393341699657
11623,0,0.18963271346733762
11624,0,0.32853982649844243
11625,1,0.6673923206376393
11626,0,0.44711667824184503
11627,0,0.26926742911552554
11628,0,0.2081525510494591
11629,0,0.316872179458055
11630,0,0.1315663537508359
11631,0,0.3205301798438619
11632,1,0.49634902232795824
11633,0,0.4957027366222549
11634,0,0.2812538612766647
11635,0,0.0890902662654377
11636,1,0.8584688158229009
11637,0,0.2234325478264959
11638,0,0.5354894234843213
11639,0,0.3455375559005088
11640,0,0.28744644635270544
11641,0,0.19432760243210934
11642,1,0.6901375469171143
11643,0,0.12566207880119581
11644,1,0.7381138966738974
11645,1,0.7354955225534916
11646,0,0.6781327594049515
11647,0,0.27376269870851166
11648,0,0.34752561844317564
11649,0,0.30603074820644965
11650,0,0.396472098773774
11651,0,0.3106582868563553
11652,0,0.3354454896395984
11653,0,0.3563669043556467
11654,0,0.07950452771111252
11655,1,0.4579304222112437
11656,0,0.24372888489111225
11657,0,0.8694311312046129
11658,0,0.24566224279738993
11659,0,0.4117259416364806
11660,0,0.37789218745967174
11661,0,0.1596709540831036
11662,0,0.26784240400586307
11663,0,0.1723043470465823
11664,0,0.1980553328512829
11665,1,0.7683908320123253
11666,0,0.4808328199653926
11667,0,0.26989978995831765
11668,0,0.21321262697422239
11669,1,0.9241829725235869
11670,0,0.2688759112187364
11671,0,0.20059776129942375
11672,0,0.2323452582054834
11673,1,0.7130960185459582
11674,0,0.40380329495701184
11675,0,0.6749129302864308
11676,0,0.32939296463357787
11677,0,0.3416358628893031
11678,0,0.1490141712270647
11679,0,0.6447752626376279
11680,0,0.17807344971026112
11681,0,0.6973362560224734
11682,0,0.4471852612447671
11683,0,0.4853853896988711
11684,0,0.12711481195640367
11685,0,0.7015994670881222
11686,1,0.41660154327983906
11687,0,0.29299911739945816
11688,0,0.29862673856274635
11689,0,0.2557513945316634
11690,1,0.813480537142594
11691,1,0.300961710261265
11692,1,0.7344887987311687
11693,0,0.0903762933160496
11694,0,0.331284019931065
11695,0,0.21923708982890605
11696,0,0.36276321458766747
11697,0,0.8446322759594119
11698,1,0.866496051739609
11699,0,0.3219598935598335
11700,0,0.24252000420061726
11701,0,0.3023307782051949
11702,0,0.14490921255038267
11703,0,0.3666066980745865
11704,1,0.8205104131338539
11705,0,0.5473827585005435
11706,0,0.04386448627541725
11707,0,0.3049412716036342
11708,1,0.3850769075364914
11709,0,0.37719363625873065
11710,0,0.14759925439868116
11711,0,0.8220878217365681
11712,1,0.942266997270917
11713,0,0.3821037492304428
11714,0,0.256985162140852
11715,0,0.345439246214892
11716,0,0.22030163601183247
11717,0,0.19173164880707586
11718,0,0.13995893431239892
11719,1,0.43952018491780054
11720,0,0.47876442039360834
11721,0,0.4877315311159078
11722,1,0.5258068133691595
11723,1,0.6129715424754262
11724,1,0.9114926764316276
11725,0,0.8692313999719363
11726,0,0.25321613946629873
11727,1,0.7131342237871688
11728,0,0.36003714474947246
11729,0,0.4360577374213443
11730,0,0.4298732757319129
11731,0,0.13713399824477532
11732,0,0.3272329503275796
11733,0,0.31117758424667974
11734,0,0.3008658823930616
11735,0,0.7715559539837828
11736,0,0.5396451130255273
11737,0,0.20949291243956028
11738,0,0.5241023460283027
11739,1,0.7013533603484008
11740,0,0.265092010943805
11741,1,0.8108780237953782
11742,0,0.4735528424584852
11743,1,0.4685370764876398
11744,0,0.2973878268381545
11745,0,0.2998225662119484
11746,0,0.18897992776497713
11747,0,0.11048152406207686
11748,0,0.19043802262307935
11749,0,0.21534029801205773
11750,1,0.7686520568384937
11751,0,0.22604209982400328
11752,0,0.8045950930009741
11753,1,0.5452767612002558
11754,0,0.4026685178296711
11755,0,0.23376168776065753
11756,0,0.41444465198632285
11757,0,0.3407510881881011
11758,0,0.1937493443806854
11759,0,0.4662982205289105
11760,0,0.2196793125239449
11761,0,0.19898324123860167
11762,0,0.09414722801043968
11763,0,0.238413921345216
11764,0,0.2691993757746338
11765,1,0.390121775717988
11766,1,0.3799586399505268
11767,0,0.4101794663041336
11768,0,0.2622402457628034
11769,0,0.3336864445307742
11770,0,0.35735822240796244
11771,0,0.22355214630936168
11772,0,0.5060215707586719
11773,0,0.2499467092104413
11774,0,0.30161293828470886
11775,1,0.3174577017204677
11776,0,0.41971136871479153
11777,1,0.5529841489707573
11778,1,0.4043627321601074
11779,0,0.09671966220522168
11780,0,0.8157547169882442
11781,1,0.7392612642004882
11782,0,0.4634839675206134
11783,0,0.3798890812921079
11784,0,0.3165442813240289
11785,0,0.1564786512549026
11786,0,0.12288413649100428
11787,0,0.19152832066978093
11788,0,0.23390325758794994
11789,0,0.18088784516697198
11790,0,0.42850614189465
11791,0,0.2536776905720251
11792,1,0.3910091822685103
11793,0,0.34697339377854663
11794,1,0.3302291936208666
11795,0,0.15450415024108893
11796,0,0.17078864410927858
11797,0,0.3308708658278021
11798,0,0.8661703839559407
11799,0,0.33848826825477585
11800,0,0.4795575584975959
11801,0,0.3801287450102038
11802,1,0.31349768405225903
11803,0,0.20226288684726143
11804,0,0.856471749361463
11805,0,0.37382112110568483
11806,0,0.3557429585048735
11807,1,0.6849350115470836
11808,0,0.2948530677514995
11809,0,0.34169142190870294
11810,0,0.3592843481225125
11811,0,0.2775631514899855
11812,0,0.16640591971218208
11813,0,0.3416940825579182
11814,0,0.3935127076929305
11815,0,0.3067426392633422
11816,0,0.6336278322104764
11817,0,0.08051045408626606
11818,0,0.5758911210295972
11819,0,0.28874909906152496
11820,0,0.3410023667581105
11821,0,0.3701696192904076
11822,0,0.10205404722562675
11823,0,0.19276949346903366
11824,0,0.13654866638106306
11825,0,0.6044072207424948
11826,0,0.32573739182454525
11827,0,0.42533622033105123
11828,0,0.19979962986407596
11829,0,0.3355453636758376
11830,0,0.24868716737914862
11831,1,0.467804108048091
11832,0,0.32234218501851797
11833,0,0.6125362379666753
11834,0,0.3480382862717375
11835,0,0.43977943400803066
11836,0,0.061610285424464485
11837,0,0.12573823589197267
11838,0,0.3502650007018634
11839,0,0.34245550722179735
11840,0,0.7847273530509554
11841,0,0.3060117464779876
11842,1,0.49957822739321445
11843,0,0.6067076724484599
11844,1,0.77513761878509
11845,0,0.5412083471104192
11846,0,0.5646213185930542
11847,0,0.09506697687051456
11848,1,0.3292845466321488
11849,0,0.18898668195170987
11850,0,0.16499111681173076
11851,0,0.6886507333257375
11852,0,0.24980550899509027
11853,0,0.24593922137981872
11854,1,0.6206794675565049
11855,0,0.4343272152341279
11856,0,0.6932666660396003
11857,0,0.32429176399668264
11858,0,0.6523253104097302
11859,0,0.27561863789024926
11860,0,0.18632621510849157
11861,1,0.3557468954074154
11862,0,0.32782636800594245
11863,0,0.3352663451154922
11864,0,0.09715654557200626
11865,0,0.6849275732274772
11866,0,0.25032255612092735
11867,0,0.12372020785619585
11868,1,0.5866365850525855
11869,0,0.24290237848290727
11870,0,0.12633213517975478
11871,0,0.4857203869737664
11872,0,0.14624807884048593
11873,0,0.3153166125902141
11874,0,0.1141346007739677
11875,0,0.29540770076795664
11876,0,0.3245309912420013
11877,0,0.3172713750887117
11878,1,0.8572202545119605
11879,0,0.37180766784546443
11880,0,0.11124338933116888
11881,1,0.47679330523722946
11882,0,0.5062476144278196
11883,0,0.1454842876329972
11884,1,0.29467458771635124
11885,1,0.40154938871677337
11886,0,0.4287851897065682
11887,0,0.44899356103359045
11888,0,0.48645668226284017
11889,0,0.7370448617763095
11890,0,0.08509079007190644
11891,0,0.31038675746728606
11892,0,0.23478562109705162
11893,0,0.3048536461405921
11894,0,0.4549477122857727
11895,1,0.5883317440625677
11896,0,0.3961788008963931
11897,0,0.2514835512343282
11898,0,0.4468483356459946
11899,0,0.14970399285483083
11900,1,0.306811759675066
11901,0,0.38519932894364417
11902,0,0.372468321642394
11903,1,0.7936337895058537
11904,0,0.3806123361607503
11905,0,0.27290054997020297
11906,0,0.18630343085630663
11907,0,0.38928900326414917
11908,0,0.28916879527969064
11909,0,0.11971534674391579
11910,1,0.37358325335098086
11911,0,0.07657164305086793
11912,0,0.31798618640457055
11913,0,0.3438269627954256
11914,0,0.25835743545935896
11915,0,0.409851589502828
11916,0,0.31470207981193
11917,0,0.40270739847221093
11918,0,0.33979299311904115
11919,1,0.7843325955224182
11920,0,0.36103067158922725
11921,0,0.4951731316226556
11922,0,0.39260159002556544
11923,0,0.2396948503668726
11924,0,0.3423503312728649
11925,0,0.19702518066978808
11926,1,0.6554655118625203
11927,0,0.6973988409408556
11928,0,0.3190362266039951
11929,0,0.31566847132421194
11930,1,0.31343677238855266
11931,0,0.1471608902344811
11932,0,0.3862083719770809
11933,1,0.5019413037358056
11934,0,0.47812490639736843
11935,0,0.3721817492046247
11936,0,0.1605904578540401
11937,0,0.36778297146092603
11938,1,0.7596736229150697
11939,0,0.39007829287412654
11940,0,0.30933094668461175
11941,0,0.11872449128183321
11942,0,0.20608688425209068
11943,0,0.20565618743757683
11944,0,0.3160613161010144
11945,0,0.37196186664986064
11946,1,0.9241368754935777
11947,0,0.35320918622883973
11948,0,0.32258350927502233
11949,0,0.12040244292888701
11950,0,0.0831833829969421
11951,0,0.23866326334870455
11952,1,0.6972979498915762
11953,0,0.17375462975718142
11954,0,0.156339480108615
11955,0,0.6435094870439368
11956,1,0.8392332275670451
11957,0,0.20100001261278713
11958,1,0.7278055137464099
11959,0,0.1608976020636763
11960,1,0.81599765166752
11961,0,0.3731092334903795
11962,0,0.6420425374693894
11963,1,0.8899825780446428
11964,0,0.7826907123788546
11965,0,0.1716631172242899
11966,1,0.6248693632899398
11967,0,0.7817212038513786
11968,0,0.16147656060626678
11969,0,0.1741935724590547
11970,0,0.19594486221913993
11971,0,0.21264585897732288
11972,0,0.20997955531672566
11973,0,0.19659397055282085
11974,0,0.09666651855339876
11975,1,0.23150413070555287
11976,0,0.8043936803036615
11977,0,0.0717507236760144
11978,0,0.07804996115398793
11979,0,0.22017940182122242
11980,0,0.43220993477534336
11981,1,0.612319485370644
11982,1,0.4077976594294514
11983,1,0.4287359181134511
11984,0,0.2599965907912863
11985,0,0.08684991813276928
11986,1,0.6916856055971256
11987,0,0.1596756090953587
11988,0,0.15102741147794155
11989,0,0.2727727870182419
11990,0,0.08876237046179374
11991,1,0.874116269049892
11992,0,0.41341427908891354
11993,0,0.08233610153401438
11994,0,0.44431618253479
11995,0,0.13880346424153486
11996,0,0.38659514720049265
11997,0,0.30908555054500825
11998,0,0.11936394733508932
11999,0,0.23538429620172552
12000,0,0.487406218301394
12001,1,0.8784758274343073
12002,1,0.7402643571646412
12003,0,0.37615030136805544
12004,0,0.09244481104866327
12005,0,0.3722554555162143
12006,0,0.45539833538905383
12007,0,0.642065144262989
12008,0,0.308155427333753
12009,0,0.06233169119633868
12010,0,0.11025518780983216
12011,0,0.7568925667589173
12012,0,0.13154877688879618
12013,0,0.2650950451677795
12014,0,0.23750199057766685
12015,0,0.37567305680485014
12016,0,0.361732690892218
12017,0,0.08221290195671915
12018,1,0.8523519067818368
12019,1,0.8628909577940239
12020,0,0.3094310861647196
12021,0,0.3776658349645443
12022,0,0.41117486401298825
12023,0,0.3694117539799167
12024,0,0.3974065041690442
12025,0,0.6148973966913642
12026,0,0.35982747354181277
12027,0,0.2503391223418355
12028,0,0.2888963815100856
12029,0,0.4247977173913766
12030,0,0.4398627502405408
12031,1,0.42521132427377856
12032,0,0.528571030272898
12033,0,0.3930910263459387
12034,1,0.8439693148239771
12035,0,0.4897407745929891
12036,1,0.384718784259245
12037,0,0.5599527543218983
12038,0,0.8390214006542763
12039,0,0.3403515136640185
12040,0,0.18265569188653547
12041,1,0.8490363825807001
12042,1,0.8667844106215573
12043,1,0.8908200912013592
12044,0,0.28445435234112176
12045,0,0.1284383268954204
12046,0,0.33775748495651237
12047,0,0.2561558254069668
12048,0,0.16483879120258702
12049,0,0.4967376373260354
12050,0,0.48459818546269995
12051,0,0.1663253715236834
12052,0,0.33881669478375337
12053,0,0.372421021255812
12054,0,0.5965061064824329
12055,1,0.23160132478737858
12056,0,0.3224428921316685
12057,0,0.16126679042163736
12058,0,0.1292851319148133
12059,0,0.1438561659070493
12060,0,0.2398929378618987
12061,1,0.713602503184164
12062,1,0.8566319753712014
12063,0,0.372107639701304
12064,0,0.3169673785579916
12065,0,0.48917461593185707
12066,1,0.6284549921177941
12067,0,0.19235507656690512
12068,0,0.5955870399792017
12069,1,0.5072447039012661
12070,0,0.2679998474783941
12071,0,0.6682572353583929
12072,0,0.2402860022371109
12073,0,0.22423748346636332
12074,0,0.09025041512289028
12075,0,0.14688198235468905
12076,0,0.24761187892762365
12077,0,0.13881126807836838
12078,0,0.373043437588621
12079,0,0.35092193146994966
12080,1,0.7792421550964549
12081,0,0.2682842822337708
12082,0,0.2916680104703706
12083,0,0.16668849629406796
12084,0,0.13708437320865077
12085,0,0.38803403829199623
12086,0,0.18123308932949755
12087,0,0.23477658340380397
12088,0,0.303728338355033
12089,0,0.7189038431952528
12090,0,0.37988231021695745
12091,0,0.27276278318864233
12092,0,0.2725504866233868
12093,0,0.2636147179613083
12094,0,0.4493685030336394
12095,0,0.2559324363444522
12096,0,0.35956894728752764
12097,1,0.40457809805192096
12098,0,0.25255056740494586
12099,0,0.32482379725477784
12100,0,0.2877909098116672
12101,0,0.27764106963835106
12102,0,0.2105480926748234
12103,0,0.4005378972744997
12104,0,0.4294837871417427
12105,0,0.18245787935762842
12106,1,0.7117736957812018
12107,0,0.29696296789854637
12108,0,0.6720222400348042
12109,1,0.8595919466332728
12110,0,0.39501845482291537
12111,0,0.3322947062570043
12112,0,0.6432959599724302
12113,0,0.13980379379879082
12114,1,0.2950921963463996
12115,0,0.17052356877280198
12116,1,0.8635715730311955
12117,0,0.2734954539032919
12118,0,0.45774798101113034
12119,0,0.0832733885432564
12120,0,0.46971338172304017
12121,0,0.6321602759254105
12122,1,0.43849379281353834
12123,0,0.37713897018672304
12124,0,0.26320873230012276
12125,0,0.12001972724490491
12126,0,0.37227148025489454
12127,0,0.23766524431611546
12128,1,0.8669471288511039
12129,1,0.8930548794611812
12130,0,0.14968941802325397
12131,1,0.6668628057227342
12132,1,0.7455594515604683
12133,0,0.5691840983266857
12134,0,0.1942917588134612
12135,0,0.18064732161454214
12136,1,0.9351784919316909
12137,0,0.3861204479214751
12138,0,0.42357403448922837
12139,0,0.3413003428318461
12140,1,0.5048996209465613
12141,0,0.3383685235690104
12142,0,0.24339282461857611
12143,0,0.15425338746181022
12144,0,0.341656342111102
12145,1,0.43532368048264547
12146,0,0.24274910478917164
12147,0,0.2965411672551067
12148,0,0.1694823169391807
12149,0,0.2654602352491028
12150,0,0.34286558416485524
12151,0,0.3507902559927324
12152,0,0.31405988216938735
12153,0,0.23052483656612147
12154,0,0.25170488706039595
12155,0,0.35612349807635235
12156,0,0.16197900049708341
12157,0,0.3289946124211722
12158,0,0.37541285235358784
12159,1,0.8258772977545077
12160,0,0.31541343632997526
12161,0,0.6012240108680352
12162,1,0.5396839852137282
12163,0,0.27906561648488704
12164,0,0.1678110741373861
12165,0,0.3889696576122472
12166,0,0.21226780614728988
12167,0,0.2708124322163837
12168,0,0.8599019529370754
12169,0,0.14385403283435724
12170,1,0.40110196647460133
12171,0,0.1470313769761471
12172,0,0.3802114753625549
12173,0,0.19290761879755106
12174,0,0.47781273120542667
12175,0,0.32756770605813734
12176,0,0.3114730535166432
12177,0,0.1720831082819803
12178,0,0.4756218415705595
12179,0,0.39528078793843113
12180,0,0.13294760113245935
12181,1,0.6731141556134927
12182,0,0.4104335675463275
12183,0,0.2551755682053496
12184,0,0.3402438679694455
12185,0,0.1617460234124385
12186,1,0.3377490894539894
12187,1,0.34177781125175455
12188,0,0.4144425558581478
12189,0,0.3530038346180543
12190,0,0.06370369641191503
12191,0,0.6731481236007203
12192,1,0.5075221061921552
12193,0,0.32561631120315127
12194,0,0.3738613454468564
12195,1,0.8756333229211493
12196,1,0.3925650703775995
12197,0,0.32646545980260194
12198,0,0.46577858474855094
12199,0,0.26462435256598016
12200,0,0.2648266938704609
12201,0,0.511383294518096
12202,0,0.3680045887190528
12203,0,0.1425206495172881
12204,0,0.11835105260643008
12205,1,0.39415614289939455
12206,0,0.516516584657096
12207,0,0.34081512747531095
12208,0,0.3370905113045062
12209,0,0.6470798556610743
12210,0,0.3570300435659185
12211,1,0.3681404158583566
12212,0,0.38039883572866307
12213,0,0.10788677830858838
12214,1,0.7382725636142272
12215,0,0.3782952226325386
12216,1,0.9007715992205597
12217,1,0.8522817786473199
12218,0,0.1820076174000083
12219,0,0.22880462711893604
12220,1,0.4394122568663633
12221,0,0.17635677715623785
12222,1,0.8204868581993777
12223,1,0.729619509419548
12224,0,0.33387177195944423
12225,0,0.1967734659394815
12226,0,0.32881194406312964
12227,0,0.3398389332048746
12228,0,0.2941846545850175
12229,0,0.09938653334551485
12230,1,0.2118536430122127
12231,0,0.46567842910415513
12232,0,0.43155367148151214
12233,0,0.11341835573924952
12234,0,0.3353830906629268
12235,0,0.437535459447658
12236,0,0.27345415741804424
12237,1,0.6822230512591391
12238,0,0.31313761801929924
12239,0,0.3742854019943185
12240,0,0.39890969305262813
12241,0,0.4269722940254571
12242,0,0.4180437083665553
12243,0,0.8351567153634025
12244,1,0.6411025229943106
12245,0,0.17008430343040165
12246,0,0.35882759509279505
12247,1,0.8456879770578547
12248,0,0.2957183676660993
12249,0,0.1648942197896927
12250,1,0.7914276389195339
12251,0,0.40787451375487715
12252,0,0.500194456570853
12253,0,0.17612110411570048
12254,0,0.3273882840332734
12255,0,0.18028853890799096
12256,1,0.7144200271805106
12257,1,0.5306061948032973
12258,0,0.1557585474899504
12259,0,0.2672043419036707
12260,0,0.3141484963304221
12261,1,0.3996913571332197
12262,0,0.7700397038963699
12263,1,0.8866951172167084
12264,0,0.10859214452542794
12265,0,0.2861366134658094
12266,0,0.23276336750324486
12267,0,0.8762089425692552
12268,0,0.310724676181424
12269,1,0.852701630662676
12270,0,0.19408159359090496
12271,0,0.4398593345726778
12272,0,0.2863256686973138
12273,0,0.3423419307645784
12274,1,0.42948456896797005
12275,0,0.24865158924510278
12276,0,0.36557202148362505
12277,0,0.13207424618108557
12278,0,0.33510952542859884
12279,0,0.09197092259958975
12280,0,0.411217806041012
12281,0,0.23012042061759508
12282,0,0.2511082131726961
12283,0,0.29581430526761
12284,0,0.21543069430154083
12285,0,0.21296298987408818
12286,1,0.6339608445730572
12287,0,0.387100989498797
12288,1,0.35955241856613507
12289,0,0.4824370823698191
12290,0,0.11639919527418577
12291,0,0.3074795357191143
12292,0,0.5064312736510884
12293,0,0.2902726306897503
12294,0,0.4089536428628247
12295,0,0.3628440966644318
12296,0,0.46628707557998683
12297,0,0.6168622924690961
12298,1,0.5059218872417088
12299,1,0.421143129247108
12300,1,0.6470984763857559
12301,0,0.3168756508276985
12302,0,0.19512558385041323
12303,1,0.40357150016193183
12304,0,0.23143315258328323
12305,1,0.5617012048060608
12306,1,0.7427780772934784
12307,1,0.7812082302006678
12308,0,0.5956872524472963
12309,1,0.7258942925750237
12310,0,0.18511014544695711
12311,0,0.1193364458792932
12312,0,0.3355925772613642
12313,0,0.4927923470038435
12314,0,0.262433194433674
12315,0,0.6981202990713258
12316,1,0.8762727854890849
12317,1,0.5553891652847359
12318,1,0.4503338091460947
12319,0,0.6971181245634654
12320,0,0.44525659738167744
12321,0,0.46444549341587626
12322,0,0.5682683989019737
12323,0,0.42306980691612167
12324,0,0.3068656999347061
12325,0,0.3644522099859998
12326,0,0.4379753355517999
12327,1,0.7628910049478904
12328,1,0.8511821748999645
12329,0,0.23548952585475857
12330,0,0.1308500309541673
12331,0,0.6986399619241226
12332,0,0.4227516927296316
12333,0,0.3203403706125215
12334,0,0.20162769437210223
12335,0,0.10598142935036012
12336,0,0.28977332051555105
12337,0,0.5247561727979143
12338,0,0.28238870026478013
12339,0,0.2002373338589294
12340,0,0.8218880350730237
12341,0,0.1116315636916596
12342,1,0.4970155193350659
12343,0,0.5806706683826339
12344,0,0.3789382496775927
12345,0,0.30732525853811515
12346,0,0.7627652540528441
12347,1,0.45170329425134814
12348,0,0.6142315266272171
12349,1,0.36250007875080487
12350,0,0.4599375603524479
12351,0,0.6276973033877193
12352,0,0.14292388021113542
12353,1,0.4778661523123584
12354,0,0.3132218046246092
12355,0,0.2274847148156026
12356,0,0.34144411581107775
12357,1,0.593286087901571
12358,0,0.2192546198335695
12359,0,0.38184712746577887
12360,1,0.5754239308434842
12361,0,0.3521595677735299
12362,1,0.7334029826836954
12363,0,0.32799579677815444
12364,0,0.1636558324911648
12365,0,0.35759057555076396
12366,0,0.4648389053081789
12367,0,0.28562469382722816
12368,1,0.8163565997319648
12369,0,0.44741272761731204
12370,1,0.9123637564806006
12371,1,0.5789688459644421
12372,0,0.40145386237028047
12373,0,0.2679214781229323
12374,0,0.15858682802057072
12375,1,0.6463355798429177
12376,1,0.574496559070993
12377,0,0.26909832599974354
12378,0,0.6327224487362727
12379,0,0.22694691984842794
12380,0,0.24983239560722165
12381,0,0.3515595285310419
12382,0,0.23941944737895896
12383,1,0.8845232314042331
12384,0,0.19709432221665213
12385,0,0.29932327033691264
12386,0,0.19805537041910107
12387,0,0.41255632567386763
12388,0,0.05097465769621525
12389,0,0.4039188630085749
12390,1,0.7295305261172826
12391,1,0.6362687376099594
12392,1,0.8583530419274474
12393,0,0.17647718004420085
12394,0,0.43686307788246287
12395,0,0.44511568861637296
12396,1,0.3924799464852061
12397,0,0.6919422174509471
12398,0,0.11237196422046733
12399,0,0.11455937149546493
12400,1,0.5765475169790404
12401,0,0.3896806798521248
12402,0,0.29821882077372713
12403,0,0.7507705217116469
12404,0,0.3754726093626467
12405,0,0.6080754655809745
12406,0,0.5235939166055313
12407,1,0.4476486939121569
12408,0,0.178075015883742
12409,0,0.09272767826301123
12410,0,0.3451004719655416
12411,0,0.17379854014817378
12412,1,0.3730576085814079
12413,0,0.24081409271418155
12414,0,0.37011160206534705
12415,0,0.37319246517151344
12416,0,0.18149039073671466
12417,1,0.42978874146834195
12418,1,0.7360301993937399
12419,1,0.8406152997061135
12420,0,0.33362249845560804
12421,0,0.25665789081136875
12422,0,0.2302983426794927
12423,0,0.16542280429354986
12424,0,0.1435435414777057
12425,1,0.4947006306140127
12426,0,0.53236034768977
12427,0,0.09826681975561
12428,0,0.206844101387675
12429,0,0.34314562565025236
12430,1,0.9101482594962086
12431,0,0.3216561894624568
12432,0,0.362910335035169
12433,0,0.4894586321883708
12434,0,0.1455119041466799
12435,0,0.3243144123989722
12436,0,0.4099475861644812
12437,0,0.18412446620262926
12438,0,0.3300919429565878
12439,0,0.24853917548869325
12440,0,0.25153631560816025
12441,1,0.594431782199404
12442,1,0.523584438099113
12443,0,0.3452994032251604
12444,0,0.4410006008652255
12445,0,0.3094861852536026
12446,0,0.45345413210168034
12447,0,0.2531586070148042
12448,0,0.35536139917815956
12449,0,0.14528794679250429
12450,0,0.4096344682616453
12451,0,0.13286600478855795
12452,0,0.23195597205651342
12453,0,0.3355581749095819
12454,0,0.21144605600681465
12455,0,0.262022582720612
12456,0,0.2390708401790913
12457,0,0.33221160143699957
12458,0,0.6910415074943664
12459,0,0.2075210282594334
12460,0,0.08344293774861093
12461,0,0.7913931385121803
12462,1,0.8636814899369111
12463,1,0.4524794522988235
12464,1,0.8723299032987306
12465,1,0.9313874340604602
12466,0,0.5165763479991456
12467,0,0.4140302837349315
12468,0,0.5424577165250177
12469,0,0.3355154770222862
12470,0,0.10574840611069428
12471,1,0.7864662029656937
12472,0,0.20283043214189855
12473,0,0.6841699402973731
12474,1,0.7961945173631448
12475,1,0.7196713117549307
12476,0,0.3175396977735534
12477,0,0.2509092707844908
12478,0,0.629590061650191
12479,0,0.17403626761447882
12480,0,0.09064641964710095
12481,1,0.7738493888526995
12482,1,0.861834066766158
12483,0,0.27598113312401634
12484,1,0.896461348327275
12485,0,0.12166797204077233
12486,1,0.543782945481109
12487,0,0.35900615039758405
12488,0,0.24949319572250225
12489,0,0.25039459956772064
12490,0,0.12476164499332393
12491,1,0.32818670420438417
12492,0,0.24855008814912632
12493,0,0.2350262858880963
12494,0,0.2866659171182861
12495,1,0.844038898444589
12496,1,0.8962641145114234
12497,0,0.11952053865343683
12498,0,0.6082271013963167
12499,0,0.16098510432892166
12500,1,0.5476028983864424
12501,0,0.6492370377130987
12502,1,0.4505813943870745
12503,0,0.4162429226274714
12504,0,0.2353815242746472
12505,0,0.14994872039151366
12506,0,0.24159063620995522
12507,0,0.42231544641460567
12508,1,0.8322233629850817
12509,0,0.24847545981468433
12510,0,0.497983492850397
12511,1,0.7117521847938465
12512,1,0.5659096751127026
12513,0,0.339099575988067
12514,1,0.864728034212959
12515,0,0.3756107966902001
12516,1,0.8707679598372995
12517,0,0.19857827511055354
12518,0,0.4138087377255003
12519,0,0.3819786721892099
12520,1,0.8793632216520604
12521,0,0.25778625216783746
12522,1,0.915601198441151
12523,0,0.6456182892403636
12524,0,0.6405723441074886
12525,0,0.520111649910588
12526,0,0.11279444953377783
12527,0,0.33886172468405057
12528,0,0.750036252485463
12529,0,0.19037356360945432
12530,0,0.21963432140958503
12531,0,0.2860045296156106
12532,0,0.364788622505326
12533,1,0.37871885080553436
12534,0,0.15677130577051387
12535,0,0.2974546668424552
12536,0,0.8251175013834735
12537,1,0.9520408381447544
12538,1,0.6185989295026149
12539,0,0.2220747148370068
12540,0,0.3822080184676372
12541,0,0.1669167599985669
12542,0,0.7521968568363454
12543,0,0.7451699697621611
12544,1,0.8474889303925505
12545,0,0.519396516336739
12546,1,0.8933425499282113
12547,0,0.216872446626259
12548,0,0.32651543077914263
12549,0,0.6534280163584174
12550,0,0.23043704233882
12551,1,0.686786580719383
12552,0,0.6158159240679817
12553,1,0.8876782681276175
12554,0,0.5087727286501305
12555,0,0.217901989371592
12556,1,0.6347331516635263
12557,1,0.4039720318873093
12558,0,0.4738265434615086
12559,0,0.39711577833710776
12560,1,0.36024115919542615
12561,0,0.33773382714293215
12562,0,0.24436747862299135
12563,0,0.8399243802284246
12564,0,0.5322921438564139
12565,0,0.4123981771262974
12566,0,0.4173906392132121
12567,1,0.5922086755305412
12568,0,0.04695244674510568
12569,0,0.3870158213590827
12570,1,0.6576259593935512
12571,0,0.06674530514486887
12572,0,0.15336221774544254
12573,1,0.85302801858573
12574,1,0.4371156932245322
12575,0,0.24442513349876344
12576,1,0.9628546298893929
12577,1,0.4762978776677248
12578,0,0.498731552523343
12579,0,0.14233330401413616
12580,1,0.48739376215489216
12581,0,0.31349332958732307
12582,0,0.3569897888665099
12583,0,0.4923782471930071
12584,0,0.6589997266572064
12585,1,0.8869207166097407
12586,0,0.2632600395279625
12587,0,0.24845820953457082
12588,0,0.2867471185006652
12589,0,0.38040345612062326
12590,0,0.1336636428507323
12591,0,0.11168220358390948
12592,0,0.2137128822942694
12593,1,0.7974908866081039
12594,0,0.23233536486565157
12595,0,0.37393531064486213
12596,0,0.743093885720634
12597,0,0.3251794406980991
12598,1,0.7014752208831649
12599,0,0.3670493079174306
12600,0,0.15315570429637237
12601,0,0.15330900070756248
12602,1,0.9101149554891316
12603,0,0.45423196208273475
12604,0,0.27924960074593963
12605,0,0.38161396257784014
12606,0,0.35935438620663906
12607,0,0.38622276717879045
12608,0,0.3276175690662491
12609,0,0.42382264016889964
12610,1,0.8238460352584981
12611,1,0.3626973067229322
12612,0,0.2999257506022273
12613,0,0.20921687538678216
12614,0,0.2772913023345495
12615,0,0.5907212832292451
12616,1,0.8424442636543013
12617,0,0.3174087879639277
12618,0,0.2002311360362426
12619,0,0.20059550142311777
12620,0,0.3288692779258633
12621,0,0.12381974646501676
12622,0,0.7446036977032087
12623,0,0.13806274568549382
12624,0,0.3166065029482464
12625,0,0.21290670944327844
12626,0,0.19977188386720093
12627,0,0.46351140295202
12628,0,0.32879366870734733
12629,0,0.2853393426796638
12630,0,0.4504696689890359
12631,1,0.4812407252204809
12632,1,0.4212188102955016
12633,0,0.479251180447815
12634,1,0.5495783243812671
12635,0,0.22741503967931048
12636,1,0.4084336187847043
12637,0,0.16297995385446662
12638,1,0.5833488053108897
12639,0,0.15043056693995788
12640,0,0.3089928097892922
12641,0,0.31589000703430087
12642,0,0.5023634522660122
12643,0,0.3645016078148055
12644,0,0.21933465629096158
12645,0,0.2458470054178791
12646,1,0.3879022874459646
12647,0,0.16873797862878154
12648,0,0.21756782435086613
12649,0,0.2964050252720413
12650,0,0.13851488737439635
12651,0,0.5268329053795409
12652,0,0.5027169423816891
12653,0,0.3013825306852728
12654,1,0.8655495787333014
12655,0,0.32545402105256926
12656,0,0.198547027102062
12657,1,0.7095890797981099
12658,0,0.3976644374242869
12659,0,0.16784062245656162
12660,1,0.3978938405519826
12661,0,0.23954841037115845
12662,0,0.3548432216663109
12663,0,0.4702639705787387
12664,0,0.3516896604715755
12665,1,0.7856175656459182
12666,0,0.6336456944545124
12667,0,0.1487175040269595
12668,0,0.31189775133592046
12669,1,0.7731222286192844
12670,0,0.46852442347716655
12671,0,0.18252242175704836
12672,0,0.3686016912923264
12673,0,0.35718232769041064
12674,0,0.25088458719006534
12675,0,0.15434475076079898
12676,0,0.33422669277402534
12677,0,0.5776578197195978
12678,0,0.37530006532469473
12679,0,0.3047712265513017
12680,0,0.050660472902340443
12681,0,0.19202726860670086
12682,0,0.6667442162626596
12683,1,0.8294584213634348
12684,0,0.38515492515181216
12685,1,0.6257963249850533
12686,0,0.42518070048791645
12687,0,0.39260853984676636
12688,0,0.3620779750706826
12689,1,0.760500315825331
12690,1,0.5168118563372575
12691,0,0.4068097791349428
12692,0,0.19856497901707265
12693,0,0.23717222960083334
12694,0,0.7670213594994248
12695,0,0.7969735123315249
12696,0,0.5863412307599505
12697,0,0.6066232865278532
12698,0,0.36362773767551493
12699,0,0.39991042346629035
12700,0,0.377303163616974
12701,0,0.13322096446267184
12702,0,0.3495368662893669
12703,0,0.28188920837083864
12704,0,0.6372215718561033
12705,0,0.4069206898586028
12706,1,0.6952702097225177
12707,1,0.7095103865497211
12708,0,0.22128206669492992
12709,0,0.5471126230452725
12710,0,0.08110023404631744
12711,0,0.7660136518163878
12712,0,0.33460281092513755
12713,0,0.43641804571547077
12714,0,0.25066640988226685
12715,0,0.31474534914535063
12716,0,0.16545514594423405
12717,0,0.24463139597763597
12718,0,0.8885021516149308
12719,0,0.6765319766393152
12720,1,0.37959895760152945
12721,1,0.4320192818955966
12722,0,0.11678061509908526
12723,0,0.25958442785909414
12724,0,0.17712157426975003
12725,0,0.1481418318834661
12726,0,0.19384528118034156
12727,0,0.2266091082780058
12728,0,0.43215281190401605
12729,1,0.7812978471536014
12730,0,0.2460561802952722
12731,0,0.37819130241521515
12732,0,0.6352717061697737
12733,0,0.4008911949923396
12734,1,0.840732288342628
12735,0,0.2779163987096965
12736,1,0.7400330833771923
12737,1,0.5552185891437594
12738,0,0.34771068562049107
12739,1,0.9032944921404271
12740,0,0.7479524018274393
12741,0,0.27853322012110193
12742,0,0.2834206935901807
12743,0,0.058642995119260445
12744,0,0.4571317784632697
12745,0,0.47404499335293193
12746,0,0.2241426293319063
12747,1,0.6017943605249265
12748,1,0.9076538542805426
12749,1,0.5654147567852342
12750,1,0.2828855667607398
12751,0,0.5245368661049506
12752,0,0.11707101969309769
12753,0,0.11695512450522116
12754,1,0.6477298686045476
12755,0,0.0956754519042245
12756,0,0.20956795033858458
12757,0,0.2459388849095223
12758,0,0.2860406946743241
12759,0,0.26285642537703324
12760,0,0.2736865640005237
12761,1,0.41584043761495193
12762,0,0.3027779628057929
12763,0,0.41506640940873935
12764,1,0.523697920458932
12765,1,0.8725989188222107
12766,0,0.16955835669948308
12767,1,0.4516750205601505
12768,1,0.9020223553092316
12769,0,0.6540088811152546
12770,1,0.6011179412096354
12771,0,0.7449173795528868
12772,0,0.5002934569399385
12773,1,0.9234095323186443
12774,1,0.6623463088633426
12775,1,0.8078029672556856
12776,0,0.5676945780827475
12777,1,0.3773265193616947
12778,1,0.42528176386529837
12779,1,0.8387568942046808
12780,0,0.2843158243184827
12781,0,0.16192648030781573
12782,0,0.4439788676789457
12783,1,0.7784481344054079
12784,0,0.13708773993051548
12785,0,0.2611575860435019
12786,0,0.22710799520259614
12787,0,0.4276475783234011
12788,0,0.46425032565964686
12789,0,0.500967981578825
12790,0,0.3804284751380393
12791,0,0.18477557575486903
12792,0,0.17480718462892456
12793,0,0.2191075225271624
12794,0,0.23538683966951196
12795,0,0.1662524978576516
12796,0,0.17503449220249215
12797,0,0.13720947923566176
12798,0,0.05972442234504559
12799,0,0.37693932875247393
12800,0,0.36635038109022555
12801,0,0.5622343683556033
12802,0,0.7750387210823922
12803,0,0.16629162550012722
12804,1,0.7221354020772541
12805,0,0.4575998736515101
12806,0,0.246658296308278
12807,0,0.09201049695220195
12808,0,0.34083927441601763
12809,0,0.4467097821587421
12810,0,0.8105887990661138
12811,1,0.5445225448575987
12812,0,0.3271332139404998
12813,0,0.2721198674464216
12814,0,0.5830965756008161
12815,1,0.433558761523603
12816,0,0.34418547847053416
12817,0,0.24029562969025814
12818,1,0.6019304757512071
12819,0,0.17818734666342462
12820,0,0.31721843928655064
12821,0,0.36368385685864907
12822,0,0.8690916873723168
12823,0,0.14315088479677315
12824,0,0.19981171679891097
12825,0,0.2167128244416573
12826,1,0.8416486367140443
12827,0,0.3403170389116109
12828,0,0.20959898652277778
12829,0,0.5310252384780005
12830,0,0.6475653737087531
12831,0,0.44253164927573996
12832,1,0.4144748539856771
12833,0,0.29841119627370544
12834,0,0.1747054150000414
12835,1,0.6861561407180556
12836,0,0.37570411006908006
12837,0,0.03770803687613519
12838,0,0.5225584355580388
12839,0,0.8737232671500622
12840,1,0.7579541634781662
12841,1,0.3331653007575286
12842,1,0.8645830251813669
12843,1,0.7253408460147303
12844,0,0.332500779374333
12845,0,0.13935339216577536
12846,0,0.6625978277698766
12847,1,0.4522828539881318
12848,0,0.3271606933807162
12849,0,0.14469486646560503
12850,0,0.22962081263615824
12851,1,0.40389571920270556
12852,0,0.11872653206612244
12853,1,0.854832896490784
12854,0,0.13764847525815938
12855,0,0.17382393725083978
12856,0,0.16873501715599915
12857,0,0.1634895725819624
12858,0,0.2846002988117428
12859,0,0.2885773988429882
12860,0,0.21297502773713248
12861,1,0.6203752622245562
12862,0,0.2800386933752751
12863,0,0.39763761082178306
12864,0,0.13106041005372857
12865,0,0.175610231398848
12866,1,0.8620027333718722
12867,1,0.5536513662988485
12868,0,0.43704462682463174
12869,0,0.2440662704861193
12870,0,0.3101388549736285
12871,0,0.21870122878169482
12872,0,0.6227985993386688
12873,0,0.803862682588976
12874,0,0.24223136766731362
12875,0,0.24348544865947896
12876,0,0.26727819643504047
12877,0,0.3642056357075977
12878,0,0.219595020386346
12879,0,0.10369919077898543
12880,0,0.31036114136325166
12881,0,0.3140989261139734
12882,0,0.3242161724605316
12883,1,0.35508947534155333
12884,1,0.6354965737697549
12885,0,0.3256475607254694
12886,0,0.3964323675091965
12887,0,0.7907144555244031
12888,0,0.25050188487999353
12889,0,0.7010001151884383
12890,0,0.1913700991573267
12891,0,0.3529263487579018
12892,0,0.23527210276979307
12893,0,0.2779111362713284
12894,0,0.14651064825034354
12895,1,0.3389329257283103
12896,1,0.9077515479991224
12897,0,0.10625789308221653
12898,1,0.9234941566468312
12899,0,0.11751061395816467
12900,0,0.30183819737133105
12901,0,0.164370321733844
12902,0,0.8326631267595094
12903,1,0.2812648341520433
12904,0,0.1779429907548097
12905,1,0.5413928366222872
12906,0,0.7788337616806068
12907,1,0.6231646602756615
12908,0,0.11555349299367274
12909,0,0.40046382996116847
12910,0,0.1332827257026397
12911,1,0.4188674396806016
12912,0,0.2889703160218174
12913,0,0.48749089329340234
12914,0,0.0641268369033835
12915,0,0.1593474107276825
12916,0,0.3657524581276338
12917,1,0.5238853420422571
12918,0,0.3209396614757626
12919,0,0.19767906512347938
12920,0,0.1669855954834223
12921,0,0.5667181786379237
12922,0,0.26851859792799426
12923,0,0.4351503523357168
12924,1,0.3608104970731911
12925,1,0.778949364712972
12926,1,0.5261069058075294
12927,1,0.4736272299615903
12928,0,0.34268654168074053
12929,0,0.3165372980321005
12930,1,0.8639130643585966
12931,1,0.2646413428658872
12932,1,0.3687914776491272
12933,0,0.3193888326385259
12934,0,0.11224561793822684
12935,0,0.3079696104929709
12936,0,0.2980054529328557
12937,0,0.36966987356181297
12938,0,0.3094795325052888
12939,0,0.2996803383195077
12940,0,0.35201006088342784
12941,0,0.3015388472979075
12942,0,0.7598084474182183
12943,0,0.22957222943492006
12944,0,0.25767586384445496
12945,0,0.13175002400115032
12946,1,0.8604674336918605
12947,0,0.40594300846886255
12948,0,0.26719238421443103
12949,0,0.3647833389478551
12950,0,0.13546211770280994
12951,0,0.34471696493225473
12952,0,0.33582701035168755
12953,0,0.4307940099837994
12954,0,0.19798260671011494
12955,1,0.7948548499284567
12956,0,0.3390056675622718
12957,0,0.27350502498551654
12958,1,0.6723333645584201
12959,0,0.29681262649029494
12960,0,0.24924639967546203
12961,0,0.3311704520558058
12962,0,0.2669229836304819
12963,0,0.10267340522357644
12964,1,0.544823347593961
12965,0,0.3602819459815762
12966,0,0.2907925361953294
12967,0,0.4503716036061838
12968,1,0.4550015278529626
12969,0,0.13053439678252723
12970,0,0.22275799032653645
12971,0,0.4283509373450777
12972,0,0.4974666139746099
12973,1,0.7358783650948907
12974,1,0.4715086725515994
12975,0,0.2583043986522191
12976,1,0.8165861986368168
12977,1,0.8558252180154737
12978,1,0.6076504512618474
12979,0,0.2982150554182318
12980,0,0.2520135875377434
12981,0,0.10124032221086557
12982,1,0.4673689002120347
12983,1,0.8531687189027418
12984,0,0.2570229763263974
12985,0,0.2295669028577233
12986,0,0.6446689518135231
12987,0,0.3783256649336208
12988,0,0.12904123640003562
12989,0,0.4900100453771648
12990,1,0.5067320317990072
12991,1,0.40185087672654424
12992,0,0.2641642745003389
12993,1,0.8195682717849642
12994,1,0.2695568718874036
12995,0,0.5558623153799455
12996,0,0.21727774095275262
12997,0,0.36079171462008763
12998,0,0.27952013884657984
12999,0,0.4248813490409555
13000,0,0.7277603582514668
13001,0,0.4379241674597499
13002,0,0.4476661551188832
13003,0,0.2440671006160837
13004,0,0.33458177581280535
13005,0,0.24899849224141707
13006,0,0.33255765717786334
13007,0,0.16581628160559034
13008,0,0.6426149493028069
13009,0,0.28917792226410305
13010,1,0.33060248005121573
13011,0,0.2793009467832964
13012,0,0.2582549894825693
13013,0,0.2889947297709058
13014,0,0.19188353550708712
13015,1,0.7441268430961493
13016,0,0.6238325824828886
13017,0,0.23350683115339
13018,1,0.6209028924457414
13019,0,0.7629392253378664
13020,0,0.7005599338839591
13021,0,0.4400216566934638
13022,0,0.305032192696452
13023,0,0.30782559458805786
13024,0,0.39187262674123796
13025,0,0.38996258075686085
13026,1,0.6739353313364356
13027,0,0.39918788903784985
13028,0,0.4412419525412318
13029,1,0.7958964305014744
13030,0,0.3675919525199944
13031,0,0.23434604902470332
13032,0,0.6158104662590442
13033,0,0.055717344349591656
13034,0,0.09497334867537276
13035,0,0.3939366977789145
13036,0,0.5424734268678075
13037,0,0.38984708404687707
13038,0,0.13800432706007495
13039,0,0.2356107529576544
13040,0,0.0985340251915176
13041,0,0.24890226566534188
13042,1,0.25073110547830874
13043,0,0.2272941159864611
13044,0,0.23930475932638853
13045,0,0.4951457121299249
13046,0,0.2075063545559002
13047,0,0.6085635397956911
13048,0,0.13675120819834644
13049,0,0.6372521672924776
13050,0,0.3195331023891188
13051,0,0.15472037684365902
13052,1,0.3382673873975702
13053,0,0.20957871274708179
13054,0,0.16371775049330123
13055,0,0.35214855609373147
13056,1,0.8068945580833112
13057,0,0.3289032774073328
13058,1,0.49959723056089345
13059,0,0.2941109329456019
13060,0,0.2746375631933158
13061,0,0.3347300918364533
13062,0,0.06840422268661964
13063,0,0.17699212171677176
13064,0,0.2838584875125722
13065,0,0.7744331676222203
13066,0,0.2342219369518
13067,0,0.5293256719722917
13068,1,0.9308983168943993
13069,0,0.2883627219621638
13070,1,0.9053496571517816
13071,0,0.38972351672582156
13072,0,0.22088804878915613
13073,1,0.8867488057514313
13074,0,0.1191299126968575
13075,0,0.3385948254135031
13076,1,0.7609809116574263
13077,0,0.7237432922852011
13078,0,0.28896985139102505
13079,0,0.27471790189940626
13080,0,0.11230455220554715
13081,0,0.23689483460048164
13082,0,0.3444167388361487
13083,0,0.36436004282440015
13084,0,0.27593890563396306
13085,0,0.434345359680107
13086,1,0.773464925632521
13087,0,0.19518616424500693
13088,0,0.14670570791368462
13089,0,0.7974749089478821
13090,0,0.2148378651519047
13091,0,0.15883883825330763
13092,0,0.7983298490519418
13093,1,0.493710265058004
13094,1,0.6158123411779016
13095,0,0.32902151045614114
13096,1,0.5884993394542452
13097,1,0.7988776166783711
13098,0,0.2896481699788429
13099,0,0.5870505536908709
13100,0,0.12478353214901781
13101,0,0.3324713195137338
13102,1,0.8767970392908205
13103,0,0.18460140990708254
13104,0,0.27450643774217054
13105,1,0.4629451001678604
13106,0,0.11022439308287313
13107,1,0.7551782360285796
13108,0,0.279878505417552
13109,0,0.15823419450271217
13110,0,0.2209691433864377
13111,0,0.3301481031933731
13112,0,0.2599433129603774
13113,1,0.8656978312820869
13114,0,0.21761058779186468
13115,0,0.3043272684967341
13116,1,0.6202502619370196
13117,0,0.42677453319134867
13118,0,0.6758021321030995
13119,0,0.2166038336807253
13120,0,0.6655211546818581
13121,0,0.48877922122374584
13122,1,0.654287812054227
13123,0,0.26655770477655993
13124,1,0.48041506534054274
13125,0,0.2796433981650868
13126,0,0.6419039742050401
13127,0,0.27731703802426416
13128,0,0.1298621634941344
13129,1,0.6810584311482537
13130,0,0.30565229081403256
13131,0,0.2285685481571042
13132,0,0.30968351672013283
13133,0,0.06994621346537672
13134,0,0.8303599102037623
13135,1,0.418022679450402
13136,1,0.5613040300916078
13137,0,0.2921373346709995
13138,0,0.25223000301726545
13139,1,0.4196891948172985
13140,1,0.8388093431374718
13141,0,0.3646847089482342
13142,0,0.4910172223174223
13143,0,0.3969904832071699
13144,0,0.3478948521989374
13145,0,0.12169482262176055
13146,0,0.2519721113787559
13147,0,0.4990208955454799
13148,1,0.46671509551971424
13149,0,0.24033636749213547
13150,0,0.727842604700104
13151,0,0.0774484031333216
13152,1,0.22617265581102353
13153,0,0.2982093325942224
13154,0,0.1514792884890487
13155,0,0.25832913462004187
13156,0,0.3726483918403008
13157,1,0.5158180008669445
13158,0,0.432248882965868
13159,1,0.7884871428095461
13160,0,0.606963382014211
13161,1,0.30150849567682436
13162,0,0.44514911946341373
13163,0,0.3529595007521222
13164,0,0.3103239651706501
13165,0,0.42802955966207945
13166,0,0.38151655532492
13167,0,0.3442506803985811
13168,0,0.4072509412104147
13169,1,0.4418825450719111
13170,0,0.26651940324308127
13171,0,0.4781112566859932
13172,0,0.2534492303526506
13173,0,0.19628510199881025
13174,0,0.28052358566311364
13175,0,0.3482770316414456
13176,0,0.33862359949566945
13177,0,0.1759876888511961
13178,0,0.4348894566232213
13179,0,0.3289482263706667
13180,0,0.6296297556948638
13181,1,0.8134294877023563
13182,0,0.5263516608080923
13183,0,0.38343596294443066
13184,0,0.16595550666565806
13185,0,0.21511392162024687
13186,0,0.28973518284104044
13187,1,0.3529572624805025
13188,1,0.39164622445149744
13189,0,0.44350957438172556
13190,0,0.3359327271317774
13191,0,0.2597249119423465
13192,0,0.22037815611951708
13193,0,0.3863193932016805
13194,0,0.24921445082167965
13195,0,0.38558262647530556
13196,0,0.13882111649476456
13197,1,0.6390306514259364
13198,0,0.3668186952987584
13199,0,0.32074734457169835
13200,0,0.3904203764855931
13201,1,0.4701744164682187
13202,0,0.3793190054747826
13203,0,0.8009206102721567
13204,0,0.25299004285064963
13205,0,0.11067946457710766
13206,0,0.7535289997205054
13207,0,0.6724962456021513
13208,0,0.2124181202885912
13209,0,0.44447503327011945
13210,0,0.4431852263033012
13211,0,0.6718718826130605
13212,0,0.28436062165743986
13213,0,0.3397884665143447
13214,0,0.4071335592697236
13215,0,0.5483818689047455
13216,0,0.2765565945474639
13217,0,0.27224969069581495
13218,0,0.46672556083375644
13219,0,0.24253395015781415
13220,0,0.2016851517005317
13221,1,0.43665003765177723
13222,0,0.28347025861651515
13223,0,0.31267830011946296
13224,1,0.5578897232349174
13225,0,0.23958012417671534
13226,1,0.8771857115705878
13227,0,0.1822466934727922
13228,0,0.3794620024578147
13229,0,0.2801861951371232
13230,0,0.25351121675182653
13231,1,0.3805896215407008
13232,0,0.4324018430678683
13233,0,0.08857029344231104
13234,0,0.2861686073907632
13235,0,0.19804490481436482
13236,0,0.5536017762445837
13237,0,0.11872198315529017
13238,0,0.23745606107339934
13239,0,0.2507415587363513
13240,0,0.3223792477988327
13241,0,0.2455556849196579
13242,0,0.4354539326357031
13243,0,0.20852444783510837
13244,0,0.23508802880732646
13245,1,0.6897128656582483
13246,1,0.6632085861769279
13247,0,0.2162847547684995
13248,0,0.7712044094652656
13249,0,0.17587461626056894
13250,0,0.42112721502832684
13251,0,0.3284319171200634
13252,0,0.49432125910250163
13253,0,0.24577138802549559
13254,0,0.2241347971733832
13255,1,0.31158704956354755
13256,0,0.3067723982261789
13257,0,0.11480719807366034
13258,0,0.14294896432933235
13259,0,0.25021322147904285
13260,1,0.6566215187572477
13261,0,0.45680712854849764
13262,0,0.09980315692644993
13263,0,0.30434468077371496
13264,1,0.9158542692225289
13265,1,0.8992512393820175
13266,1,0.8754749791255808
13267,0,0.271898057336114
13268,0,0.12257002034065646
13269,0,0.32054484309540837
13270,0,0.32261604288093976
13271,0,0.2694207238158596
13272,0,0.657168322717489
13273,1,0.4636423807194825
13274,0,0.2937552388098698
13275,0,0.21377884289164373
13276,0,0.11626166744879775
13277,0,0.3157717669795684
13278,0,0.24024252351584302
13279,0,0.17287701513324005
13280,0,0.1668523407531911
13281,0,0.7840925037502829
13282,0,0.2500245423844717
13283,0,0.48275662345981146
13284,0,0.24515779893510545
13285,0,0.20743266466633378
13286,1,0.6765306146663748
13287,0,0.1373567976225028
13288,1,0.9295309669770098
13289,0,0.17662210473115664
13290,0,0.5221091678418144
13291,0,0.1676456139842722
13292,0,0.6059179572735656
13293,0,0.4467786687141637
13294,0,0.309074436811793
13295,0,0.1771271589394017
13296,0,0.07272769628654636
13297,0,0.18955669779230008
13298,0,0.4159147691662393
13299,0,0.36561481588530415
13300,0,0.3711557254467128
13301,0,0.11876227525667125
13302,0,0.10760158948417811
13303,1,0.8647257481871297
13304,0,0.27601241920660136
13305,0,0.2142208051292303
13306,1,0.8168715174873733
13307,1,0.7589190647112454
13308,0,0.4130391239475159
13309,0,0.7727983119664306
13310,1,0.4707722360894379
13311,0,0.5134078959286955
13312,0,0.36783086197132014
13313,0,0.4057200179942322
13314,0,0.15117883541287316
13315,1,0.5537033090080664
13316,1,0.8927406803674118
13317,0,0.3200345691249848
13318,0,0.23096734704471195
13319,1,0.5756802547767511
13320,0,0.6460854724186674
13321,0,0.22451080672449553
13322,1,0.8587161342528264
13323,0,0.30318690425824385
13324,1,0.8782870337285417
13325,0,0.22679481103086027
13326,0,0.36815851596236804
13327,0,0.07975785291413402
13328,0,0.31030318161663195
13329,1,0.8017952403922627
13330,0,0.5748694661599532
13331,0,0.22559929392504854
13332,0,0.3070533016056904
13333,0,0.17767827795884358
13334,1,0.42974102313638063
13335,0,0.2523538544853619
13336,0,0.2929640890113332
13337,0,0.15843022187889888
13338,0,0.1032889351637472
13339,0,0.25258188560654765
13340,1,0.8750148690251894
13341,0,0.632021118274559
13342,0,0.2695880490188845
13343,0,0.17027805259063145
13344,0,0.242897449664227
13345,0,0.8068581049261525
13346,1,0.36033635500014294
13347,0,0.4050319392529922
13348,1,0.48954353257147554
13349,0,0.21198863374367416
13350,0,0.17831804545255228
13351,0,0.519369231935591
13352,0,0.21195804371063343
13353,0,0.37756186052499635
13354,0,0.4133382367856504
13355,0,0.13680891435905168
13356,0,0.4948412004964869
13357,0,0.33699055839207637
13358,0,0.15979248992156747
13359,0,0.3932796005234041
13360,0,0.19135484755106244
13361,0,0.18089357087886743
13362,0,0.2337729104678397
13363,1,0.8376682474298751
13364,0,0.23395267492288294
13365,0,0.6846685643074322
13366,0,0.14341639799781844
13367,1,0.8696769227388829
13368,0,0.2622993219331004
13369,0,0.5525431553597359
13370,0,0.11445217660982433
13371,0,0.47298451739445563
13372,0,0.2284796991507767
13373,1,0.46318708196899805
13374,1,0.8384602904905603
13375,1,0.44644998588283663
13376,0,0.3851414624461147
13377,1,0.5890022599947278
13378,1,0.37106726747624746
13379,0,0.604267022364349
13380,0,0.13211753879831462
13381,0,0.28371578540822356
13382,0,0.3594614865868692
13383,0,0.3966334781150466
13384,0,0.4118768687267195
13385,0,0.09658623886870947
13386,0,0.25699561561751966
13387,0,0.21124347297841303
13388,0,0.8025426219187805
13389,0,0.2872012492169947
13390,0,0.30135310188932146
13391,0,0.14001598718207786
13392,0,0.534946430402616
13393,0,0.45860519055231186
13394,0,0.5495256457534328
13395,0,0.2855667651300745
13396,0,0.40329614994930174
13397,0,0.7423321366478419
13398,0,0.44799851368454324
13399,0,0.33950721627089187
13400,0,0.3268952238843193
13401,0,0.42317809290113506
13402,0,0.3346341730895809
13403,1,0.5455405353312011
13404,0,0.19814535906613384
13405,1,0.8708702164170926
13406,1,0.7321273468064203
13407,0,0.3982967209826345
13408,0,0.25507014520665505
13409,0,0.662441786000045
13410,0,0.12590964052089196
13411,0,0.8056876138239382
13412,0,0.2978061028584039
13413,0,0.21442867733252688
13414,1,0.6176804143111442
13415,0,0.8432356209562812
13416,0,0.832791893033496
13417,0,0.35958454995125344
13418,0,0.23398544304757687
13419,0,0.5752184752019115
13420,0,0.6716195695627383
13421,1,0.7999013234350743
13422,0,0.17964669872166436
13423,1,0.7115821575710514
13424,0,0.23360111767995026
13425,1,0.6685782133025154
13426,0,0.22958729975136558
13427,0,0.26972710863845983
13428,0,0.3405448212170701
13429,0,0.27662767809803757
13430,1,0.9101982137766563
13431,0,0.32123583621894913
13432,0,0.21796723496419868
13433,1,0.884120601187349
13434,0,0.176724954754873
13435,0,0.1917852245133473
13436,1,0.8924536066710993
13437,0,0.17043772076278363
13438,1,0.5585704320928333
13439,0,0.29810997691021124
13440,0,0.385107009637207
13441,1,0.868949973891313
13442,1,0.7426084808206614
13443,0,0.35645043447113767
13444,0,0.2719042329957718
13445,0,0.23712825056036696
13446,0,0.4071865961137256
13447,0,0.3065931797971185
13448,1,0.599312438528268
13449,0,0.37515181188491004
13450,0,0.34685005031460764
13451,0,0.4786095595522531
13452,0,0.40029860599309963
13453,0,0.1805147669644737
13454,0,0.38355741921973374
13455,1,0.46926622323315664
13456,0,0.37510128604931053
13457,0,0.315401408988711
13458,1,0.38064964346085944
13459,0,0.2341456730463158
13460,0,0.23122762017760434
13461,0,0.2291650585509154
13462,0,0.33978542832467484
13463,0,0.2815854049343939
13464,1,0.8271714881720267
13465,0,0.8526001139566717
13466,0,0.23435953681894797
13467,1,0.6190651080604324
13468,0,0.29924147314341154
13469,1,0.5685644800980275
13470,0,0.3314536681361211
13471,0,0.1625280224021873
13472,0,0.5138237632029279
13473,0,0.3493712151343585
13474,0,0.40050198501292494
13475,1,0.5200557105695169
13476,0,0.2646187860603564
13477,0,0.6971699681553731
13478,0,0.5314744578694566
13479,0,0.3841595344751343
13480,0,0.20328245214064428
13481,1,0.6867248620771323
13482,0,0.4669975911015692
13483,0,0.2074903150949793
13484,1,0.5026462733704846
13485,0,0.6455002395749244
13486,1,0.8308200902016408
13487,0,0.2761804704796015
13488,0,0.36666960286493394
13489,0,0.27009113614444624
13490,0,0.28932841556434347
13491,0,0.3034521792822137
13492,0,0.8154561219759472
13493,1,0.8553186557169609
13494,0,0.39703048988223266
13495,1,0.9259187048994889
13496,0,0.16328968086718582
13497,0,0.4755562201562058
13498,0,0.2531483305136653
13499,0,0.7392705913114176
13500,0,0.3319279094665808
13501,0,0.6085635397956911
13502,1,0.7814030558508168
13503,0,0.9138124670954363
13504,0,0.4187856294532363
13505,1,0.34699110004317424
13506,0,0.24112496852234053
13507,0,0.1517851291864429
13508,1,0.79739030672259
13509,1,0.7174760581757692
13510,0,0.1813899909366157
13511,1,0.5600806579079145
13512,0,0.2308353859479271
13513,0,0.5046707049023507
13514,0,0.15921502058004813
13515,1,0.5658934499693745
13516,0,0.4600875713674688
13517,0,0.08107538110091347
13518,0,0.22448204213750106
13519,0,0.25770973458463087
13520,0,0.32424770349750764
13521,0,0.2394926687386474
13522,0,0.898359072090211
13523,0,0.7457873094187037
13524,0,0.05917884594771676
13525,0,0.1724419021663395
13526,1,0.7652180508449595
13527,0,0.17023436591787938
13528,0,0.3347665672026116
13529,0,0.35822036424684106
13530,0,0.26468535374864244
13531,0,0.4565235533583769
13532,1,0.4996848378547889
13533,1,0.7840753951133526
13534,0,0.1844831668765167
13535,0,0.08123314664588771
13536,1,0.865645501113526
13537,0,0.30317646708966217
13538,1,0.33595975046801035
13539,0,0.18261272267304907
13540,0,0.4574322357951639
13541,0,0.27102775960578784
13542,0,0.22338526915566706
13543,1,0.9457006568229427
13544,0,0.25698999638935915
13545,0,0.33591876217441147
13546,0,0.10667252463854357
13547,0,0.28459317834367015
13548,1,0.7925061086255434
13549,0,0.2306386351040854
13550,0,0.26779644816288267
13551,0,0.47645054360820965
13552,0,0.30026123174603414
13553,0,0.4650064890081995
13554,0,0.3761746834287291
13555,1,0.894303505153006
13556,0,0.6220439307874159
13557,0,0.3751853818550331
13558,0,0.18801353851693595
13559,1,0.8330946250319268
13560,0,0.11014972713346757
13561,0,0.40878065480496256
13562,1,0.8585974980055857
13563,0,0.18043746925337736
13564,0,0.23593018182709413
13565,1,0.40328834590984064
13566,0,0.42399067980786403
13567,0,0.22551016299864204
13568,0,0.36873686529925365
13569,0,0.6803402921989827
13570,0,0.2230683214068409
13571,1,0.7857408801450102
13572,0,0.24646675535244383
13573,0,0.3602366328238544
13574,0,0.2209625468481733
13575,0,0.354557875968951
13576,0,0.3384670194039194
13577,0,0.41502616083871935
13578,0,0.40403235547019306
13579,0,0.11053203709356499
13580,1,0.7650593012558646
13581,0,0.17654995534974577
13582,0,0.5510080830804562
13583,0,0.4507249982283587
13584,0,0.5244355233399525
13585,0,0.3137200189621723
13586,1,0.39078395003273153
13587,1,0.8775216096615699
13588,0,0.08448153178800556
13589,0,0.17951035070568333
13590,0,0.2039482703545396
13591,0,0.5173339598793996
13592,0,0.3485321520320316
13593,0,0.259803605105972
13594,0,0.7564393330186999
13595,0,0.2763066863205733
13596,1,0.4461366560666791
13597,0,0.2083672775213753
13598,0,0.36706966245542666
13599,1,0.8448355094435668
13600,0,0.32312157269696856
13601,0,0.30933211396012716
13602,0,0.24788620024535035
13603,0,0.32913370632465955
13604,1,0.5894069617933428
13605,1,0.9577411653121791
13606,0,0.8822932742954238
13607,1,0.913911533648617
13608,1,0.8375138863428795
13609,0,0.09687420932871837
13610,0,0.44735507384310175
13611,0,0.10692830645021742
13612,1,0.5293551802009382
13613,0,0.070870938871521
13614,0,0.3103179297387775
13615,0,0.18875131369763434
13616,1,0.40717755818897156
13617,0,0.8734197987682143
13618,0,0.171517335393369
13619,1,0.5976608589585769
13620,0,0.3531592291112037
13621,0,0.7485661819894271
13622,1,0.8277438272941482
13623,0,0.22256039532197774
13624,0,0.3649109593714111
13625,0,0.16585541886426688
13626,0,0.5446216085967085
13627,1,0.39400840514970525
13628,0,0.5012239044856923
13629,0,0.2600025763659202
13630,1,0.22953955044623256
13631,0,0.11332532586768729
13632,0,0.146271815375572
13633,0,0.31117278193058107
13634,0,0.14219616965026685
13635,0,0.339197540127339
13636,0,0.47327963807044704
13637,0,0.1768621384856575
13638,0,0.16701057136058828
13639,0,0.46026721302233176
13640,1,0.38400230967875176
13641,1,0.549974368836444
13642,0,0.36626628116340354
13643,0,0.19116096843973537
13644,0,0.10487194265077247
13645,0,0.2701731291045799
13646,0,0.0753611478645834
13647,0,0.30754956077700596
13648,1,0.5749900929462737
13649,0,0.2012187356279598
13650,0,0.45144635155397705
13651,0,0.2851343403507639
13652,0,0.5088718920986891
13653,0,0.34691641969444764
13654,0,0.28659235042124864
13655,1,0.759039194048136
13656,0,0.1973415185596429
13657,0,0.20755162618483664
13658,0,0.8327606737000036
13659,0,0.220451949675578
13660,0,0.15896887225835912
13661,0,0.1825839208971117
13662,0,0.1700388046368802
13663,1,0.9424010434067901
13664,0,0.1841908675961518
13665,0,0.13124276057631257
13666,0,0.36922273040051257
13667,0,0.2705733410441006
13668,0,0.15120270200158492
13669,1,0.6940462738025501
13670,0,0.304953502501735
13671,1,0.7830372213492532
13672,0,0.42895143385204365
13673,0,0.43558816128415295
13674,1,0.4575445476559782
13675,0,0.2445969403776308
13676,0,0.23700895300078156
13677,0,0.4312423832003215
13678,1,0.4055476065455073
13679,0,0.07868476306863739
13680,0,0.22949356010512204
13681,0,0.27353086516363445
13682,0,0.13825537365700785
13683,0,0.3047671436520419
13684,0,0.12244811164138238
13685,0,0.2760824374181601
13686,0,0.48854643396114517
13687,0,0.19679267713576756
13688,0,0.3536311674952301
13689,0,0.267779859358153
13690,0,0.30735615069837013
13691,0,0.5005806856671557
13692,0,0.3234924991818828
13693,1,0.5629887239801752
13694,0,0.31677777178755856
13695,0,0.28361034113482475
13696,1,0.6373113572242203
13697,0,0.2153932944043984
13698,0,0.3532555875903956
13699,0,0.38883266717406206
13700,1,0.8083208553063514
13701,1,0.47452628738138286
13702,0,0.16556275079180302
13703,0,0.5927296780242863
13704,0,0.22603187568995495
13705,1,0.37110804238260314
13706,0,0.28400313535138916
13707,0,0.8389434213513353
13708,0,0.20560220213546254
13709,0,0.35696438708313527
13710,0,0.0663920035591795
13711,0,0.41514991888725306
13712,0,0.2682448591025691
13713,0,0.3206941036208002
13714,1,0.39788278240437935
13715,0,0.29494076075237635
13716,0,0.1471663156482358
13717,0,0.4584308750300792
13718,0,0.3745491879544344
13719,1,0.21468436458690227
13720,0,0.26768838242825893
13721,1,0.6327314401367883
13722,1,0.4100027263746191
13723,0,0.17141305409658902
13724,1,0.8059831463923363
13725,0,0.6938669958487033
13726,0,0.30272386645608534
13727,1,0.8006183463626076
13728,0,0.17833011296273668
13729,0,0.8521532541332317
13730,0,0.24681669851818616
13731,0,0.2611611557931642
13732,0,0.3824131522436058
13733,0,0.4252869600736322
13734,0,0.24235338472741674
13735,1,0.7554062773752891
13736,0,0.12847039368784
13737,0,0.23450482202791392
13738,0,0.6364514191764461
13739,0,0.35502260906418953
13740,0,0.6627267585940144
13741,0,0.11993513774972676
13742,0,0.17357653059870903
13743,0,0.36237406281912377
13744,0,0.6980781111904966
13745,0,0.162758942542241
13746,1,0.3358452610823645
13747,0,0.3015763730815614
13748,0,0.5412244358824457
13749,0,0.6591560223136207
13750,0,0.3965182712983352
13751,0,0.15932222620973904
13752,0,0.8770879476586768
13753,0,0.3312498674926039
13754,0,0.3410710391193648
13755,0,0.15962517519280728
13756,0,0.20200160075468293
13757,1,0.5034726495168764
13758,1,0.7954166974069663
13759,1,0.7935815237073239
13760,0,0.18355659993806014
13761,0,0.17848103635254314
13762,1,0.4192826980433745
13763,0,0.08533394033159038
13764,0,0.8001804519091859
13765,0,0.7529526410686184
13766,0,0.37376261115396564
13767,0,0.08882257322754757
13768,0,0.3033349087927951
13769,0,0.23701678717350635
13770,0,0.64532795690586
13771,0,0.0979552006256289
13772,0,0.12146971463072964
13773,0,0.4253233137536438
13774,1,0.9281328245046694
13775,0,0.6258466537851856
13776,0,0.07099827685425161
13777,0,0.3698124813835318
13778,0,0.3777689391299105
13779,0,0.3114604073903897
13780,1,0.8239422591871473
13781,0,0.2704500283824261
13782,1,0.8674716054600495
13783,1,0.45171781488172613
13784,0,0.28227440615790705
13785,1,0.3908356605366794
13786,0,0.22339730340463368
13787,0,0.33928585212783396
13788,0,0.7180487873941688
13789,0,0.23653388604976913
13790,0,0.4465262174948089
13791,0,0.38625016481986985
13792,0,0.336834447847669
13793,0,0.40413541748644805
13794,0,0.28090673399460153
13795,1,0.4819937833311556
13796,0,0.5060367088149142
13797,0,0.7425973079571953
13798,0,0.16518834741331723
13799,0,0.5850085687508846
13800,1,0.8528110553844851
13801,0,0.18896172756946697
13802,0,0.208605178678906
13803,0,0.2683691986260668
13804,1,0.4301367381287566
13805,0,0.6499179395041433
13806,0,0.13856120015631987
13807,0,0.40339964945004264
13808,0,0.3264998026201437
13809,0,0.7441182121750208
13810,0,0.27899569175567906
13811,1,0.8980761926382002
13812,0,0.08385857774693731
13813,1,0.9113989531604304
13814,0,0.1583718263020267
13815,0,0.7942286073204372
13816,0,0.0957412397809207
13817,0,0.09075168645839728
13818,0,0.3557044121090309
13819,0,0.3051897847303409
13820,1,0.852839360757953
13821,0,0.36912626574579943
13822,0,0.29870812707411193
13823,1,0.7806367501314933
13824,0,0.30272973338149295
13825,1,0.8688479595023857
13826,0,0.2891130931316849
13827,0,0.33939173523966754
13828,1,0.41819959686960345
13829,0,0.2071921433381875
13830,0,0.18503993841825905
13831,0,0.34454879173264336
13832,0,0.19777523767045888
13833,0,0.20139313789312507
13834,0,0.30327957006891965
13835,0,0.13971980011955934
13836,0,0.29977855351762506
13837,0,0.5179109006600133
13838,0,0.3420903670206551
13839,0,0.6633674828517131
13840,0,0.8371551656345821
13841,0,0.17025706546353775
13842,0,0.23989512654787634
13843,0,0.6611430664733099
13844,0,0.14490061070136506
13845,0,0.42921801273868077
13846,0,0.6531528745191626
13847,0,0.27392524925215606
13848,0,0.8425897676211133
13849,0,0.33375792562858453
13850,0,0.16517176935722994
13851,0,0.3207696815162656
13852,1,0.3519699966695903
13853,0,0.31517739610758055
13854,0,0.38161786676413856
13855,0,0.3081078849769305
13856,0,0.27300773833683467
13857,0,0.36860426500117877
13858,0,0.5007802941870564
13859,0,0.3773351601424699
13860,0,0.6610192853652321
13861,1,0.22137974433990482
13862,0,0.18563370128404091
13863,0,0.2745107571966056
13864,1,0.412740293064965
13865,1,0.3989017252322819
13866,1,0.9418346007165824
13867,0,0.39352938578588054
13868,0,0.39172376759811867
13869,0,0.1760385994503262
13870,0,0.2640788600283701
13871,0,0.2796889628721127
13872,0,0.3553755619863355
13873,0,0.4123190121012595
13874,0,0.357905330748316
13875,0,0.09562939586100368
13876,1,0.792345055096867
13877,0,0.31509470943146956
13878,0,0.3570087397604298
13879,0,0.32940565157247464
13880,0,0.4020514798922964
13881,0,0.20425098920090223
13882,0,0.8176492380231727
13883,0,0.22900442207440327
13884,1,0.9144660410717615
13885,0,0.16566492569781271
13886,0,0.37179928546778596
13887,0,0.523459856929958
13888,0,0.6048959549036639
13889,0,0.2788993462490629
13890,0,0.6376825786925
13891,0,0.5606810876033059
13892,0,0.18450089757325866
13893,0,0.3648798477260275
13894,0,0.2959032024858019
13895,0,0.3311812616302629
13896,0,0.3550870194650731
13897,0,0.260330856636284
13898,0,0.4228284470676053
13899,1,0.24480501561171278
13900,0,0.3664289308463395
13901,0,0.74403287494097
13902,0,0.27679091617541085
13903,0,0.17804885870675694
13904,1,0.3638832760711058
13905,0,0.17165963764503164
13906,0,0.21110263707686833
13907,0,0.25853673887723044
13908,0,0.3064802263554973
13909,0,0.3334500718683931
13910,1,0.7865116286688877
13911,0,0.23187282871725118
13912,0,0.3192484876387626
13913,1,0.3368723736997387
13914,1,0.7205514912654819
13915,0,0.357435341260892
13916,0,0.36562402879696426
13917,0,0.23836123299094475
13918,0,0.36891438446972
13919,0,0.3389462698119725
13920,0,0.1781839559565825
13921,0,0.3740240023368419
13922,0,0.19986753086374137
13923,1,0.6660084954237004
13924,0,0.23869161694278965
13925,0,0.7864799181712427
13926,1,0.9003145269003525
13927,0,0.3425883394214387
13928,0,0.34332344629466616
13929,0,0.3471074196961168
13930,0,0.08841816803049599
13931,1,0.40734396733736133
13932,0,0.3758953282255556
13933,0,0.34047712026345744
13934,0,0.2970680175025372
13935,1,0.8128382896358329
13936,1,0.4032551388874297
13937,0,0.6866874069931602
13938,1,0.6946217631740107
13939,0,0.26098330755222654
13940,0,0.2463881593052448
13941,0,0.14242354276451194
13942,0,0.37893907298643553
13943,0,0.33354848151190075
13944,0,0.2686875888900441
13945,0,0.5513875264221937
13946,1,0.4745324192903638
13947,1,0.2314614922333117
13948,0,0.4711183674519825
13949,1,0.6646277795400052
13950,0,0.8925481804565176
13951,0,0.11916343318045525
13952,0,0.2571113399667598
13953,0,0.22754796491122775
13954,0,0.3517979369720948
13955,0,0.10762965576903934
13956,1,0.25526503765983066
13957,0,0.32866322884828014
13958,0,0.3397473182716425
13959,0,0.23507649536811248
13960,0,0.14935960593284803
13961,1,0.5453221958888956
13962,0,0.2655159668415552
13963,0,0.3354091295591654
13964,0,0.3337667927681367
13965,0,0.3032506085631895
13966,1,0.4205917427878007
13967,0,0.16195161344522063
13968,1,0.7602376874489536
13969,0,0.35020203201382555
13970,0,0.18568327248847946
13971,0,0.24684566770215308
13972,0,0.18713834091793163
13973,0,0.33840484020083766
13974,0,0.15865464684234085
13975,0,0.6079354187367662
13976,0,0.5438591008608916
13977,0,0.35117478062528845
13978,0,0.32031181495003663
13979,1,0.5975088465557262
13980,0,0.19242665220922625
13981,0,0.6543742707639477
13982,0,0.3550916531486912
13983,0,0.1435327889954559
13984,0,0.23050245844451045
13985,0,0.32975375812779795
13986,1,0.5295714796985772
13987,1,0.427763416463632
13988,0,0.1249217181740661
13989,0,0.30257519339361433
13990,0,0.3421053409828562
13991,0,0.3380907881821503
13992,0,0.3263559511223124
13993,1,0.7059061287167956
13994,0,0.20788253799711623
13995,0,0.3713469542454178
13996,0,0.2969838085825474
13997,0,0.12426280544074675
13998,1,0.862506141832166
13999,0,0.4352656013809213
14000,0,0.4020281659332348
14001,0,0.2446871754875333
14002,1,0.34529266084639254
14003,1,0.5642913865039884
14004,0,0.18878481917874837
14005,0,0.32184619322335023
14006,0,0.4149028056121777
14007,0,0.6498311661763335
14008,0,0.6497885540305139
14009,0,0.21848212153299712
14010,0,0.2585422040248185
14011,0,0.30053213516627014
14012,1,0.7536524020819015
14013,0,0.20854353464344758
14014,0,0.4121331826654673
14015,0,0.5302566017605828
14016,0,0.6895584013572944
14017,0,0.572961322636955
14018,0,0.22018965603276666
14019,0,0.3814798582849451
14020,1,0.8547442827132832
14021,0,0.37135170524547184
14022,0,0.23117210510535163
14023,1,0.4219416450565949
14024,0,0.2725330675564292
14025,0,0.8203776525320738
14026,0,0.2586670559216965
14027,0,0.31727985031034683
14028,0,0.09543544174664573
14029,1,0.3906184465607695
14030,0,0.6578413503618887
14031,0,0.4760533128737622
14032,0,0.2517023913471338
14033,0,0.16350181743007033
14034,0,0.33715612392189565
14035,1,0.8761580332047592
14036,1,0.44153993255914725
14037,0,0.2793305478111026
14038,0,0.4560351124745161
14039,0,0.728743289284465
14040,0,0.3163705950529963
14041,0,0.24087612421483556
14042,1,0.9282043287446978
14043,1,0.41803774273278277
14044,0,0.13714909585466528
14045,0,0.37559006134738854
14046,0,0.17926320381760744
14047,0,0.5295389322560123
14048,0,0.10644328648027618
14049,0,0.5970005180498557
14050,0,0.29017789282185247
14051,0,0.22413563639784723
14052,0,0.3479995523833817
14053,0,0.32862001035896976
14054,0,0.20397560724189698
14055,0,0.2376435686585185
14056,0,0.43206667792236436
14057,0,0.4181687553876648
14058,0,0.2899562257665967
14059,1,0.7955648388720303
14060,0,0.2554480543909852
14061,1,0.9239959557631688
14062,0,0.14516033945433285
14063,0,0.36807981893320774
14064,0,0.6090467517839407
14065,0,0.12135105292295778
14066,0,0.41085202463383175
14067,0,0.283293324045008
14068,0,0.12646115664535867
14069,0,0.33617108120602224
14070,1,0.4399130531490066
14071,0,0.08631114896967157
14072,0,0.27779974689253256
14073,0,0.10374281881151631
14074,0,0.3067217312915413
14075,1,0.7415306308162058
14076,0,0.5148287805039417
14077,0,0.07918623434262105
14078,0,0.35200368803859
14079,0,0.6086201965835408
14080,0,0.2790846900080439
14081,0,0.4666171754885169
14082,0,0.22882519368596677
14083,0,0.20639485611560496
14084,0,0.17928694377497173
14085,0,0.22888823538040184
14086,0,0.25197056612082663
14087,0,0.26568501965145
14088,0,0.5708721642519374
14089,0,0.2930006784327178
14090,0,0.3385922302677262
14091,0,0.2766498652361265
14092,0,0.2202665097024823
14093,0,0.16724033619841155
14094,0,0.44925660052054467
14095,0,0.4236984297115117
14096,0,0.26388271344589814
14097,0,0.368725963474489
14098,0,0.3886421659309486
14099,0,0.310587257318802
14100,1,0.903402248463724
14101,1,0.8431045022247861
14102,1,0.4623961671145105
14103,1,0.3582820100846068
14104,0,0.6039413473377074
14105,0,0.13682927831601693
14106,0,0.1986374589946055
14107,1,0.5454104433899493
14108,0,0.1942228340399713
14109,0,0.37828730216106654
14110,0,0.2386133593077589
14111,1,0.40043622114280064
14112,0,0.4071921063108794
14113,0,0.4354313040387665
14114,0,0.2596578335001221
14115,0,0.22718658336645994
14116,0,0.45692220905339126
14117,0,0.5776391192618147
14118,0,0.20175254137447055
14119,0,0.5053680293129205
14120,0,0.21744960164382807
14121,0,0.24458824685132746
14122,0,0.2518351844374733
14123,0,0.2671203092304488
14124,0,0.34727449494172447
14125,0,0.1958414992594551
14126,0,0.19841511459908343
14127,0,0.460046514382639
14128,0,0.2696732879848485
14129,1,0.6274323530764476
14130,0,0.2973831080242168
14131,0,0.061013133415279856
14132,0,0.548874823076162
14133,1,0.33030661126760946
14134,0,0.12515712546353563
14135,0,0.1633856291908625
14136,0,0.1439112903358881
14137,0,0.18754459412664842
14138,0,0.6100150068989271
14139,0,0.6222602668962052
14140,0,0.08484021748686738
14141,0,0.2901525281403451
14142,0,0.5217841901776906
14143,1,0.6504279698950056
14144,0,0.14790587423617327
14145,0,0.4343674121632569
14146,0,0.0777877086003425
14147,0,0.9019785332553342
14148,0,0.22363580148742837
14149,0,0.17423734336018498
14150,1,0.44213123116284714
14151,0,0.2123097501937215
14152,0,0.21737420090269371
14153,0,0.18215242240842344
14154,1,0.672291876098147
14155,0,0.4173909426175815
14156,0,0.319973284097893
14157,1,0.5282484595711151
14158,1,0.3557308842614201
14159,0,0.4801118799473676
14160,1,0.8132398056697686
14161,1,0.2832660327290704
14162,0,0.1909350874119791
14163,0,0.18526398583520468
14164,0,0.18088596966024223
14165,1,0.8868638017949947
14166,0,0.19233539678634393
14167,1,0.8554215673425724
14168,1,0.2841824702844044
14169,0,0.1660391568144643
14170,0,0.2997975536060812
14171,0,0.12042942185015812
14172,0,0.2697728925187676
14173,0,0.44986426937800283
14174,0,0.06681410103831943
14175,0,0.48501876845013375
14176,0,0.664257797516575
14177,0,0.39774403938742153
14178,0,0.3134487961842194
14179,0,0.240413617235962
14180,0,0.3832033892507685
14181,0,0.29725700126745846
14182,0,0.12872260819709477
14183,0,0.30209441141063365
14184,1,0.35322584744907537
14185,0,0.5059577476399187
14186,1,0.8533060001096419
14187,0,0.33822636839571196
14188,0,0.4110272183497855
14189,0,0.32173338466105394
14190,0,0.8346970620198423
14191,0,0.11856422464108894
14192,1,0.3210209485315537
14193,0,0.8362469744219483
14194,0,0.2871443674036087
14195,0,0.2661569480712764
14196,0,0.40801637662443385
14197,1,0.255237418316287
14198,0,0.391513542168582
14199,1,0.6384845272205176
14200,1,0.36061922638997607
14201,1,0.8963918198683907
14202,0,0.34228057367338866
14203,0,0.6339081726470003
14204,1,0.8688317734108734
14205,0,0.4682558303450911
14206,0,0.3868041462600032
14207,1,0.7339670323362693
14208,1,0.3150881095449486
14209,1,0.3079554951159948
14210,0,0.1492298688289875
14211,1,0.9091164116358573
14212,0,0.50753279670546
14213,0,0.3363679957127269
14214,0,0.21634142099926493
14215,0,0.5469950453812489
14216,0,0.46351140295202
14217,1,0.5909749955536894
14218,0,0.1252338404455126
14219,0,0.45423425138566315
14220,1,0.8985192424603906
14221,0,0.2504995169033543
14222,0,0.32312937638740663
14223,0,0.704475864331687
14224,0,0.28957128008820093
14225,0,0.1994243349382454
14226,0,0.3562668698860639
14227,0,0.3994870011182279
14228,0,0.2936621420058694
14229,1,0.35784024307142576
14230,0,0.22765470516953926
14231,0,0.1726379082232005
14232,0,0.3351841460985758
14233,1,0.7966470505846189
14234,1,0.5142973992447064
14235,0,0.37406057536319415
14236,0,0.43410497007672655
14237,0,0.2790651206332514
14238,0,0.4357216408833679
14239,0,0.6032085003610516
14240,0,0.4562746719716564
14241,0,0.30147758114320306
14242,0,0.18487827007088456
14243,0,0.2534737664678924
14244,0,0.21847506933327693
14245,1,0.36395227606159913
14246,0,0.7939074274912555
14247,0,0.397564100271589
14248,0,0.404290511569573
14249,0,0.3272455715938959
14250,0,0.4416712706303325
14251,1,0.27582952609234007
14252,0,0.3196697899643153
14253,1,0.8185900779165864
14254,0,0.22810041832673902
14255,0,0.20014184106992491
14256,0,0.7546257110522806
14257,1,0.5399247705360871
14258,0,0.25507824976784
14259,1,0.6609315187243994
14260,0,0.3877105573612073
14261,1,0.7719429922912892
14262,0,0.5198314685676323
14263,0,0.317381098249025
14264,0,0.14569458144984307
14265,0,0.3209011511922552
14266,0,0.30946709705108316
14267,0,0.10442545496458637
14268,0,0.4331181605393261
14269,0,0.5623305074313941
14270,0,0.30306701543019954
14271,0,0.13191228589846232
14272,0,0.3233205443244311
14273,0,0.12588572010583962
14274,0,0.3028512063074429
14275,0,0.606863935426849
14276,0,0.2855812215652033
14277,0,0.3498868735555618
14278,0,0.2910519906907667
14279,1,0.9274575228533963
14280,0,0.29549945490048474
14281,0,0.2822925723754681
14282,0,0.24879877302070116
14283,0,0.31212888851696446
14284,0,0.12698505258891685
14285,0,0.35996732870287734
14286,1,0.8452418177163953
14287,1,0.3148487133772805
14288,0,0.269459565538648
14289,0,0.3381367828042778
14290,0,0.3038453527812051
14291,1,0.8219883382125686
14292,0,0.27566597722198005
14293,0,0.36586722404687605
14294,0,0.14068513920924375
14295,0,0.21225620242269033
14296,0,0.10195677142456344
14297,0,0.3480106407082455
14298,0,0.1936883428566303
14299,0,0.40079027376273757
14300,0,0.26236896068139826
14301,0,0.20714444786858988
14302,1,0.9612734532145827
14303,0,0.5579291626851949
14304,0,0.22054884625713786
14305,0,0.42715418414834716
14306,0,0.2565611414221833
14307,0,0.5472591822529138
14308,0,0.19433630698888885
14309,0,0.46357152309411526
14310,0,0.16024103470250128
14311,0,0.10590017133540036
14312,0,0.4767225324404529
14313,1,0.5335179587117931
14314,0,0.5021345551264723
14315,0,0.25368283319684637
14316,0,0.3099398373147714
14317,0,0.8454361347721715
14318,0,0.2976594892345263
14319,0,0.4647534308534368
14320,0,0.2749004860356343
14321,1,0.8040045825990105
14322,1,0.4892074010800313
14323,0,0.2647652913938337
14324,0,0.32729367714487395
14325,0,0.229584940137436
14326,0,0.13001060785575713
14327,0,0.4634476964388419
14328,0,0.32849789051202544
14329,0,0.3807674847937754
14330,0,0.5238782177458088
14331,1,0.6818870278541891
14332,0,0.32395975409504524
14333,0,0.27961040446328744
14334,0,0.5445585271333403
14335,0,0.17889193356444674
14336,0,0.23847887138736532
14337,0,0.36200931675579484
14338,0,0.5470899188166141
14339,0,0.2334310806484614
14340,1,0.23300874186097487
14341,0,0.22080658642811166
14342,0,0.21497614480409866
14343,0,0.09318306623776468
14344,0,0.3427248004550901
14345,0,0.20156604047075294
14346,0,0.23271746450607544
14347,1,0.9575779940439522
14348,1,0.3691309564129681
14349,0,0.38097550073832875
14350,1,0.3442663888374582
14351,0,0.41639976058738754
14352,0,0.5164642038380186
14353,0,0.3216264975894121
14354,0,0.30125730188995087
14355,0,0.2108946996515416
14356,0,0.4164967867567326
14357,1,0.31079496896131675
14358,0,0.3327380574264197
14359,0,0.3925862334463204
14360,0,0.23323271279399685
14361,0,0.4684706850534135
14362,0,0.6426349759867649
14363,0,0.21562692386840873
14364,0,0.5439668098434435
14365,0,0.2500983959060265
14366,1,0.9343057208250721
14367,0,0.5469564597047527
14368,0,0.6199631595478539
14369,1,0.7234226144485102
14370,1,0.8263324832023632
14371,0,0.27742582597471904
14372,1,0.3459521808700593
14373,0,0.34440433731419234
14374,0,0.42407378500706294
14375,1,0.4006644104889719
14376,0,0.8126425060214398
14377,0,0.340890082931867
14378,0,0.09206773789819811
14379,0,0.2744420978937974
14380,0,0.25438171401676
14381,0,0.5229042670079163
14382,0,0.22750287563440885
14383,0,0.3364677399892774
14384,1,0.3813406360943985
14385,0,0.06947955413291969
14386,0,0.40234179085373156
14387,0,0.18295805738403983
14388,0,0.44401226729232823
14389,0,0.2627560718028757
14390,0,0.08893215136213586
14391,0,0.4186532547986214
14392,0,0.2777801977202522
14393,0,0.6418014572036296
14394,0,0.287096860599666
14395,0,0.35530189181018984
14396,0,0.3519078780462771
14397,1,0.9601212175317015
14398,0,0.32918703696128104
14399,0,0.5672097176270734
14400,0,0.7321121112330198
14401,1,0.5143586621836336
14402,1,0.8680738025771195
14403,0,0.1657332763395671
14404,0,0.17911221580785877
14405,0,0.12772968217850383
14406,0,0.2480620727247546
14407,1,0.6988219756816884
14408,0,0.19644146024902898
14409,0,0.1864156435173021
14410,1,0.8618937958167396
14411,0,0.3999495784337641
14412,0,0.3061955455049519
14413,1,0.29085603409759697
14414,1,0.3854855316894766
14415,0,0.3137621427198675
14416,0,0.3118853775991028
14417,0,0.21170583383614613
14418,1,0.46513109319143026
14419,0,0.1419523428247738
14420,0,0.4104897933369772
14421,0,0.30707941721623017
14422,0,0.3836403936609953
14423,1,0.8428668832070882
14424,0,0.6757663708853734
14425,1,0.6848343517068339
14426,0,0.0782126728592903
14427,0,0.3117965283633899
14428,0,0.5827144190449629
14429,0,0.38700081262961883
14430,0,0.8336651136053412
14431,0,0.08723892732711581
14432,1,0.40708798894194237
14433,0,0.34456289438943843
14434,0,0.292626680067464
14435,1,0.6122062389219184
14436,0,0.7474005064776857
14437,0,0.2746054573599499
14438,0,0.4546714874663851
14439,0,0.45209979525381494
14440,0,0.2470226122684738
14441,0,0.6184173624849525
14442,1,0.3578117212515904
14443,0,0.15124668834124624
14444,0,0.5669769552705276
14445,1,0.4853634255644747
14446,0,0.44144651588820927
14447,1,0.8864753763997257
14448,0,0.3118199366144304
14449,1,0.73587960293791
14450,0,0.1963453810368855
14451,0,0.292457186366629
14452,0,0.6356919431431141
14453,0,0.24255823012593003
14454,0,0.2650181089657468
14455,0,0.2522743103423274
14456,0,0.17855334460776537
14457,0,0.9044713891711135
14458,0,0.2181276082683998
14459,1,0.6532176487366389
14460,0,0.30304188201033444
14461,0,0.41605062703183426
14462,0,0.35624856999203885
14463,0,0.40181725031988647
14464,0,0.2935190249533152
14465,0,0.6999800635646248
14466,0,0.4464162443931968
14467,0,0.3073468972764752
14468,0,0.5842198574776691
14469,1,0.8184744592772997
14470,0,0.22232647793930715
14471,0,0.7796717738783271
14472,0,0.6388895381234054
14473,0,0.22839253178516866
14474,0,0.3009457241004326
14475,0,0.32906885486078363
14476,1,0.42268662566320686
14477,0,0.154282362321744
14478,1,0.19352514109824906
14479,0,0.5441383605848262
14480,1,0.6324978666118632
14481,0,0.8026331266803358
14482,0,0.2153257970379247
14483,0,0.3664476506555739
14484,1,0.5500928041993545
14485,0,0.4160188446821846
14486,0,0.625439285994415
14487,1,0.3797780614247823
14488,0,0.4153655378430246
14489,0,0.7330452829398361
14490,0,0.14657005897505257
14491,0,0.2132162576301452
14492,0,0.3908464480780908
14493,0,0.31723227846136537
14494,0,0.538981745429413
14495,0,0.751550395666281
14496,0,0.8354470063507439
14497,0,0.37055741064747005
14498,1,0.9117097740713686
14499,0,0.21719612062183746
14500,0,0.28339380083322624
14501,0,0.22167333680452767
14502,1,0.795113844341158
14503,0,0.17115868294172298
14504,0,0.527909142904426
14505,0,0.3715835686585271
14506,0,0.25031623824975485
14507,0,0.4660159597954513
14508,0,0.37018445261293903
14509,0,0.4300667960351469
14510,0,0.25044671798709217
14511,0,0.4920657091162989
14512,1,0.33105831585169904
14513,1,0.4024582338214023
14514,1,0.37041538271554947
14515,0,0.24652920577453052
14516,1,0.3922974377889004
14517,0,0.31702614134447693
14518,0,0.2089660864658056
14519,0,0.13112146764528154
14520,0,0.2757370180073614
14521,0,0.2785627996989153
14522,0,0.49025339947822005
14523,1,0.380274327217702
14524,0,0.07998806754532015
14525,0,0.06945367918207279
14526,0,0.2592598636645651
14527,0,0.19965235140721854
14528,1,0.5348825838998629
14529,0,0.6346359007197153
14530,0,0.17801713727152763
14531,1,0.7886392718943679
14532,1,0.5551739195767101
14533,0,0.36069399976172056
14534,0,0.13026227054430267
14535,0,0.40294666506722265
14536,1,0.4652153864447259
14537,0,0.6413560462620299
14538,0,0.18175395311485815
14539,0,0.14404682074259903
14540,0,0.4179416343290183
14541,0,0.05406849996634916
14542,1,0.4047903545363248
14543,0,0.22061081157546397
14544,0,0.17154478637472984
14545,0,0.5096680625933611
14546,0,0.09260050523869276
14547,0,0.16465601261084242
14548,0,0.2287087564363491
14549,0,0.10007493968152344
14550,0,0.07044586531010431
14551,0,0.6958432562688113
14552,0,0.2632353890038149
14553,0,0.32046267071713286
14554,0,0.6083818367239251
14555,0,0.5893530670740714
14556,0,0.2652288032567899
14557,0,0.4538510569777356
14558,1,0.9042373370220256
14559,0,0.5454657592853035
14560,1,0.5513621439858923
14561,0,0.8961265968010821
14562,1,0.8937022052383168
14563,0,0.1669927761498203
14564,1,0.5479485138458651
14565,0,0.32655887176153314
14566,1,0.33118681053569693
14567,0,0.5112010026991778
14568,0,0.6673527959903222
14569,0,0.5598312314809233
14570,0,0.10184335345680241
14571,0,0.31196688159052594
14572,1,0.818414495032418
14573,0,0.38594682196978813
14574,0,0.3208434918459582
14575,1,0.28533359109694695
14576,0,0.5121919322287981
14577,1,0.8132510324431282
14578,0,0.23265106442291572
14579,0,0.754977128071267
14580,0,0.7977947698618232
14581,0,0.3619143594055749
14582,1,0.7251462399281174
14583,1,0.5560348916026561
14584,0,0.12863726573938117
14585,0,0.09925246612095434
14586,1,0.5535227853879163
14587,0,0.21742419699732798
14588,0,0.2776520891993401
14589,0,0.16171253385603312
14590,0,0.3011196143594795
14591,0,0.15634387141619158
14592,0,0.29681963587978966
14593,0,0.17246494324490896
14594,0,0.3761703748598946
14595,0,0.4567045998493709
14596,1,0.7416733545750058
14597,0,0.3663538366372265
14598,0,0.1931168502425669
14599,0,0.17072383735886273
14600,0,0.19530876730124358
14601,0,0.392535171725026
14602,0,0.5320222453224268
14603,1,0.3607781441925952
14604,0,0.22978572794217836
14605,0,0.27466620320245544
14606,1,0.20429525931808873
14607,0,0.3429961089019635
14608,0,0.34426191139272805
14609,0,0.4417851833580804
14610,1,0.2680481442335777
14611,0,0.3463174485046134
14612,1,0.7880135086349405
14613,0,0.7429315690454317
14614,1,0.4163470662146569
14615,1,0.4424672477289253
14616,0,0.3526216843535851
14617,0,0.10429029921578949
14618,0,0.1266890614821799
14619,0,0.12613302158796147
14620,0,0.1538980176927969
14621,1,0.8943039244001976
14622,1,0.8326879345871464
14623,1,0.8192827241978675
14624,1,0.8590241710408432
14625,0,0.09846605426805616
14626,0,0.31262479090389844
14627,0,0.48787910295261416
14628,0,0.39357027688042545
14629,0,0.2503040495763386
14630,0,0.33153952922522256
14631,0,0.48346984406829563
14632,1,0.8607202610797124
14633,0,0.19761155569729105
14634,0,0.17636445722762084
14635,1,0.8707349079831203
14636,0,0.1670438547947179
14637,0,0.3099625099887977
14638,0,0.3607552921664842
14639,0,0.41557046933268893
14640,0,0.3208050268184929
14641,0,0.2549485902799372
14642,0,0.18473916504417198
14643,0,0.4592365983993597
14644,0,0.20745916330422826
14645,0,0.3011022770856506
14646,0,0.39296648655763244
14647,1,0.7122560297220402
14648,0,0.12272145495076568
14649,0,0.7505718699518815
14650,0,0.18533799347120136
14651,0,0.30881455628766497
14652,0,0.28412163413368924
14653,1,0.8156627550440072
14654,1,0.7610397463610126
14655,0,0.5794563654353467
14656,0,0.16144707846203485
14657,0,0.6276586618855244
14658,0,0.7345717796634529
14659,0,0.1627383244940267
14660,0,0.6486953324071711
14661,0,0.5583709745314965
14662,0,0.2693935721525411
14663,0,0.2732459255770202
14664,0,0.3818527713103657
14665,0,0.11926960829573766
14666,0,0.3332156998543446
14667,1,0.560605981026567
14668,1,0.4873489547531632
14669,0,0.1992469649830407
14670,0,0.3412313728117966
14671,1,0.5572446046536494
14672,0,0.22186787680891829
14673,0,0.2746020508210856
14674,0,0.23758958560213123
14675,0,0.1347970274922804
14676,0,0.17903566279766006
14677,0,0.36495178626341895
14678,1,0.3672635281665312
14679,0,0.3248156112697925
14680,0,0.10579333034932314
14681,0,0.45866754773064267
14682,0,0.19290716983187617
14683,0,0.17709771569566776
14684,0,0.3409458556954267
14685,1,0.6911008881284418
14686,0,0.5963718194389083
14687,1,0.5942291957982266
14688,1,0.8474194783435393
14689,0,0.3606630582471507
14690,0,0.3948158195487248
14691,0,0.2660115338418031
14692,0,0.052791074868076306
14693,0,0.31974213814901453
14694,0,0.3451022691228893
14695,1,0.3938250013452162
14696,1,0.8350793109048585
14697,0,0.24572685883297687
14698,1,0.4636442731975246
14699,1,0.4414525446993987
14700,0,0.2679009611796954
14701,0,0.612110077458612
14702,0,0.2644230465213949
14703,0,0.1887310543884272
14704,0,0.2876134899387355
14705,1,0.8221992363923362
14706,0,0.1624348500878222
14707,0,0.2431500529802527
14708,0,0.13000305064239076
14709,0,0.2070006277095681
14710,0,0.38233162294115475
14711,0,0.2954078135208537
14712,0,0.35980732669547855
14713,0,0.5482602946037392
14714,1,0.8795971670724738
14715,0,0.33029507878436914
14716,0,0.17289126421733578
14717,0,0.2801433696890499
14718,0,0.17393005360208527
14719,0,0.2015137348295497
14720,0,0.22259204489285625
14721,0,0.15160304886069395
14722,1,0.9075427656409026
14723,0,0.6552942386582085
14724,0,0.3798477719966102
14725,1,0.40367190440880024
14726,0,0.20244160083345494
14727,0,0.1009929203322798
14728,1,0.6188350545665492
14729,1,0.5378051135218556
14730,0,0.12130095627194672
14731,0,0.09993315231691856
14732,0,0.41884782438818235
14733,1,0.5067705899454659
14734,0,0.34263449589447925
14735,1,0.8226287270035799
14736,1,0.4627919144315702
14737,0,0.363554154649388
14738,0,0.2088676133255625
14739,0,0.09124253110742071
14740,0,0.38266929551105167
14741,0,0.3096637031042768
14742,0,0.43604448652666916
14743,0,0.22219007132689575
14744,0,0.40574746546769025
14745,1,0.7408167965005232
14746,0,0.1889346522822226
14747,0,0.16587694244488016
14748,0,0.2603861383089672
14749,0,0.2997516425936054
14750,1,0.566299236812294
14751,0,0.8080574661787726
14752,1,0.8605519700799097
14753,1,0.5088454389103964
14754,0,0.48372016738916
14755,0,0.3156838043456324
14756,0,0.3930509955213758
14757,1,0.6482389900630164
14758,0,0.5816094432480429
14759,0,0.23103711857886158
14760,0,0.3153497482686724
14761,0,0.35136963360184287
14762,0,0.35678671842100157
14763,0,0.2686850585411755
14764,0,0.18231912136028555
14765,0,0.2716418460344727
14766,0,0.3923902658805053
14767,0,0.28971935107680563
14768,0,0.5097490446352934
14769,0,0.5101813496302509
14770,0,0.5086953103203021
14771,1,0.6630130633980288
14772,1,0.667945147135833
14773,0,0.25308151462640205
14774,0,0.11298794315861897
14775,0,0.6741855482230541
14776,0,0.30076392165175014
14777,0,0.2679039785677726
14778,0,0.29678583942815473
14779,0,0.22389301112529914
14780,0,0.2712377802148013
14781,0,0.11880848980225396
14782,0,0.23114909674985643
14783,0,0.25387251423492546
14784,1,0.35336162198128057
14785,1,0.8878981479998674
14786,1,0.8611693862656673
14787,0,0.19184507016644464
14788,1,0.8988534467545664
14789,0,0.2020425334010133
14790,0,0.21055187703499192
14791,0,0.4428410832222223
14792,0,0.2930229169695009
14793,0,0.12303479506415568
14794,0,0.24506090747188666
14795,0,0.13385344331211743
14796,1,0.44038936244937565
14797,0,0.387306629407609
14798,1,0.4570476419659031
14799,0,0.23307812899752675
14800,0,0.6593795774512204
14801,0,0.2352987677242008
14802,1,0.5020291114541886
14803,0,0.24580845332770487
14804,0,0.2238174815892201
14805,0,0.14831408942533955
14806,0,0.1486117004279706
14807,0,0.1659728052987297
14808,0,0.16771338067586541
14809,0,0.1467157904530059
14810,0,0.31037364148470226
14811,0,0.23377158482038862
14812,1,0.5102359652054843
14813,0,0.22219937084990096
14814,0,0.539308324396414
14815,0,0.279835989431947
14816,0,0.23742142694649807
14817,0,0.09654928410349639
14818,0,0.4250659828800248
14819,0,0.45251286182825845
14820,0,0.18256117864434657
14821,0,0.410776362275065
14822,1,0.6895790749033763
14823,0,0.1977908678836551
14824,1,0.28958887062568683
14825,0,0.2397374741364165
14826,1,0.45465790283215635
14827,0,0.20069876939426534
14828,0,0.28845186963561437
14829,0,0.09153279849300368
14830,0,0.09774195012622217
14831,1,0.34146760007200355
14832,1,0.4043001485674354
14833,0,0.270789886714594
14834,0,0.2540071745292641
14835,0,0.15507298340021447
14836,0,0.1997022545770318
14837,0,0.2814138751546294
14838,0,0.11791415870185103
14839,0,0.21039123313454058
14840,1,0.9606431787180845
14841,0,0.14450667185611946
14842,0,0.2869905246003936
14843,0,0.3220107319353451
14844,0,0.496621321195556
14845,1,0.35395361153158594
14846,0,0.5879823543676997
14847,1,0.8225185477476825
14848,0,0.3948894075443147
14849,0,0.8697954381597434
14850,1,0.5412352568777249
14851,0,0.5665517792184114
14852,0,0.3914059192904709
14853,0,0.37563880120073107
14854,0,0.7402600788327284
14855,1,0.8327285607722148
14856,1,0.7519207412022173
14857,0,0.2921757762848673
14858,0,0.14852329522080887
14859,0,0.27432115984578026
14860,0,0.22014813407511713
14861,0,0.1485765865932063
14862,0,0.15267756788978723
14863,0,0.39792558692816826
14864,1,0.4607342819769269
14865,0,0.3451737119242144
14866,0,0.34394941789029226
14867,0,0.31775036560786396
14868,1,0.915728315707921
14869,0,0.5733422284649029
14870,1,0.3597248239085691
14871,0,0.20607024480366007
14872,1,0.4033847349295901
14873,0,0.3318246675272657
14874,0,0.3791260239430173
14875,0,0.16678720856568346
14876,0,0.2910352675959569
14877,0,0.47470209650876605
14878,0,0.1294479933039421
14879,0,0.345145271795846
14880,1,0.8065265741514789
14881,0,0.3691969741862316
14882,0,0.20495051222360744
14883,0,0.24586230436349119
14884,0,0.19865999183094046
14885,0,0.4396673800076373
14886,0,0.2943151856108857
14887,0,0.14780605288956883
14888,0,0.19679522345208406
14889,0,0.24524354268751966
14890,0,0.33128864836268007
14891,1,0.8860834152698943
14892,0,0.47128190010963494
14893,0,0.27582659300468143
14894,1,0.2764431573027806
14895,0,0.14135092160393842
14896,0,0.3019954577912038
14897,0,0.3370165078353441
14898,0,0.8359312676205822
14899,0,0.5309866905993869
14900,0,0.563790384332021
14901,1,0.820735223145939
14902,0,0.2920513416119211
14903,1,0.5168935474176544
14904,0,0.44099051334588846
14905,0,0.18999888837714402
14906,1,0.7981014273954385
14907,0,0.34329492581702226
14908,0,0.19155371648766095
14909,0,0.14917531254153482
14910,0,0.35952574563917905
14911,0,0.22286079244502754
14912,0,0.5129796611113254
14913,0,0.6157211115922286
14914,0,0.6759620192535023
14915,0,0.5239987040706483
14916,0,0.29312060942598733
14917,0,0.08274940484529565
14918,0,0.4095675812313794
14919,0,0.48849758835787327
14920,0,0.391544369120584
14921,0,0.16841829807896555
14922,0,0.14806927672545908
14923,0,0.1804475679533671
14924,0,0.545171563727375
14925,0,0.727222731215814
14926,0,0.23887140840274904
14927,0,0.3485800801537385
14928,0,0.42722925076887897
14929,0,0.29101922156167814
14930,0,0.253518831850063
14931,0,0.3412569289050192
14932,0,0.2802423425120705
14933,1,0.4521059770067975
14934,1,0.8077918389651428
14935,0,0.5592492287467747
14936,0,0.18850840139523276
14937,0,0.2902933835138264
14938,0,0.4608044671319604
14939,0,0.23336400256889514
14940,0,0.7288643127774576
14941,0,0.07982017579611035
14942,0,0.3056019318932322
14943,0,0.3301357820957799
14944,0,0.27094077638033226
14945,0,0.31881838331146656
14946,0,0.35397491421032456
14947,1,0.514340840031186
14948,0,0.1839676776966853
14949,0,0.7331045902572468
14950,0,0.3154370781384033
14951,0,0.25632830984175853
14952,0,0.4265639209765106
14953,0,0.6439737433701734
14954,0,0.31805598078481895
14955,0,0.25517968106815697
14956,0,0.4091012679463437
14957,0,0.26156093476351855
14958,0,0.278063585546946
14959,0,0.33365810232234416
14960,1,0.7296078911173711
14961,0,0.3413179142398293
14962,0,0.46390200238890905
14963,1,0.26872849053052955
14964,1,0.6043616585069966
14965,0,0.3672040108157061
14966,0,0.4497563571880647
14967,0,0.2564841982747484
14968,0,0.22440338166377305
14969,0,0.2980216022587201
14970,0,0.41377818536691807
14971,0,0.39907861367152164
14972,0,0.4227425236488022
14973,0,0.23664370756172137
14974,0,0.5844079047566328
14975,0,0.4148657445631385
14976,0,0.19389162551930933
14977,1,0.8523263493399414
14978,1,0.361297239091918
14979,0,0.28696420384561194
14980,0,0.718988350284778
14981,0,0.3154975556800476
14982,1,0.4469456174362485
14983,0,0.2775899848186042
14984,1,0.33253859442813577
14985,1,0.5336845601352839
14986,0,0.5422047884364307
14987,1,0.8089135040793813
14988,0,0.2849195578628782
14989,1,0.38572790657179
14990,1,0.6645679243975096
14991,0,0.607835200497301
14992,0,0.08490926443444145
14993,1,0.31026632692978084
14994,0,0.3373050679524217
14995,0,0.1091661421924114
14996,0,0.7334815963480691
14997,0,0.6308555482926569
14998,0,0.24538017151511812
14999,0,0.13097938339833765
15000,0,0.22112909745260276
15001,0,0.45187369544690426
15002,0,0.8125108619919685
15003,1,0.5693722851573644
15004,0,0.3753476138192553
15005,0,0.2122097367248202
15006,1,0.40455568105838885
15007,0,0.41972466192347424
15008,0,0.31051913111224677
15009,0,0.5897281249307248
15010,0,0.36664583938922685
15011,0,0.36574382139790734
15012,0,0.27703018702648774
15013,0,0.5052393347967292
15014,0,0.1318714288463212
15015,0,0.18540404768290342
15016,0,0.14700613432101986
15017,0,0.3686424823354759
15018,0,0.3128843667306766
15019,0,0.3437043284979036
15020,0,0.22635691530766044
15021,1,0.527604081518357
15022,0,0.6666970414001253
15023,0,0.23156849421794048
15024,0,0.3790377398004241
15025,1,0.44290778238403355
15026,0,0.18804543344756655
15027,1,0.40060484457888007
15028,0,0.1650362773646973
15029,0,0.19330122398452856
15030,0,0.8139524443661859
15031,0,0.4002783275103269
15032,0,0.32991487441982414
15033,1,0.47084688463554564
15034,0,0.2777562589889629
15035,0,0.33954711284191463
15036,1,0.9419170388062524
15037,0,0.29636789368185523
15038,0,0.24837303186522708
15039,0,0.3330457902720357
15040,1,0.961288909654268
15041,0,0.14962458129236858
15042,0,0.5044894058806642
15043,0,0.35872237740341617
15044,1,0.4420079161506932
15045,0,0.2573208917525161
15046,0,0.17599882097552413
15047,0,0.2671304541056822
15048,0,0.7413195824971559
15049,0,0.0859667071881641
15050,0,0.3574215694463947
15051,0,0.4122385380178342
15052,0,0.21235001820122398
15053,0,0.5099920829146998
15054,1,0.5019216212031142
15055,0,0.40961689610372937
15056,0,0.36547882479175264
15057,0,0.22245137935252068
15058,0,0.4359280432891622
15059,1,0.3861985348135928
15060,0,0.4001453893312064
15061,0,0.8934688823260406
15062,1,0.7738229927533699
15063,1,0.8662451695098105
15064,0,0.1894520482311476
15065,1,0.4098899799654211
15066,0,0.15962190455298
15067,0,0.37191824005546
15068,0,0.22176109826060558
15069,0,0.14525868075631768
15070,1,0.547915948948126
15071,0,0.7585730602460837
15072,0,0.6238735645205498
15073,0,0.20228797534455956
15074,0,0.43639835784804043
15075,0,0.1756802227206141
15076,1,0.49409693214716
15077,0,0.27921522603535043
15078,0,0.724608304339506
15079,0,0.14346296121426913
15080,0,0.1700399980104104
15081,0,0.21052157968092225
15082,0,0.213776614405399
15083,0,0.1890192447348259
15084,1,0.6408085592693483
15085,0,0.45425239100761755
15086,0,0.49816925965505116
15087,1,0.8780218124339639
15088,1,0.8696253946576091
15089,0,0.10801633069893431
15090,1,0.36110560834426075
15091,1,0.8793883280938393
15092,0,0.07357578054447297
15093,0,0.18083227279426822
15094,0,0.6022231949487025
15095,0,0.3551327022425123
15096,1,0.8763704497595906
15097,0,0.3634211840000564
15098,0,0.22430103344811386
15099,0,0.40253646806999765
15100,0,0.2205730970457288
15101,0,0.30072769764869844
15102,0,0.3276262941558103
15103,0,0.2692916227064196
15104,0,0.27501841248792913
15105,0,0.3193328965674763
15106,1,0.5995922769270234
15107,1,0.511987378035711
15108,1,0.3274759586507647
15109,0,0.4153588660882731
15110,0,0.4076875880589855
15111,1,0.3451963424956992
15112,1,0.8020631559091684
15113,1,0.9192902434775765
15114,0,0.2048894484086983
15115,0,0.4623694670641022
15116,0,0.33344750213929514
15117,0,0.24795124051549802
15118,0,0.8059236919469508
15119,0,0.2338442997348832
15120,1,0.8212356912586682
15121,0,0.768985315070786
15122,0,0.6336504837208884
15123,0,0.17469755236782203
15124,0,0.6254086063451489
15125,0,0.2039792939927401
15126,0,0.29391254593475
15127,0,0.4150997108256729
15128,0,0.23180376913231313
15129,0,0.15061970462169838
15130,0,0.33096582439646205
15131,0,0.23578837366628064
15132,0,0.16386660060577654
15133,1,0.8825109941142757
15134,0,0.11871136022510445
15135,0,0.24802473932826552
15136,0,0.43073681221275
15137,0,0.13093611701177627
15138,0,0.8804789461030977
15139,0,0.5594663466377446
15140,0,0.29081388613900855
15141,0,0.28464097686687173
15142,1,0.6512953181124865
15143,0,0.6665709158162736
15144,0,0.4264315026257228
15145,0,0.36940590397647227
15146,0,0.3976510714173236
15147,0,0.27441392611750404
15148,0,0.08430616593033034
15149,1,0.7179076410280776
15150,0,0.38209093057530025
15151,0,0.2458581172328832
15152,0,0.30323303904944454
15153,0,0.5146334808278291
15154,1,0.8901084307100595
15155,0,0.2096582950370183
15156,0,0.2729868618726819
15157,0,0.41891322629497585
15158,0,0.311119129421405
15159,0,0.7046635460844913
15160,1,0.8994975260375164
15161,0,0.3571512941813829
15162,1,0.616708082462289
15163,1,0.8186251483704063
15164,0,0.37543975670276836
15165,0,0.14201660736138358
15166,0,0.3503450177227295
15167,0,0.2219753582897874
15168,0,0.1569424514478712
15169,0,0.3610050974563099
15170,0,0.25800319506817737
15171,0,0.2828988097844259
15172,0,0.4389253142989454
15173,1,0.6020432947263316
15174,0,0.1866121543639054
15175,0,0.20924442495360687
15176,0,0.2352146366697403
15177,0,0.8043895486041339
15178,0,0.4254550273777778
15179,0,0.11626596012205988
15180,0,0.2306805858977456
15181,0,0.22031180947267257
15182,0,0.3330822545865174
15183,0,0.16931340712055745
15184,0,0.4150259132642083
15185,0,0.19956037031920895
15186,0,0.2133296724008827
15187,0,0.2904376116980106
15188,1,0.7550412913214
15189,0,0.31674282886131055
15190,0,0.6562662097327387
15191,1,0.7751337740623032
15192,0,0.42298756104664037
15193,0,0.5265590175095823
15194,0,0.21863911468596178
15195,0,0.2767848771305969
15196,0,0.20681524130153164
15197,0,0.5122510998215271
15198,1,0.3499757163380257
15199,1,0.8553622472338186
15200,0,0.193404189703947
15201,1,0.3602925358661861
15202,0,0.23233156352783493
15203,0,0.3642580370540907
15204,1,0.9325595858855756
15205,1,0.47895974811636804
15206,1,0.8529687112289883
15207,0,0.09967635306633577
15208,0,0.5379651973216945
15209,0,0.18972279085208446
15210,0,0.5568277432931784
15211,1,0.31278394977581186
15212,1,0.741522552518438
15213,0,0.7881027090237587
15214,0,0.7963015341738273
15215,0,0.09044562060492208
15216,0,0.45023566591469416
15217,0,0.34724741340013415
15218,1,0.4356228023794084
15219,0,0.37597030757545064
15220,1,0.23576698985493938
15221,0,0.4570651944958486
15222,1,0.3149422954283597
15223,0,0.45812219843964824
15224,1,0.7138260231959406
15225,0,0.3571332311409592
15226,1,0.7368994659804443
15227,0,0.3309744090758627
15228,0,0.8325659082135206
15229,0,0.4953990862155738
15230,1,0.9155123270487011
15231,0,0.3674680700000086
15232,1,0.7251979404513123
15233,0,0.5999255716882
15234,0,0.24637462592532772
15235,0,0.12684937852943862
15236,0,0.18624679633434182
15237,1,0.41281264591194516
15238,0,0.10844044879646272
15239,1,0.6744857186265111
15240,0,0.18448010419695404
15241,0,0.756420579361101
15242,0,0.11399851364183645
15243,0,0.35572483694683343
15244,0,0.26950674007581576
15245,0,0.3880679367912873
15246,0,0.13469357226728162
15247,1,0.869675684170969
15248,1,0.43177583552668936
15249,0,0.17452630640287947
15250,0,0.19063290041053896
15251,0,0.22247567250928582
15252,0,0.28904501555413314
15253,0,0.2342751529467606
15254,0,0.202922009211098
15255,1,0.5635088675942193
15256,0,0.47899943628369845
15257,1,0.21975225259301223
15258,1,0.5201309753206912
15259,0,0.4309554137688043
15260,0,0.46706462167140594
15261,0,0.32323645075552493
15262,1,0.737939168600914
15263,0,0.38779989499048656
15264,0,0.3018112071522055
15265,0,0.2806378640287941
15266,0,0.48839092618223157
15267,1,0.48115909355214515
15268,0,0.15699037032631197
15269,0,0.6206310450159312
15270,0,0.5991048535132193
15271,1,0.4335497963364277
15272,0,0.2077684341644857
15273,1,0.8167600426309156
15274,1,0.3803648577866226
15275,0,0.2609792376535005
15276,0,0.148519446047231
15277,0,0.35764928396383083
15278,0,0.37315650868645867
15279,0,0.3750770123426879
15280,0,0.23300799144268566
15281,0,0.10998343452947779
15282,0,0.10803478776491665
15283,0,0.29697496203902674
15284,0,0.36388828022134573
15285,0,0.34944655357235893
15286,0,0.2222783350162482
15287,1,0.7767139493522758
15288,0,0.1820348784401404
15289,0,0.5795545554954895
15290,0,0.4125497620788848
15291,0,0.3538055032108642
15292,1,0.5889782399447727
15293,0,0.23782677202047414
15294,0,0.39797320517094514
15295,0,0.21509204779510246
15296,1,0.5234212418140505
15297,1,0.8592602846623094
15298,1,0.4399598957200667
15299,0,0.25491685167039163
15300,1,0.723508626075452
15301,0,0.25021285510578073
15302,0,0.3482419243538631
15303,0,0.31674183390297644
15304,0,0.15025904159499306
15305,0,0.8470637167556234
15306,0,0.2100059800555123
15307,0,0.1889100989132577
15308,0,0.2843884833748999
15309,1,0.907496553401595
15310,0,0.12963544741478075
15311,1,0.44358094139837206
15312,0,0.2221507448222877
15313,0,0.845971489342711
15314,0,0.4291503515398522
15315,0,0.7967527496898599
15316,1,0.45784056189197403
15317,0,0.7576861748346024
15318,0,0.23036228081024618
15319,0,0.7786002243097507
15320,0,0.4461190588688717
15321,0,0.0819492996564327
15322,0,0.5740529029491107
15323,0,0.13646542032681533
15324,0,0.6914674454642831
15325,0,0.26586712743097407
15326,1,0.9150700461121711
15327,0,0.6513396216577059
15328,0,0.46863909409998505
15329,0,0.3190010156166307
15330,1,0.3582866656858863
15331,0,0.3365524041545318
15332,0,0.4363408473919035
15333,0,0.36126771325331825
15334,1,0.3670258288727688
15335,0,0.1420472472347779
15336,0,0.559604689325912
15337,0,0.3557518301406737
15338,0,0.33414557037888626
15339,0,0.08174402766737264
15340,0,0.2731599343658884
15341,1,0.531424180343097
15342,0,0.10199790850784918
15343,1,0.7258061992085261
15344,0,0.413443812327629
15345,1,0.8711782626661407
15346,0,0.2788436140488277
15347,0,0.5403861974623222
15348,0,0.3181286175940016
15349,1,0.3746297163875632
15350,0,0.4033902285843814
15351,0,0.15001654531750572
15352,1,0.8328215199739567
15353,0,0.32566897973737996
15354,0,0.43383306968039453
15355,0,0.30112692379029404
15356,0,0.12055021762367048
15357,1,0.8836565772160689
15358,0,0.3979643890119035
15359,0,0.16123134733743613
15360,0,0.2616761333376701
15361,0,0.09829228243478286
15362,0,0.5291256242320971
15363,0,0.20396409352032804
15364,0,0.31942064441678064
15365,1,0.8575205625077348
15366,0,0.32608966459931643
15367,0,0.5100888916260105
15368,0,0.334297011469092
15369,0,0.26266885946219554
15370,1,0.29344003303200145
15371,0,0.5194804793336675
15372,0,0.14185352586276534
15373,0,0.3241337629624948
15374,0,0.20732667530420185
15375,0,0.8030022713998135
15376,1,0.5028949984865904
15377,0,0.3095993586321139
15378,0,0.3036267423625098
15379,1,0.742002601643616
15380,0,0.21371721672387867
15381,0,0.36519982929532696
15382,0,0.19402503583742609
15383,1,0.71620730784828
15384,0,0.7233216673552301
15385,1,0.48219563588010744
15386,0,0.480586816752603
15387,0,0.2892855840408329
15388,1,0.6300322480391787
15389,0,0.06665815184178736
15390,0,0.6622506776441347
15391,0,0.38256474745036584
15392,0,0.12005152389246185
15393,0,0.6689441160158479
15394,0,0.34908214867704773
15395,1,0.688475169744016
15396,0,0.4635288212505407
15397,0,0.3261666024298792
15398,0,0.129733932489564
15399,1,0.8651640747946804
15400,1,0.884280221089482
15401,1,0.3598480799911455
15402,1,0.6911219696277027
15403,1,0.5776189849114087
15404,1,0.6298563727823051
15405,0,0.19245560760156583
15406,0,0.3921262249281224
15407,0,0.24929388743837577
15408,0,0.19380980361568845
15409,0,0.28431910124357485
15410,0,0.8938731021919095
15411,0,0.1981201800175439
15412,0,0.31364118075678954
15413,0,0.7422800650467565
15414,0,0.3303009064087716
15415,0,0.09948063313651194
15416,0,0.29008181998105675
15417,0,0.3461481928653085
15418,0,0.13001592534418072
15419,0,0.1883450875028453
15420,0,0.45566640749962956
15421,0,0.3319914972123352
15422,0,0.26345925485083294
15423,0,0.3934323788068684
15424,0,0.3022643305551938
15425,1,0.6727896656309567
15426,0,0.6440576612936546
15427,1,0.7791974825793301
15428,0,0.3941083856372951
15429,0,0.17329829983201214
15430,0,0.5669016082094802
15431,1,0.1997604769704174
15432,0,0.10925662218354565
15433,0,0.46282782290312546
15434,0,0.27324255954348525
15435,0,0.08995964412981056
15436,0,0.2874158036112823
15437,0,0.27165191282632306
15438,1,0.3110835347423753
15439,0,0.3932998710480319
15440,0,0.12636443811946022
15441,0,0.4264478424145945
15442,1,0.4657265041720654
15443,0,0.4222037290871108
15444,0,0.3876235123140613
15445,0,0.2406811138664057
15446,0,0.1345142947079664
15447,0,0.5694654013368626
15448,0,0.1615183834360652
15449,0,0.49496823637416976
15450,1,0.4091802924331489
15451,0,0.45113213238154765
15452,1,0.7979698386512587
15453,0,0.4321974907254477
15454,0,0.2392453098489006
15455,0,0.38118959765322474
15456,0,0.12770372030478458
15457,0,0.4827966834567712
15458,1,0.8443065979473403
15459,0,0.4974451110657869
15460,1,0.8139084256972524
15461,0,0.6442527402005165
15462,1,0.7301704964490398
15463,0,0.3181387238066418
15464,0,0.15198199713049165
15465,0,0.4158185821040683
15466,0,0.19034227701456927
15467,0,0.24085526000638932
15468,0,0.29246010245154624
15469,0,0.2904323622029263
15470,0,0.19325125226741963
15471,0,0.26628851754840643
15472,0,0.30669153119528525
15473,0,0.3271042853657909
15474,0,0.4638704757210034
15475,0,0.7769593467673985
15476,0,0.5284325570426843
15477,1,0.4457249977147977
15478,0,0.34816386682822764
15479,0,0.2982646374548607
15480,1,0.7191190110517731
15481,0,0.14136721572752392
15482,1,0.6369290892085849
15483,0,0.27037114011523267
15484,0,0.27924680148803394
15485,0,0.818832834570882
15486,0,0.2760108724617439
15487,0,0.16093602946686578
15488,0,0.35898554905135555
15489,0,0.41854754302814207
15490,0,0.3351494239491183
15491,0,0.2639657108268749
15492,0,0.3766253278399616
15493,0,0.31539439231405436
15494,0,0.32775630650042975
15495,0,0.14420627838976452
15496,0,0.2751633040572963
15497,0,0.3338220575794423
15498,0,0.1919898701053355
15499,0,0.34124673822888596
15500,0,0.2147296810054128
15501,0,0.14255312183294142
15502,0,0.4625752739855227
15503,0,0.21655417499571558
15504,0,0.1051561130847723
15505,0,0.30990890812175054
15506,0,0.3490607293357131
15507,0,0.2864527664816378
15508,0,0.2775958889195169
15509,0,0.44338971024683693
15510,1,0.8765590024849643
15511,0,0.3698700652927649
15512,0,0.31904944404431096
15513,0,0.351411013951696
15514,0,0.0993449510175491
15515,0,0.4778094265014963
15516,0,0.28318799198109607
15517,0,0.26715051346770274
15518,1,0.7828222134668888
15519,0,0.2949863983523567
15520,0,0.10370934085250966
15521,0,0.28372347404181825
15522,0,0.24761676597326995
15523,0,0.41804253370726135
15524,1,0.7133353683922853
15525,0,0.3707560314484604
15526,0,0.3305531821937069
15527,1,0.43789665556909396
15528,0,0.22506401711370647
15529,0,0.3336026921796869
15530,0,0.7005573397211267
15531,0,0.12941490840743294
15532,0,0.4934391495265271
15533,0,0.318774491122012
15534,0,0.24144995296832483
15535,0,0.2503598847175855
15536,1,0.8460370648170009
15537,1,0.40553521398701325
15538,0,0.6759735112391274
15539,0,0.3323867008485065
15540,0,0.4330644943027016
15541,0,0.48540868303363494
15542,0,0.2538734756862538
15543,0,0.8334923594915634
15544,0,0.20620484657652027
15545,0,0.4680685732223865
15546,0,0.11460643934006041
15547,1,0.8671487214916376
15548,1,0.8616933774888771
15549,0,0.20479042374220932
15550,0,0.24070611495683306
15551,0,0.48184133834108195
15552,0,0.3729894696606739
15553,0,0.2670385157635141
15554,0,0.7932347625314671
15555,1,0.4278931565724854
15556,0,0.46164965708381056
15557,1,0.8382450602138194
15558,0,0.23728695602660152
15559,1,0.8623958571639442
15560,1,0.5466710196902644
15561,0,0.3785003275228507
15562,0,0.12070626398067365
15563,0,0.3434064662601001
15564,0,0.340981024188738
15565,0,0.13616365242012105
15566,0,0.6332815543567154
15567,0,0.3996981678115769
15568,0,0.14364847754184468
15569,0,0.27214505924556504
15570,0,0.296203534727571
15571,0,0.28162530212908615
15572,0,0.3518930080950115
15573,0,0.2133595383313882
15574,0,0.6027876874228337
15575,1,0.7625304092747536
15576,0,0.4596175035504169
15577,0,0.245254299304919
15578,0,0.28674251694097314
15579,0,0.6457685757465105
15580,0,0.7880018786316652
15581,0,0.6015227367549911
15582,0,0.6701847659833391
15583,1,0.8221148507874387
15584,0,0.6426149493028069
15585,0,0.35754840647084263
15586,0,0.740880079088937
15587,0,0.3740162648180203
15588,0,0.3078376636321515
15589,0,0.26643013416109557
15590,0,0.34126461485074666
15591,0,0.18954663492378895
15592,0,0.19947886119572913
15593,1,0.4751361710648256
15594,0,0.3247287458394812
15595,0,0.32723922657230403
15596,0,0.8263191485676958
15597,1,0.5351379018096487
15598,0,0.3477173653854048
15599,1,0.651149104915756
15600,0,0.8426285802017905
15601,0,0.7872321217044389
15602,0,0.4105915883553187
15603,0,0.240155358179098
15604,1,0.7358152187765306
15605,0,0.3729483711662621
15606,0,0.44362284621286774
15607,0,0.36281543839635305
15608,0,0.2647164583880694
15609,0,0.13709613124076442
15610,0,0.18999992731327722
15611,0,0.10547723464623861
15612,0,0.415990535284215
15613,0,0.3024371535018289
15614,1,0.35607784595219366
15615,0,0.21566772533952516
15616,0,0.08920712887238036
15617,0,0.578581394135788
15618,0,0.0688260645885656
15619,1,0.5096711066757159
15620,0,0.13896479471367817
15621,0,0.6374153743493107
15622,0,0.2700539866724141
15623,0,0.24808655546454517
15624,0,0.4114732101039913
15625,0,0.5041290790616155
15626,0,0.3147231405529765
15627,1,0.8668657064816009
15628,1,0.8512047469841281
15629,0,0.5616939833585711
15630,0,0.3355307956258031
15631,0,0.439538160061406
15632,0,0.34957995848752793
15633,0,0.24800668568717113
15634,0,0.36723956263113244
15635,0,0.45788978252306395
15636,0,0.6818116482101775
15637,0,0.36809751867685764
15638,0,0.4400170921286126
15639,0,0.3751279848289162
15640,0,0.551116080349747
15641,0,0.3697583875755415
15642,0,0.4479586795028429
15643,0,0.2979296050558262
15644,0,0.2051517302133587
15645,0,0.38946391983361517
15646,0,0.13279274707057254
15647,0,0.15286727052995666
15648,0,0.540049092422508
15649,0,0.2757809610414706
15650,0,0.0965761888328868
15651,0,0.21557322246209476
15652,1,0.9638960280289133
15653,0,0.5220297958118594
15654,1,0.8252384348329546
15655,0,0.2605977336603456
15656,0,0.3126146128917506
15657,0,0.38462072510695533
15658,0,0.5788672314222025
15659,1,0.5951370267985535
15660,1,0.8118849675752245
15661,0,0.4579474664523897
15662,0,0.1504820141773584
15663,0,0.2558461513378918
15664,1,0.8655818105783264
15665,0,0.1527980496207693
15666,0,0.6734471711148221
15667,0,0.9123644041174059
15668,1,0.38802098577468264
15669,1,0.32424746560209655
15670,0,0.3002647767886897
15671,0,0.37700407631749044
15672,1,0.8368742402056811
15673,0,0.23549551274427608
15674,1,0.8335227629479062
15675,1,0.8633734159042911
15676,1,0.6268271106675346
15677,0,0.41476920980214976
15678,0,0.12115881671811979
15679,1,0.6386366355369892
15680,0,0.1959498480657863
15681,1,0.45743001869732125
15682,0,0.12633970030969066
15683,0,0.19728505289421233
15684,0,0.0599913121757682
15685,0,0.3164766454190488
15686,1,0.3774102872374314
15687,0,0.5290560764266021
15688,0,0.18791914607014315
15689,0,0.27637558904161424
15690,0,0.30220496719510254
15691,0,0.19859312832178289
15692,0,0.19213431423572755
15693,0,0.5182066095972122
15694,0,0.2019168811818643
15695,0,0.3093517785388127
15696,0,0.14304538961807578
15697,0,0.24049364870622367
15698,1,0.7977915444065401
15699,0,0.31588656042634056
15700,1,0.8709447605763961
15701,0,0.23971066949407496
15702,0,0.41990742103436335
15703,1,0.6812636934401803
15704,0,0.4132108342102561
15705,1,0.7402831519196533
15706,0,0.5190893140232262
15707,0,0.36586021527222284
15708,1,0.48042964658002857
15709,0,0.1961385441173614
15710,1,0.5598607071945908
15711,0,0.4365326185562211
15712,0,0.40276606230769707
15713,1,0.4343434919716907
15714,1,0.6838340548546634
15715,0,0.49877017301637044
15716,0,0.3901199422858259
15717,0,0.5349943007978651
15718,0,0.2671791841269744
15719,0,0.18003531953512153
15720,0,0.2872746489061113
15721,0,0.46030726247969783
15722,0,0.29976391245692136
15723,1,0.34018124023838175
15724,0,0.36059837912837617
15725,0,0.3503190301594579
15726,0,0.208530744184036
15727,1,0.9050650579622794
15728,0,0.3098879635720294
15729,0,0.8094268067380089
15730,1,0.7103784939150123
15731,0,0.2284409472223975
15732,0,0.3712977173400357
15733,1,0.6266885151247369
15734,0,0.07342687876104105
15735,0,0.26790408056783344
15736,1,0.8776239397239826
15737,0,0.24022105898065238
15738,0,0.3434216530543508
15739,1,0.8954635644164096
15740,1,0.3991046926797359
15741,0,0.2749185834928608
15742,0,0.26819429131682093
15743,0,0.3318669596354507
15744,0,0.30834404509901336
15745,0,0.242719309351317
15746,0,0.30098495347242815
15747,0,0.45115196508491306
15748,0,0.25055974459982366
15749,0,0.6912319548008287
15750,0,0.28587959910019156
15751,1,0.45414770535303434
15752,0,0.23113672823378775
15753,1,0.4654170604301797
15754,0,0.3648773627712922
15755,0,0.2561920169037588
15756,0,0.32601318557154607
15757,0,0.25434007686711885
15758,0,0.37951454353980774
15759,1,0.611024643333079
15760,0,0.36766495245617586
15761,0,0.6607150373121432
15762,0,0.2957575738597491
15763,0,0.3059148256262444
15764,1,0.8912412240419026
15765,0,0.24108487271276427
15766,0,0.5269941252488538
15767,1,0.8867231706600416
15768,0,0.12139574748932803
15769,0,0.7435578389089386
15770,0,0.29934047811092507
15771,0,0.3184694974579589
15772,0,0.1699151951984389
15773,0,0.2789578516683764
15774,0,0.21198819922236298
15775,0,0.3133248309809019
15776,0,0.3146974901555227
15777,0,0.5340582560047816
15778,0,0.1992534749230634
15779,0,0.5250549055759781
15780,0,0.5504993964135073
15781,0,0.14853368690773577
15782,0,0.21630370726004894
15783,1,0.8659683833642451
15784,0,0.668034079313691
15785,1,0.331032995986371
15786,0,0.5571091027877759
15787,0,0.3791388137740182
15788,1,0.6813182599680087
15789,1,0.8277273299022354
15790,0,0.24082636368983362
15791,0,0.3529170488151394
15792,0,0.38397559763480393
15793,1,0.5613959738978154
15794,1,0.510882629380433
15795,0,0.24842706400260375
15796,0,0.31066856598409187
15797,0,0.2853165557141386
15798,0,0.20358556234280056
15799,0,0.5249271258695066
15800,1,0.5296307574597947
15801,1,0.7551015781130617
15802,0,0.2002560062761739
15803,0,0.27370846140474575
15804,0,0.2054360851070729
15805,1,0.7973938434855288
15806,0,0.6455883866190182
15807,0,0.5009164855396059
15808,0,0.3371860943262672
15809,0,0.30784685515825605
15810,1,0.7482263304287494
15811,0,0.3623475186692027
15812,1,0.4938542923679791
15813,0,0.16165147153796458
15814,0,0.7818865073901962
15815,1,0.41980071621805537
15816,0,0.11939234745784046
15817,0,0.23791288155847495
15818,0,0.5297091921476962
15819,1,0.4077504786882122
15820,0,0.386603382412917
15821,0,0.24177717422196437
15822,0,0.7554353409470006
15823,1,0.7615451644220886
15824,0,0.13586138231323425
15825,0,0.05961249387497606
15826,0,0.08070726593055276
15827,1,0.8035555355461568
15828,1,0.4604570087258192
15829,0,0.31268874316592743
15830,0,0.2148949382326385
15831,0,0.1977790198461189
15832,0,0.4659732916513925
15833,1,0.5371522085982631
15834,0,0.3050618880703888
15835,0,0.13931019742573658
15836,0,0.1820044209124403
15837,0,0.3200967952179658
15838,0,0.5605810594828369
15839,0,0.17354602039305012
15840,0,0.6317103804400793
15841,0,0.37665863403889527
15842,0,0.897255718012239
15843,0,0.31662387728877417
15844,0,0.34333152786406573
15845,0,0.36201205486206534
15846,0,0.43281446442831867
15847,0,0.46408527578229425
15848,0,0.44205522120403457
15849,0,0.2988500903334006
15850,0,0.09908534446920848
15851,1,0.8217117804909274
15852,0,0.7422503938966983
15853,0,0.32799735718717715
15854,0,0.36999869203350316
15855,0,0.3317770875866957
15856,1,0.5627432423167514
15857,1,0.8039106364883721
15858,0,0.12172958020028883
15859,0,0.3828389766748689
15860,0,0.6857066027805767
15861,0,0.09047784833334827
15862,0,0.3754016864199694
15863,1,0.3987470829933483
15864,0,0.28214575802855957
15865,0,0.5824782081587963
15866,1,0.4834681646877331
15867,0,0.10329181659589766
15868,1,0.44129889885659423
15869,0,0.2825310364253164
15870,0,0.2983413325504033
15871,0,0.1738485970204042
15872,0,0.13126382023827687
15873,1,0.727342689592867
15874,0,0.304729461313305
15875,0,0.260269654122303
15876,0,0.3507217396160261
15877,0,0.22109218783661133
15878,0,0.24808916106423035
15879,0,0.8103652670962014
15880,1,0.6072800421172933
15881,0,0.2317238042870675
15882,0,0.259718398982777
15883,0,0.22024137844197994
15884,0,0.29422575016049046
15885,1,0.46324375844407917
15886,0,0.09180643813295894
15887,0,0.1482560776545167
15888,0,0.4127593998431391
15889,0,0.1428497240699043
15890,1,0.5345228176831344
15891,1,0.4833742023352338
15892,0,0.14686561211180701
15893,0,0.13575174929147577
15894,1,0.6597396205522251
15895,0,0.19350611849870533
15896,0,0.1258364441898544
15897,0,0.2898415300026117
15898,0,0.6336201164866776
15899,1,0.43035153062808157
15900,0,0.34966976958270185
15901,0,0.8491671555343534
15902,0,0.618470557775962
15903,0,0.3449683800315465
15904,0,0.1130018335737116
15905,0,0.3895839950695648
15906,0,0.14673923392076213
15907,0,0.27037973813183624
15908,0,0.3434952958369829
15909,0,0.29918267283129224
15910,0,0.44122161543486577
15911,0,0.11806733725948046
15912,1,0.5681200596454616
15913,0,0.19692147400790838
15914,0,0.28051440758602164
15915,1,0.5326622474799945
15916,0,0.5817635718658165
15917,0,0.2522182801838865
15918,0,0.20447002259558889
15919,0,0.41731460450722707
15920,0,0.44652885619023314
15921,1,0.8640504446046249
15922,0,0.3659784003880527
15923,1,0.6688141001891676
15924,0,0.22485596450536377
15925,0,0.37387453203175997
15926,1,0.7732316680134091
15927,0,0.1016173548748096
15928,0,0.17820066089730013
15929,0,0.4274633600723481
15930,0,0.41458919540167466
15931,1,0.4018738903342587
15932,0,0.7240136544676496
15933,0,0.32026893763142333
15934,0,0.2578773655219597
15935,1,0.9373931917899206
15936,1,0.5083373156023998
15937,0,0.3328667503257836
15938,1,0.8759685535044605
15939,0,0.33178665606902896
15940,0,0.7298977435461468
15941,0,0.2283732186089897
15942,0,0.33867117421579584
15943,0,0.3803305902444661
15944,0,0.28107247223954557
15945,0,0.36637258851390764
15946,0,0.36148946714659913
15947,0,0.34552061310658533
15948,0,0.21042233234411467
15949,1,0.62297501754798
15950,1,0.8626268406779068
15951,0,0.32789155792910124
15952,0,0.4975405490018441
15953,1,0.42882427806887263
15954,0,0.4989485725897092
15955,0,0.3028904572385302
15956,1,0.5841184918180287
15957,0,0.274222395768909
15958,0,0.6547827674672075
15959,0,0.6189149090750806
15960,0,0.5117209682116505
15961,0,0.13847453595342174
15962,0,0.36678025350322335
15963,1,0.8789077968847171
15964,0,0.799315647957245
15965,0,0.3058680230872671
15966,0,0.2615752536749764
15967,0,0.26683463931123225
15968,0,0.656845354805565
15969,0,0.2898314132030424
15970,0,0.22451417560461756
15971,1,0.8637643502251149
15972,0,0.7201806472374606
15973,0,0.8757949206364376
15974,0,0.12571342385117357
15975,0,0.3598501634904165
15976,0,0.2539979999193046
15977,0,0.24829837485770917
15978,0,0.3313469400377822
15979,0,0.332321266252007
15980,1,0.5028373246291917
15981,0,0.141293373337438
15982,0,0.17931697669612334
15983,0,0.5173725488110054
15984,1,0.4310177591038233
15985,0,0.21336578303100098
15986,0,0.05555463251168777
15987,0,0.41524048499929217
15988,0,0.872772566547813
15989,0,0.5339265264138742
15990,0,0.38755845382271864
15991,1,0.6910177980595199
15992,0,0.3119274277457685
15993,0,0.45611635863171474
15994,0,0.32348670075764047
15995,0,0.35361149886095533
15996,0,0.3901786301607856
15997,0,0.09883963006312756
15998,1,0.9216135490353504
15999,1,0.46300298916872124
16000,0,0.12120562586048562
16001,0,0.3756982176149848
16002,0,0.6556109319908113
16003,0,0.42899420809270034
16004,0,0.2673362418579306
16005,0,0.27561382944158713
16006,1,0.8446291231385379
16007,0,0.4750768685810333
16008,1,0.824006020202274
16009,0,0.31613160188525125
16010,1,0.8998850758453423
16011,1,0.7774049446911939
16012,0,0.24511271273743648
16013,0,0.14342606741251548
16014,0,0.3551287847879256
16015,0,0.2795232524739248
16016,1,0.6765423328518453
16017,0,0.14242982590536013
16018,1,0.3641244617460211
16019,0,0.23465797029163685
16020,0,0.41110227279866285
16021,0,0.19094771782365208
16022,0,0.3446901170869621
16023,0,0.13834332133953933
16024,0,0.6538447194076364
16025,0,0.34820604407191413
16026,0,0.6204072918111438
16027,0,0.3723324147857149
16028,0,0.27117678864047084
16029,1,0.3571464059288116
16030,0,0.8035779465082034
16031,0,0.2627448384096281
16032,0,0.15601229069329509
16033,1,0.40057118050629603
16034,0,0.47934330557968674
16035,1,0.6953716931674282
16036,1,0.6895894648774652
16037,0,0.18996208192724195
16038,0,0.5301507825502205
16039,0,0.3015201632336431
16040,0,0.3119401878307269
16041,0,0.2742635406346779
16042,0,0.2962962797512865
16043,1,0.5215916655712682
16044,0,0.4158625227949767
16045,0,0.20601383015688832
16046,0,0.4401327648025242
16047,0,0.11904917131413782
16048,1,0.2967404641723237
16049,1,0.428946053792909
16050,1,0.386024717068318
16051,0,0.19404071437975162
16052,1,0.3663528670959266
16053,0,0.34338085201802343
16054,0,0.33381831862158634
16055,0,0.19934106144537464
16056,0,0.4064520152963809
16057,0,0.46148616150046584
16058,0,0.16548390976169944
16059,0,0.5191508578873855
16060,0,0.4858850354809911
16061,0,0.38193377257345296
16062,1,0.5273482507133584
16063,1,0.39110437411068716
16064,0,0.11669350113635268
16065,0,0.476393424687551
16066,0,0.2538400131671652
16067,0,0.3853492302599246
16068,0,0.26145698923584587
16069,1,0.7059796745036554
16070,0,0.45162651772236884
16071,1,0.8012582604126117
16072,0,0.6894600695961367
16073,0,0.39905290289944423
16074,0,0.1823397579704765
16075,1,0.7290226108525831
16076,0,0.18319429553091582
16077,0,0.6836779434894962
16078,0,0.16874318821402334
16079,0,0.2852314241427032
16080,0,0.6472428271269459
16081,0,0.23228096644840077
16082,0,0.26848243320195775
16083,1,0.6772177997724191
16084,0,0.10303339656674237
16085,0,0.20473390590422955
16086,0,0.7341660065641789
16087,0,0.23094014606184354
16088,0,0.7655179337125554
16089,1,0.44927940658157317
16090,1,0.849340925188566
16091,0,0.3947984263492756
16092,0,0.4119248228481879
16093,0,0.22295007580794146
16094,0,0.7812105439571352
16095,0,0.7332537108729411
16096,0,0.13552428460288168
16097,0,0.25182967091332975
16098,0,0.21052146781773776
16099,0,0.38571711359601935
16100,0,0.35596869028018474
16101,1,0.9633492586466741
16102,0,0.17215786654332382
16103,0,0.24625107659439757
16104,1,0.855415214233712
16105,0,0.2907664195870138
16106,0,0.17583962235770845
16107,0,0.40950949747327664
16108,0,0.5439551774066632
16109,0,0.24568302984355822
16110,0,0.21676975767235745
16111,0,0.275753655130093
16112,1,0.9344196406802826
16113,0,0.3831000764095521
16114,0,0.3265769976989311
16115,0,0.7915697570340886
16116,0,0.35252680082259374
16117,0,0.4235068522293814
16118,0,0.22189623496786662
16119,0,0.16727113883553982
16120,1,0.7423059108384886
16121,0,0.5241209377453757
16122,0,0.0962904475522853
16123,1,0.8160110181816956
16124,0,0.34695276616894477
16125,0,0.38498882639622317
16126,0,0.4185872592319423
16127,1,0.4615834675170747
16128,0,0.15712017422527666
16129,0,0.49988909602399645
16130,1,0.753176879822892
16131,0,0.16303303766062732
16132,0,0.30227891467151213
16133,0,0.1781553479503987
16134,0,0.19491158987737017
16135,0,0.28874793915196306
16136,0,0.2259630972552109
16137,0,0.1412570749691781
16138,0,0.29208014785049624
16139,1,0.44738518963613105
16140,0,0.6387558505670144
16141,0,0.4028403261744182
16142,0,0.28005630311500407
16143,0,0.27638163743897426
16144,0,0.2290198307574467
16145,0,0.3064276382733543
16146,0,0.21482493444608708
16147,0,0.3655391440518818
16148,0,0.14549861520456878
16149,0,0.3140736420655672
16150,0,0.2953172160068929
16151,0,0.4832580358465
16152,1,0.5716045046225718
16153,0,0.1300430153956671
16154,0,0.49249933118521527
16155,1,0.8569745549164971
16156,0,0.514637783412008
16157,0,0.7289584440921106
16158,1,0.8146761783688897
16159,0,0.5733547859749962
16160,0,0.26463467010086467
16161,0,0.704720533618525
16162,0,0.07417418377660495
16163,1,0.888371446216459
16164,0,0.4022549183065247
16165,0,0.1347237165652122
16166,0,0.4269583866138356
16167,0,0.2949014567795446
16168,0,0.3689946414082575
16169,1,0.4442892267979598
16170,0,0.2551380766603923
16171,0,0.20112829808759247
16172,1,0.36680606932293586
16173,0,0.31144376570680127
16174,0,0.5115992303389706
16175,0,0.3378766277785046
16176,1,0.43817065307398745
16177,1,0.6253085355712837
16178,1,0.7494112679520404
16179,0,0.7167033937297532
16180,1,0.9107267552713049
16181,1,0.659266246966135
16182,1,0.8847663314732569
16183,0,0.30870639883504436
16184,1,0.8218112983908563
16185,0,0.8271522753669694
16186,0,0.23890149639628266
16187,1,0.27150941454366534
16188,0,0.26373963948990103
16189,1,0.6407691907774152
16190,0,0.4855766120116662
16191,1,0.8653262775280384
16192,0,0.48369370003387324
16193,0,0.39961589210157505
16194,0,0.14362702005383476
16195,1,0.7040194081095302
16196,0,0.8192765673664882
16197,0,0.2886918152666827
16198,1,0.5415755707892127
16199,1,0.7090761562960437
16200,0,0.26942855461810433
16201,0,0.13189555137913012
16202,1,0.4262179041299812
16203,1,0.8098123715271864
16204,0,0.5889560240567651
16205,0,0.18759485993162275
16206,0,0.23178364019855544
16207,1,0.8147586119054374
16208,0,0.14557084085619898
16209,0,0.5009342905493517
16210,0,0.06609936374663164
16211,0,0.2366040241186585
16212,0,0.3562791319570615
16213,0,0.22984021136440602
16214,0,0.5166137567330824
16215,0,0.3792349488455361
16216,1,0.6694708341248372
16217,0,0.18304521573267835
16218,0,0.1124637564777616
16219,0,0.21281871138426678
16220,1,0.7897264278485346
16221,0,0.863752047335879
16222,0,0.3474294407487538
16223,0,0.14416895235494834
16224,0,0.3696901062413398
16225,0,0.38415363353828136
16226,0,0.36784293388920075
16227,1,0.730764120692661
16228,0,0.36823573621165473
16229,0,0.18023656685866624
16230,0,0.7566308161436909
16231,0,0.366262589096154
16232,1,0.8503392976975702
16233,0,0.3608200760017255
16234,0,0.5008608310966536
16235,0,0.3026689396061268
16236,1,0.27833694780721063
16237,0,0.3586197689742808
16238,1,0.8588041203549114
16239,0,0.22791785938912448
16240,0,0.26620380953300893
16241,0,0.402460893211258
16242,0,0.17846928036250906
16243,0,0.1700352433077441
16244,0,0.06159167510544722
16245,0,0.2290009304932526
16246,1,0.846812113205947
16247,0,0.45966215439671676
16248,1,0.840127603533849
16249,0,0.18377443482907593
16250,0,0.27023434458517903
16251,0,0.8875703959535056
16252,0,0.11606940863121701
16253,0,0.14803467282614627
16254,0,0.17401152012798163
16255,0,0.441331864513606
16256,1,0.8518323854299319
16257,0,0.3991460664434712
16258,0,0.15832810238883446
16259,0,0.34441427811211306
16260,0,0.8374278619493047
16261,0,0.29253539461088257
16262,0,0.3889490268451386
16263,0,0.25297855881910697
16264,0,0.17836616852363843
16265,0,0.7185275127051653
16266,0,0.36654285767838857
16267,1,0.6742670380674493
16268,0,0.34276453806263424
16269,0,0.1751505092361499
16270,0,0.7372579070056474
16271,0,0.5193394862173492
16272,0,0.10850969598701568
16273,1,0.6629129788314256
16274,0,0.3374593581824595
16275,0,0.1797231997368447
16276,0,0.22444335719144973
16277,0,0.6663536516939252
16278,1,0.5243967547568323
16279,0,0.42997082854540714
16280,1,0.7981331368188265
16281,0,0.2845195888885666
16282,0,0.7489019982219505
16283,1,0.8848293240970279
16284,0,0.35923929702775526
16285,0,0.18802411612709244
16286,0,0.20420547634468064
16287,0,0.1648853880447957
16288,1,0.8193597504155378
16289,0,0.2879802551992186
16290,0,0.2667959495587958
16291,0,0.22019104610460002
16292,0,0.3835077602452278
16293,0,0.6084645194288029
16294,0,0.8125507749841729
16295,0,0.19371308967198847
16296,0,0.12822505731374836
16297,0,0.4073706583402737
16298,0,0.0736147754408057
16299,1,0.8092039283825391
16300,0,0.2476773561816674
16301,1,0.8750807581116504
16302,0,0.1688519968249904
16303,0,0.3845339370860968
16304,0,0.31067421496307107
16305,1,0.5154313278104763
16306,0,0.1650917785985003
16307,0,0.4050065771071206
16308,0,0.25176692715659077
16309,0,0.6402951020252882
16310,0,0.4816263796752028
16311,1,0.8512956220562943
16312,0,0.5173559956815097
16313,0,0.5300716489883323
16314,0,0.16916996405671064
16315,0,0.19995619405683526
16316,0,0.4140775949151969
16317,0,0.18071341367629365
16318,0,0.5319122430857008
16319,0,0.13579606722178014
16320,0,0.3312385950539436
16321,0,0.8302198716718074
16322,0,0.4486513575695645
16323,0,0.3548866519726338
16324,0,0.5223106974244374
16325,0,0.33427505327170354
16326,0,0.33749755487966054
16327,0,0.1340478146134989
16328,0,0.22722708985961323
16329,0,0.6289431451138866
16330,0,0.21477023431487086
16331,0,0.8708037275816771
16332,0,0.2674082185274553
16333,0,0.22417412991942398
16334,0,0.12462775450842091
16335,0,0.14168234832323914
16336,0,0.5159620164048833
16337,0,0.5307310305257907
16338,0,0.3771289338976242
16339,0,0.21440901599334322
16340,0,0.3226913938750106
16341,0,0.4713466354320824
16342,0,0.20850628336757493
16343,0,0.511708605127059
16344,0,0.24394517649437525
16345,0,0.4631868824999906
16346,0,0.2992187732959582
16347,0,0.3572223249726132
16348,0,0.339502301020295
16349,0,0.7847609471989405
16350,0,0.2872268031340418
16351,0,0.3177939692537454
16352,0,0.4377419317758703
16353,0,0.2471229273444073
16354,1,0.43493768004841726
16355,0,0.13453757075502265
16356,0,0.34079012536479886
16357,0,0.3783860504564769
16358,1,0.550158339054861
16359,0,0.4153038205969753
16360,0,0.23064094907548763
16361,0,0.18835837517680787
16362,0,0.43401846530987226
16363,0,0.25586192332519103
16364,0,0.18726735160641905
16365,0,0.3186034937328511
16366,0,0.38085416360089086
16367,0,0.41519745635010713
16368,0,0.278354766999891
16369,1,0.4329185909538543
16370,1,0.7413118319116245
16371,1,0.7597955108818829
16372,0,0.23731449450299663
16373,0,0.3683244011608645
16374,0,0.2949186774772471
16375,0,0.7406807517837606
16376,1,0.5804768509559561
16377,0,0.3508881139621087
16378,0,0.24035322256858976
16379,0,0.33376219163607
16380,0,0.3587639403017649
16381,0,0.34953006913078755
16382,1,0.5190411166257756
16383,0,0.15563623916475625
16384,0,0.23249116024483837
16385,0,0.06480825392344387
16386,1,0.9012528010090519
16387,0,0.2052524961409189
16388,0,0.1444218624592188
16389,0,0.32360940766882146
16390,0,0.4249792517864818
16391,0,0.24423892659743976
16392,0,0.1836503440990087
16393,0,0.2975847197155544
16394,1,0.41592415726383175
16395,1,0.6547333466117792
16396,0,0.23646113593655824
16397,0,0.4135523125213341
16398,0,0.8538048515521168
16399,0,0.23175125325394444
16400,0,0.2815273303996238
16401,0,0.2689773092938752
16402,0,0.1749553274242505
16403,0,0.3401670440008258
16404,0,0.7737525647701409
16405,0,0.32355084389877065
16406,0,0.30062459166842087
16407,0,0.18521902974720544
16408,1,0.5789895656848236
16409,0,0.24508769382581175
16410,0,0.2537477852286849
16411,0,0.11767147349795434
16412,0,0.4441495257014114
16413,0,0.42227245422106674
16414,0,0.6402951020252882
16415,0,0.3298493537327184
16416,0,0.23740348397137837
16417,0,0.23893880901514053
16418,0,0.323464823862744
16419,0,0.5945893324012628
16420,0,0.4596718819807776
16421,0,0.1763607702892788
16422,0,0.23519388046553033
16423,0,0.38670629359302405
16424,0,0.3407814571806735
16425,0,0.32480064657374974
16426,0,0.2918928791219057
16427,0,0.17633072022557653
16428,0,0.07942353549062087
16429,0,0.32956772585223315
16430,0,0.09313123522858525
16431,0,0.5099347464022146
16432,0,0.3136953361308356
16433,0,0.3316200141012065
16434,0,0.48198902258019843
16435,0,0.20870517146247367
16436,0,0.3300896962434915
16437,1,0.8658100846674383
16438,1,0.4651586385501578
16439,1,0.5202129875717998
16440,0,0.5068771225807275
16441,0,0.2639506706968688
16442,0,0.45907212868017183
16443,0,0.45243980323257127
16444,1,0.3368333438254304
16445,0,0.1813850282950097
16446,0,0.27024117893115807
16447,0,0.22189646958344603
16448,1,0.6845887371179016
16449,0,0.3376403406047918
16450,1,0.35977105032987305
16451,0,0.4916637605351488
16452,1,0.8598267640333433
16453,0,0.4029471319439347
16454,0,0.39860838760421907
16455,0,0.36394154566642073
16456,0,0.5586728899933331
16457,1,0.6296848494495162
16458,0,0.7232210206530527
16459,1,0.745092847830111
16460,0,0.4263510091524262
16461,0,0.36452752716081854
16462,0,0.33879957371310737
16463,0,0.7548302710338555
16464,0,0.27816119760953106
16465,0,0.2951886375085781
16466,0,0.23769430096210076
16467,0,0.304775122006671
16468,0,0.36609516115460805
16469,0,0.5113588536251867
16470,0,0.5606239064071816
16471,0,0.5525280239464638
16472,0,0.21633576429982646
16473,0,0.14744187132832884
16474,0,0.38684372016384844
16475,0,0.4838344344549914
16476,0,0.20632481159342445
16477,0,0.34814435362558427
16478,0,0.5106769132250192
16479,0,0.5553993025959566
16480,0,0.18106245536579163
16481,1,0.7934700640401873
16482,0,0.098280169924872
16483,0,0.47579869032357647
16484,0,0.17260363872956422
16485,0,0.08481478058621841
16486,0,0.08248027283657605
16487,0,0.2777654447806885
16488,1,0.6494882419982259
16489,0,0.33168297535353203
16490,0,0.16679443387224147
16491,0,0.3258478697077169
16492,0,0.18447175295511703
16493,0,0.6782416920961531
16494,0,0.35004266578106685
16495,0,0.27089225517039106
16496,0,0.2807419016267888
16497,0,0.18960522296219318
16498,0,0.5121530244831116
16499,0,0.22006632272202523
16500,0,0.24850630261329415
16501,0,0.35387476182286554
16502,0,0.28270858741186145
16503,0,0.20940061895763068
16504,0,0.6984802664786944
16505,1,0.6172196464717082
16506,0,0.08053716415825937
16507,0,0.24875269689357865
16508,1,0.8079292316868432
16509,0,0.8733824936253473
16510,0,0.2326157609105223
16511,0,0.3472519006265561
16512,0,0.4312458853423491
16513,0,0.658831217006207
16514,1,0.34816915890455674
16515,0,0.2641432285160244
16516,0,0.14558827987537823
16517,1,0.3770885218211507
16518,0,0.3316705689616503
16519,0,0.33948905605919505
16520,0,0.31161455148908157
16521,0,0.15650272107423277
16522,1,0.46876301746084065
16523,0,0.3392484617854013
16524,0,0.3213119737771666
16525,0,0.4264909736562496
16526,1,0.31138159546648975
16527,0,0.7575417470622909
16528,0,0.05624976745482984
16529,0,0.48657751354587186
16530,0,0.6391023207590206
16531,0,0.44436046508783433
16532,0,0.38973307252430545
16533,0,0.6049925611231177
16534,0,0.18836650152384696
16535,1,0.6855591832840966
16536,1,0.8083952461849206
16537,0,0.4229081269228058
16538,0,0.4050181826913351
16539,1,0.8025771924193053
16540,0,0.49296792108912696
16541,0,0.31718149656574696
16542,0,0.4162278075123045
16543,0,0.23018851389219008
16544,0,0.25127802553687034
16545,1,0.8699484751652002
16546,0,0.3607096680663613
16547,0,0.5199180549082866
16548,0,0.4393410953140841
16549,0,0.8168030627167397
16550,1,0.9140204654536375
16551,1,0.7750810860878494
16552,0,0.3242691898601246
16553,0,0.22471028635624257
16554,0,0.2997530852685984
16555,0,0.30213874631132637
16556,0,0.10680015704152018
16557,1,0.3620818293295231
16558,0,0.17219517158793274
16559,0,0.5847649421076001
16560,0,0.15453589082607969
16561,0,0.2676146994327888
16562,1,0.6555461980033599
16563,0,0.6548327342895497
16564,1,0.823307516180392
16565,0,0.36475279198323496
16566,0,0.34486574375459783
16567,0,0.49590315280592967
16568,0,0.4301375100226518
16569,0,0.1733272181427008
16570,0,0.3344183621387235
16571,0,0.27057867818526793
16572,0,0.29095046882230124
16573,0,0.4243541106156659
16574,0,0.4171316835115727
16575,1,0.6105144643689366
16576,0,0.3583095477693219
16577,0,0.14122396134435256
16578,0,0.5255844941067688
16579,0,0.32007387723691777
16580,1,0.4370714320682563
16581,1,0.4579769836842357
16582,0,0.5677640054839587
16583,0,0.2747302784654115
16584,0,0.3875252634561645
16585,0,0.35300273409966304
16586,0,0.1827940809452803
16587,0,0.49802635606875884
16588,1,0.7051768973864573
16589,0,0.24917880997683828
16590,0,0.4224897487002333
16591,0,0.3133161537131657
16592,0,0.28880772392150933
16593,0,0.1406177282311987
16594,0,0.2700748695499338
16595,1,0.5203042977831369
16596,1,0.8320717992978978
16597,0,0.15093338144507423
16598,0,0.5024821135590599
16599,0,0.20532170557355203
16600,0,0.4290355197556251
16601,0,0.29351160929981746
16602,0,0.16660927818255822
16603,0,0.1180407874423818
16604,0,0.5664908603427591
16605,0,0.1874361856290869
16606,0,0.2297742272724604
16607,0,0.7821605425113437
16608,0,0.28857370956140405
16609,0,0.3307224542223511
16610,0,0.1434717332368794
16611,0,0.4051202790857982
16612,0,0.2099473856429566
16613,1,0.8380655333681625
16614,0,0.31950519046918496
16615,0,0.3179794378324232
16616,0,0.7931022946700277
16617,0,0.22569774864588965
16618,0,0.3319172663086555
16619,0,0.24521388197819408
16620,1,0.751692759265337
16621,0,0.13149185261043647
16622,0,0.2557111354657723
16623,1,0.36940343677930926
16624,1,0.8023064825459224
16625,0,0.16527617880438675
16626,1,0.6745656448365647
16627,0,0.3102049549790468
16628,0,0.4381709455212597
16629,0,0.3153268489222184
16630,0,0.26922980476189823
16631,0,0.35577878787266676
16632,0,0.30290176608384
16633,1,0.8929377168384864
16634,1,0.36995467814878696
16635,0,0.36367755251391304
16636,1,0.8374592257746291
16637,1,0.5326277997568165
16638,0,0.35634153112207656
16639,0,0.3731757635397181
16640,0,0.4171940158670757
16641,0,0.2705459196374324
16642,0,0.3148413585249038
16643,0,0.49750143984216194
16644,0,0.6278634010262268
16645,0,0.3541528751537581
16646,0,0.26124384962668146
16647,1,0.9127347803648209
16648,0,0.3061469326313853
16649,1,0.8931329756094523
16650,1,0.5017203028760518
16651,0,0.49248692793111104
16652,0,0.4271287145957837
16653,0,0.28528326755905464
16654,0,0.3493533170693252
16655,0,0.3462833294144525
16656,0,0.19260684194623057
16657,0,0.14503000544177647
16658,1,0.9171097598803744
16659,0,0.47822922379161026
16660,0,0.3114743110141104
16661,1,0.8540880518632812
16662,0,0.30057998313203355
16663,1,0.8544945286418839
16664,0,0.1971236762066712
16665,0,0.2410726129743913
16666,0,0.16578800715292016
16667,0,0.4091435269963001
16668,1,0.90487896378996
16669,0,0.3199677808964109
16670,0,0.4568431618532115
16671,0,0.14943270925575974
16672,0,0.25547439270688516
16673,0,0.12910634847746946
16674,1,0.8050807436612211
16675,0,0.7557223179381876
16676,0,0.11060011847935472
16677,0,0.16569350781406073
16678,0,0.09566910517221441
16679,1,0.6794605153396267
16680,0,0.27365729283072426
16681,0,0.7629205168394795
16682,0,0.3347950656357109
16683,0,0.37449890791905655
16684,0,0.8580398001118107
16685,1,0.4075629878213909
16686,0,0.2020147642837557
16687,0,0.5584533635944364
16688,0,0.3742584483557726
16689,1,0.5306948544465449
16690,0,0.12754875267077115
16691,0,0.09552905142886567
16692,0,0.15179952991618104
16693,0,0.2607512559516361
16694,0,0.5175346275560192
16695,0,0.48920113321852665
16696,0,0.10872226344497228
16697,0,0.34283656732760237
16698,0,0.6080938826613449
16699,0,0.18297406219097245
16700,1,0.748650399130732
16701,1,0.9111961898650847
16702,0,0.27619014893276506
16703,1,0.8905203408473059
16704,0,0.51826146649237
16705,1,0.3353068889753424
16706,1,0.437853993846294
16707,0,0.34903268283582917
16708,0,0.3112693876779563
16709,0,0.3660639762612248
16710,0,0.3730522032074787
16711,0,0.3153390681875062
16712,0,0.4124291250263676
16713,0,0.13968855766100632
16714,0,0.8032754501865038
16715,0,0.3545691867724725
16716,0,0.4773073325571618
16717,0,0.3272494978735822
16718,0,0.28535268798231345
16719,0,0.30625853408855763
16720,0,0.3472649704911466
16721,0,0.13269408803764685
16722,0,0.19111855557754068
16723,0,0.16419647321370254
16724,1,0.42950764272438186
16725,0,0.4200870375899261
16726,1,0.5913279307151575
16727,0,0.2708895877748395
16728,0,0.26697881411447855
16729,0,0.7320545095583797
16730,1,0.7612854094182532
16731,0,0.12994920601191237
16732,0,0.2900229459575387
16733,0,0.2184335783335212
16734,0,0.8600569198300018
16735,0,0.17178835252159458
16736,0,0.3114295683664406
16737,0,0.23049064279782056
16738,0,0.39648837700445627
16739,0,0.27353580084015966
16740,0,0.305255914552794
16741,0,0.5527508685776006
16742,0,0.324040584062549
16743,1,0.7731754283052608
16744,0,0.3033891530731511
16745,0,0.28012727554605926
16746,0,0.7463022652822903
16747,0,0.5350296128614839
16748,0,0.3214918121218285
16749,0,0.4372526349467501
16750,0,0.17885835478583872
16751,0,0.19369395012198468
16752,0,0.3242102712057908
16753,0,0.08054041401142653
16754,0,0.16756014682777248
16755,0,0.5523374689291409
16756,1,0.3384094401371479
16757,1,0.364223833366298
16758,0,0.3640025477320868
16759,0,0.28573721943468305
16760,0,0.3461105962208254
16761,1,0.20715959988022545
16762,0,0.2587475122124273
16763,0,0.3026381677560753
16764,0,0.16963116519180324
16765,0,0.3495581607388732
16766,0,0.6455883866190182
16767,0,0.3360396998017983
16768,0,0.29550108140636383
16769,0,0.44934780359044973
16770,0,0.18583339534802232
16771,1,0.1983912863786869
16772,0,0.3422042488761546
16773,0,0.4513272665357102
16774,0,0.33322100935415994
16775,0,0.36813334209858267
16776,0,0.31681815835169813
16777,0,0.2553655412830078
16778,1,0.8501518104819893
16779,0,0.23393967603056898
16780,1,0.5686679331851039
16781,0,0.21226483970555535
16782,0,0.40850667506729715
16783,0,0.1417828419931461
16784,0,0.3278552649897248
16785,0,0.22716583304510846
16786,0,0.2863049731436569
16787,1,0.805358914772034
16788,0,0.19727441469477003
16789,0,0.3726502844576174
16790,0,0.48088455499942334
16791,0,0.23300807594207026
16792,1,0.9034856981941719
16793,0,0.6210882792935633
16794,0,0.1099263213556332
16795,0,0.14846205824573677
16796,1,0.9224741511440273
16797,0,0.3185008029122038
16798,0,0.3834361922304412
16799,0,0.2394912809222791
16800,0,0.1565076203645252
16801,0,0.2832946946852633
16802,0,0.3441001856256875
16803,0,0.2065585316380481
16804,1,0.535845586325512
16805,0,0.594704327140825
16806,0,0.5627170842496625
16807,0,0.8121652684757439
16808,1,0.48027543345224694
16809,0,0.5891492808478946
16810,0,0.39603108045044016
16811,0,0.16409909673562795
16812,0,0.34185573113897194
16813,0,0.2590985525760072
16814,0,0.14680391026221748
16815,0,0.22312518410268964
16816,0,0.18989583212989078
16817,0,0.2953810387620393
16818,0,0.09780848967869166
16819,0,0.2819141400985573
16820,0,0.8652030055249021
16821,0,0.5409182132322488
16822,0,0.12102361125323613
16823,1,0.550017664541638
16824,1,0.7758453987177374
16825,1,0.4788302268126581
16826,1,0.8847078459845705
16827,0,0.26149689255749176
16828,1,0.4057633501605209
16829,0,0.32225830409298956
16830,0,0.26328229032903633
16831,0,0.5545513957260415
16832,0,0.3340880233709417
16833,1,0.9207200526167508
16834,0,0.46521027773484536
16835,1,0.8955465615067824
16836,0,0.3608450726125714
16837,0,0.1884443145415333
16838,0,0.389978480570028
16839,0,0.5973909663346318
16840,0,0.5170787002151628
16841,0,0.32818056895149267
16842,1,0.7332844413289078
16843,0,0.8266751563950168
16844,0,0.2522465386242168
16845,0,0.3832134671304839
16846,0,0.6463996989086201
16847,0,0.8329024438563102
16848,0,0.206746408581011
16849,0,0.37206663352140834
16850,1,0.8071993061979277
16851,0,0.4802387935442997
16852,0,0.1639993581184803
16853,0,0.5474178023248965
16854,0,0.2561436726544024
16855,0,0.29238331141991225
16856,1,0.45843691697455163
16857,0,0.12222976538875308
16858,0,0.29485415895788586
16859,0,0.5411377467418292
16860,0,0.19703365643201537
16861,0,0.18224065088360747
16862,0,0.21533401769393395
16863,1,0.5251165056303804
16864,0,0.22035647952820903
16865,1,0.7517863103697503
16866,0,0.19769508624073728
16867,0,0.16885821071674012
16868,0,0.3215314677603158
16869,1,0.8050480652375497
16870,0,0.11225031804056662
16871,0,0.3434343461441049
16872,1,0.9408785328901287
16873,0,0.5866805719858371
16874,0,0.4283409671042713
16875,0,0.25942785724685324
16876,0,0.2064711113276889
16877,0,0.35239656425320914
16878,0,0.8693656567250498
16879,0,0.5474206645110251
16880,0,0.44065619117349214
16881,0,0.18635435666186007
16882,0,0.1835793711631035
16883,0,0.4262331798937354
16884,0,0.20043360164460527
16885,1,0.5195445081943862
16886,0,0.203776993672798
16887,0,0.3127480600725218
16888,1,0.6851641674619765
16889,1,0.6102124334641261
16890,0,0.38084035386242987
16891,1,0.3142049599847108
16892,0,0.39166915435331456
16893,1,0.7768825339104936
16894,0,0.3756881857960987
16895,0,0.1819792141426484
16896,1,0.8324528026356819
16897,0,0.36897517325561674
16898,0,0.3477085624147
16899,0,0.2994125624679502
16900,0,0.16739094808655092
16901,0,0.26984051192345093
16902,1,0.8523076235809458
16903,1,0.740981607528181
16904,1,0.4039730738694744
16905,0,0.10661027909344811
16906,0,0.8459041802666668
16907,0,0.4161170688532562
16908,0,0.6043482276411557
16909,0,0.30857819065920533
16910,0,0.1644858905905869
16911,0,0.3567817782779641
16912,0,0.3583015023162926
16913,0,0.15916445058486
16914,0,0.19587753292423934
16915,1,0.39829413906316496
16916,0,0.2331197498475258
16917,0,0.513283558277219
16918,0,0.36184818628139775
16919,1,0.6983198552888745
16920,0,0.3161266944249373
16921,1,0.6303628323369511
16922,1,0.8401003548905931
16923,1,0.8526059293396444
16924,1,0.6676103068151283
16925,0,0.25793165040345656
16926,0,0.1487338223405539
16927,0,0.3394863444490118
16928,0,0.20790704679887262
16929,0,0.28914240017637227
16930,0,0.7412909212735249
16931,0,0.281643189852258
16932,1,0.6728004302338042
16933,0,0.26555594128836707
16934,0,0.15644568301742026
16935,0,0.829419317224001
16936,0,0.26186230234199304
16937,0,0.24179396109689147
16938,0,0.23094634949528411
16939,0,0.2201025857103042
16940,0,0.33397744949666525
16941,0,0.16996750046148595
16942,0,0.14405984358782642
16943,0,0.26837908751335066
16944,1,0.37041954572321034
16945,0,0.18810701973421287
16946,0,0.3068477294761215
16947,0,0.24793128160505495
16948,1,0.5698745560874472
16949,0,0.7504373153704396
16950,0,0.203255828703081
16951,0,0.32096830115491465
16952,0,0.4377486148220811
16953,0,0.201127364961979
16954,0,0.3043404697169562
16955,0,0.2179614352247221
16956,1,0.44465060219971475
16957,0,0.08468382459193723
16958,0,0.19121309733597897
16959,0,0.49932554961870357
16960,1,0.6295955287350344
16961,1,0.42257072925439376
16962,0,0.6897924381471564
16963,0,0.3761898421679289
16964,0,0.15124531670171198
16965,0,0.25910427644689377
16966,0,0.543786143296768
16967,1,0.577296079574892
16968,0,0.27941745958809583
16969,0,0.7102360083664362
16970,0,0.31128968188787026
16971,0,0.18334606527476854
16972,1,0.8669765186165104
16973,1,0.8340178635367707
16974,0,0.2870440933495981
16975,0,0.46406312151753504
16976,0,0.3926180808672621
16977,0,0.33833864392073026
16978,0,0.34075732292961514
16979,0,0.26564018169909576
16980,1,0.8756767384059068
16981,1,0.7576226423663301
16982,1,0.9170783616942774
16983,0,0.30248697365655874
16984,0,0.18302018483527824
16985,0,0.335533509703602
16986,0,0.38182416775466627
16987,0,0.36029081369071925
16988,0,0.23362956132558552
16989,0,0.349673605756994
16990,0,0.15505071129487885
16991,0,0.5572691314411543
16992,1,0.8762069254265189
16993,0,0.283401526118214
16994,1,0.6716427143349044
16995,0,0.2729014540783222
16996,0,0.2890837241850721
16997,0,0.2968339088699775
16998,0,0.3569596686172984
16999,1,0.5434204562054944
17000,1,0.8427696376504944
17001,0,0.3368453744682104
17002,0,0.16733464977690565
17003,0,0.7398320726342442
17004,0,0.16996923011842455
17005,1,0.8316578284402573
17006,1,0.7462274611068167
17007,0,0.8390297106795367
17008,0,0.3493288931665405
17009,1,0.6252652961127143
17010,0,0.32052199140796955
17011,0,0.23283458494383985
17012,0,0.39307726535354864
17013,0,0.07844440667711536
17014,0,0.35271836674922546
17015,0,0.26017003801795874
17016,0,0.27565487543524286
17017,0,0.28822380158851013
17018,0,0.7788795083491492
17019,0,0.5285493674550716
17020,0,0.6131577646963313
17021,0,0.4043288236848814
17022,1,0.7539858908183742
17023,0,0.24325488417410732
17024,0,0.29850984764842997
17025,0,0.5887614405629114
17026,0,0.756938381269329
17027,0,0.3158500212203593
17028,0,0.28421441619302745
17029,0,0.21562260456768673
17030,0,0.1735922157243338
17031,1,0.39270406625854354
17032,0,0.38920904414842644
17033,0,0.14676177541332994
17034,0,0.454537355811104
17035,1,0.3884749988688827
17036,1,0.48303035047552956
17037,0,0.3044360283845806
17038,0,0.34937714594981967
17039,1,0.8093244016082631
17040,0,0.25021962343060655
17041,0,0.26373849545874056
17042,1,0.8640964069041371
17043,0,0.33166527453302164
17044,1,0.4467103953215617
17045,0,0.22701996936299287
17046,0,0.28920071987141943
17047,1,0.5109612648607379
17048,0,0.1618548809242489
17049,0,0.34577422859522855
17050,0,0.3618834732430806
17051,0,0.2786224999768392
17052,0,0.20250147578474592
17053,1,0.825751710789412
17054,0,0.473114324144473
17055,1,0.9264865737749178
17056,0,0.3046618823339963
17057,0,0.3209390771397406
17058,0,0.2553016161831793
17059,1,0.2236728347827281
17060,0,0.26012425425335506
17061,0,0.3441884571952011
17062,1,0.8570612764966447
17063,1,0.8413584073589258
17064,1,0.672192803027508
17065,0,0.18851588794354843
17066,0,0.3540150778340876
17067,1,0.8978042687306166
17068,0,0.3514492605098239
17069,1,0.43931899371112965
17070,0,0.25475739474686526
17071,0,0.3054713226479483
17072,1,0.6647213198619505
17073,0,0.31923813582975374
17074,0,0.1643347779211554
17075,0,0.11411351033695168
17076,0,0.30226394956455244
17077,0,0.8164898221905901
17078,0,0.4501383091359095
17079,0,0.47516028162295076
17080,0,0.45614369370390856
17081,1,0.61054252043374
17082,0,0.6317058125988526
17083,0,0.30871740789394597
17084,0,0.2310714939854482
17085,0,0.3975904693160965
17086,0,0.208128061737194
17087,0,0.2718101824046121
17088,0,0.2575671260412087
17089,0,0.26480929828873995
17090,0,0.2021355264940157
17091,1,0.6352052548137186
17092,0,0.19777830241292968
17093,0,0.47435563526480634
17094,0,0.2457223929553091
17095,0,0.17777862849538867
17096,0,0.19126082425558902
17097,1,0.35027773932470097
17098,1,0.9194057255124517
17099,0,0.19567563555855816
17100,0,0.28421008748401205
17101,0,0.26140086133793855
17102,0,0.3894534602612352
17103,0,0.5381316733996042
17104,0,0.24257066273329156
17105,0,0.3503458492499549
17106,0,0.2905686009090372
17107,0,0.2193270750665919
17108,0,0.34588214619056634
17109,0,0.3099107778844738
17110,0,0.15958010752869517
17111,1,0.4467629067212483
17112,0,0.13214650920841015
17113,0,0.778981667821637
17114,0,0.3885577757066946
17115,0,0.30312058431293865
17116,0,0.43324827909536784
17117,1,0.5198542561997747
17118,1,0.9097325545969077
17119,0,0.43812686927247996
17120,1,0.5873146353834754
17121,1,0.4979315332379145
17122,0,0.33573068859956423
17123,0,0.3580120035902109
17124,0,0.850161342640988
17125,0,0.3554315930496543
17126,0,0.2226222055743468
17127,0,0.4488781412538828
17128,0,0.4207351804012889
17129,0,0.29333606714760946
17130,0,0.4201437295595927
17131,0,0.10976962393757875
17132,0,0.23435082476289815
17133,0,0.9065612539098337
17134,0,0.20039802985327992
17135,0,0.41448459067149235
17136,0,0.4021036697876049
17137,1,0.7356831439871254
17138,1,0.6880666315686896
17139,1,0.4013218428202461
17140,0,0.43491819169255824
17141,0,0.21931072213636504
17142,1,0.5473949776352807
17143,0,0.23671885812258087
17144,0,0.43116600127651006
17145,0,0.3425656798523969
17146,0,0.219290271531476
17147,1,0.7153618849424412
17148,1,0.5436800774157856
17149,0,0.34003187464991697
17150,1,0.8287636649068132
17151,0,0.3863953349842895
17152,1,0.47948649960248685
17153,0,0.34051145155755286
17154,0,0.38613175223406726
17155,0,0.6103050237027761
17156,1,0.7059694626697677
17157,0,0.30667935935288004
17158,0,0.3114434743133873
17159,0,0.28503555597123315
17160,0,0.6176397991435372
17161,0,0.5424283908467108
17162,0,0.3257654391514951
17163,0,0.17258350604425568
17164,1,0.44962328691826814
17165,0,0.5129647736019937
17166,0,0.32341241832528284
17167,0,0.21425011952967857
17168,0,0.3918269035578209
17169,0,0.2141935946836957
17170,0,0.6220191106455221
17171,0,0.33000783106137843
17172,0,0.2229235375161951
17173,0,0.6705017057751274
17174,0,0.6893859241632633
17175,0,0.37199898540531756
17176,0,0.1096021315449486
17177,0,0.4692041301393842
17178,1,0.2602367557126302
17179,0,0.27107191805061737
17180,0,0.3052670471024107
17181,0,0.0975827296014356
17182,0,0.5481631611674257
17183,0,0.6875844745534195
17184,0,0.5899246232965127
17185,1,0.8306035153347108
17186,0,0.2645576056254807
17187,0,0.37438731270631176
17188,0,0.549846851181321
17189,0,0.3219016051852549
17190,1,0.7963884146291248
17191,0,0.12261974220654212
17192,0,0.28585633237154806
17193,1,0.8680293897788496
17194,0,0.36149601256117286
17195,1,0.6528129538231963
17196,0,0.17584498103833415
17197,0,0.16325852170372218
17198,1,0.5515926699666415
17199,1,0.8278881504842143
17200,1,0.8514493275599477
17201,0,0.3358654431506674
17202,0,0.5980086007995621
17203,0,0.3809638282624646
17204,0,0.2474654008232923
17205,0,0.1825045587831973
17206,1,0.4255912715265623
17207,0,0.30026216559659064
17208,1,0.8944925419775577
17209,0,0.7110001871173611
17210,0,0.2899325325490192
17211,1,0.8547122058032792
17212,0,0.20561831386639082
17213,0,0.5824434772778884
17214,1,0.3930280077863105
17215,1,0.8252066264262581
17216,0,0.3637812879420531
17217,0,0.34349493453631197
17218,0,0.5802121533739918
17219,0,0.20739969727379837
17220,0,0.17708297306621393
17221,0,0.379637971742908
17222,0,0.6780649203191367
17223,0,0.11595259389604838
17224,0,0.859315894444628
17225,0,0.6122425761365808
17226,1,0.30384826782077057
17227,1,0.9633465606118764
17228,0,0.23649273752026884
17229,1,0.2922495194663883
17230,0,0.18506050777016475
17231,0,0.7310443134510932
17232,0,0.2335128081406327
17233,1,0.8645778058330571
17234,0,0.12205301449183965
17235,0,0.32453899022954674
17236,1,0.5265690164132353
17237,0,0.14748748352100968
17238,0,0.5197965943477846
17239,0,0.5748058701380495
17240,1,0.8479667788208403
17241,0,0.26526384669238284
17242,0,0.24434424463683307
17243,0,0.5947573565340344
17244,0,0.5345562046214104
17245,0,0.14190821029569947
17246,0,0.2235919498713724
17247,1,0.4293191208152917
17248,0,0.17173248088511248
17249,0,0.07633106826910777
17250,0,0.3289229481839615
17251,1,0.7004359357151542
17252,0,0.21650412301228641
17253,0,0.32639464287276243
17254,0,0.20450170141611523
17255,1,0.8595133959050316
17256,1,0.34465450238767237
17257,0,0.26976405720361957
17258,0,0.27988703637801793
17259,0,0.3680922206637428
17260,0,0.16918273850899587
17261,1,0.472279626681555
17262,0,0.6546068635400634
17263,0,0.2857127127897632
17264,0,0.2546051553507532
17265,0,0.4328800508890386
17266,1,0.7447487429539165
17267,0,0.3598250556007234
17268,0,0.5016367562974442
17269,0,0.08497690570166118
17270,0,0.8382621718890527
17271,0,0.2952968025296656
17272,1,0.7439593088625975
17273,1,0.4327970007566261
17274,0,0.6686014804556386
17275,0,0.09923704855639925
17276,0,0.5180062016503693
17277,0,0.17611606685470363
17278,0,0.2824659558789168
17279,0,0.0965189384486329
17280,0,0.36344385174592053
17281,0,0.10716940051032534
17282,1,0.9565122782114831
17283,0,0.5790934706313347
17284,0,0.24129591985498014
17285,0,0.2049582872808988
17286,0,0.3931283749538039
17287,0,0.4959230894186914
17288,1,0.8686637083750282
17289,1,0.7584206800619979
17290,0,0.6012624336057342
17291,1,0.927361470951579
17292,1,0.9062238248928335
17293,0,0.2750302208642087
17294,0,0.367262399880767
17295,0,0.15057582570644357
17296,0,0.7800024720631142
17297,0,0.7767668970556908
17298,0,0.26450313669560976
17299,1,0.7926632734095256
17300,0,0.5401075196115765
17301,1,0.7212704173733337
17302,0,0.32743979262368816
17303,0,0.1545793300356127
17304,1,0.8524053215819536
17305,0,0.3009543728344768
17306,0,0.6837694335504316
17307,0,0.25822934196739333
17308,0,0.21021379122428585
17309,0,0.34944615658725425
17310,0,0.379865903954261
17311,0,0.24129793727443904
17312,0,0.547345769432398
17313,0,0.6095130026513231
17314,0,0.13908582210355686
17315,0,0.18131424112956418
17316,0,0.2245570880944941
17317,0,0.2718152894316707
17318,1,0.3977722988658938
17319,0,0.35741346845709165
17320,0,0.5456264043596143
17321,1,0.8357264064212728
17322,0,0.25672026425875144
17323,1,0.40282376561805244
17324,1,0.9558669538031677
17325,0,0.22091261781263138
17326,0,0.3482938046398749
17327,1,0.458211735735882
17328,0,0.4437376375152695
17329,0,0.8569382172369877
17330,0,0.32986197171657655
17331,0,0.39260328145949275
17332,0,0.26417015723415266
17333,0,0.24404447513521213
17334,0,0.1317110517841361
17335,0,0.29202738058204125
17336,1,0.5497451270216637
17337,0,0.0882152421161293
17338,0,0.7439917642153624
17339,0,0.27647382722100017
17340,0,0.4569362812906489
17341,0,0.15057476801803701
17342,0,0.4428016369340108
17343,0,0.21819682139996657
17344,0,0.41997082516364415
17345,0,0.3080041353010176
17346,0,0.527976613439959
17347,0,0.18187236341568622
17348,0,0.42370709830297737
17349,0,0.4710972856549669
17350,1,0.8990620299932379
17351,0,0.11990011905777048
17352,0,0.2803336382564188
17353,0,0.4575389628443046
17354,0,0.18805440422348416
17355,0,0.3448776149509047
17356,0,0.3617055255930731
17357,0,0.5552449251205555
17358,1,0.45154514532950046
17359,0,0.18106507546120834
17360,0,0.34966717728610497
17361,0,0.3509879234873165
17362,0,0.4362578256485234
17363,0,0.22329066989117327
17364,0,0.13236959423710215
17365,0,0.8006290335802833
17366,0,0.3110342715486183
17367,0,0.5031772338169074
17368,0,0.3184846294745784
17369,0,0.4360931986706838
17370,0,0.272768068036791
17371,0,0.6334815826769602
17372,0,0.17341366415670606
17373,0,0.6482898998749694
17374,0,0.45778248463272575
17375,1,0.7026644813705302
17376,0,0.5019903134826054
17377,0,0.2085770180186244
17378,1,0.6667572610479026
17379,0,0.24323304347509037
17380,0,0.25125982038172184
17381,0,0.3916340800188047
17382,0,0.3336132117591635
17383,0,0.3465944351891673
17384,0,0.29300015759249615
17385,0,0.5281301874402196
17386,0,0.23685992635708847
17387,0,0.3354105294658241
17388,1,0.7596131247154834
17389,0,0.15623384917520874
17390,0,0.26441112635014635
17391,0,0.6849143739479346
17392,0,0.3117645717899978
17393,0,0.8270387638220865
17394,0,0.24392810671560372
17395,0,0.20812065759399118
17396,0,0.22635841502075382
17397,0,0.3212858581859737
17398,0,0.28309160916974824
17399,1,0.8601397644409988
17400,1,0.6422238826925556
17401,0,0.3116048119251442
17402,0,0.24280418669397086
17403,0,0.4288079841462353
17404,0,0.8221753925689815
17405,1,0.8691746682422515
17406,0,0.4242340502020454
17407,0,0.2641319256068773
17408,0,0.23791990002863395
17409,0,0.19931096001530385
17410,1,0.7197659336756262
17411,1,0.4126337349524693
17412,0,0.3328958488367529
17413,0,0.3374617462220174
17414,0,0.5008709127912916
17415,0,0.5467758053377427
17416,1,0.8707086010023631
17417,0,0.09280259363797808
17418,0,0.19868949867999489
17419,0,0.3662292147926813
17420,0,0.13449815213198016
17421,0,0.10209746762142548
17422,0,0.18338821614870537
17423,0,0.30687443288025124
17424,0,0.27258582580202523
17425,0,0.21311689027199202
17426,0,0.24426924653383073
17427,0,0.20284575111961256
17428,0,0.45028563122825027
17429,1,0.917365154021267
17430,0,0.357901092709819
17431,0,0.29357434166976243
17432,0,0.4059546072092801
17433,1,0.7103725439620662
17434,0,0.15397837070824386
17435,0,0.2968910894778708
17436,0,0.3772523544836627
17437,0,0.18716022296855214
17438,0,0.32816717324197436
17439,0,0.6169157970028499
17440,0,0.12895693404723474
17441,0,0.5721729734886023
17442,0,0.40812673914539316
17443,0,0.8542516678625047
17444,0,0.270482824301158
17445,0,0.19030800756654917
17446,0,0.21368409100183872
17447,1,0.8638700397232058
17448,1,0.4748580887558269
17449,0,0.2899697193083942
17450,0,0.3443152705225657
17451,0,0.7220045680844888
17452,0,0.31507306709084876
17453,0,0.3461099306263361
17454,0,0.30088080531287587
17455,0,0.6386958126803379
17456,0,0.3947238462629104
17457,0,0.45668403429480187
17458,1,0.6460862048375136
17459,0,0.1578596645895574
17460,0,0.2678649439631497
17461,0,0.3416021452579852
17462,0,0.304196224466675
17463,1,0.7926313816730299
17464,0,0.3339931563237565
17465,0,0.10488282876823098
17466,0,0.4450649510329401
17467,0,0.17506984057989564
17468,0,0.4183893522073506
17469,0,0.1964319854852866
17470,0,0.2045604101960735
17471,0,0.2277767210267637
17472,0,0.28711216450519733
17473,1,0.3385066679246641
17474,1,0.49467080910818256
17475,0,0.39335498968189664
17476,0,0.36409961534273855
17477,1,0.81386877586837
17478,0,0.4880506748851458
17479,0,0.3131718327634198
17480,0,0.22731624611884135
17481,0,0.815087615911525
17482,0,0.29175205743697946
17483,1,0.5240965152103023
17484,0,0.36010971977411577
17485,0,0.21586617755859133
17486,0,0.5086690694668967
17487,0,0.11704363856656055
17488,0,0.1343028698206663
17489,1,0.6740457510510331
17490,0,0.2620896184792577
17491,0,0.17469290101000964
17492,1,0.710773366880704
17493,0,0.3113341650482833
17494,0,0.36517415921494
17495,0,0.664820910211358
17496,0,0.1885146320714714
17497,1,0.719519000539712
17498,0,0.18373268575652246
17499,0,0.2182548109372917
17500,0,0.16734467968015715
17501,0,0.4675763765618984
17502,0,0.26342921763978894
17503,0,0.12758296847573034
17504,0,0.351180165477747
17505,1,0.46418836025539784
17506,0,0.2280277087243065
17507,0,0.23356384023224336
17508,1,0.8634386430368589
17509,0,0.3560168716772518
17510,0,0.3145421838847379
17511,0,0.25776891720247874
17512,0,0.13515634992205705
17513,1,0.47323532675822577
17514,1,0.9073973028317518
17515,0,0.2207665434852138
17516,0,0.2740719249124804
17517,1,0.377077252797742
17518,0,0.37995547312589084
17519,0,0.27433175897741036
17520,0,0.1980673248793379
17521,0,0.4875755507255799
17522,1,0.5005836914874762
17523,0,0.3506596892243345
17524,0,0.27911925824269834
17525,0,0.37537684258752885
17526,0,0.7166966638823646
17527,0,0.37924083456270447
17528,0,0.13577621019446512
17529,1,0.9255555261215911
17530,1,0.35694700009264024
17531,0,0.1871360372503532
17532,1,0.6496725566612702
17533,0,0.5160485853475518
17534,0,0.3309855539737557
17535,0,0.25493694345152584
17536,0,0.18365010693627784
17537,0,0.37702335016636573
17538,0,0.2138214611041548
17539,1,0.8628206278318163
17540,0,0.30710906375110136
17541,1,0.7874121549817908
17542,0,0.7543337123946737
17543,0,0.15872971139530978
17544,0,0.7918479230334249
17545,0,0.2904990223146121
17546,0,0.19225037509695103
17547,0,0.34451594318023415
17548,0,0.40347469706781036
17549,0,0.08049398118600923
17550,1,0.37471958368287517
17551,0,0.4134683018242917
17552,0,0.8855211814828539
17553,0,0.19491188431987339
17554,0,0.6631248764462065
17555,0,0.4970970158531332
17556,0,0.5536263820147201
17557,1,0.8627841297303774
17558,0,0.22190188642717193
17559,1,0.8235742250082548
17560,0,0.5441322062729105
17561,0,0.07558718202322288
17562,1,0.3746567697869365
17563,0,0.17217636054737043
17564,1,0.4811123223086461
17565,0,0.31803794764704846
17566,0,0.25270393186541024
17567,0,0.07923943730734835
17568,0,0.2978755660451024
17569,0,0.15896147680585093
17570,0,0.3984854480544568
17571,1,0.4071004331294251
17572,0,0.5858549223151194
17573,1,0.30358547431369126
17574,0,0.237264808912839
17575,0,0.09808728292820383
17576,0,0.32173459672390026
17577,0,0.3226995269623237
17578,0,0.43101462015463554
17579,0,0.35002051261906153
17580,0,0.8517120791944305
17581,0,0.3858787656688101
17582,0,0.15792235576832975
17583,0,0.32597767258756905
17584,0,0.16781096910200016
17585,1,0.9282019658853511
17586,0,0.3046553965377865
17587,1,0.8150369398387276
17588,1,0.7183356114214879
17589,1,0.8129113818194313
17590,0,0.10868663219120486
17591,0,0.3314070587711606
17592,0,0.6894428364035657
17593,0,0.16435037283674647
17594,1,0.9299433474135735
17595,0,0.26083270688986754
17596,1,0.9116437808584503
17597,0,0.50994100205323
17598,0,0.22933236522024483
17599,1,0.6077188943187253
17600,0,0.2809780096414875
17601,0,0.3897804683360857
17602,0,0.2077163256837689
17603,0,0.23719072242693018
17604,0,0.14823572493658316
17605,1,0.5743573945727778
17606,0,0.3351972796361388
17607,0,0.30467179356805824
17608,1,0.3819134408122428
17609,0,0.27210437070631693
17610,0,0.1810078482653245
17611,0,0.37513613671644497
17612,0,0.3496358128947684
17613,0,0.8223479362662798
17614,0,0.3051654275263547
17615,0,0.30066731939362173
17616,1,0.5754765483111004
17617,1,0.7407335969815227
17618,0,0.22000344225860374
17619,0,0.6373033563113063
17620,1,0.31636976090998253
17621,0,0.2483282240859303
17622,0,0.6187229435792987
17623,0,0.42111142333434026
17624,0,0.22790799658088712
17625,0,0.15194869629922464
17626,0,0.7323881303727896
17627,1,0.7987666983566118
17628,1,0.291895077104861
17629,0,0.42288460907126363
17630,0,0.22860337618481233
17631,0,0.18553462740291643
17632,0,0.2790577555897882
17633,1,0.43172973922580277
17634,0,0.10912703171761129
17635,0,0.16669984450076733
17636,1,0.44811857397212745
17637,0,0.3807497268317154
17638,1,0.8953362103688053
17639,0,0.49325757967726
17640,0,0.2718259324730892
17641,0,0.18879482866848238
17642,1,0.8876346488960549
17643,0,0.26203178473460087
17644,0,0.1475497395895147
17645,1,0.4589840009541721
17646,0,0.26419176037015535
17647,0,0.2786840792671856
17648,0,0.47484912795932827
17649,1,0.4338378217373288
17650,0,0.5964876128234902
17651,0,0.3701593865413632
17652,0,0.30708673845229034
17653,0,0.16678043523663394
17654,0,0.2966647277501323
17655,0,0.2612125149348689
17656,1,0.7220063475538173
17657,1,0.26949885574322674
17658,1,0.8201161684935964
17659,1,0.399978436321039
17660,0,0.28797715118242234
17661,0,0.2954808822048085
17662,0,0.35151604940022985
17663,0,0.07625676951133907
17664,0,0.7745573692138383
17665,0,0.5018700719933364
17666,0,0.2511184105332445
17667,0,0.5388012389418729
17668,0,0.7986094393505917
17669,1,0.905776060121817
17670,0,0.3563887593183134
17671,0,0.07408154641142846
17672,0,0.35310710641154364
17673,0,0.6118917184326262
17674,0,0.25675115884808425
17675,0,0.4252304496848721
17676,0,0.21608407703935711
17677,0,0.4798984389242614
17678,0,0.3247187138367164
17679,0,0.2543187027091698
17680,0,0.2821545614706201
17681,0,0.29816940173848827
17682,1,0.7570891515166186
17683,1,0.6463276732323895
17684,0,0.40841530074274845
17685,0,0.8092452802026919
17686,1,0.40927709583784994
17687,0,0.05160616922259829
17688,0,0.16370135699703917
17689,1,0.7179978650752106
17690,0,0.2417276694780101
17691,1,0.4598929463195194
17692,0,0.28643312908260293
17693,0,0.705238687232231
17694,0,0.16841511840871815
17695,1,0.8105338441158133
17696,0,0.45232146877928286
17697,0,0.3407834720703712
17698,0,0.8240758620835515
17699,0,0.1258553988596487
17700,0,0.20598718222933712
17701,1,0.7711955459880384
17702,0,0.3085803804983335
17703,0,0.7266443683360587
17704,0,0.2670942169307735
17705,1,0.7912536176532953
17706,1,0.8784236718305967
17707,0,0.16506421840945928
17708,0,0.24096049983904355
17709,0,0.36932115432319335
17710,0,0.17238514425556303
17711,0,0.3656297093252594
17712,0,0.1935633704908363
17713,0,0.15329123899598027
17714,0,0.29715427669803063
17715,0,0.30389486780671043
17716,0,0.21948487249058682
17717,0,0.4314155204988188
17718,0,0.4449611811053935
17719,0,0.6197485911087263
17720,0,0.35632660046398956
17721,0,0.5415619838901454
17722,0,0.26438596250303115
17723,0,0.23129646239518525
17724,0,0.38700073331320617
17725,0,0.18090774427801304
17726,0,0.2676752785637186
17727,0,0.21397907523012896
17728,0,0.40990867098676026
17729,1,0.6767196652380864
17730,1,0.47813181389270804
17731,0,0.8268649330713891
17732,0,0.24235533126350192
17733,0,0.8384929867303499
17734,0,0.15457240347027792
17735,0,0.36302230000084923
17736,0,0.27528951000060964
17737,0,0.5685270673689866
17738,0,0.18658380118293366
17739,1,0.7301176970734999
17740,0,0.3721638348428652
17741,0,0.15148344278019005
17742,0,0.36822096693821244
17743,0,0.395766423016332
17744,1,0.44439545816658677
17745,0,0.6992668443441596
17746,1,0.5571675301760247
17747,0,0.28621072114030033
17748,0,0.18074174115830757
17749,0,0.1754834315811448
17750,0,0.18135864007255187
17751,0,0.2320586598007375
17752,1,0.4974856357977412
17753,0,0.25675298801265023
17754,0,0.49815996238836435
17755,0,0.41189914162929975
17756,0,0.4872795772037171
17757,1,0.40994871375427117
17758,0,0.3075875407092264
17759,1,0.35523195930569196
17760,0,0.37382192982562573
17761,0,0.3593832713467192
17762,0,0.25276424616997145
17763,0,0.2369834309610482
17764,0,0.18700886732753927
17765,0,0.30416656306834045
17766,0,0.27769989914306636
17767,1,0.48717029577411486
17768,0,0.37299026793072376
17769,0,0.1713209049951308
17770,1,0.6630942384458405
17771,1,0.5534922601835109
17772,0,0.13931036777098238
17773,0,0.10413171241463384
17774,1,0.8461279565755601
17775,1,0.4641922953794614
17776,0,0.07329396225770302
17777,1,0.6535441781837937
17778,1,0.7859083481646941
17779,0,0.31874796262625493
17780,0,0.2970833640396461
17781,0,0.576750836970457
17782,0,0.37377879422155547
17783,1,0.6279517298112541
17784,0,0.6453345064676651
17785,0,0.18237084995793162
17786,0,0.46022280180879427
17787,0,0.6878629661519389
17788,0,0.7802807638094055
17789,0,0.2647634245135777
17790,0,0.23975172975138875
17791,0,0.12797098749137142
17792,0,0.3510871354182039
17793,0,0.19980897251653304
17794,1,0.87009827181167
17795,1,0.43437969369073703
17796,0,0.6909371020340791
17797,0,0.21757033309078136
17798,0,0.28194882498817486
17799,0,0.6300403715837744
17800,0,0.8176674893739979
17801,1,0.3948472288579712
17802,0,0.3395610289996991
17803,0,0.09906634224387804
17804,0,0.17261863910751626
17805,1,0.8425498306854284
17806,1,0.684464134935245
17807,1,0.8464932613371309
17808,0,0.4131642280190793
17809,0,0.24511945494138349
17810,1,0.4136794999038639
17811,0,0.5270871903161634
17812,0,0.09195015819506089
17813,0,0.5121240969845613
17814,0,0.42094340779422373
17815,1,0.8581758845451809
17816,1,0.4718676602346268
17817,0,0.6713880989104556
17818,0,0.5550482302445812
17819,0,0.5483730407693542
17820,0,0.37785733495874796
17821,0,0.19304295004207797
17822,0,0.844683375258159
17823,1,0.8513665936242173
17824,0,0.3707148882778973
17825,0,0.6730706856793393
17826,0,0.15608071195586126
17827,0,0.2876957340685073
17828,0,0.3465822916160573
17829,0,0.18204937001021704
17830,0,0.47262513519531507
17831,0,0.32138237684220394
17832,0,0.28041353404997954
17833,1,0.4424836125876853
17834,1,0.3334289757502667
17835,0,0.22107485721375342
17836,0,0.15456302332869076
17837,0,0.6978207709051045
17838,0,0.21186180535655955
17839,0,0.33025576118638633
17840,1,0.6140462511942971
17841,1,0.8154550693389383
17842,0,0.1721296292040122
17843,0,0.13587983939123222
17844,0,0.6103505871791086
17845,0,0.07395508546000058
17846,0,0.259720498706189
17847,0,0.3080038459617582
17848,1,0.36366276408268905
17849,0,0.23150495155465603
17850,0,0.32496674984656865
17851,0,0.13473089327858928
17852,0,0.14537007388917855
17853,0,0.7038174604794846
17854,0,0.1794775668069689
17855,0,0.2607280244123132
17856,0,0.3585925198984055
17857,0,0.3653534947954954
17858,0,0.24720086418318366
17859,0,0.29264447684106804
17860,1,0.41516716801162784
17861,0,0.3521535865916372
17862,0,0.36028114321658855
17863,0,0.22260616380456072
17864,0,0.29183116136912046
17865,0,0.28223185242078086
17866,0,0.12570351786002765
17867,0,0.46242702979350797
17868,1,0.7944349305325544
17869,1,0.4905550906363182
17870,0,0.5596455756859023
17871,1,0.3605435444653517
17872,0,0.4323960471632942
17873,0,0.09842278990100545
17874,0,0.14972882606726032
17875,0,0.4402310058867661
17876,0,0.12573646029832983
17877,1,0.4829169666105062
17878,0,0.13020586581327712
17879,0,0.2902797520664978
17880,1,0.807296025903345
17881,0,0.15883967342329985
17882,0,0.5000053590815683
17883,0,0.4159067128630333
17884,1,0.8562005759354318
17885,1,0.9279502224808956
17886,0,0.0977578904154564
17887,0,0.40477588580808016
17888,1,0.8097081633519706
17889,0,0.29408566052923607
17890,0,0.21829990874494115
17891,0,0.26279267516310134
17892,0,0.4242489916040783
17893,0,0.20816398608413397
17894,0,0.7248906419040864
17895,0,0.342898669439646
17896,0,0.19566042910749673
17897,0,0.5012394529418291
17898,1,0.8959597271453071
17899,0,0.3538931779019135
17900,0,0.21216576441785842
17901,1,0.3773491212446146
17902,0,0.22242952793700746
17903,0,0.7178109823600454
17904,0,0.1958269013133261
17905,0,0.7873095948982025
17906,0,0.38944065096621133
17907,0,0.49034831582865385
17908,1,0.8720691050653976
17909,0,0.2402524342187064
17910,0,0.696758286529406
17911,0,0.6561365643842607
17912,0,0.0940878018743241
17913,0,0.4507052466013983
17914,0,0.21719417063464683
17915,1,0.915470777178948
17916,0,0.3754994604302959
17917,0,0.31985179708377326
17918,0,0.7112029457243151
17919,1,0.47463937035577997
17920,0,0.30858736965255557
17921,0,0.27807469811086166
17922,0,0.3284935521533865
17923,0,0.32364526404229804
17924,0,0.7257879095545147
17925,1,0.2192428946771232
17926,1,0.7829935235502903
17927,0,0.1383743516481924
17928,0,0.29802722380314056
17929,0,0.55512702929223
17930,0,0.20125691224029485
17931,1,0.4606288672118047
17932,0,0.2838597441580493
17933,0,0.2331279047467379
17934,0,0.5984087802288138
17935,0,0.42106922357871374
17936,0,0.4956087939105769
17937,0,0.19396320165998496
17938,0,0.25293294306525843
17939,0,0.3361202125764787
17940,0,0.3463275752300351
17941,1,0.4938509951664111
17942,0,0.2484193417976362
17943,0,0.09907819613594933
17944,0,0.7678166666235117
17945,0,0.33909236730620046
17946,1,0.45942722927659524
17947,0,0.10281998460259018
17948,0,0.40724842638332964
17949,0,0.20207227411355622
17950,0,0.3889055372653364
17951,0,0.40036170600270926
17952,0,0.34256551424215154
17953,0,0.10653890386808686
17954,1,0.2445553380944311
17955,0,0.337669520643225
17956,0,0.3958705970910878
17957,0,0.22434143767857223
17958,0,0.19729336119483581
17959,1,0.34978433936067327
17960,0,0.4594040046342249
17961,0,0.18128779202596312
17962,0,0.36711640218182445
17963,0,0.5876717498005871
17964,1,0.6937381430038185
17965,0,0.21316616678414416
17966,0,0.6653362247399224
17967,1,0.6055689640026857
17968,0,0.30809140680727926
17969,1,0.6949085036073466
17970,0,0.37305222585397174
17971,0,0.3234657771840269
17972,0,0.5050432785823487
17973,1,0.8715708442308824
17974,1,0.8235940760449211
17975,1,0.8516233087755549
17976,0,0.1524016879064231
17977,0,0.41887760486665976
17978,0,0.46188809535694325
17979,0,0.15509463550150726
17980,0,0.44211796942302245
17981,1,0.4702978914506908
17982,0,0.5378886293261287
17983,0,0.7999878982098215
17984,0,0.3044632869221888
17985,0,0.3368322848172678
17986,0,0.2500624006583016
17987,1,0.8682474112210343
17988,0,0.7450354184871456
17989,0,0.2966936987969266
17990,0,0.3790594317133057
17991,0,0.4048064162542424
17992,0,0.5027651517019855
17993,0,0.3197785073079793
17994,1,0.3490036295231247
17995,1,0.8477248103395205
17996,0,0.39061651380166656
17997,1,0.572545848548555
17998,0,0.18762588024936833
17999,1,0.9045676303542556
18000,0,0.16333063981617485
18001,0,0.7995342699715571
18002,0,0.3120951962932839
18003,1,0.2990356412439288
18004,0,0.41175868847539016
18005,0,0.28122277594972556
18006,0,0.3403656580890946
18007,0,0.6328337268175506
18008,1,0.3267470827618099
18009,0,0.38027377283955544
18010,0,0.40588341858484084
18011,0,0.38092185256463645
18012,1,0.690644589807401
18013,0,0.4029840512509728
18014,0,0.19669737663926198
18015,0,0.2888992978926061
18016,0,0.2833399108222401
18017,1,0.47008925260895806
18018,0,0.20335323979344821
18019,0,0.22126962490315794
18020,0,0.13275686412640814
18021,1,0.829137597104536
18022,0,0.25846216495316876
18023,1,0.8123566178075221
18024,0,0.37665857749046344
18025,0,0.30668650115408275
18026,0,0.23566158724939792
18027,0,0.37226586368713305
18028,1,0.24942950121062407
18029,0,0.16524732091053124
18030,0,0.16974310505465995
18031,0,0.38711226961857853
18032,0,0.16286278513904393
18033,0,0.2371493840254962
18034,0,0.46693465811622253
18035,0,0.2858728733157736
18036,0,0.2990880660879793
18037,0,0.8083436802437679
18038,0,0.33467510084675917
18039,0,0.36224431741710894
18040,0,0.27304878522215914
18041,1,0.4444291160091677
18042,0,0.6696783304590261
18043,1,0.8708220284541168
18044,1,0.8941419867341037
18045,0,0.30012480365654015
18046,0,0.24466058826393838
18047,0,0.21233544658729794
18048,0,0.37873203563071434
18049,0,0.2306756750928636
18050,0,0.579377004983521
18051,0,0.40646512775143717
18052,0,0.188571687644281
18053,0,0.3077852225366101
18054,0,0.252989339810368
18055,0,0.12849204467256825
18056,1,0.8478668419223329
18057,0,0.6950809025194172
18058,1,0.790552419444412
18059,0,0.10735720754128676
18060,0,0.5552020872723066
18061,0,0.5615555037434743
18062,0,0.17003472883729462
18063,1,0.8215918010869362
18064,0,0.7131599784890205
18065,1,0.8918564384390965
18066,0,0.3105529009611075
18067,0,0.338118594173218
18068,0,0.5552482899232699
18069,0,0.3638557658574603
18070,0,0.3532123607963051
18071,0,0.30517969772407527
18072,0,0.2558510471649989
18073,0,0.2586853377605561
18074,0,0.21949608352888197
18075,0,0.25998451445766596
18076,0,0.32193822267948974
18077,0,0.15741532408531655
18078,0,0.27330460114441096
18079,0,0.2715989561315583
18080,0,0.2456978246229621
18081,0,0.7153389926295399
18082,0,0.3338295971772978
18083,1,0.36135133537325165
18084,0,0.4234243811086465
18085,1,0.47905161657941453
18086,1,0.5579505300957611
18087,0,0.09712800818717668
18088,0,0.4432533416191997
18089,0,0.5222755812951928
18090,0,0.4862266485585065
18091,0,0.1788275581115466
18092,0,0.27651117384865787
18093,0,0.18254536816514771
18094,0,0.11779204594460299
18095,0,0.11624057686477497
18096,0,0.3964615393398543
18097,0,0.304321063474552
18098,0,0.21673595514594143
18099,1,0.7369499695220726
18100,0,0.38903864696718193
18101,0,0.16987237523929619
18102,1,0.8752292493748947
18103,0,0.2545542003110057
18104,0,0.21375324287576908
18105,0,0.3633546507911074
18106,0,0.22359481495590539
18107,0,0.32881541723949914
18108,0,0.11353831964507927
18109,0,0.4268939207082309
18110,0,0.32412751416278307
18111,0,0.1441554159947084
18112,0,0.3275113273196266
18113,1,0.4731588228438509
18114,1,0.804612461138451
18115,1,0.342811268930177
18116,0,0.6145936981871393
18117,0,0.30845350573557484
18118,0,0.3980404220426038
18119,0,0.24726893981062317
18120,1,0.8474803884128574
18121,1,0.6693269988316406
18122,1,0.44942235326949764
18123,0,0.12170825179725922
18124,0,0.5387001578723708
18125,0,0.41608729401415345
18126,1,0.6698867106200456
18127,1,0.8650701305503045
18128,0,0.43093458927389755
18129,1,0.5718638564732373
18130,0,0.3389775288383927
18131,1,0.5158372812593692
18132,0,0.3090911933730877
18133,0,0.6867010899059813
18134,0,0.41725905407058517
18135,0,0.10459417638746232
18136,0,0.23682083803726683
18137,0,0.4905266429773096
18138,0,0.24171402693488248
18139,0,0.6107391984901615
18140,0,0.5799682952522488
18141,0,0.132100998710927
18142,0,0.21346801061419188
18143,0,0.3251578540751456
18144,0,0.6962151665169313
18145,1,0.5946594806776797
18146,0,0.7718549189262758
18147,0,0.11608097002383659
18148,1,0.7164343781230681
18149,0,0.13452696360291927
18150,0,0.6772384446832166
18151,0,0.3460845982034401
18152,1,0.21534815372837482
18153,0,0.0905963314884659
18154,0,0.29718240812715696
18155,0,0.36654921949400543
18156,0,0.2515750780494943
18157,0,0.8192044088998854
18158,0,0.6795116674641687
18159,0,0.7006763854750657
18160,0,0.3156247282363747
18161,1,0.8559932448981327
18162,0,0.27061025664818084
18163,0,0.8109525639621238
18164,0,0.39779243780123996
18165,1,0.8175332426889014
18166,0,0.2596009970182968
18167,0,0.06801519769922659
18168,1,0.5262821044698905
18169,0,0.27681307630127405
18170,0,0.6192426422373657
18171,0,0.6524681694794681
18172,0,0.4237284042477238
18173,0,0.17101384573891232
18174,1,0.329569979560475
18175,0,0.2246664251454825
18176,0,0.3946519926768829
18177,0,0.8395869217139856
18178,0,0.23636264530510978
18179,1,0.47816249168115454
18180,0,0.4091087890717708
18181,0,0.12060974266782118
18182,0,0.1971135984099816
18183,0,0.22101476157634548
18184,1,0.736714183857751
18185,0,0.3135446814738926
18186,0,0.26478080588520325
18187,1,0.5382058667187121
18188,1,0.8548133463584293
18189,1,0.36291699651664144
18190,0,0.504363689412956
18191,1,0.8729714926403269
18192,1,0.9162306155316823
18193,0,0.2902589607138143
18194,0,0.3183838436822095
18195,0,0.4710865288503303
18196,0,0.3068350442071074
18197,0,0.7726829013489298
18198,0,0.4664264558191483
18199,0,0.2508583356302839
18200,0,0.2861671978625343
18201,0,0.25215364983253424
18202,1,0.5060190109897428
18203,0,0.380071681569196
18204,0,0.14355473485415904
18205,0,0.2816753335687987
18206,1,0.9122034201349112
18207,0,0.31472850461388846
18208,0,0.33698007768087235
18209,0,0.46939949772520756
18210,0,0.22589831022576023
18211,0,0.1127067405513357
18212,0,0.21258281748739502
18213,0,0.44608292660677634
18214,0,0.060294236433772304
18215,1,0.8028361954925565
18216,0,0.42665093736519644
18217,1,0.28331550060374644
18218,0,0.44024382341648827
18219,0,0.6883862199297645
18220,1,0.7523307447269009
18221,0,0.36891539315863464
18222,0,0.20832245185260906
18223,1,0.5892226266859921
18224,0,0.17785123594873473
18225,0,0.3877369301301012
18226,0,0.4997254089459067
18227,0,0.4308772210916672
18228,0,0.33656793842119326
18229,0,0.41762325991205435
18230,1,0.6335467060665151
18231,1,0.37638620992791766
18232,0,0.7222047262603355
18233,0,0.41081712006342186
18234,1,0.8382502347576297
18235,0,0.250343916757633
18236,1,0.7898988121412585
18237,0,0.370114923264002
18238,0,0.35423688095358796
18239,0,0.29023171663162467
18240,0,0.1626072401516728
18241,0,0.22180564429740343
18242,1,0.5916898550575486
18243,0,0.7237649942972837
18244,0,0.3251207634063889
18245,0,0.1770568108402288
18246,0,0.4887673601668907
18247,0,0.4926887125215832
18248,0,0.5213012450876214
18249,0,0.27262891686472
18250,1,0.5314759832312365
18251,0,0.33143939790664545
18252,0,0.6780547615553956
18253,0,0.2001421597165406
18254,1,0.4558605850790709
18255,0,0.234502100859807
18256,0,0.3757471490384988
18257,0,0.386186662783854
18258,0,0.22942004776199684
18259,0,0.27501657493473347
18260,0,0.5009099478688079
18261,0,0.3265487981907784
18262,0,0.6917156765376175
18263,0,0.47459897892414515
18264,1,0.8290740959336129
18265,1,0.595033186146216
18266,1,0.3141958840602192
18267,0,0.6224473842890428
18268,0,0.5090448962423935
18269,0,0.3131521515320506
18270,0,0.31227209608536705
18271,1,0.4210847713032191
18272,0,0.2353663051165825
18273,0,0.5453669761326393
18274,1,0.7825133563790827
18275,1,0.6193251989157063
18276,0,0.5496322479431739
18277,0,0.7810288003292676
18278,0,0.28740222821095296
18279,0,0.24778075572163932
18280,0,0.4222566832513899
18281,0,0.3848724974503539
18282,0,0.2259204456912536
18283,0,0.2971403432722532
18284,0,0.2352630474911525
18285,1,0.4528746100489296
18286,0,0.32958928642666957
18287,1,0.2549155645744278
18288,1,0.37407292505320733
18289,0,0.8282303969801994
18290,0,0.5203077175808695
18291,0,0.7525705478743603
18292,1,0.9325922598652657
18293,0,0.16631023344590115
18294,0,0.30976785374114635
18295,1,0.8549387347350997
18296,0,0.24288458952369965
18297,0,0.3256015575543046
18298,0,0.15953581773606737
18299,1,0.36115604336168716
18300,0,0.5199048422846309
18301,0,0.2029145645437608
18302,0,0.37102759723709305
18303,1,0.5927238307670182
18304,0,0.17819292564046615
18305,0,0.2643516300335765
18306,1,0.9130720751639677
18307,0,0.34863950514655867
18308,0,0.6488500800976054
18309,1,0.9608448848031269
18310,1,0.8543561947098532
18311,1,0.5338756043286009
18312,0,0.31772282856260425
18313,0,0.3059439923231119
18314,0,0.69426491788886
18315,1,0.8018733722878507
18316,0,0.37120958539339854
18317,0,0.5531686438437898
18318,0,0.5059762478236212
18319,1,0.4830892494942116
18320,0,0.6063365881397538
18321,0,0.2710000122952641
18322,0,0.2740932510370195
18323,0,0.32360532166433276
18324,0,0.2999414418162456
18325,0,0.8273034218528159
18326,0,0.45776643570883024
18327,0,0.17367472429642217
18328,0,0.2309775723491981
18329,0,0.13514145920344425
18330,0,0.22322955912242307
18331,0,0.25309821763315177
18332,0,0.34289738442593953
18333,1,0.3324365771739722
18334,0,0.24387837865459466
18335,0,0.10593404295318233
18336,0,0.37889843427847775
18337,0,0.47400032552104515
18338,0,0.37326998773391745
18339,0,0.2503348172387821
18340,1,0.43044427398688867
18341,0,0.4510332905267077
18342,0,0.5383395793698603
18343,1,0.498690820755909
18344,0,0.31793871132361423
18345,1,0.5947029966788713
18346,0,0.17835741126069393
18347,0,0.3548082539354996
18348,1,0.4217801975275847
18349,0,0.07892057756125974
18350,0,0.3635124132406649
18351,0,0.4043864044867825
18352,0,0.13086754418269736
18353,0,0.08109656228582733
18354,1,0.8554757022618922
18355,0,0.15120506370510176
18356,0,0.36707116557531494
18357,0,0.3004931927364765
18358,0,0.14106144953346653
18359,0,0.28093589523903906
18360,0,0.17271476942553568
18361,0,0.3702602169061106
18362,0,0.262645478598121
18363,0,0.17931022156215945
18364,0,0.2583095764447464
18365,1,0.3141903427260883
18366,0,0.2830371615177464
18367,0,0.5161924595046464
18368,0,0.11708296161177538
18369,1,0.375002131538925
18370,1,0.8124049880735537
18371,0,0.46117556847319513
18372,1,0.889209717678312
18373,0,0.29817431714096093
18374,1,0.632109677729715
18375,0,0.32102613202564917
18376,1,0.3766976117932942
18377,0,0.16564026914456062
18378,0,0.27559947854137923
18379,1,0.7885034503035144
18380,0,0.6787560900082751
18381,0,0.27300414560587766
18382,0,0.25882029467031176
18383,1,0.838744587337932
18384,0,0.26953800466534594
18385,0,0.30169404985344384
18386,1,0.7596407080050587
18387,1,0.5513966819928329
18388,0,0.46441358284763423
18389,0,0.27792541535390414
18390,0,0.34462802752149896
18391,0,0.33386304818798634
18392,0,0.5718337139588425
18393,0,0.21676454631498449
18394,0,0.45418144750931205
18395,0,0.15148915869692442
18396,0,0.0856588052679666
18397,0,0.8836598265677835
18398,0,0.14513821136242708
18399,0,0.9126034165729037
18400,0,0.24823882188442828
18401,0,0.2977829646609075
18402,0,0.4107186489945802
18403,0,0.2235844507704751
18404,0,0.5403861974623222
18405,0,0.6499607404506204
18406,1,0.5572066857959093
18407,0,0.3287055658461786
18408,0,0.25846952761782066
18409,0,0.22716754836089784
18410,1,0.4811972628877483
18411,0,0.08964171019124045
18412,0,0.6550114643755361
18413,0,0.31920864870381366
18414,1,0.617368387244628
18415,0,0.6675910721121171
18416,0,0.0960123103630994
18417,0,0.2171379038628093
18418,0,0.41336802571803405
18419,0,0.5019244994535416
18420,0,0.4095060160083295
18421,0,0.1590102951666304
18422,0,0.4114340349168542
18423,0,0.1777071289746633
18424,0,0.6324750537660655
18425,1,0.7792421550964549
18426,0,0.37890714298276257
18427,0,0.7797871995307962
18428,0,0.4504156257008872
18429,1,0.4535991935289732
18430,0,0.1702023188458556
18431,0,0.3006364029114599
18432,1,0.8233714775341775
18433,0,0.22210329730270073
18434,0,0.2871158227853873
18435,0,0.4119527705309083
18436,0,0.22106741722358084
18437,0,0.26141452335184845
18438,0,0.06447513341059433
18439,1,0.881961586935287
18440,0,0.2890698426999395
18441,0,0.24362383167398513
18442,0,0.369163478678261
18443,1,0.5453824037155381
18444,0,0.2139549013577078
18445,0,0.3352201549853423
18446,0,0.14539355669405693
18447,0,0.606489738692302
18448,0,0.192052975937109
18449,0,0.3583792010898439
18450,1,0.8561679586628336
18451,0,0.28211701561165275
18452,0,0.38661559382795213
18453,0,0.2841172426489573
18454,1,0.57258505255941
18455,0,0.08936907322736326
18456,1,0.6331148842363272
18457,0,0.6532176487366389
18458,0,0.6899279146929242
18459,1,0.8164387686113332
18460,0,0.1946558218945498
18461,0,0.28204907131862966
18462,0,0.4671523335039247
18463,0,0.5235616261482602
18464,0,0.41886323249620994
18465,1,0.4369712972014853
18466,1,0.8737681299196506
18467,0,0.5096286254782608
18468,0,0.6135300659608509
18469,1,0.7010204765394461
18470,0,0.15113095189884965
18471,0,0.2808363202990511
18472,0,0.2100444180176464
18473,0,0.14160679135399143
18474,1,0.4066339619031203
18475,0,0.24177469817670325
18476,0,0.3104152592452328
18477,0,0.26249225865488474
18478,1,0.5094765616841201
18479,0,0.46540293229428237
18480,0,0.331439421427236
18481,0,0.2533225656092925
18482,1,0.44239657845263103
18483,0,0.35165460823437966
18484,0,0.1362404219826128
18485,0,0.20932884359203988
18486,0,0.2419695037532704
18487,0,0.2882132562071867
18488,1,0.663666545152128
18489,0,0.7798883956138387
18490,0,0.3345083124621632
18491,0,0.5519180954854548
18492,0,0.3265306434054721
18493,0,0.32859751548401506
18494,1,0.6952875489306501
18495,0,0.2366976330893541
18496,1,0.9398423933936506
18497,1,0.4373891356784756
18498,0,0.26937583437730245
18499,1,0.41062074921641084
18500,0,0.2633585458289068
18501,0,0.20389529404552675
18502,0,0.5606403510953697
18503,0,0.3330037293996779
18504,0,0.46367446177787913
18505,1,0.4747173672781348
18506,0,0.14042847387396676
18507,0,0.30999221603681
18508,0,0.5387155405788333
18509,0,0.4992903207376076
18510,0,0.23983227532832607
18511,0,0.3295863895768093
18512,0,0.2760482146171607
18513,0,0.6645661166319882
18514,0,0.13514714439162628
18515,0,0.8221546826005732
18516,1,0.8193518031621353
18517,0,0.2186979627712336
18518,0,0.15056453468226277
18519,0,0.31605728619643614
18520,0,0.2921610513873856
18521,0,0.20388545395454788
18522,1,0.8530357243668334
18523,1,0.41085304709283277
18524,0,0.228594474263487
18525,0,0.34686153380357326
18526,1,0.9202671113935165
18527,0,0.3518165485018235
18528,0,0.34456886996022285
18529,0,0.5915904066113338
18530,1,0.8943365220047629
18531,0,0.22206900894334844
18532,0,0.3323452282811958
18533,0,0.1434843600835049
18534,0,0.32532346207241924
18535,0,0.3012229328532333
18536,0,0.3722051240636197
18537,0,0.44416118755343326
18538,0,0.1589623414453919
18539,1,0.7031726700565121
18540,0,0.3130248932862629
18541,0,0.12114679512853249
18542,1,0.5492259687823471
18543,0,0.17490383375704144
18544,0,0.43684431426039155
18545,0,0.668193366137764
18546,1,0.38230991359487
18547,0,0.38053225861510215
18548,0,0.2979394150123093
18549,0,0.20950024040952325
18550,0,0.143921159995715
18551,0,0.18027699207247205
18552,0,0.2358882427392334
18553,1,0.7192123758505037
18554,0,0.26840328060158264
18555,1,0.9007156029036919
18556,0,0.1451736024502404
18557,1,0.48904835015848774
18558,0,0.4666498965351551
18559,0,0.23543809262042267
18560,0,0.19269496835384953
18561,0,0.49037280572506625
18562,1,0.8618543977784603
18563,0,0.2748863829611283
18564,0,0.2174882763075062
18565,1,0.6344208447013155
18566,0,0.2754798814041506
18567,0,0.20093982703984944
18568,0,0.3595292900520717
18569,1,0.3662596708714149
18570,0,0.183348876022489
18571,0,0.489471572335548
18572,1,0.8096173053608237
18573,0,0.5600058126120042
18574,1,0.913197047924439
18575,0,0.1199600779417029
18576,0,0.08507560456371524
18577,0,0.3075414479957282
18578,0,0.2455052273167145
18579,0,0.17776170626080576
18580,1,0.3972475114278714
18581,0,0.3691391947881587
18582,0,0.3152552941728143
18583,1,0.3256630676823161
18584,0,0.4447187498771207
18585,0,0.1311753655157812
18586,1,0.8908868017861968
18587,0,0.24867422737211664
18588,0,0.1842567015731205
18589,1,0.7334877662887683
18590,0,0.6365121242198787
18591,1,0.45753336276722884
18592,0,0.3307871970345635
18593,0,0.3373047962793548
18594,0,0.4108744204859191
18595,0,0.4248632553391709
18596,1,0.8514188377315846
18597,1,0.7375202056845819
18598,0,0.4697841370924809
18599,0,0.3994948239259937
18600,1,0.6377628340826592
18601,0,0.5131791233434762
18602,0,0.11299933939490099
18603,0,0.2978967524925975
18604,0,0.2807236181659275
18605,0,0.27531225273338544
18606,0,0.4507782696059825
18607,0,0.3938637530667099
18608,0,0.21000942729209843
18609,1,0.8976243522911003
18610,1,0.3336295192842502
18611,0,0.21510265415496543
18612,0,0.29433478437490795
18613,0,0.20807043899940086
18614,0,0.31655718847665476
18615,1,0.48197552608039806
18616,1,0.364111999050755
18617,0,0.3005556738462882
18618,0,0.38016400324786465
18619,1,0.37973813358195335
18620,0,0.7936777212346964
18621,1,0.582961666554364
18622,1,0.5308621771178371
18623,0,0.1744140351020021
18624,0,0.25982105572626063
18625,0,0.09858470384901828
18626,0,0.29684271287241
18627,1,0.37212493174442657
18628,0,0.09122466664908827
18629,0,0.36575233506066995
18630,0,0.08687674419149591
18631,1,0.25037032650225494
18632,0,0.35636991920634786
18633,0,0.3791424100041447
18634,0,0.4402767858029409
18635,0,0.12134595414808606
18636,0,0.7281093009262912
18637,0,0.10183239351276509
18638,0,0.14200748223497509
18639,0,0.6428418800406578
18640,1,0.8464949909334656
18641,1,0.699725941846713
18642,0,0.2495172665650312
18643,0,0.21972847607566937
18644,1,0.8650518591338181
18645,0,0.31003080501988634
18646,1,0.8592292565217907
18647,1,0.9113791944606031
18648,0,0.15800475607090553
18649,1,0.3725869800308196
18650,0,0.3395174482077566
18651,0,0.29382283600192083
18652,0,0.32693697121423726
18653,0,0.6782628099239234
18654,0,0.3810725804358146
18655,0,0.31799669058608526
18656,0,0.7421397946065731
18657,0,0.41620465261579653
18658,1,0.8005917116284877
18659,0,0.3971980506141133
18660,1,0.8605828193319023
18661,1,0.47182063419649123
18662,0,0.4827211693047506
18663,0,0.3250918246258869
18664,0,0.7239702118710885
18665,0,0.13232434797821674
18666,0,0.30925967684821204
18667,0,0.48700277395488045
18668,0,0.2443728698115201
18669,0,0.29933421423175116
18670,1,0.7302396306398158
18671,0,0.27380046148163706
18672,0,0.07779830049451647
18673,0,0.30296401407328305
18674,1,0.7506658752930306
18675,0,0.5786078056756954
18676,0,0.3808006295983899
18677,0,0.23735473528586348
18678,0,0.6652240667122576
18679,1,0.843878086527038
18680,0,0.3930414336891584
18681,1,0.9175011534833521
18682,0,0.29129193708896073
18683,0,0.26973924395559373
18684,0,0.4682415604393448
18685,1,0.8465377374426333
18686,0,0.3738091460921331
18687,0,0.10134388923256456
18688,0,0.8199690990726423
18689,1,0.8268806937229146
18690,0,0.7494000261165016
18691,0,0.06136243227255205
18692,0,0.2446080130465704
18693,0,0.4035517873370935
18694,0,0.7069469230947447
18695,0,0.44621222813752337
18696,0,0.21465502437926268
18697,1,0.8013962764425377
18698,0,0.30580763705249364
18699,0,0.722196706771546
18700,1,0.9000333869344037
18701,0,0.1242588988267295
18702,0,0.3842034986723917
18703,0,0.7778469056587468
18704,1,0.6745968698709213
18705,1,0.8853259525982972
18706,0,0.31763383026489383
18707,0,0.11399140190094792
18708,0,0.25168854963593373
18709,0,0.23358455956335142
18710,0,0.14884166994937542
18711,0,0.1588959251507004
18712,0,0.3701426399615695
18713,0,0.770666528904997
18714,1,0.9305760413048518
18715,0,0.3403412215955654
18716,0,0.14445384808284056
18717,0,0.7486125859433648
18718,0,0.2230552596478086
18719,0,0.3603682208688508
18720,0,0.15003536187381403
18721,0,0.1561985967032525
18722,0,0.2985097117531294
18723,0,0.1929431869748913
18724,0,0.21348051603558243
18725,0,0.28613418996810824
18726,1,0.7843149990682068
18727,0,0.316706561006576
18728,0,0.4092307799471043
18729,0,0.27583100403514715
18730,0,0.2233640485118032
18731,0,0.41590254807522603
18732,0,0.6588201843765508
18733,0,0.3413353321258753
18734,0,0.27646808867059386
18735,0,0.20774339934720445
18736,1,0.6003405243567852
18737,0,0.19687764405369682
18738,1,0.674881737013302
18739,0,0.13151998075260357
18740,0,0.21188826068836042
18741,0,0.2049100463710432
18742,0,0.2478730712948494
18743,0,0.22774143599194183
18744,0,0.2015500904595357
18745,0,0.2565147263142208
18746,1,0.7676359392113555
18747,0,0.052612273857964166
18748,0,0.34661313201325394
18749,1,0.8304159678837035
18750,1,0.6936529325455628
18751,0,0.4114643132774238
18752,0,0.34933493775750535
18753,0,0.14909104843418983
18754,1,0.4014274066474099
18755,0,0.18921522911262198
18756,0,0.23393214516482616
18757,0,0.31288178363497404
18758,0,0.1288067306288327
18759,0,0.30627304418127743
18760,0,0.4631563924491715
18761,0,0.5191759950632089
18762,1,0.4753905805588204
18763,1,0.7298309424191233
18764,0,0.23399781441220782
18765,0,0.3782810157377283
18766,1,0.8235020552234654
18767,0,0.6957252510800164
18768,0,0.26423621763930044
18769,0,0.2480544848642524
18770,0,0.33874998080904517
18771,0,0.40502055732181225
18772,1,0.3717170747173485
18773,0,0.25500990108181104
18774,0,0.29579562024293504
18775,1,0.3937257576176601
18776,0,0.6141595384786898
18777,0,0.3155700695338895
18778,0,0.1657145887984066
18779,0,0.21292730152949826
18780,0,0.40065691010402715
18781,0,0.21187907163810846
18782,0,0.27673527523401203
18783,0,0.6335555324948313
18784,0,0.4371414030490364
18785,1,0.8837928520001848
18786,0,0.2702997876312615
18787,1,0.4574285104020028
18788,0,0.3096668308780064
18789,0,0.640245904130194
18790,0,0.26573865178323236
18791,0,0.31210955274442403
18792,0,0.35556110003827107
18793,0,0.44794947231445303
18794,1,0.48240088729749947
18795,0,0.21892443563744685
18796,1,0.4530177486447027
18797,1,0.3932336179831642
18798,0,0.8111727854756281
18799,0,0.2754315836000978
18800,0,0.35792017155998246
18801,1,0.39667010008964554
18802,1,0.3738753610509146
18803,0,0.24778317036533537
18804,0,0.16555645799606203
18805,0,0.6881766896327123
18806,0,0.386854501832631
18807,0,0.6611053435337563
18808,1,0.2546128882355111
18809,1,0.2616438621920673
18810,1,0.4095663546460028
18811,0,0.37227792462205017
18812,1,0.4309114180635353
18813,0,0.3746814846355971
18814,1,0.6158918248253605
18815,0,0.2239848804846391
18816,1,0.8579240307171427
18817,0,0.7159296356347806
18818,1,0.8238071543563596
18819,1,0.5975445610624543
18820,0,0.3593340072183839
18821,0,0.1893888662546458
18822,0,0.16828624216171612
18823,0,0.33600668421837754
18824,0,0.7288232058941019
18825,0,0.3823244495904449
18826,1,0.8082865447124924
18827,0,0.2663769158864322
18828,0,0.1979187510563955
18829,1,0.8344214004859758
18830,1,0.7674342387370026
18831,0,0.209187774157853
18832,0,0.4157590226230362
18833,0,0.1475228111203109
18834,0,0.749379556053107
18835,0,0.2437163617315453
18836,0,0.20061541780966985
18837,1,0.5794049947931096
18838,1,0.43362557679409774
18839,0,0.4445984677578658
18840,0,0.1860193623450768
18841,0,0.6870961983735103
18842,1,0.8585459379178897
18843,0,0.3433926761993478
18844,0,0.21327591487286046
18845,0,0.36795521741594284
18846,1,0.3903890804629174
18847,1,0.46349420039237704
18848,0,0.5452287228024948
18849,0,0.22845299378907988
18850,0,0.10538944404690662
18851,0,0.2946806486799333
18852,0,0.21036603658131242
18853,0,0.2564147956972287
18854,0,0.1952821921159941
18855,0,0.3367090803406474
18856,1,0.7382779687760869
18857,0,0.2697920775364352
18858,0,0.45132828552490695
18859,0,0.1310304849981648
18860,0,0.14596751496102384
18861,0,0.2784205867456844
18862,0,0.4967344671674501
18863,0,0.2274320085363217
18864,0,0.09884985923142418
18865,0,0.29179413852068525
18866,0,0.47366437812460516
18867,0,0.10110460616216412
18868,0,0.21130085132912893
18869,0,0.16373257203289135
18870,0,0.25464814631791316
18871,0,0.4269874547351198
18872,0,0.32945239131011
18873,1,0.38716481931328933
18874,0,0.20323546869527534
18875,0,0.32519145763667473
18876,0,0.4668239199870045
18877,0,0.32172344523068214
18878,0,0.2956776363263866
18879,0,0.32747331669721996
18880,1,0.7064484092802011
18881,0,0.3271203276876781
18882,0,0.8333702915286182
18883,0,0.24794977584897496
18884,0,0.31699521669342784
18885,0,0.31939724844082606
18886,0,0.2951916232443754
18887,0,0.3162426375474231
18888,1,0.42124944634681843
18889,0,0.29427337350840227
18890,0,0.48181040052874247
18891,0,0.2207900126049031
18892,0,0.6208139468485399
18893,0,0.37006687123168464
18894,0,0.19518096126268872
18895,1,0.33128240202211584
18896,1,0.5742766126022931
18897,0,0.5315975418361158
18898,0,0.6476726118655326
18899,0,0.18433841018433644
18900,0,0.3522587512184275
18901,0,0.35801304189788374
18902,0,0.364140727595474
18903,0,0.3543460843263675
18904,0,0.23951236514743862
18905,0,0.6260159810227501
18906,0,0.2821820607488476
18907,0,0.28261810277066984
18908,0,0.33874614182002
18909,0,0.3428516147276202
18910,0,0.1663208771928414
18911,0,0.353686710643607
18912,1,0.7759233103282642
18913,0,0.21095724933709775
18914,0,0.3170546732379725
18915,0,0.1884778915244552
18916,0,0.3812543342309867
18917,0,0.2354447283512244
18918,0,0.22870091259286945
18919,0,0.2900524350815601
18920,0,0.2898217177615362
18921,0,0.04133614480254846
18922,0,0.13951091003959376
18923,0,0.2516217753032483
18924,1,0.7864762062778163
18925,0,0.24293275300877717
18926,0,0.4735098875623279
18927,0,0.1703584162341131
18928,1,0.5529669331251601
18929,0,0.680043810112166
18930,1,0.9389546641135569
18931,0,0.17314862235159137
18932,0,0.428033154577988
18933,0,0.32676940334481147
18934,1,0.7831773222639772
18935,0,0.4501867794712418
18936,0,0.37946277643195264
18937,0,0.4679779935343221
18938,0,0.6036461691370171
18939,0,0.21064552320699467
18940,1,0.30242367667024905
18941,0,0.24567642110109555
18942,0,0.2374107513782333
18943,1,0.8144979825304317
18944,0,0.8194832201775957
18945,0,0.5483507556066902
18946,0,0.6403281791069566
18947,0,0.43007405759853207
18948,1,0.7833951250024589
18949,0,0.8162100496058804
18950,0,0.3555253201289292
18951,0,0.1988051422638086
18952,1,0.6069406870119307
18953,0,0.7227549075381623
18954,0,0.3140944036683072
18955,0,0.3847184566638036
18956,0,0.25677057070214665
18957,0,0.18034405270814177
18958,0,0.408981106346718
18959,0,0.33200689613399637
18960,1,0.818404048824089
18961,0,0.5806218017013933
18962,0,0.36372332163391435
18963,0,0.3739925813989473
18964,0,0.2279031833669808
18965,1,0.8151673541463867
18966,0,0.20991294292871937
18967,0,0.2432698796603988
18968,0,0.34912842408104056
18969,0,0.28644515782565977
18970,0,0.13162916011954862
18971,0,0.3063724459835411
18972,0,0.18378371843594066
18973,0,0.4274983828260824
18974,0,0.4042429562674974
18975,0,0.2518328270614061
18976,0,0.43964633412736154
18977,0,0.23941261698646416
18978,0,0.24808226484512416
18979,1,0.9108123331752553
18980,1,0.5437770351714728
18981,1,0.27936036936476816
18982,0,0.45675514410489343
18983,1,0.8185064386607804
18984,0,0.5357388009138796
18985,0,0.6292392032678592
18986,0,0.5611037812587409
18987,1,0.7201550665624594
18988,1,0.48931900718510163
18989,0,0.40204927519552164
18990,0,0.23529911821795313
18991,0,0.37950313036506855
18992,0,0.3066094901553695
18993,0,0.45303414407395803
18994,0,0.18425939646226877
18995,0,0.2984073537805092
18996,0,0.2870464940641861
18997,1,0.48433265882548404
18998,0,0.15656931602839727
18999,0,0.2820828395622554
19000,0,0.47261198065643356
19001,0,0.38308632774959095
19002,0,0.11373791701214707
19003,0,0.6384575302751596
19004,0,0.15624438666181198
19005,1,0.7862695475266632
19006,1,0.8091003316480174
19007,1,0.4582780992573099
19008,0,0.49618428757473304
19009,0,0.36535056504182256
19010,0,0.22586446491517503
19011,0,0.4728426270545263
19012,0,0.5517174310043584
19013,1,0.9097325545969077
19014,0,0.18146232054801203
19015,0,0.20342221384743867
19016,0,0.12345541360127932
19017,1,0.6334815826769602
19018,0,0.48848160701450133
19019,0,0.22840610931695443
19020,0,0.3101689721091409
19021,1,0.47163407463698737
19022,0,0.13203909638869393
19023,0,0.2076575216762788
19024,0,0.20456447201651526
19025,0,0.18023983362354737
19026,0,0.3691867182818798
19027,1,0.5452596992307647
19028,0,0.3658744641991723
19029,0,0.16273961214835797
19030,1,0.254549376573809
19031,1,0.3545235878886668
19032,1,0.3982088421242906
19033,0,0.22385878620276878
19034,0,0.3667693824944473
19035,0,0.16602540500552837
19036,0,0.18733072269861695
19037,0,0.35098536486399046
19038,0,0.10289815995724429
19039,1,0.6106588788078396
19040,0,0.29738754314325055
19041,0,0.4501112295433503
19042,1,0.5035899508878647
19043,0,0.5786753165991025
19044,0,0.23632115588462577
19045,0,0.13819440418639745
19046,0,0.14752827133040983
19047,0,0.8403040112952961
19048,0,0.4153432353577435
19049,0,0.13265297010820237
19050,0,0.27681606959425337
19051,0,0.4786216941184801
19052,0,0.4976243867514456
19053,0,0.21117552521352484
19054,0,0.4454143496761448
19055,0,0.2727119845923295
19056,0,0.3287308553452093
19057,0,0.057171375991667474
19058,0,0.36400545769279574
19059,0,0.3608082131391936
19060,0,0.32868373813282603
19061,0,0.2168104977008427
19062,0,0.19073442165159338
19063,0,0.7356937742930678
19064,0,0.21729285029612164
19065,0,0.19482769585783205
19066,0,0.5503831218663019
19067,1,0.8389199467199222
19068,1,0.43797750388544004
19069,0,0.20639449296672438
19070,0,0.35954928938904807
19071,0,0.25776214823442417
19072,0,0.3184931178205189
19073,1,0.8507480688715705
19074,0,0.3802054903782742
19075,1,0.6492111292027524
19076,0,0.40026235951249794
19077,0,0.16899112511170455
19078,0,0.09993829417636038
19079,0,0.5589791743661194
19080,0,0.35144670067597805
19081,0,0.13929764389193117
19082,0,0.12329657389632398
19083,1,0.7950048361926886
19084,0,0.32046894522674996
19085,0,0.3363696175631033
19086,0,0.22317598314592815
19087,1,0.7971550709311569
19088,1,0.44973636609307477
19089,0,0.5140340280002363
19090,0,0.34098195314149976
19091,1,0.7765165619371109
19092,0,0.15998177784707898
19093,0,0.15447382338070428
19094,0,0.3320243892678746
19095,0,0.18149840632412143
19096,0,0.16983399957275525
19097,0,0.3009870357373977
19098,0,0.5097954092725457
19099,0,0.2615431071196132
19100,0,0.3657588660862781
19101,0,0.3268356486176755
19102,0,0.3474837197301885
19103,1,0.3513569219860092
19104,0,0.43962625654486426
19105,0,0.8453947113751424
19106,0,0.38283097353711526
19107,0,0.6919302941894186
19108,0,0.2927167296301968
19109,0,0.21362970694815042
19110,0,0.13804580351441026
19111,0,0.2655077084015762
19112,0,0.7617039626900928
19113,0,0.3746795899559572
19114,0,0.36583805613370984
19115,0,0.1818023206134537
19116,1,0.6952162078609981
19117,0,0.2343910616803187
19118,0,0.25497946994583587
19119,0,0.23195422251017458
19120,1,0.3088852997901494
19121,0,0.28619136313596194
19122,0,0.4539615667130725
19123,0,0.3455538416862379
19124,0,0.16588122608246203
19125,0,0.43686598341202243
19126,1,0.6979569170584488
19127,1,0.9006700718222088
19128,1,0.5028344831422402
19129,0,0.4061589388900168
19130,0,0.16783553364462736
19131,0,0.18114723358815277
19132,0,0.28879717256024295
19133,0,0.07818296460824842
19134,0,0.32793614638240065
19135,1,0.5491143879777836
19136,1,0.9578915927366958
19137,0,0.3708940869560579
19138,1,0.7919807369749984
19139,0,0.47121108829965275
19140,0,0.2637846232049934
19141,0,0.212234059586762
19142,0,0.35946103030566456
19143,1,0.35636323347904814
19144,0,0.2650207444574669
19145,0,0.3881028774624664
19146,0,0.10145441318337632
19147,0,0.3975486530419361
19148,0,0.23806888612314112
19149,0,0.2332545678776488
19150,0,0.38019964534484685
19151,0,0.43561802445111375
19152,0,0.2593024911758956
19153,0,0.3299257768205549
19154,0,0.41570612176839306
19155,1,0.5996593871734713
19156,1,0.5813310428504334
19157,0,0.4486303787547843
19158,0,0.2641916268409113
19159,0,0.6154355414874635
19160,0,0.2572144013509628
19161,0,0.36107623451932624
19162,0,0.3881560231219121
19163,0,0.3239465838748858
19164,0,0.7220502354251539
19165,1,0.5524133873557587
19166,0,0.5754497344807602
19167,0,0.2859946560794579
19168,1,0.3358895825261578
19169,0,0.5393637131073823
19170,1,0.8580097730224562
19171,0,0.13319308312702452
19172,0,0.2123991113013928
19173,1,0.8852139845713051
19174,1,0.8876239611598017
19175,0,0.8974281118667868
19176,0,0.7019367302927888
19177,0,0.6503558514521628
19178,0,0.3187431773112887
19179,0,0.7704742086450677
19180,0,0.43827553656438567
19181,0,0.30138427182705024
19182,0,0.3161375745648408
19183,0,0.24139865025419557
19184,1,0.35368325484295227
19185,0,0.10516815952347944
19186,1,0.393299049419497
19187,0,0.5550153626637663
19188,1,0.92070503111548
19189,0,0.39062521343430523
19190,1,0.40031386856562196
19191,0,0.139752047655833
19192,0,0.28233642405712955
19193,0,0.27117935116969677
19194,1,0.31806041538146507
19195,0,0.3436994013560302
19196,0,0.2351225254692813
19197,0,0.10546611510326132
19198,0,0.20148647876910897
19199,0,0.3997896211372133
19200,0,0.49051327584711074
19201,0,0.1140537198853222
19202,0,0.30443940958670757
19203,0,0.6378239351929792
19204,0,0.2994127636929471
19205,1,0.7754948382734699
19206,0,0.19047079422856616
19207,0,0.29065894197014575
19208,0,0.263874765297337
19209,0,0.5474896518281719
19210,0,0.25040069624502004
19211,0,0.4308359838529425
19212,1,0.7769997224393614
19213,0,0.2608771385487926
19214,0,0.4635091903271979
19215,0,0.41515394888765356
19216,0,0.2895791336525434
19217,0,0.35912105385359766
19218,0,0.22377819145476402
19219,0,0.4829378050794515
19220,1,0.8185161432479003
19221,0,0.4498745380751771
19222,0,0.5642523942097388
19223,1,0.7862589904052334
19224,1,0.32973747888697275
19225,0,0.11133478519494783
19226,0,0.24865772116214185
19227,0,0.259719603921261
19228,1,0.8291108079254761
19229,0,0.0968267243965859
19230,0,0.1562544117262007
19231,1,0.8203253562921785
19232,0,0.19120824033769504
19233,0,0.2798003052434684
19234,0,0.7017029837150092
19235,0,0.42302491533619047
19236,0,0.20283280474057147
19237,1,0.3374298807978423
19238,0,0.641992382881814
19239,0,0.28066123230253565
19240,1,0.48336847416486917
19241,0,0.804011340104869
19242,0,0.35089468376137845
19243,0,0.13350882592535948
19244,0,0.290680953289199
19245,0,0.8065713968884087
19246,0,0.23318625357040618
19247,0,0.5129273054644136
19248,1,0.9390320709244133
19249,0,0.37780309512949173
19250,0,0.4716657048037283
19251,0,0.6099412641935861
19252,0,0.1747224917083404
19253,0,0.8663942793431565
19254,0,0.6088411048049915
19255,0,0.4684021286665899
19256,1,0.43460680665452317
19257,1,0.5703482916587621
19258,1,0.40795627191896683
19259,0,0.3763748472343553
19260,0,0.4240351000117595
19261,1,0.7732780410738836
19262,1,0.4934940860148081
19263,0,0.2163867989038976
19264,0,0.20160011009395284
19265,0,0.8319976341431627
19266,1,0.36427284091242934
19267,0,0.3171625633331474
19268,0,0.2349521643009649
19269,0,0.0775440617114708
19270,0,0.29895588509830856
19271,0,0.414114361709633
19272,0,0.2146639119756536
19273,0,0.2302885281962455
19274,0,0.3902229602114952
19275,0,0.34098546335954183
19276,0,0.1360344836284512
19277,1,0.3766944497245753
19278,1,0.8090551966579269
19279,1,0.787658286076041
19280,0,0.3270539014592759
19281,0,0.7039031315331011
19282,0,0.29874286626131935
19283,0,0.3726306235120616
19284,1,0.8256615921411388
19285,1,0.6146015173730579
19286,1,0.8766513864657872
19287,0,0.30305331321478174
19288,0,0.40243745656408886
19289,0,0.06640993914378118
19290,0,0.10620560186032126
19291,0,0.45459618933913987
19292,0,0.2235608966050439
19293,1,0.5660810848213544
19294,0,0.7340900342200141
19295,0,0.3191642227537561
19296,0,0.5256110237770243
19297,0,0.31428368901937764
19298,0,0.4334321732410845
19299,1,0.8907844660275775
19300,0,0.34625861667973123
19301,0,0.4061429262426098
19302,0,0.3422694231263455
19303,0,0.35912683518469185
19304,0,0.17045397085163588
19305,0,0.4067181200146226
19306,0,0.058977436933234324
19307,1,0.4604682044394439
19308,0,0.2217235546674585
19309,0,0.16150895595835535
19310,0,0.21548699325527074
19311,0,0.2433463900323433
19312,1,0.719913564463578
19313,0,0.2655831225998675
19314,0,0.19886039957869536
19315,0,0.2650831288137589
19316,0,0.2618965853010473
19317,0,0.20635557246991618
19318,0,0.2943716398931411
19319,0,0.6851461497631636
19320,0,0.36395571059587284
19321,1,0.4502953038484103
19322,0,0.2282194983706751
19323,0,0.3574108792571238
19324,0,0.30443141567827203
19325,0,0.20455475431626804
19326,0,0.6872992521727777
19327,0,0.2610785297320389
19328,0,0.22187002422473528
19329,0,0.3917411136930412
19330,1,0.3109749073678127
19331,0,0.16219552499408826
19332,0,0.4697365624678344
19333,0,0.318571069271963
19334,0,0.31140770424879805
19335,0,0.21274089427970044
19336,1,0.392750035338548
19337,0,0.4194124838385623
19338,0,0.3468285948132177
19339,1,0.47683436244143984
19340,0,0.09622845963219558
19341,1,0.8445834759325065
19342,1,0.8104147180824651
19343,1,0.4301071087531497
19344,1,0.9482358215424663
19345,0,0.110427567751393
19346,1,0.9255663804752443
19347,0,0.41533932317964334
19348,0,0.42967309312426205
19349,0,0.3808094687794722
19350,0,0.23459478705382542
19351,1,0.3403285421156111
19352,1,0.8662782580943307
19353,1,0.6321218056018324
19354,0,0.2798303219319109
19355,0,0.29277416217533186
19356,0,0.46957684219531903
19357,0,0.6454319786094015
19358,0,0.3497396757512796
19359,0,0.14406325147778115
19360,0,0.5645884760889597
19361,0,0.2618678793451927
19362,1,0.481299934246245
19363,1,0.6020882987904206
19364,0,0.8303995858623522
19365,0,0.651005343296356
19366,0,0.173053362886276
19367,0,0.5779523575486288
19368,0,0.18281717348349247
19369,0,0.6411653403432643
19370,1,0.16867442896516685
19371,1,0.46862488112789924
19372,0,0.7551849437858003
19373,1,0.4636076953888708
19374,1,0.450216003596959
19375,1,0.880474164948452
19376,1,0.6804792349115732
19377,0,0.18364821918795304
19378,1,0.9123882692849503
19379,1,0.6816665579344467
19380,0,0.137406912408016
19381,0,0.25998531414688575
19382,1,0.8335891502765908
19383,0,0.5327287844386643
19384,0,0.22630262118447425
19385,0,0.35537808305446444
19386,0,0.1141313902827753
19387,1,0.41135110020482174
19388,0,0.10476835556482816
19389,0,0.2610532281617259
19390,0,0.437690909386221
19391,0,0.2638762157742407
19392,0,0.09505532726847025
19393,0,0.5411825441031152
19394,0,0.6723376894878507
19395,0,0.2422529456833335
19396,0,0.29304448339556105
19397,1,0.8523687044571072
19398,0,0.23839273153323715
19399,0,0.2609992034144865
19400,0,0.4926649871832516
19401,1,0.4362044383132366
19402,0,0.42013660841334644
19403,1,0.7034565551458111
19404,0,0.30116919778397866
19405,0,0.6867936968437088
19406,0,0.24498794457175901
19407,0,0.25595168198640583
19408,0,0.3115968851678399
19409,0,0.326517237650483
19410,0,0.35435656585839065
19411,0,0.26823079729443267
19412,0,0.2952462796344319
19413,1,0.33556365915503755
19414,0,0.2159656701646809
19415,0,0.20146692890704784
19416,0,0.22743574368171385
19417,0,0.3555334153635375
19418,0,0.12779589807865463
19419,1,0.3388651951152063
19420,0,0.778020838398393
19421,0,0.120066444657743
19422,1,0.4291103773321138
19423,1,0.35340794446053425
19424,0,0.3048703933197293
19425,1,0.4042044894185959
19426,0,0.753375918067492
19427,0,0.41565848470046957
19428,0,0.2139449612003749
19429,0,0.6524762575535656
19430,1,0.4187521255082214
19431,1,0.3868435364812465
19432,0,0.740998422094754
19433,0,0.7632041157916586
19434,1,0.7691903361716124
19435,0,0.18221129054059593
19436,1,0.5053372974089592
19437,0,0.23078118012934581
19438,1,0.750268980656658
19439,0,0.3771380409968119
19440,0,0.23517548699075091
19441,0,0.5178516231559744
19442,1,0.8289544067244782
19443,0,0.24231074692115173
19444,1,0.41508785897629336
19445,1,0.37724976867474214
19446,1,0.5308092568476688
19447,0,0.3670349526830778
19448,1,0.5221963427880142
19449,0,0.37069793569982024
19450,0,0.17911117359181808
19451,1,0.8617181090021144
19452,0,0.3211539593318888
19453,0,0.11108942727868966
19454,0,0.0937675205639304
19455,0,0.4206072656620467
19456,0,0.09616249070050625
19457,0,0.8113860745307321
19458,0,0.10826356410832526
19459,0,0.34931882589792596
19460,0,0.42766517251558683
19461,0,0.24535328365671286
19462,0,0.2469735497559605
19463,0,0.23151374301756472
19464,0,0.3362841024111885
19465,0,0.21088243965599296
19466,1,0.7260544652517641
19467,1,0.6894561055841028
19468,0,0.3574126707253026
19469,0,0.4281206533802468
19470,0,0.6712274006485663
19471,0,0.30971239858757244
19472,0,0.28633889474361285
19473,0,0.10039385590631536
19474,0,0.24964076824516412
19475,1,0.838369483852317
19476,0,0.2117244051317382
19477,0,0.36041906257646295
19478,0,0.34119904716165744
19479,0,0.2519533756498669
19480,1,0.8421190013692378
19481,0,0.2224486169642473
19482,0,0.38599364229858985
19483,0,0.3869667000961555
19484,0,0.4416345570516708
19485,0,0.38254444145230093
19486,0,0.0722251338472181
19487,1,0.6305206243594477
19488,0,0.24168298844063077
19489,0,0.3578102065235144
19490,0,0.6540325296850736
19491,0,0.10762178536539511
19492,0,0.41306081355688984
19493,0,0.2356098985950935
19494,0,0.48198416523272747
19495,0,0.13346364270811514
19496,0,0.14953155556257397
19497,0,0.14409125816088758
19498,0,0.24097957253660035
19499,1,0.39253751866638287
19500,0,0.3477970332868147
19501,0,0.30865069291009084
19502,0,0.4695474646932232
19503,0,0.42085413903804325
19504,0,0.5070830500316653
19505,0,0.267390467581595
19506,0,0.3555160688373345
19507,0,0.20619556950093873
19508,0,0.2226106164786542
19509,0,0.19455957017737885
19510,0,0.3539089552152699
19511,0,0.17923763157864253
19512,0,0.29119494477326036
19513,1,0.9599311067133857
19514,0,0.1834636081363349
19515,0,0.39590354958821905
19516,1,0.5137358415083474
19517,1,0.7983033890116289
19518,1,0.5614612653888402
19519,0,0.20175514045291043
19520,0,0.08944787706302686
19521,0,0.1623455261335868
19522,1,0.7508064024757899
19523,0,0.21203183342453438
19524,0,0.35086152792858477
19525,0,0.33791282341001877
19526,0,0.45532978134388463
19527,0,0.4113750339678367
19528,0,0.2790167645395405
19529,1,0.3459633742347424
19530,0,0.5216239718213879
19531,0,0.14024705309293023
19532,0,0.3022088475678178
19533,1,0.8958001615412811
19534,1,0.7299279415032252
19535,0,0.39269435332734726
19536,0,0.40189444095296517
19537,0,0.2251817101880116
19538,0,0.3401079244686463
19539,0,0.3499320608253992
19540,1,0.679335336814403
19541,0,0.6678268270773325
19542,0,0.19525876543604873
19543,1,0.8549034138427979
19544,0,0.11469978662884223
19545,0,0.7280232172172165
19546,0,0.20575334440214374
19547,0,0.7782421848570966
19548,0,0.34650373664711664
19549,0,0.33184301812063915
19550,0,0.4053574827181042
19551,1,0.8229483877274985
19552,0,0.246350186095726
19553,0,0.15069911839765074
19554,0,0.34415844142136753
19555,0,0.6618566986231668
19556,0,0.31494742144583987
19557,0,0.22735269200036395
19558,0,0.16389802634010184
19559,1,0.8920889610175642
19560,0,0.17585597386329535
19561,0,0.2948567311570099
19562,1,0.7726351412427178
19563,0,0.18406894309882774
19564,0,0.3807611625867442
19565,0,0.3553308643980423
19566,0,0.052673432840428275
19567,1,0.7349930352675399
19568,1,0.8833720416999927
19569,0,0.3561575010361612
19570,0,0.8660790788618578
19571,1,0.7100310427640845
19572,1,0.7630353858299326
19573,0,0.8610001295412739
19574,0,0.30519634848741634
19575,1,0.7095460653828254
19576,1,0.5104009331692722
19577,1,0.4315336414879862
19578,0,0.22347765045109366
19579,0,0.07791185129990749
19580,0,0.2778193603006192
19581,0,0.09188378396976397
19582,0,0.054932984840672064
19583,0,0.1373406390530767
19584,1,0.4956763508256551
19585,0,0.6408702280858226
19586,1,0.7752255874950669
19587,0,0.22026522441122487
19588,0,0.3855656980911353
19589,0,0.31886931362756776
19590,0,0.32020783860603586
19591,1,0.7679511548951297
19592,0,0.26060585030884875
19593,0,0.1866798729266367
19594,0,0.25092016328045014
19595,0,0.5793171379137474
19596,1,0.668620039381848
19597,0,0.22023990344005967
19598,0,0.22838750353003526
19599,0,0.2379255246625043
19600,1,0.46980477689315997
19601,0,0.38787736159568303
19602,0,0.17863370275473767
19603,0,0.2847815667659058
19604,1,0.915262212628721
19605,0,0.3784145140057549
19606,1,0.6014540847459999
19607,0,0.6998947393577378
19608,1,0.569062135469096
19609,0,0.4339122297868322
19610,0,0.29512996989034135
19611,0,0.368942654797549
19612,1,0.7639748879487788
19613,0,0.3446725958712485
19614,0,0.061116097034808956
19615,0,0.33322797610355354
19616,1,0.841286657473741
19617,0,0.28387644172591103
19618,0,0.24805899854679556
19619,0,0.41638942225165104
19620,0,0.3717027884698236
19621,0,0.3830875215275376
19622,1,0.7989776890004144
19623,0,0.14864961447319852
19624,0,0.13815559081564943
19625,0,0.4522339351174854
19626,0,0.4697781939066019
19627,0,0.8388848038515345
19628,0,0.08641637871355197
19629,0,0.2070648557112214
19630,0,0.15134298215123126
19631,0,0.3023151131614161
19632,0,0.30910484496916146
19633,1,0.8273577620253545
19634,0,0.3492013265407204
19635,1,0.5890391808231115
19636,1,0.9386747646554423
19637,0,0.552368337952378
19638,0,0.36045122373070554
19639,0,0.3539295013139936
19640,0,0.24170430373430815
19641,1,0.27526921463999854
19642,0,0.20425518738663923
19643,0,0.23549423738575498
19644,0,0.19899382949096972
19645,0,0.15735887782376812
19646,0,0.10101441615857291
19647,0,0.1873375215116163
19648,1,0.7436718538398267
19649,0,0.37709868901855137
19650,0,0.30881832382285934
19651,0,0.186038663145184
19652,0,0.3487156472615128
19653,1,0.5660338424797428
19654,0,0.06659201089748462
19655,0,0.21009603295812712
19656,0,0.28534638755236436
19657,1,0.6101119979102745
19658,1,0.6801571825759061
19659,1,0.9282906712896203
19660,0,0.8131189448574827
19661,1,0.6705291421977324
19662,0,0.21614243785158088
19663,0,0.1388488892719423
19664,0,0.6036916193015134
19665,0,0.5823721657303175
19666,0,0.39202767000313865
19667,0,0.11213668369108692
19668,0,0.13216914786956427
19669,0,0.3089466682119315
19670,1,0.3905030973958848
19671,1,0.5487659405880693
19672,0,0.3539726518439786
19673,1,0.7017334164722565
19674,0,0.8669784763375705
19675,0,0.2508571766872584
19676,0,0.2256925195703665
19677,1,0.3432342518912319
19678,0,0.23536531325326748
19679,0,0.17766308486595697
19680,0,0.28186836032781953
19681,0,0.31445455216241813
19682,0,0.15978121126259295
19683,0,0.9028791844605573
19684,0,0.6592558148575808
19685,0,0.3663037937251602
19686,0,0.2163633081576138
19687,0,0.28488337935459485
19688,1,0.5795531072546798
19689,0,0.32679331511460197
19690,1,0.30799049755843066
19691,0,0.2840813407227716
19692,0,0.2562258800369311
19693,0,0.28428832100117407
19694,0,0.37986429317733583
19695,0,0.7930026464809843
19696,0,0.1006658944455772
19697,0,0.22804309822460603
19698,0,0.3958691295049534
19699,1,0.8998486540138215
19700,1,0.7055326037002003
19701,0,0.5838702155507991
19702,0,0.18532011917580576
19703,0,0.48716522507815035
19704,0,0.5740841541184138
19705,1,0.5132900088399655
19706,0,0.19729886260998314
19707,0,0.3469920989185013
19708,0,0.5039022855598401
19709,0,0.5192920469467428
19710,0,0.17142179257881784
19711,0,0.8819073740729587
19712,0,0.3949358363164219
19713,0,0.5061880330439711
19714,0,0.22087364462955106
19715,1,0.6743368216234816
19716,1,0.8767765978871408
19717,0,0.5602285333797975
19718,1,0.8756877379159806
19719,0,0.4133851461294549
19720,0,0.3013141028316379
19721,0,0.27325026162184396
19722,0,0.2750070421353113
19723,0,0.26560059352525944
19724,0,0.18622902498251673
19725,0,0.3088141590573021
19726,0,0.3722330300832875
19727,0,0.2977759548224553
19728,0,0.22805074696105732
19729,0,0.18713460240636123
19730,1,0.43494397019307385
19731,0,0.1165194150374424
19732,0,0.1975464233068935
19733,0,0.1923901898900996
19734,0,0.1814854332783427
19735,0,0.2869121928266092
19736,0,0.1809748902011941
19737,1,0.22167688347605297
19738,0,0.5706479221685522
19739,0,0.37769747131179043
19740,0,0.7025492882947723
19741,0,0.36476522796645355
19742,1,0.4832574728265399
19743,1,0.8665759249351502
19744,0,0.1208650964216073
19745,0,0.06881126713657254
19746,0,0.299374095557943
19747,0,0.2518169333332472
19748,1,0.7470724071611291
19749,1,0.5010214803184266
19750,1,0.8609568396295866
19751,1,0.25577503302443116
19752,0,0.160873454476003
19753,0,0.45375296486570227
19754,0,0.25161594734535236
19755,0,0.05175783327275463
19756,0,0.3438017976579532
19757,0,0.3765425647701053
19758,0,0.49338003722466894
19759,1,0.24002789289784573
19760,0,0.2523453412249354
19761,0,0.34618428381460986
19762,0,0.4096864253922504
19763,0,0.3282376014078565
19764,0,0.17674514682346107
19765,0,0.25209368517932373
19766,0,0.6429166896717686
19767,1,0.7675753449085799
19768,0,0.16712203038760484
19769,0,0.38694895841698296
19770,0,0.5999036567381902
19771,0,0.30487734146945994
19772,1,0.44094878463747883
19773,1,0.6797558743619762
19774,1,0.24724135003355108
19775,0,0.3876916500978205
19776,0,0.17304127726150412
19777,0,0.36437357582060714
19778,1,0.8728008794659915
19779,0,0.11551003685782421
19780,0,0.2179603655432865
19781,1,0.3813227301915504
19782,0,0.30468966255548446
19783,0,0.2915621744238207
19784,0,0.25430141868785366
19785,1,0.8208260567796403
19786,0,0.30400015122716295
19787,0,0.32161533063051595
19788,0,0.40338420250448204
19789,0,0.27927501179274
19790,1,0.7357155623879374
19791,0,0.49655393216791743
19792,0,0.8134078385263974
19793,1,0.5904500659699393
19794,0,0.13545776311031793
19795,1,0.3300250642215147
19796,0,0.21180851790236044
19797,0,0.20112814904906487
19798,0,0.08931565559641771
19799,0,0.3929215846562017
19800,1,0.39885514979200437
19801,1,0.4016228810955009
19802,1,0.39642242182515874
19803,0,0.433793650993606
19804,0,0.2935896608655241
19805,1,0.8366140227753962
19806,1,0.48298471316973723
19807,1,0.9167166426051248
19808,0,0.2530701359649553
19809,0,0.37912687873270984
19810,1,0.7091563465525303
19811,0,0.2876057035115841
19812,1,0.39986159130708665
19813,0,0.39301272453552977
19814,0,0.16596829865201562
19815,0,0.15763055284196045
19816,0,0.1273334037989304
19817,1,0.4195197304172865
19818,0,0.7497393357453745
19819,0,0.12814024986892378
19820,0,0.4537527341182653
19821,0,0.18122849138809605
19822,0,0.8394270219274425
19823,1,0.4760852514460254
19824,0,0.2106826400536665
19825,0,0.5487311718838354
19826,1,0.44108433454548396
19827,1,0.8674501965245857
19828,0,0.15777340229768227
19829,0,0.8157104882190005
19830,0,0.6882034606112878
19831,1,0.4132379347774194
19832,0,0.4579120129817361
19833,0,0.2610073659970544
19834,0,0.5149841871713415
19835,0,0.19934183114298296
19836,0,0.20806820055359165
19837,0,0.10809820844635051
19838,1,0.5045723706476776
19839,0,0.34444087369822385
19840,0,0.3418730501222002
19841,0,0.08001696829776549
19842,1,0.8712980532724387
19843,0,0.3460869847810683
19844,0,0.3280844451411693
19845,0,0.8194968581773017
19846,1,0.7861377816664227
19847,1,0.5443487173568606
19848,0,0.5055089814677968
19849,0,0.5958884752641523
19850,0,0.3510385640161655
19851,0,0.6108662042704907
19852,0,0.36050662632518493
19853,0,0.29771778198573245
19854,0,0.13760497007582986
19855,1,0.482568515355214
19856,0,0.1834512464252488
19857,0,0.23035455616504372
19858,0,0.14394219649062215
19859,0,0.3461903957135959
19860,0,0.0648183084771746
19861,0,0.3716931717047563
19862,1,0.46139124245723856
19863,0,0.6241415168007913
19864,0,0.3318282180020941
19865,0,0.5660839561173874
19866,1,0.5311139575345184
19867,0,0.23671789080036948
19868,0,0.11844584187446978
19869,1,0.921423359888254
19870,1,0.681274679179598
19871,0,0.623132692274205
19872,0,0.11768640366524923
19873,0,0.38871207953408593
19874,0,0.39089507634643367
19875,0,0.4646224016096048
19876,0,0.32967764327135995
19877,0,0.34473252194729576
19878,0,0.8380051977544887
19879,1,0.7855074980442671
19880,0,0.18769733308051076
19881,1,0.7483403119745488
19882,0,0.17009442539376585
19883,0,0.33020789081823154
19884,1,0.4497595341057928
19885,0,0.7924107492925216
19886,1,0.4373061048676901
19887,0,0.31509373807067165
19888,0,0.4193710002911512
19889,0,0.2459952816721596
19890,0,0.5381156263422995
19891,0,0.14671109502990154
19892,0,0.24321372242386194
19893,0,0.22679721119638288
19894,1,0.5838877778876597
19895,0,0.14739902936328791
19896,0,0.8254171017691031
19897,0,0.8761586843272603
19898,0,0.1316413821764377
19899,0,0.33917579837605066
19900,0,0.2328188735224505
19901,0,0.061605351398095205
19902,1,0.9071178833639361
19903,0,0.3616903147091493
19904,0,0.24479972577244843
19905,1,0.24656859497367356
19906,1,0.8936307851091378
19907,0,0.30101762688597483
19908,0,0.23174088282938465
19909,1,0.8813282182054962
19910,0,0.5723589279306271
19911,1,0.3415432139237707
19912,0,0.1350704778979026
19913,0,0.2779907979763377
19914,0,0.14749662189530605
19915,0,0.18984199009746494
19916,0,0.5809739053729849
19917,1,0.6841521516023984
19918,0,0.3457818460145088
19919,0,0.39006435933763745
19920,1,0.959772503350434
19921,0,0.1355442899693124
19922,0,0.7851774571240676
19923,0,0.28595123301931274
19924,0,0.5435089967477603
19925,0,0.5212620754750336
19926,0,0.40960271010854554
19927,0,0.18804179351687608
19928,0,0.2925924748741917
19929,0,0.32676596364879645
19930,0,0.40949059352927575
19931,0,0.20383818574003734
19932,0,0.21442204232961198
19933,0,0.10063718759454698
19934,1,0.1882747859771563
19935,1,0.7535448199416099
19936,0,0.5802863683353404
19937,1,0.6567404780846353
19938,0,0.6822632206474504
19939,1,0.8967421393094765
19940,0,0.1541357677247237
19941,1,0.3417337269360813
19942,0,0.4313573982095471
19943,0,0.42942392986456146
19944,1,0.5233917802073748
19945,0,0.24278525885517785
19946,0,0.642882583940873
19947,0,0.09549202559720332
19948,0,0.5581733842158835
19949,0,0.12547112000182936
19950,0,0.36895254279308487
19951,0,0.1419917639585744
19952,0,0.3147854610599221
19953,0,0.28265874876536917
19954,1,0.8032506335726011
19955,1,0.48930898033444037
19956,0,0.8277250371003602
19957,0,0.5073231957023131
19958,1,0.30008251785632345
19959,0,0.2372322778688976
19960,0,0.6874609284039986
19961,0,0.19646676790288586
19962,0,0.41408752426199835
19963,0,0.16481630242740725
19964,0,0.31077058098584365
19965,0,0.26234514935827685
19966,0,0.507710067101247
19967,0,0.18210418126015765
19968,1,0.3567505188876608
19969,0,0.3117583607094274
19970,0,0.7169145572845429
19971,0,0.2522451003348185
19972,0,0.20178402254046088
19973,0,0.08433466060973091
19974,0,0.11735132445416185
19975,0,0.28242176877196107
19976,0,0.10441475464832439
19977,0,0.2853816527756374
19978,0,0.35001557015390006
19979,0,0.29199926168538964
19980,0,0.20847829470102233
19981,0,0.3351939865075928
19982,0,0.22880373560909006
19983,0,0.31183149653774983
19984,1,0.8384937075941843
19985,0,0.24149155082840953
19986,0,0.10714658606488221
19987,1,0.9095986722382464
19988,0,0.35640464209468087
19989,1,0.5584369131921872
19990,0,0.15341276898260472
19991,1,0.8353351033191797
19992,1,0.6671448261626797
19993,0,0.13956963511667764
19994,1,0.9202479520219087
19995,0,0.160370320611685
19996,1,0.48314801132971547
19997,1,0.8986197648539251
19998,0,0.3357151523879992
19999,0,0.2290526938790531
20000,0,0.3073934547251997
20001,0,0.7437432415600732
20002,0,0.2165718724231625
20003,0,0.40566302035365526
20004,0,0.15398738656926725
20005,1,0.6261314426704728
20006,1,0.3781487901798992
20007,0,0.36016824412395515
20008,0,0.27606347436784806
20009,0,0.40382853890171916
20010,0,0.6502945174987366
20011,0,0.15777806830719193
20012,0,0.35581067788828763
20013,0,0.6334030429141682
20014,0,0.41629963956962013
20015,1,0.4761863890034405
20016,1,0.4466591800954479
20017,0,0.15449274134748797
20018,0,0.2532882575786655
20019,0,0.42902796747970356
20020,0,0.3704311273172213
20021,0,0.20830877145379909
20022,1,0.2411071248309966
20023,0,0.34434895189973447
20024,0,0.39017735706474427
20025,0,0.3298338331993247
20026,0,0.2910086408449725
20027,0,0.2870493165937247
20028,0,0.7129704353298876
20029,0,0.3710602907782357
20030,0,0.283597719980205
20031,1,0.81296322750279
20032,0,0.8375666460160472
20033,0,0.10455367216986058
20034,0,0.333609482548629
20035,0,0.2926801965741826
20036,0,0.32933899650256554
20037,0,0.15818887762188466
20038,0,0.14515432404666595
20039,0,0.2333441340930762
20040,0,0.44772888269538025
20041,0,0.34739841708845554
20042,0,0.39224268563229553
20043,1,0.7584000955075817
20044,1,0.5000983503987356
20045,1,0.5553595590626202
20046,0,0.4220090558004542
20047,1,0.7977221910861262
20048,1,0.8123612372636699
20049,0,0.4580975567321909
20050,1,0.6266454713037094
20051,0,0.3393475945357837
20052,0,0.22496217418234093
20053,0,0.2224647886318401
20054,0,0.14326233886535072
20055,0,0.24883652765495118
20056,1,0.7313945046323471
20057,0,0.30948158295101214
20058,0,0.23663494501089638
20059,1,0.8613765194186649
20060,0,0.5178929130246507
20061,0,0.3585103890874536
20062,0,0.24399064976027376
20063,0,0.5896981404166661
20064,0,0.7338768079655482
20065,0,0.2748700854009097
20066,0,0.1843116760814694
20067,1,0.1594338816875859
20068,0,0.21720123782541684
20069,0,0.2247108537298843
20070,0,0.14510759050212607
20071,0,0.8163210077203229
20072,0,0.7585577297006431
20073,0,0.4236236758517126
20074,1,0.3701236142913866
20075,1,0.8150995459917345
20076,0,0.1293193325416164
20077,0,0.6777367940609258
20078,1,0.664257797516575
20079,0,0.2663464731087237
20080,0,0.24485696079541197
20081,1,0.6377046553610703
20082,1,0.5209394754905039
20083,1,0.4263123934668392
20084,1,0.5002192249422907
20085,1,0.7971856831131693
20086,0,0.4138230483363848
20087,0,0.22985260329875143
20088,0,0.22442162782058037
20089,0,0.3096309911775987
20090,0,0.4910420053680513
20091,0,0.18225334869702092
20092,0,0.22834821133752572
20093,0,0.4105806114408787
20094,1,0.5639195605716327
20095,1,0.7074969549589014
20096,0,0.3207237653582389
20097,0,0.24284795368828513
20098,1,0.7329998257359032
20099,0,0.2995701514556944
20100,0,0.2887036395533753
20101,1,0.6293006628284911
20102,0,0.41463349490238316
20103,0,0.3814669322200222
20104,0,0.483715601322306
20105,0,0.2621077484077368
20106,0,0.18607755540180076
20107,1,0.8782677080040002
20108,1,0.455424162608291
20109,0,0.34225631423536484
20110,0,0.20027872767161603
20111,0,0.15647051922065022
20112,1,0.8178336171403173
20113,0,0.346849768186636
20114,0,0.26830770797874326
20115,0,0.2875687790664324
20116,1,0.4188541920723852
20117,0,0.2681998336196857
20118,0,0.31280635343038793
20119,0,0.3406314408752831
20120,1,0.775296527322075
20121,0,0.18669584285120724
20122,1,0.38416824506576214
20123,0,0.1481344707835123
20124,0,0.31958196641122544
20125,0,0.16469917861288727
20126,0,0.2821464278619423
20127,0,0.4282296295714109
20128,0,0.11751042310846531
20129,0,0.47920515056075375
20130,0,0.18917988513340128
20131,0,0.3510817392121675
20132,0,0.31749393755917027
20133,0,0.1714544782610316
20134,1,0.6783582014853756
20135,0,0.39290556957425316
20136,0,0.29048576014525884
20137,0,0.1252853721265549
20138,1,0.7557868176646193
20139,0,0.28478606001178614
20140,0,0.25524801343112885
20141,1,0.40362910169147964
20142,0,0.3762641835487942
20143,1,0.78947689579773
20144,0,0.1380351492651559
20145,0,0.3890826911754055
20146,0,0.43382085907293366
20147,0,0.10175048516585385
20148,0,0.3936824047538968
20149,1,0.8556181821400815
20150,0,0.26208501374013343
20151,0,0.2523607433764028
20152,0,0.3646652010516811
20153,0,0.7154156070405793
20154,0,0.47682977014753597
20155,0,0.25052282468930165
20156,0,0.15379918501115064
20157,0,0.4022229492957192
20158,0,0.36646199762473697
20159,1,0.5111233938637594
20160,0,0.3780132762335653
20161,0,0.8053625882744214
20162,1,0.4803509369485793
20163,0,0.8049002664193445
20164,0,0.14443608071390282
20165,0,0.2297263759453725
20166,0,0.2631329601392585
20167,0,0.8520816727654048
20168,0,0.21504633596357145
20169,0,0.28027938346380415
20170,1,0.7224995392365815
20171,0,0.4961697721634911
20172,0,0.6235996531386989
20173,1,0.569842874365293
20174,0,0.34980307625972856
20175,0,0.18108372913925472
20176,0,0.3025999049066577
20177,0,0.207009494353191
20178,0,0.8218475466151471
20179,0,0.31265513432392966
20180,0,0.2570446521530345
20181,1,0.8337610978703134
20182,0,0.26719893667693734
20183,0,0.18909739868358774
20184,0,0.2085982527443329
20185,0,0.2798895161717327
20186,0,0.44839076668347794
20187,1,0.9082381037425417
20188,0,0.2194939960045948
20189,0,0.3328865985517144
20190,0,0.39698838891910954
20191,0,0.23179707667192723
20192,0,0.3273012486864809
20193,0,0.2762844754838636
20194,1,0.7788612807798236
20195,0,0.534328456930174
20196,0,0.09060364105944896
20197,1,0.6297179792399756
20198,0,0.36688095592320313
20199,0,0.40129926848116293
20200,0,0.8297084601677218
20201,1,0.40672121861872557
20202,1,0.7442348954475034
20203,0,0.2370347800110955
20204,0,0.365750222391818
20205,1,0.44241420479873006
20206,0,0.36089610725624033
20207,1,0.37386847027403375
20208,0,0.4365501386934297
20209,0,0.7680819063613936
20210,0,0.6081286316323858
20211,0,0.4071247728949458
20212,0,0.2504252272442792
20213,0,0.21784185507085116
20214,1,0.4757800741592083
20215,0,0.325161681713285
20216,1,0.7091909621063567
20217,0,0.24307086295521685
20218,0,0.10432320782800777
20219,1,0.6796186768896095
20220,0,0.14491455459699834
20221,0,0.22621244936944215
20222,0,0.27909969057812684
20223,0,0.8200512379191128
20224,0,0.346180038496246
20225,0,0.19890235945899407
20226,0,0.3178083365982616
20227,0,0.44188609297550263
20228,0,0.2189501926288515
20229,1,0.8912800214045822
20230,1,0.4527695197209596
20231,0,0.11633897993237045
20232,0,0.23869581231126094
20233,0,0.38620512330845796
20234,0,0.3101387283987995
20235,0,0.18814453752414717
20236,0,0.6457563319198001
20237,0,0.36786054405812846
20238,0,0.39430728808027077
20239,0,0.07447649751016032
20240,0,0.38357227706394076
20241,1,0.666758962871599
20242,0,0.30205824727197855
20243,0,0.6511957867243341
20244,0,0.34931052098008947
20245,1,0.7236633770126878
20246,1,0.7192185548675912
20247,1,0.8722358996850106
20248,0,0.16365272659558108
20249,1,0.8448176800609403
20250,0,0.24570092085479073
20251,1,0.6739353313364356
20252,0,0.6044643400269405
20253,0,0.31029681931063297
20254,0,0.18716756406710186
20255,0,0.1496290047486366
20256,0,0.26626627313746015
20257,0,0.31214926978328456
20258,1,0.8484935920586889
20259,0,0.19320464571098767
20260,1,0.5114084153561699
20261,0,0.5221382760642207
20262,0,0.2792025819817097
20263,1,0.39991055643196005
20264,0,0.29525032391064465
20265,1,0.4414515426190362
20266,0,0.12800476408691125
20267,0,0.3659764529557962
20268,1,0.7288846808144018
20269,0,0.12648459105409635
20270,0,0.6407187510272923
20271,0,0.28769700997998454
20272,0,0.48056783355268257
20273,0,0.46911395880383433
20274,0,0.18784885166239867
20275,1,0.4169889284998905
20276,0,0.2552691487427139
20277,0,0.3501177923918219
20278,0,0.39217331844920045
20279,1,0.6635110938987485
20280,0,0.3664851751906771
20281,1,0.7765695307002907
20282,0,0.329243162520977
20283,0,0.3246779678165075
20284,0,0.6946389991155516
20285,0,0.3146181487186227
20286,0,0.29365245229489806
20287,0,0.4298747806069626
20288,0,0.3316371639045659
20289,0,0.40047396171641547
20290,0,0.45589492063194953
20291,0,0.2350411120089262
20292,0,0.4602310406445245
20293,0,0.2830028598556207
20294,0,0.2796698339032592
20295,0,0.8001907466118674
20296,0,0.19800443945967017
20297,0,0.23958994766608485
20298,0,0.5856986038776256
20299,0,0.31453564638399134
20300,0,0.6557825463634288
20301,0,0.43983027700321853
20302,1,0.43679865600231893
20303,1,0.9270108375181034
20304,0,0.41102332711551076
20305,0,0.8144008499504358
20306,0,0.46345835468631646
20307,1,0.7719108783621587
20308,1,0.8069479405188068
20309,0,0.16857106124832907
20310,0,0.4771533966073104
20311,0,0.384555556772167
20312,1,0.7309371826723547
20313,0,0.11313571548846879
20314,0,0.1704838589242074
20315,1,0.8271597745176191
20316,0,0.5827786729758786
20317,0,0.3633127362139432
20318,0,0.4343186569408541
20319,1,0.5745982301982202
20320,1,0.39754474966683184
20321,0,0.4652569507927404
20322,1,0.8451420885892651
20323,1,0.49327444281542937
20324,0,0.28738811040688345
20325,1,0.45471181068663485
20326,0,0.17061402448840507
20327,0,0.3354680889354399
20328,0,0.2293013384898483
20329,1,0.49972341232971756
20330,0,0.23786688132428244
20331,0,0.17416645998258626
20332,0,0.1595878863736252
20333,0,0.22813791238973394
20334,0,0.3928777193429106
20335,0,0.4022252253250807
20336,0,0.18421905127807903
20337,0,0.2868858231126787
20338,1,0.17586680559903545
20339,0,0.2997751598647271
20340,1,0.4164821122488144
20341,1,0.5618638877145876
20342,1,0.544758482062978
20343,0,0.6087309298487154
20344,0,0.17853916599500377
20345,0,0.2624598285954764
20346,0,0.4533205883059817
20347,0,0.4561888977610794
20348,0,0.32459051810440104
20349,0,0.2175468452772253
20350,0,0.11417483202570342
20351,0,0.7866280865010197
20352,0,0.2875052836304295
20353,0,0.1938895876697534
20354,0,0.29313705104562526
20355,1,0.7019023607260207
20356,0,0.697606788311758
20357,0,0.18472622382679318
20358,0,0.32974528229486855
20359,0,0.2424704032298984
20360,0,0.8138457941416807
20361,0,0.3340238927742345
20362,0,0.30414742427743374
20363,0,0.5611938049098124
20364,0,0.5719232623359198
20365,1,0.3190691958287427
20366,1,0.7699282905623022
20367,1,0.7000647160922824
20368,0,0.2480066289695887
20369,0,0.29090218975580123
20370,1,0.6233557769343508
20371,1,0.5746272934687606
20372,1,0.86496595488456
20373,1,0.4145294522046057
20374,1,0.5405323562492493
20375,0,0.48280915421809323
20376,0,0.37849585383434553
20377,1,0.760290102435782
20378,0,0.24865993889524896
20379,0,0.2986967211737394
20380,1,0.7896102366223152
20381,0,0.5078407840569177
20382,1,0.8002289776460938
20383,0,0.44829499879002127
20384,0,0.3427058531919437
20385,0,0.6679475817832149
20386,0,0.23940382110320427
20387,1,0.8127266638056909
20388,0,0.24788414664418718
20389,0,0.3983023190858189
20390,0,0.7185420651129761
20391,0,0.15057066213695225
20392,1,0.42151504640165177
20393,0,0.8631114861174278
20394,0,0.902246628136889
20395,0,0.07504101180264688
20396,0,0.3644437898425116
20397,0,0.12044174469316421
20398,0,0.5051102202529109
20399,0,0.21875273805135645
20400,1,0.6224531802160524
20401,0,0.2582225726574963
20402,0,0.2936705549191759
20403,0,0.21513332232980845
20404,0,0.10953284977527748
20405,0,0.19590148379169595
20406,0,0.19326446806532613
20407,0,0.24215545252295229
20408,0,0.5179836920344916
20409,0,0.4622618453770806
20410,0,0.3618593413739635
20411,0,0.1406370981687576
20412,0,0.14628522400519947
20413,1,0.47331224479104866
20414,0,0.2802428258375521
20415,0,0.43771938800072874
20416,0,0.34788137512020334
20417,0,0.4449552910814786
20418,0,0.6138605395579502
20419,0,0.2553056730335359
20420,0,0.5063388154981648
20421,0,0.8575752179625097
20422,1,0.9002046676433005
20423,0,0.3041087373951293
20424,1,0.36206552025929384
20425,0,0.8682920258656515
20426,1,0.8035408476817756
20427,0,0.2842419759463609
20428,0,0.3616738359530192
20429,0,0.2823051367407683
20430,0,0.5259191015244782
20431,0,0.28672529584403694
20432,0,0.22301715375412973
20433,1,0.5130755989790252
20434,0,0.264949659560744
20435,1,0.7637438850521997
20436,0,0.1364761684304543
20437,0,0.7237249218762581
20438,1,0.4865715687768361
20439,1,0.3166227372440736
20440,0,0.16003209215135653
20441,1,0.3647611061537816
20442,0,0.46850335002378274
20443,0,0.210690432773251
20444,0,0.38988039459345
20445,1,0.7616808097270871
20446,1,0.8675941802502026
20447,0,0.3135304727988417
20448,0,0.2127178875104716
20449,0,0.32373710746896317
20450,0,0.2473228432166281
20451,0,0.24562513878603284
20452,0,0.7549127143339517
20453,0,0.22851856186124922
20454,0,0.5422043657259153
20455,0,0.12041826930675752
20456,1,0.62369958998915
20457,0,0.42214972300881826
20458,0,0.2871782261267351
20459,0,0.21171765781775687
20460,0,0.2858630860245961
20461,1,0.4457204585093024
20462,1,0.6710384290133332
20463,0,0.4709255699384528
20464,0,0.49747135067316167
20465,0,0.24381772224959897
20466,0,0.17755655639010676
20467,0,0.811959632047337
20468,1,0.8763541985356532
20469,0,0.2986164262249748
20470,0,0.09278398528785557
20471,1,0.9110966177434328
20472,0,0.7438394862104799
20473,0,0.32824882481473566
20474,0,0.44045606345217014
20475,1,0.2790244794671916
20476,0,0.38456928640452526
20477,1,0.8293926679848913
20478,1,0.8318575620937225
20479,0,0.2738445209640014
20480,1,0.8727445320412606
20481,1,0.3632307605992866
20482,1,0.6832758016912668
20483,0,0.04463490635770175
20484,0,0.18965136125828624
20485,1,0.37889124195055124
20486,0,0.26953268420927895
20487,0,0.2453388538214586
20488,0,0.36647642779794415
20489,1,0.4977300006336546
20490,1,0.6231158647470459
20491,0,0.7457798655653899
20492,0,0.18059508635580523
20493,0,0.12428188063761281
20494,0,0.3747793673311227
20495,0,0.13358578356018724
20496,0,0.27371035228537904
20497,0,0.38149822575354286
20498,0,0.7168923825874707
20499,0,0.10956250654312426
20500,0,0.698702375965037
20501,0,0.1948747578197865
20502,0,0.3309702781026973
20503,0,0.21269274970002208
20504,0,0.2735688640739955
20505,0,0.5183906317738834
20506,1,0.74647567104652
20507,0,0.5033079503391097
20508,0,0.24831973209675376
20509,1,0.502789608898544
20510,0,0.16471171395274622
20511,0,0.7153191399551284
20512,0,0.3408608974606578
20513,0,0.34366710284953284
20514,0,0.5532295348416436
20515,1,0.923647940053373
20516,0,0.1841346384533208
20517,1,0.4759867836828808
20518,0,0.08551199121899425
20519,0,0.13997145859884152
20520,0,0.3307537341215729
20521,1,0.8501137874139941
20522,0,0.5562585800734667
20523,1,0.7946805504733784
20524,0,0.30421859804409135
20525,0,0.1299528328495506
20526,0,0.14995015289221883
20527,0,0.2669311473556274
20528,0,0.4173882725647079
20529,1,0.6908820532529968
20530,1,0.28630171563274337
20531,0,0.3387987097753482
20532,0,0.49590473429312387
20533,1,0.7624912652975772
20534,0,0.8298358336903665
20535,0,0.12764146890830091
20536,0,0.21466535189070401
20537,0,0.05029185487034827
20538,0,0.1568608875128767
20539,1,0.9211107114353946
20540,0,0.3014745536946552
20541,0,0.15534985356122233
20542,0,0.2236042287068851
20543,0,0.4715060115239565
20544,0,0.6834726400445617
20545,1,0.2957415100012145
20546,0,0.1777049526555042
20547,1,0.8422387998739079
20548,0,0.2600939296797856
20549,0,0.32290171513317645
20550,0,0.11767522890999707
20551,1,0.8002928764527202
20552,0,0.3314850621388124
20553,1,0.8088790114829627
20554,1,0.483322736851916
20555,0,0.24639347553166283
20556,0,0.19927403565787802
20557,0,0.5765618947014266
20558,1,0.386907588262463
20559,0,0.21848738587639902
20560,1,0.8714923615661186
20561,0,0.2513817465225307
20562,1,0.8103831034403156
20563,1,0.7325491835450153
20564,0,0.3450808279903172
20565,0,0.6638271190590203
20566,0,0.16854765984158346
20567,0,0.3184358922577511
20568,0,0.5166753050618772
20569,0,0.6832266209239438
20570,0,0.18345107678531797
20571,0,0.4863655669385992
20572,0,0.32309685362855256
20573,1,0.45342174621726905
20574,0,0.2734320094103586
20575,0,0.22274912753337223
20576,0,0.22976122981890332
20577,1,0.5449879941477053
20578,0,0.12365094777186666
20579,0,0.33783002844139937
20580,0,0.28101270086240554
20581,0,0.22482820694827385
20582,0,0.2425354803208343
20583,1,0.40909663474738084
20584,0,0.22270645641360343
20585,1,0.6294546971877975
20586,0,0.2644067796864202
20587,0,0.5033635065701566
20588,0,0.9054502806246986
20589,0,0.27970480866454894
20590,0,0.6038660915613882
20591,0,0.09635004008230443
20592,0,0.13161928593879907
20593,0,0.4292858590842594
20594,1,0.5425073149337054
20595,0,0.41386647450087743
20596,1,0.3684483848840048
20597,0,0.38947341143707187
20598,0,0.2863032041394708
20599,0,0.23267091598720202
20600,0,0.2078439543183566
20601,1,0.4144943282528875
20602,0,0.33727364666811716
20603,0,0.16374638584439669
20604,0,0.5493905477260165
20605,1,0.5080079403246553
20606,0,0.3968243875105649
20607,0,0.05220968478569465
20608,0,0.32257645174893823
20609,0,0.267500715932499
20610,1,0.8165543074610184
20611,1,0.7299520315677739
20612,0,0.2539609995617866
20613,0,0.25301939563019704
20614,0,0.3432540173013349
20615,1,0.6290216628638238
20616,1,0.7051570907115203
20617,0,0.10428532530906258
20618,0,0.25023303592904944
20619,0,0.20943178398314072
20620,0,0.36391020059641366
20621,0,0.20337307950496292
20622,0,0.30158491829866874
20623,0,0.4126464647791019
20624,0,0.26217680953534406
20625,0,0.816490426045904
20626,1,0.6804755099555163
20627,0,0.3805179062426548
20628,0,0.41148277470700856
20629,0,0.14317667896402317
20630,0,0.17140482050974065
20631,0,0.34078433262950547
20632,0,0.16096837151420373
20633,0,0.3162295008650744
20634,0,0.3962657948209113
20635,0,0.5133179842187809
20636,0,0.4016405348401161
20637,0,0.35726325599555975
20638,1,0.3620251773754268
20639,0,0.14175532433332827
20640,0,0.28862126978529035
20641,1,0.7030118123864832
20642,0,0.07375868891080929
20643,0,0.41856355269534584
20644,0,0.636432548641782
20645,0,0.4951451914495035
20646,0,0.32189953894538165
20647,0,0.242449053885897
20648,0,0.5072723387104215
20649,0,0.19292736374333233
20650,0,0.37476656655990753
20651,0,0.31402064398377955
20652,0,0.2027267570133774
20653,0,0.23937702077769418
20654,0,0.2985151431790451
20655,0,0.5694207984556724
20656,1,0.6500014625161255
20657,1,0.6753993992177236
20658,0,0.37766329146584704
20659,0,0.8133801379989332
20660,0,0.4235105543967851
20661,0,0.12386937629223471
20662,1,0.8656088674091342
20663,0,0.4977787733264364
20664,0,0.5458568228364669
20665,0,0.23999790238757363
20666,0,0.2884005546341478
20667,0,0.43382343303573323
20668,0,0.21516201559139655
20669,0,0.3169038011174006
20670,0,0.3787324640894228
20671,0,0.1720349760196643
20672,0,0.6446547293877903
20673,1,0.8401523070479121
20674,0,0.2584786710523778
20675,0,0.2319688528730241
20676,1,0.388485454752168
20677,0,0.7268312886745198
20678,0,0.2606618941781065
20679,1,0.502965800472376
20680,0,0.11855349877082137
20681,1,0.45918206609925233
20682,0,0.2581591429954894
20683,0,0.5158132011951551
20684,1,0.8882028458794987
20685,1,0.6279059879386201
20686,0,0.6520314645151452
20687,0,0.2006227595529687
20688,1,0.2942077789526967
20689,0,0.31551359789091604
20690,0,0.08305084487294616
20691,0,0.2958636123730306
20692,0,0.28603592188592536
20693,0,0.33550636453116284
20694,1,0.5306316186330762
20695,1,0.6254781857599975
20696,1,0.5864012585146396
20697,0,0.5947526349824149
20698,1,0.909372187805621
20699,1,0.8044754624922038
20700,0,0.09262220594083287
20701,0,0.23868834346408752
20702,0,0.2309107033454153
20703,1,0.7857029505618192
20704,1,0.35973070711755006
20705,0,0.05785216084249251
20706,1,0.6519211858853089
20707,1,0.8357860788497418
20708,0,0.19392971088604366
20709,1,0.412960225412635
20710,0,0.3053914348750061
20711,0,0.6661516589259929
20712,1,0.33448635057534415
20713,0,0.13132538284416934
20714,0,0.18177041680829512
20715,0,0.08697888160697496
20716,1,0.5163502981703157
20717,0,0.35104660473345745
20718,1,0.3275220801692369
20719,0,0.26709287244114854
20720,0,0.1875145715785286
20721,0,0.7510381497767464
20722,0,0.28460714624352734
20723,0,0.11521378910211451
20724,0,0.5187645951276534
20725,1,0.8580653294495854
20726,0,0.32851067854435884
20727,1,0.8915950984202452
20728,0,0.6360429576262302
20729,1,0.404108245297872
20730,1,0.8512092463187015
20731,0,0.3625851420792754
20732,0,0.41696251811402435
20733,0,0.3158475381369319
20734,1,0.42945983207135235
20735,0,0.2600011284860468
20736,1,0.4598750344572194
20737,1,0.674342108570363
20738,0,0.40035715934381955
20739,0,0.5958288022806432
20740,1,0.8476341839962441
20741,0,0.15910421993961799
20742,1,0.5745980532952017
20743,1,0.6495724485105133
20744,0,0.32555048229259675
20745,0,0.20438884753565326
20746,0,0.6003887758254335
20747,1,0.558882119260513
20748,0,0.5068569650286335
20749,0,0.22427535422589873
20750,0,0.18580788984579327
20751,1,0.8732193538492875
20752,0,0.41666517436899236
20753,0,0.1407398095488613
20754,1,0.9095909166619671
20755,0,0.6536357953983631
20756,0,0.33579935086334595
20757,0,0.06865800204977028
20758,0,0.1082279359994541
20759,0,0.4445759295155724
20760,0,0.2282132223819503
20761,0,0.3246358680601331
20762,0,0.20017548602452861
20763,0,0.22581827063783952
20764,0,0.20060091918255984
20765,0,0.33141584189463613
20766,0,0.6980159526722705
20767,1,0.745704463421258
20768,0,0.6204104922667004
20769,1,0.6657390427023246
20770,1,0.4267671002108515
20771,0,0.3438260807562052
20772,0,0.2752249405782855
20773,0,0.23737255158416956
20774,0,0.3607154936003667
20775,0,0.30895043732265176
20776,0,0.2847830611230677
20777,0,0.09386855703116102
20778,0,0.12823962442994521
20779,0,0.14959454635310493
20780,0,0.0640574371468041
20781,1,0.7773267659410104
20782,0,0.11386125991315602
20783,1,0.3506350089385859
20784,1,0.6808166956845652
20785,1,0.48750883458265115
20786,1,0.41845290488460535
20787,0,0.22129057897146528
20788,0,0.41970523625962675
20789,0,0.1710573076234584
20790,0,0.3503239358448116
20791,0,0.2694831328771352
20792,0,0.7133420780149591
20793,0,0.18534254567460973
20794,0,0.283355260216007
20795,1,0.8518009079868368
20796,1,0.4829502026672003
20797,0,0.3657575983657132
20798,1,0.3390467705316522
20799,0,0.2869612201840411
20800,0,0.40979345009329904
20801,1,0.8340392574399595
20802,0,0.37163381894070713
20803,1,0.44412142489058853
20804,0,0.27258776631577514
20805,1,0.2107705786570186
20806,0,0.5219174199619312
20807,0,0.46899389726554075
20808,1,0.49552016807639765
20809,1,0.8278318755504914
20810,0,0.14828398271867158
20811,0,0.19786700592244733
20812,0,0.8249410189526167
20813,0,0.3886981608050174
20814,0,0.3241884627604377
20815,0,0.24035368137088786
20816,0,0.2957901077469335
20817,0,0.07383903716683131
20818,0,0.13860629277122968
20819,0,0.21429638468841378
20820,1,0.5060279779316686
20821,0,0.36180555841836687
20822,0,0.5354868822919736
20823,0,0.23412253381938694
20824,1,0.5522467883894178
20825,0,0.30182297117439244
20826,0,0.26985873372653346
20827,0,0.22937038282215283
20828,0,0.2258440638113531
20829,0,0.3219459658639625
20830,0,0.2161236025207973
20831,0,0.2821277592651864
20832,0,0.22953216384139508
20833,1,0.8492256075890375
20834,0,0.1513850239688113
20835,0,0.12361805338764156
20836,0,0.23596708300463395
20837,0,0.22226042665653
20838,1,0.7439845128345836
20839,0,0.13072720588954345
20840,1,0.8801342804960983
20841,0,0.0889319903899828
20842,0,0.228375108836605
20843,0,0.28020677134929256
20844,1,0.25643109179995255
20845,0,0.22621318350540606
20846,0,0.32131900561105886
20847,0,0.3466138360442331
20848,1,0.7952902240440437
20849,0,0.23216887465747044
20850,0,0.5297213568658805
20851,0,0.350900068677882
20852,0,0.26736681875170926
20853,1,0.4724578011375589
20854,0,0.32956390426294335
20855,0,0.35935220863245154
20856,0,0.2594473885280149
20857,0,0.38848388845300064
20858,0,0.3601290744178185
20859,0,0.21984373605816945
20860,0,0.16174829870573418
20861,0,0.21007101622096414
20862,0,0.06523686403109381
20863,0,0.4316512409556942
20864,1,0.8300731908512516
20865,1,0.4826087471324374
20866,0,0.23497380458202133
20867,0,0.18627610917910575
20868,0,0.6109084697537538
20869,1,0.3626472511234655
20870,0,0.644174014241749
20871,0,0.7357067511851503
20872,0,0.18238710667084093
20873,0,0.24677149494250103
20874,0,0.24390327952469879
20875,0,0.394898648389851
20876,1,0.2480396022137224
20877,0,0.16968281064797502
20878,0,0.6292673308088823
20879,0,0.3081581972331666
20880,0,0.22672340149459178
20881,0,0.20180862607876282
20882,0,0.251457302593396
20883,1,0.3737672628870377
20884,0,0.7402086310457483
20885,1,0.680620515677463
20886,0,0.20010041239786033
20887,0,0.5730717093575014
20888,1,0.856743634300966
20889,1,0.8482966506176501
20890,0,0.628898180333303
20891,0,0.2012726785590715
20892,1,0.5930422302810868
20893,0,0.31762952757939056
20894,0,0.4107719508885538
20895,1,0.5723440074458509
20896,0,0.3335914261083274
20897,0,0.27599470773276286
20898,1,0.29448735397343556
20899,0,0.23635659483201302
20900,0,0.06135003760535821
20901,0,0.48729902697237615
20902,0,0.2651272577972031
20903,0,0.5189839245103189
20904,0,0.1986252693624019
20905,0,0.11704476485841685
20906,0,0.41665833654325657
20907,1,0.7806461163193746
20908,0,0.12357054447662706
20909,0,0.34935401211067435
20910,0,0.4511345807172976
20911,0,0.36846330787399567
20912,1,0.7773345060986209
20913,0,0.6260885988916731
20914,0,0.7164342968367202
20915,1,0.9198122066233796
20916,0,0.46760511586799225
20917,0,0.4032768545274061
20918,0,0.41594849099799797
20919,0,0.2708088071783808
20920,0,0.36573079035096784
20921,0,0.23894519119179577
20922,1,0.6859426734325047
20923,0,0.38421475278156914
20924,0,0.4195427125563309
20925,0,0.32348036987804696
20926,0,0.1931416118559144
20927,1,0.8154415017311649
20928,0,0.15247258150132123
20929,0,0.6395138635964428
20930,0,0.5393323051088952
20931,0,0.36177699106130534
20932,0,0.8374047687475135
20933,0,0.5572834645406245
20934,0,0.1395681882796544
20935,1,0.8752105228804444
20936,0,0.3703844437775543
20937,0,0.12139398509864777
20938,1,0.8695511078214395
20939,0,0.22253628142137985
20940,0,0.19888962643183014
20941,1,0.5400113165171063
20942,0,0.3177106846282265
20943,0,0.2134886898819958
20944,0,0.53173669605365
20945,0,0.24987455987805504
20946,0,0.15762748545775052
20947,0,0.18919505603402423
20948,0,0.3468917591007802
20949,0,0.21237288845104657
20950,1,0.907841148729514
20951,0,0.05994585463787319
20952,0,0.37389949541240475
20953,0,0.8045219727698703
20954,0,0.32758177648071873
20955,0,0.27441904748375506
20956,0,0.39157421511949914
20957,0,0.3416317707232062
20958,0,0.1192760525312855
20959,0,0.29668793692443196
20960,0,0.08281605157585778
20961,0,0.22463341380770183
20962,0,0.205228417875556
20963,1,0.8494731628680608
20964,1,0.5316316359578309
20965,0,0.18803953697512668
20966,0,0.19095134662038177
20967,0,0.057991205593782465
20968,0,0.4549348646163921
20969,0,0.596439351426953
20970,1,0.5696932093434491
20971,0,0.3229515608475233
20972,0,0.3020068227393465
20973,0,0.4647343208032262
20974,0,0.2394533411135411
20975,0,0.30068550835780616
20976,0,0.0901309402795963
20977,0,0.30557556104877825
20978,1,0.7234358987089421
20979,1,0.5848739226271957
20980,0,0.2030809924191558
20981,0,0.28627111937613486
20982,0,0.29052283998446177
20983,0,0.30503466046727484
20984,0,0.7893994629639578
20985,0,0.24901694600967997
20986,0,0.19849713995934842
20987,0,0.26847822591737835
20988,0,0.19359567141454792
20989,1,0.42308280523897307
20990,1,0.42149549702342903
20991,0,0.34702019021317737
20992,0,0.05993984073014527
20993,0,0.3631181868321032
20994,0,0.33076176617255554
20995,0,0.4590275344495347
20996,0,0.2136337169639778
20997,0,0.3668495440431904
20998,0,0.42755934476520346
20999,1,0.7937234872042379
21000,0,0.22472665201537625
21001,0,0.08688210086184728
21002,1,0.6620991944531482
21003,0,0.23755275766674588
21004,1,0.8419627813278098
21005,1,0.9575173466853266
21006,1,0.616740998760247
21007,0,0.3033677425952704
21008,0,0.24092900579375212
21009,0,0.38666923497290645
21010,0,0.4569343244417632
21011,0,0.3970574360040178
21012,1,0.45753206414392183
21013,0,0.8586548382097626
21014,1,0.8148705319867926
21015,0,0.7927660692861764
21016,0,0.4969450945020082
21017,0,0.29870720937435363
21018,0,0.31467448659756736
21019,1,0.6776845853970549
21020,0,0.11777614260985252
21021,0,0.41467954187536404
21022,0,0.8275719515114852
21023,0,0.13450380006589
21024,1,0.8432918880346105
21025,0,0.3659495052217988
21026,0,0.9204670681672674
21027,0,0.3390403199537373
21028,0,0.6023699750176253
21029,0,0.4898083584755101
21030,0,0.18487591357744848
21031,1,0.645366079882632
21032,1,0.3769175414619971
21033,1,0.7002804779986265
21034,1,0.6116355659811211
21035,1,0.7737796577829311
21036,0,0.16835783514173377
21037,1,0.655788926613947
21038,1,0.8859023008528307
21039,0,0.2707361928023811
21040,0,0.12697951805991528
21041,0,0.2832782245960253
21042,0,0.1555963633922861
21043,1,0.39042477250026963
21044,0,0.20649881401731104
21045,0,0.23815775358447375
21046,0,0.1918176315693572
21047,1,0.4268002363590903
21048,1,0.6753184323491298
21049,0,0.38486024205605157
21050,1,0.4524644137084311
21051,1,0.868105729932712
21052,0,0.4672071283670663
21053,0,0.08421478846911395
21054,0,0.4155688012944146
21055,0,0.09431011217934214
21056,0,0.30797605514638915
21057,0,0.3314163345752919
21058,0,0.08175126934119761
21059,0,0.312761585837924
21060,1,0.9085607679924392
21061,0,0.310775096616957
21062,0,0.29686299803317695
21063,1,0.875609846052148
21064,0,0.5114563015959103
21065,0,0.28640356618361656
21066,1,0.8389936177137632
21067,0,0.3299080495404498
21068,0,0.20142053255927833
21069,0,0.3692071666434994
21070,0,0.29850873879493345
21071,0,0.6624705732398448
21072,0,0.5950708306710648
21073,0,0.3576701048531546
21074,0,0.4512630703533428
21075,0,0.23232124838014517
21076,1,0.6324403665222156
21077,0,0.14913793434560108
21078,0,0.9126966780223422
21079,1,0.9016922129880807
21080,0,0.5645031392902788
21081,0,0.4115016848125353
21082,0,0.4821287774668343
21083,0,0.09589922482411327
21084,0,0.39900008072584014
21085,0,0.20979362790496764
21086,1,0.46215889405223115
21087,0,0.16847311100585524
21088,0,0.4020189794065627
21089,0,0.5890563735808226
21090,0,0.10577389301907279
21091,0,0.6307414113010013
21092,1,0.9159118448206943
21093,0,0.23082398975750804
21094,0,0.15614505914886945
21095,0,0.6843073578056189
21096,0,0.3166104725625097
21097,0,0.3330473600968416
21098,0,0.6120693236938034
21099,0,0.1800121397471162
21100,0,0.33023360994088047
21101,0,0.5091931606696395
21102,0,0.7627914548615368
21103,0,0.22187528030604084
21104,0,0.3482223906342755
21105,0,0.29988631750223765
21106,0,0.39862210006893845
21107,0,0.23073126418167927
21108,0,0.5332616550388151
21109,0,0.2888664672254255
21110,0,0.28378332390506994
21111,0,0.22346659856302029
21112,0,0.3283552315247698
21113,1,0.8115098439697088
21114,0,0.13158512286072063
21115,0,0.10006059847308321
21116,0,0.3585888528571556
21117,0,0.37785231524580376
21118,0,0.1140730182617591
21119,0,0.5132262657339897
21120,1,0.6171666674639575
21121,0,0.19815109390163443
21122,0,0.77784872600609
21123,0,0.25693769717045845
21124,1,0.8239043044024322
21125,0,0.20827132105400634
21126,0,0.12093645553042404
21127,0,0.3545128180919653
21128,0,0.2602283263679054
21129,0,0.6234287631213938
21130,0,0.48230264978275295
21131,0,0.09159796118946818
21132,0,0.19599160218018066
21133,0,0.5768415223805158
21134,0,0.39792418770852384
21135,0,0.31284362507602176
21136,0,0.2675371411978885
21137,0,0.2959923774069651
21138,0,0.37397497600027996
21139,0,0.31969817483577456
21140,0,0.5444338770169521
21141,1,0.7644561622603279
21142,0,0.4892736749371679
21143,0,0.2513124087677948
21144,0,0.31019113577637564
21145,0,0.5153890236108282
21146,0,0.13273805778950717
21147,0,0.4883603029515826
21148,1,0.34057873395549704
21149,1,0.903510435234491
21150,1,0.4092103486686366
21151,0,0.8851951218272721
21152,0,0.5995424529389083
21153,0,0.3760660939654126
21154,0,0.4258319233470796
21155,0,0.21947021241461237
21156,0,0.32424940343705666
21157,1,0.8655166398133635
21158,0,0.3277534944255202
21159,0,0.30847353701605423
21160,0,0.14368257471864243
21161,0,0.49035031004036533
21162,0,0.34896477538111026
21163,0,0.3212514223486573
21164,1,0.49050365312602695
21165,0,0.32683869118164444
21166,0,0.41011802301053946
21167,0,0.4182272465584929
21168,0,0.22109208892379764
21169,1,0.61541485059465
21170,0,0.5307251309064148
21171,0,0.4477492914121726
21172,0,0.1044079949739076
21173,1,0.8419800887038658
21174,0,0.1709936442764765
21175,1,0.34632717889141745
21176,0,0.9024585310500535
21177,0,0.30238902332974776
21178,0,0.7816795703957543
21179,0,0.13740975032331007
21180,0,0.10992889048206289
21181,0,0.2572637469778725
21182,0,0.1271313625560701
21183,0,0.295849611564692
21184,1,0.5489249157548701
21185,0,0.18281711789422492
21186,1,0.4701051525538203
21187,0,0.5371757632401262
21188,0,0.10693324421611441
21189,0,0.6449567181350996
21190,0,0.7150814409021342
21191,0,0.20638558121980893
21192,1,0.4262567606770389
21193,0,0.5286941281341934
21194,0,0.29050131088263303
21195,0,0.21397690210842765
21196,1,0.39859203456997505
21197,0,0.5659686402397426
21198,0,0.31887408444861687
21199,0,0.5349148490466179
21200,0,0.6533018833098495
21201,0,0.5613481525898539
21202,0,0.2286672563753036
21203,0,0.24095444418757236
21204,0,0.23439629974648454
21205,1,0.6977124868289666
21206,0,0.48344613335484354
21207,0,0.2574419899329853
21208,0,0.39209442559836477
21209,0,0.6666204163307624
21210,0,0.22189244489010337
21211,0,0.3218455602041669
21212,0,0.14091041462757523
21213,0,0.29971560959181537
21214,0,0.2313499811999952
21215,0,0.18752702546614966
21216,0,0.26984214587922495
21217,0,0.06700229174779963
21218,0,0.39556706056154084
21219,0,0.5781158018108682
21220,0,0.49785680237566765
21221,0,0.3501190200507161
21222,0,0.21783659008556489
21223,1,0.867080798733517
21224,1,0.7325786970060922
21225,1,0.5244780804341672
21226,1,0.7816965177410254
21227,0,0.2459254884020753
21228,0,0.33887421157647074
21229,1,0.8772491047002451
21230,0,0.2724651823217834
21231,0,0.13358699974283242
21232,0,0.15358196233731947
21233,0,0.1953038031869505
21234,1,0.514421380706631
21235,0,0.3292142771590115
21236,0,0.1898702054316393
21237,0,0.19682309103911083
21238,0,0.4147606317968411
21239,0,0.6112304628037578
21240,0,0.41335009245935517
21241,0,0.2958022571365755
21242,0,0.16879808725972534
21243,0,0.8712686195172666
21244,0,0.1670089520093065
21245,0,0.4195273872375752
21246,0,0.2928373403563587
21247,0,0.10483397223755243
21248,0,0.28421679933186544
21249,0,0.3201571006192019
21250,0,0.3564080067568565
21251,1,0.6607395103657376
21252,0,0.35545258257373047
21253,1,0.4572891715289858
21254,1,0.5578658417350402
21255,0,0.24437790414120567
21256,0,0.1801909841051579
21257,1,0.5204756784533578
21258,0,0.20553736992621358
21259,0,0.42309763757296254
21260,0,0.35024090250412904
21261,0,0.535151859547119
21262,0,0.24886159321386392
21263,0,0.24634477628407692
21264,0,0.3177040622711421
21265,0,0.25018367934968777
21266,1,0.32004005039615246
21267,1,0.6169137969555193
21268,1,0.4215691194555962
21269,0,0.14849242010373054
21270,0,0.31663198053899094
21271,1,0.7435918315413126
21272,0,0.3445747109365466
21273,0,0.7035591904097716
21274,0,0.32113999240597996
21275,0,0.5475675062410115
21276,1,0.7952322065274049
21277,0,0.335603759195002
21278,1,0.9103300710861246
21279,0,0.38535318684120873
21280,0,0.32580156921320863
21281,0,0.2788497693575229
21282,0,0.24324157670254742
21283,0,0.5050663767585538
21284,0,0.3037232654691881
21285,0,0.1395458123209313
21286,0,0.4290805731144618
21287,1,0.5652831382534592
21288,0,0.16053289282445193
21289,0,0.24509048818647652
21290,1,0.6175937227217433
21291,0,0.31770892699344105
21292,1,0.8433220383146444
21293,0,0.18777150367544887
21294,0,0.19935455287544668
21295,0,0.2562671886544143
21296,0,0.3550158751171558
21297,1,0.28232360200386286
21298,0,0.14207950033249225
21299,0,0.5446525064757975
21300,1,0.9079203095270019
21301,0,0.811511536928168
21302,0,0.40392853023773784
21303,1,0.7305109166604237
21304,0,0.4810989094597547
21305,1,0.6026015620361306
21306,1,0.3751963099084347
21307,0,0.41738584504454457
21308,0,0.261431822025298
21309,0,0.8044152811345577
21310,0,0.13887452143758464
21311,0,0.38482675354962764
21312,0,0.13559886002194926
21313,1,0.8200071667240774
21314,0,0.6888589911724625
21315,0,0.3757380183617983
21316,0,0.2487209489980495
21317,0,0.1956768670634647
21318,1,0.39495100705749714
21319,0,0.4515441150373667
21320,0,0.4175909258037593
21321,0,0.1117154365917857
21322,0,0.20410261057116505
21323,0,0.2823400511520292
21324,0,0.17173739747839267
21325,0,0.21051911734809287
21326,1,0.35202124143311553
21327,0,0.1627902025599134
21328,0,0.1908021638468352
21329,0,0.45508793221742067
21330,1,0.5122517988493847
21331,0,0.13941192519991594
21332,0,0.19729232547564923
21333,0,0.21481677634227164
21334,1,0.5327758415627623
21335,0,0.3839732160619004
21336,0,0.899338418429542
21337,0,0.410327208306249
21338,0,0.10981569787194699
21339,0,0.2995310569388281
21340,1,0.8331153823271911
21341,1,0.8040762296216525
21342,0,0.3680663692692676
21343,0,0.724796927044922
21344,0,0.24083202417402336
21345,0,0.4528215713549828
21346,0,0.20828914831545653
21347,1,0.45623653121297336
21348,1,0.8531354934983824
21349,0,0.053882170688104566
21350,0,0.1255359474133077
21351,1,0.4632991612017169
21352,0,0.3448332539889408
21353,0,0.5606287154282819
21354,0,0.34507208120289073
21355,0,0.4749563713933847
21356,0,0.5428597007259991
21357,1,0.4860591021009356
21358,0,0.198273326335297
21359,0,0.34491032063702926
21360,1,0.7852599644036882
21361,1,0.5312558948424411
21362,0,0.6527636040996725
21363,0,0.2465488819864997
21364,0,0.23973733550717874
21365,0,0.36564444267219615
21366,0,0.13943797609645148
21367,1,0.37988829019569104
21368,0,0.3601297638675186
21369,0,0.40523017636959574
21370,1,0.37480514626399697
21371,1,0.43932749816150013
21372,0,0.4560540199852114
21373,0,0.3428214227960985
21374,0,0.38279490200820704
21375,0,0.38512572391057054
21376,0,0.768016333048747
21377,0,0.4243352336545227
21378,1,0.8636332951466947
21379,0,0.16518783280599045
21380,1,0.3884223487933827
21381,0,0.8188995213825216
21382,0,0.4236572235543523
21383,0,0.5059413426052253
21384,0,0.7476283483293286
21385,0,0.18022499165256242
21386,1,0.7593580004185223
21387,1,0.7178520664203526
21388,0,0.42630529162232295
21389,0,0.2709596982072568
21390,0,0.29795187368717024
21391,0,0.16206135924386034
21392,0,0.2843376487130971
21393,0,0.39722580073600156
21394,0,0.3353977770233962
21395,0,0.3828076587999332
21396,0,0.5019718002894829
21397,0,0.2193343306060079
21398,1,0.7408834145941333
21399,1,0.6540372325451311
21400,1,0.5790335729197973
21401,0,0.45991877510374024
21402,0,0.41955214799394197
21403,0,0.26461545003339426
21404,0,0.39809129549536737
21405,0,0.12510052096084684
21406,0,0.448636226499485
21407,0,0.205147329506898
21408,0,0.42325489575726993
21409,0,0.23318154159721682
21410,0,0.5111957975750873
21411,1,0.45375225557293464
21412,0,0.217678250414261
21413,0,0.5855925137625388
21414,0,0.8259706894155825
21415,0,0.4401105162428942
21416,1,0.37256151310678903
21417,0,0.26088425655152564
21418,0,0.8519792409618185
21419,1,0.4651917067600283
21420,0,0.15241507980101385
21421,0,0.231659468289179
21422,0,0.7491899927212716
21423,0,0.5486509768385706
21424,1,0.42045445602231196
21425,0,0.655375472138531
21426,0,0.3855149201325536
21427,0,0.1617352618492432
21428,0,0.051549132888011544
21429,1,0.8628788134003561
21430,0,0.5913858698497821
21431,0,0.5774085255876535
21432,0,0.304678657241003
21433,1,0.7808478252898269
21434,0,0.3543444037823095
21435,1,0.45824832646998787
21436,1,0.8404512060142484
21437,0,0.4310539463100934
21438,0,0.20759877843172972
21439,0,0.34691485215891477
21440,0,0.20797925749492482
21441,0,0.15192119292881207
21442,0,0.1638953075494913
21443,0,0.5680175477333642
21444,1,0.8074049238565323
21445,0,0.3734103657720054
21446,0,0.3208162701756224
21447,0,0.3240063143996442
21448,0,0.25211626632312767
21449,0,0.25338165696692166
21450,0,0.6782449777956535
21451,0,0.6887203189469955
21452,0,0.29087179838875676
21453,0,0.309847925041681
21454,0,0.1548185450325553
21455,0,0.2566015432847615
21456,0,0.38074000717769274
21457,0,0.10792361671456188
21458,1,0.8688257896098271
21459,0,0.4832917354939395
21460,1,0.5252874092821203
21461,0,0.39792790975223374
21462,0,0.29515252959522714
21463,1,0.8935129810091895
21464,0,0.09919386400848446
21465,0,0.167274111463485
21466,0,0.28144173225461006
21467,0,0.3283955286568548
21468,0,0.2380696147922632
21469,0,0.26781002935417936
21470,0,0.17843034164324462
21471,0,0.43089641723712724
21472,0,0.5364672202734182
21473,1,0.5916222720736041
21474,0,0.36787951655738627
21475,0,0.22925725639866065
21476,0,0.3298881411028725
21477,0,0.39057779149088795
21478,0,0.398067329609204
21479,0,0.20083089851053754
21480,0,0.3140509603932237
21481,1,0.8511594114135019
21482,0,0.30054635490385573
21483,0,0.20207580383013418
21484,0,0.48857219292359555
21485,0,0.1886176956520343
21486,0,0.28934383906444955
21487,0,0.7100666293503898
21488,0,0.1592665456949001
21489,0,0.5012781700768283
21490,0,0.5193274418907885
21491,0,0.2723817525176208
21492,1,0.48292022974824506
21493,0,0.3604391049542491
21494,1,0.8483606778757281
21495,0,0.29552641662813606
21496,1,0.8928595184321608
21497,0,0.24638759994423165
21498,0,0.3121902790603266
21499,0,0.1401335543524478
21500,0,0.19853748625955606
21501,0,0.8593218159109823
21502,1,0.9262903358338194
21503,0,0.2820939608659209
21504,0,0.2761288852256255
21505,1,0.6397269909876838
21506,0,0.25643351882316945
21507,0,0.5400245011625142
21508,0,0.33238156234663174
21509,0,0.5303434515459395
21510,0,0.14375194943001676
21511,0,0.44793883630291964
21512,0,0.2590284528228409
21513,0,0.17963240558216698
21514,0,0.29714713405256754
21515,0,0.2629124391519514
21516,1,0.6227423277110684
21517,0,0.382762184158726
21518,0,0.08778071589595277
21519,0,0.14400952130765687
21520,1,0.8024792768350963
21521,0,0.08240968841131564
21522,0,0.39169770014188443
21523,0,0.18173506958126015
21524,0,0.41478734210812535
21525,0,0.3471203257744682
21526,0,0.5077269916551478
21527,0,0.7353252640849811
21528,0,0.358499516157307
21529,0,0.24756680553111893
21530,0,0.3979193678424556
21531,0,0.16052447818431137
21532,1,0.664269416893043
21533,0,0.26420157171364295
21534,1,0.8631011449752529
21535,1,0.7320333220165502
21536,0,0.5900335781817
21537,0,0.2937571986092788
21538,0,0.25579042728534057
21539,1,0.38777846365323326
21540,0,0.1421776566207703
21541,0,0.2950307843582643
21542,0,0.21085313697747343
21543,0,0.19199881358371695
21544,1,0.8754754396546117
21545,0,0.31921676241195057
21546,0,0.38371089499678135
21547,0,0.23815059551842077
21548,0,0.2985337082945836
21549,0,0.07741969731995788
21550,1,0.8473220219660068
21551,1,0.43204498207477493
21552,1,0.7862914257024032
21553,0,0.41288021534660774
21554,1,0.39825863645346216
21555,0,0.12031069541593509
21556,0,0.2399896694407949
21557,1,0.8011501231006419
21558,0,0.21201301921607005
21559,0,0.408796910035751
21560,0,0.3027264217764249
21561,0,0.6666941720079421
21562,1,0.7812960976525215
21563,0,0.27645231119608554
21564,0,0.09789832266210718
21565,0,0.39775368507928255
21566,0,0.34696504942329814
21567,0,0.08746965513048535
21568,0,0.4248761184572003
21569,1,0.8751674786313457
21570,0,0.37524625460157673
21571,0,0.31881703989721893
21572,1,0.9146828389867054
21573,0,0.3361254912265677
21574,0,0.33858424440439344
21575,0,0.34121762557829727
21576,0,0.20567470281055578
21577,1,0.5009406478203637
21578,0,0.2576262045521658
21579,0,0.0653999491030573
21580,0,0.45888122661975345
21581,0,0.3110586737340208
21582,0,0.07017842871857755
21583,1,0.875147560502959
21584,0,0.2986991793518502
21585,0,0.16965724944228636
21586,1,0.7466099363668381
21587,0,0.4314862878791881
21588,0,0.193074015427366
21589,0,0.2762184380783596
21590,1,0.3343359012165905
21591,0,0.3903151364370076
21592,1,0.841518970224978
21593,1,0.4538462027722355
21594,0,0.26341276234063643
21595,0,0.19944768402739987
21596,0,0.5330968079823929
21597,0,0.5000236232406282
21598,0,0.14670040058802655
21599,0,0.3004774020100799
21600,0,0.4044825876390512
21601,0,0.4437902344153355
21602,0,0.3917809399913604
21603,0,0.39269677999395247
21604,0,0.31955891375630485
21605,0,0.2186873445721289
21606,0,0.2624379115882444
21607,0,0.07451905618433137
21608,1,0.6164171660583757
21609,1,0.8165708879979633
21610,1,0.9207955942105329
21611,0,0.3480511376858327
21612,1,0.5663404213417137
21613,0,0.6585354244389033
21614,0,0.36713543024919054
21615,0,0.23262232954958548
21616,0,0.5015608859439709
21617,0,0.5388214292047734
21618,0,0.5568530072929996
21619,0,0.3019974573262853
21620,1,0.3421236056557998
21621,1,0.8811477929957422
21622,0,0.11572368760696446
21623,0,0.33491729794075265
21624,1,0.4682883811590891
21625,0,0.3979991362814966
21626,0,0.23562534203378116
21627,0,0.1939843425493574
21628,0,0.18275615873837217
21629,0,0.5783640535221126
21630,0,0.433839414820728
21631,0,0.7169960673734033
21632,1,0.6419175018092751
21633,0,0.3159210183401823
21634,1,0.6832758016912668
21635,0,0.11546078030630985
21636,1,0.8849293041557764
21637,1,0.46100561176102695
21638,1,0.8394938834951258
21639,0,0.23957488902835547
21640,0,0.4160459702229851
21641,0,0.16793009100974138
21642,1,0.6916498216315812
21643,1,0.6707455619281317
21644,1,0.47589593797779206
21645,0,0.26409722005174663
21646,0,0.3075283468226344
21647,1,0.4379544672167407
21648,0,0.22807123607951948
21649,1,0.6245252941893252
21650,0,0.4596253980421907
21651,0,0.2546289441644203
21652,0,0.618890135717469
21653,1,0.6363671150168085
21654,0,0.4397879895463306
21655,0,0.343542262329142
21656,0,0.1441692390758862
21657,1,0.7851699785201611
21658,0,0.260165897466358
21659,0,0.20932488111602685
21660,0,0.3305884040385172
21661,0,0.13574856898578466
21662,1,0.43327388771270753
21663,0,0.66218859899601
21664,1,0.8860203701597176
21665,0,0.4208190568331709
21666,0,0.4472663385554299
21667,0,0.35249664374075357
21668,0,0.3430764148806434
21669,0,0.4064565301829196
21670,0,0.3658976546688077
21671,0,0.33997400885950524
21672,0,0.31553491678602136
21673,0,0.4304029962321102
21674,0,0.2771844551163592
21675,0,0.40506644724141
21676,1,0.4067257280609287
21677,1,0.7900967126865498
21678,0,0.39075274695968637
21679,0,0.7221778040963442
21680,0,0.3378106699653964
21681,0,0.3859808001123606
21682,1,0.5491169086906301
21683,0,0.24490713205589745
21684,0,0.20973420400122095
21685,1,0.8410422798699229
21686,0,0.45386698079077675
21687,0,0.160021428784537
21688,0,0.2063133059391836
21689,0,0.1790374457918811
21690,0,0.24500656120199235
21691,0,0.19888559352481608
21692,0,0.507739646801927
21693,1,0.40682655518580113
21694,0,0.3273019598688023
21695,0,0.5769036848407455
21696,0,0.2941686961890457
21697,0,0.14312515514783722
21698,1,0.754455476894971
21699,0,0.3001286504790156
21700,0,0.055192310153746746
21701,0,0.31563441433963624
21702,0,0.36848098363508297
21703,0,0.32098671372677035
21704,0,0.3683167638628314
21705,0,0.10116271921205948
21706,0,0.3301558001564886
21707,1,0.314116208267176
21708,1,0.8436060307213457
21709,1,0.7448031825001438
21710,0,0.31144865834081276
21711,0,0.6899671680258299
21712,0,0.5102504682821488
21713,0,0.29362035067476205
21714,1,0.9055557969259521
21715,0,0.14431088613560378
21716,0,0.28447171861123566
21717,0,0.8970265981534564
21718,1,0.8702621498580163
21719,0,0.36668522801371217
21720,0,0.26909629908528004
21721,0,0.3066173381678044
21722,0,0.06237045260044687
21723,0,0.3309522983013625
21724,0,0.33810133590764985
21725,0,0.28090836709549927
21726,0,0.2431375575567808
21727,0,0.19183686712267836
21728,0,0.3560439696080152
21729,0,0.07247768551016803
21730,0,0.3199888815097258
21731,0,0.4287291113627916
21732,0,0.28495983415121634
21733,1,0.545126601906353
21734,1,0.4868447671325815
21735,0,0.5979929102513022
21736,0,0.4772976618710593
21737,0,0.3411653673909991
21738,1,0.41944142038019794
21739,0,0.3422820275958134
21740,0,0.12137812419965073
21741,0,0.18581811463094444
21742,1,0.5844179459056016
21743,0,0.2846129611314116
21744,0,0.19258115333005654
21745,0,0.24624571419103333
21746,0,0.16634820490940952
21747,0,0.7795388151268928
21748,1,0.8171121174679395
21749,0,0.49986818117953513
21750,0,0.23450923077468375
21751,1,0.7118934850185924
21752,0,0.5801571888976327
21753,0,0.5801791782660864
21754,1,0.8537914032917194
21755,0,0.4631475108768251
21756,0,0.8865825636453819
21757,0,0.1867883842190451
21758,0,0.33512788871146576
21759,1,0.2943778913997048
21760,0,0.2410040658798655
21761,0,0.3569595486160936
21762,0,0.227533490638333
21763,0,0.254514418177872
21764,0,0.11829793367870227
21765,0,0.18024040874104558
21766,0,0.6042112079185749
21767,0,0.3423083061193708
21768,0,0.17386606257270223
21769,0,0.2236169132935506
21770,1,0.3648696424817461
21771,0,0.2822928264026935
21772,1,0.5925079216717672
21773,0,0.29138878770493926
21774,0,0.4964453764376278
21775,0,0.4247287865478515
21776,1,0.4405963300129991
21777,0,0.5994487331842998
21778,0,0.24261011417438216
21779,0,0.34936763300753626
21780,0,0.6497217673665945
21781,0,0.3015780092399508
21782,1,0.822049381240229
21783,0,0.14337330148510083
21784,1,0.6753646406731736
21785,0,0.3100479389188306
21786,0,0.103322768972556
21787,0,0.1283794700733537
21788,0,0.3495979061422301
21789,0,0.8155761123635227
21790,0,0.36123707591253146
21791,1,0.8700319463595444
21792,0,0.16986486093294492
21793,0,0.3299372544522721
21794,0,0.1424769535412967
21795,0,0.30713362126105176
21796,1,0.7333381264961928
21797,0,0.3438289454604935
21798,0,0.3386377720913694
21799,1,0.7181456804588281
21800,0,0.35133680565595854
21801,0,0.38108020982449
21802,0,0.47877942644309535
21803,0,0.4615459703994017
21804,1,0.34366909972905935
21805,0,0.2949460776027461
21806,0,0.31888213053299813
21807,0,0.475191576940285
21808,1,0.432140418998579
21809,0,0.19243233259139983
21810,0,0.3790015014694628
21811,0,0.3263405271020374
21812,0,0.21337082280339723
21813,0,0.343193824876722
21814,1,0.6174844586538861
21815,0,0.23952370905154174
21816,0,0.4416950985344956
21817,0,0.24763656037338702
21818,0,0.26422467614362694
21819,0,0.28463796975358824
21820,0,0.30302997849934143
21821,0,0.3275285900279731
21822,0,0.25531073053304615
21823,0,0.5312770136611585
21824,0,0.5601928443012908
21825,0,0.10731551191451977
21826,0,0.33589385134783706
21827,0,0.34293592759900204
21828,0,0.82855795116199
21829,0,0.7575208956499206
21830,0,0.5572743158726984
21831,1,0.3840318349878966
21832,0,0.24436391326232504
21833,0,0.4081539994544004
21834,1,0.8573221906002675
21835,1,0.5466137737772405
21836,0,0.3072446896153151
21837,0,0.26226783752175886
21838,1,0.44149758394877864
21839,0,0.37945568798419826
21840,0,0.19403815936471402
21841,0,0.47601351412825255
21842,0,0.4272523423140187
21843,1,0.7401103139280678
21844,0,0.8078501194548676
21845,0,0.3144629512775063
21846,0,0.20416639856265145
21847,0,0.1408528758022745
21848,0,0.3056831557982178
21849,1,0.8130216136112003
21850,0,0.2525622953650358
21851,1,0.9260365259327912
21852,0,0.32644981563272274
21853,0,0.23533400769450918
21854,0,0.22349240364086317
21855,0,0.3901479636210952
21856,0,0.2330226660877481
21857,0,0.42254213362335735
21858,0,0.3436377287437245
21859,0,0.8095331703880713
21860,0,0.3975869987060892
21861,0,0.17590469477431675
21862,0,0.6460662801457333
21863,1,0.5442468197455663
21864,0,0.17168993286908857
21865,0,0.5230703337562271
21866,0,0.3542491173567587
21867,1,0.6116793451278841
21868,0,0.7661827142843294
21869,0,0.3637805450769927
21870,0,0.411088336186796
21871,0,0.30021419925481396
21872,0,0.2610204266614958
21873,0,0.3256715248419473
21874,1,0.6522320089953014
21875,0,0.6939942895385305
21876,0,0.16059692076214038
21877,0,0.3629772541303618
21878,0,0.7680060927068838
21879,0,0.38946727419706334
21880,0,0.319409589378237
21881,0,0.41920087803906125
21882,0,0.3956259818590724
21883,1,0.831612720536873
21884,0,0.34865931170644593
21885,0,0.1583442101301583
21886,0,0.34990808177189825
21887,0,0.2452507804910712
21888,0,0.15773358972532678
21889,0,0.7708938612113877
21890,0,0.2683129025100716
21891,0,0.26906126311580114
21892,0,0.6064001097437723
21893,0,0.31597100756823643
21894,0,0.17511692002878337
21895,0,0.26435314200244275
21896,1,0.8411148723142111
21897,0,0.2221888379846204
21898,0,0.5695177820002985
21899,0,0.29997228590857977
21900,0,0.35626892335950067
21901,1,0.4436847784797548
21902,0,0.24421442481222302
21903,0,0.18830989426672665
21904,0,0.43302333156536876
21905,0,0.25569340903364074
21906,0,0.33243341467552057
21907,1,0.8609075173650593
21908,1,0.49740441288164383
21909,0,0.42578826019464294
21910,0,0.17258936091269345
21911,0,0.333923299886948
21912,1,0.4383964123851396
21913,0,0.41422582016474524
21914,0,0.6793304626076712
21915,0,0.2694853741355694
21916,1,0.6644262236953727
21917,1,0.7942266233561981
21918,1,0.5915822556948924
21919,0,0.2890979258512689
21920,0,0.09753378982776367
21921,0,0.14553433184042164
21922,0,0.37470312137243106
21923,0,0.3993722223462916
21924,0,0.36489671598725054
21925,1,0.6857165217637256
21926,1,0.4343864939059656
21927,0,0.5749003556572077
21928,0,0.21697590202010456
21929,1,0.2925930525030456
21930,0,0.22489686075611476
21931,1,0.4694434358529441
21932,0,0.5314397293303669
21933,0,0.32942982035926577
21934,0,0.4105162877678491
21935,0,0.22762417989412767
21936,1,0.7825378284244491
21937,0,0.14556709406754692
21938,1,0.4505876563556708
21939,0,0.31347778321516073
21940,0,0.25445172228597523
21941,0,0.4009795688657192
21942,0,0.3693060995847383
21943,0,0.5277113504966057
21944,0,0.22446744669977148
21945,0,0.3356475627403631
21946,0,0.2909977149538477
21947,0,0.31829124780962187
21948,1,0.7626627494032031
21949,0,0.37879479656146736
21950,1,0.4021705325901534
21951,0,0.5216675327426368
21952,1,0.37988990418671087
21953,0,0.135117039477482
21954,0,0.35908993808099643
21955,0,0.5221369360211455
21956,1,0.9060845238995441
21957,0,0.12779871989622618
21958,0,0.2889367070457698
21959,0,0.2715660525524403
21960,1,0.3540562158423941
21961,0,0.17600980096157112
21962,0,0.23089982400517084
21963,0,0.2895299383515812
21964,0,0.19074323952470365
21965,0,0.20441530386780066
21966,0,0.2645191269756085
21967,1,0.5265335521485587
21968,0,0.14976112044738601
21969,0,0.7193962712668254
21970,1,0.4359290976613524
21971,1,0.4564649330882559
21972,0,0.8317899813878639
21973,1,0.6947053525466436
21974,0,0.2642373830801991
21975,0,0.10608760526948283
21976,0,0.3238148340723776
21977,0,0.23070727015296127
21978,0,0.4011475448273732
21979,1,0.8718564406292224
21980,1,0.30153475010061387
21981,0,0.126828445207642
21982,0,0.3192159561042582
21983,0,0.35261959501824996
21984,0,0.27843309669638017
21985,1,0.9635172631930239
21986,0,0.12187406767560915
21987,1,0.6443582102950404
21988,0,0.3512283448014242
21989,0,0.1765663292060369
21990,0,0.33592789000076395
21991,0,0.6018054030649558
21992,0,0.392755326929221
21993,0,0.29511915119134713
21994,0,0.5824840740420514
21995,0,0.181104859293182
21996,0,0.8170707526968287
21997,1,0.6626744481444165
21998,0,0.343034890912836
21999,0,0.42114603611366946
22000,1,0.5661730154235372
22001,0,0.2499571494181323
22002,0,0.04613871186120456
22003,0,0.33925220068103795
22004,0,0.22015239930294464
22005,0,0.2599708358466941
22006,0,0.3956588971281045
22007,0,0.18748647896186632
22008,0,0.23631062829671168
22009,0,0.15332515358661644
22010,0,0.32144818387042906
22011,0,0.17972841584929097
22012,0,0.2453385734304198
22013,1,0.774913633783322
22014,0,0.3720736359690301
22015,1,0.5566080456655821
22016,0,0.6720139421572355
22017,0,0.36924696944351204
22018,1,0.4064209756483174
22019,1,0.7574723716789796
22020,0,0.6793887929965264
22021,0,0.41141607085348136
22022,1,0.5036951683337026
22023,1,0.8422179328858583
22024,1,0.6327211275111949
22025,0,0.690031343535116
22026,0,0.23558892886438249
22027,0,0.1898589587801981
22028,1,0.2680403201224064
22029,0,0.23008434465035127
22030,0,0.4270351564581423
22031,0,0.29510613832468463
22032,0,0.11084740030498098
22033,0,0.12576690621185593
22034,0,0.2066637176337722
22035,0,0.30163556243370526
22036,0,0.7488097456355831
22037,0,0.3974071186425082
22038,1,0.5113362628519244
22039,0,0.8160261654063021
22040,0,0.2821806955720561
22041,1,0.862738989260639
22042,0,0.34992149649362025
22043,1,0.5132259887717183
22044,1,0.25790161952486357
22045,0,0.20996122889367405
22046,1,0.8444187212671281
22047,0,0.07992564770601474
22048,0,0.17821773322612955
22049,1,0.25090176261003183
22050,1,0.44676346232332603
22051,0,0.3413833647075307
22052,1,0.47798240842154344
22053,0,0.2288122573433307
22054,1,0.8885742248792916
22055,1,0.7348971681036762
22056,0,0.5248759018177925
22057,0,0.7745525416641601
22058,1,0.8743268474522347
22059,0,0.40337056712133823
22060,0,0.13551090247717779
22061,1,0.4816023590078843
22062,0,0.2546027801378095
22063,0,0.3567363145163427
22064,0,0.6954328090691736
22065,0,0.3608124192813087
22066,0,0.5423027520165187
22067,0,0.25524666417915465
22068,1,0.43248349802423747
22069,0,0.38781923963423787
22070,1,0.6444267483373496
22071,0,0.3223483288429644
22072,0,0.2105558174557542
22073,0,0.30788513245521765
22074,0,0.23508833936559909
22075,0,0.17306330318860824
22076,1,0.8580998615929917
22077,0,0.22316453621913473
22078,1,0.6600448813204697
22079,0,0.44088871132581764
22080,0,0.4574958212619813
22081,0,0.18016570814734967
22082,0,0.2648016719192062
22083,1,0.5422126513733816
22084,0,0.14922431794016947
22085,1,0.8649530829663984
22086,0,0.15309523501344452
22087,1,0.7097494695688428
22088,0,0.3244134797164219
22089,0,0.2054177104834344
22090,0,0.22879163397682745
22091,0,0.06845270563086844
22092,0,0.4154917577077674
22093,0,0.07239630919101113
22094,0,0.22389525709988628
22095,0,0.2517347932621373
22096,0,0.35705368481103633
22097,0,0.17416641936039434
22098,1,0.4488379897312992
22099,0,0.4074590234324395
22100,1,0.5118089777060567
22101,0,0.8176048016174374
22102,0,0.31610149032502305
22103,0,0.29188926520652403
22104,0,0.2733147430429875
22105,0,0.07009293651997557
22106,0,0.3827979791383582
22107,0,0.24690274293664716
22108,0,0.2934369442036015
22109,0,0.1744228694188337
22110,0,0.2455592874211073
22111,0,0.3313203551041425
22112,1,0.7234198509064775
22113,0,0.3802708657678571
22114,0,0.27122551812578294
22115,1,0.8394453681860936
22116,0,0.40420517421156404
22117,0,0.3962088843588131
22118,0,0.388575953305689
22119,0,0.5575108066068304
22120,1,0.6669599929310478
22121,1,0.6298390756866277
22122,1,0.6142637385020966
22123,0,0.31256992531849165
22124,1,0.5419810973691754
22125,0,0.16872319040002004
22126,1,0.9165796457183286
22127,0,0.6839978639859285
22128,1,0.46552551169230744
22129,0,0.6369667103821911
22130,0,0.20173198159726197
22131,0,0.4662381492733359
22132,0,0.39209262323281896
22133,0,0.20808987336928633
22134,0,0.21116154160490658
22135,0,0.10592856959647397
22136,1,0.8984504777803618
22137,1,0.43697835276578734
22138,0,0.601781636113737
22139,0,0.3329854222970782
22140,0,0.26429653251949325
22141,0,0.33027227472061793
22142,0,0.340509429061484
22143,1,0.8981478357176619
22144,1,0.4014040902958231
22145,0,0.33733883603860354
22146,1,0.8470096218617852
22147,0,0.5870196472238427
22148,0,0.5208898607343707
22149,1,0.7576675260702893
22150,0,0.6774219072005906
22151,0,0.15650832939033613
22152,0,0.4754822781639494
22153,0,0.4838082506944235
22154,0,0.20810459527465622
22155,0,0.7285880412354347
22156,0,0.5545936105051283
22157,0,0.2832690397209863
22158,0,0.18265580824803976
22159,0,0.23412642708246653
22160,0,0.2581673458488797
22161,0,0.27039144459847386
22162,0,0.2812172673271707
22163,0,0.1378134629962025
22164,0,0.43216362454048074
22165,0,0.2215345269566811
22166,0,0.26820859453067103
22167,0,0.4580256090696719
22168,0,0.33224950396369124
22169,0,0.4247019863679583
22170,0,0.42935072338033886
22171,0,0.1438123450513573
22172,0,0.5205719493714799
22173,0,0.30591087641273684
22174,0,0.12522925253010322
22175,0,0.40992804262173854
22176,1,0.9004600366439907
22177,0,0.2549811769994259
22178,0,0.35809921325449906
22179,1,0.35743477449921846
22180,0,0.2647219475191521
22181,0,0.40066894190124475
22182,0,0.14674724110115878
22183,0,0.19258643129773495
22184,1,0.7896085029790241
22185,1,0.5262343407180297
22186,1,0.8521954721176218
22187,0,0.24111081169501056
22188,0,0.541170009977315
22189,0,0.3378282490256128
22190,1,0.43516388574115034
22191,0,0.37839525408550306
22192,0,0.11077447230372994
22193,0,0.6577546121358617
22194,0,0.4151735864098772
22195,0,0.33574148240576934
22196,0,0.35382558518319107
22197,0,0.5985146779383822
22198,0,0.1430428111793438
22199,0,0.2814085335612668
22200,0,0.4336568573937191
22201,0,0.23614048277673536
22202,0,0.2332276399781142
22203,0,0.35696975015899857
22204,0,0.41985676065361976
22205,0,0.41424608727892476
22206,0,0.8196049231028923
22207,0,0.39447596604972707
22208,0,0.08296018283751519
22209,1,0.8510906667781762
22210,0,0.41933183971512866
22211,0,0.13249810486530156
22212,0,0.5679473564683475
22213,1,0.43055258126374063
22214,1,0.7873849074748429
22215,0,0.45370652307274456
22216,0,0.2893495167786269
22217,0,0.6604701099675812
22218,0,0.2546827659694473
22219,0,0.21731391576918457
22220,0,0.132025219679821
22221,1,0.5041296622020047
22222,0,0.09503980090192465
22223,1,0.8252770949960015
22224,0,0.572075654238312
22225,0,0.3320666194481674
22226,1,0.815090352087448
22227,0,0.565203249581409
22228,0,0.28950317873433745
22229,1,0.8940228891143925
22230,1,0.8801639140345876
22231,0,0.28906722837042936
22232,0,0.3547111770884759
22233,1,0.44271449499445387
22234,0,0.8345034210360694
22235,0,0.1824663436064778
22236,1,0.8791716014899248
22237,0,0.3556652033803783
22238,1,0.4375344971261439
22239,0,0.4496023414964723
22240,0,0.15494884284183613
22241,0,0.38624180964384897
22242,0,0.34518701986895595
22243,0,0.19393937141627515
22244,0,0.15579164120708908
22245,0,0.1256082217633536
22246,0,0.14681967829759646
22247,0,0.3760878962032014
22248,0,0.2503378628399341
22249,0,0.15685457919013987
22250,0,0.7284140832622397
22251,0,0.4292490320178826
22252,0,0.24258576900933967
22253,0,0.22229580883566913
22254,1,0.24996868687262425
22255,1,0.2355067705659738
22256,1,0.648566880833147
22257,1,0.9172070439224684
22258,0,0.5500340791335856
22259,0,0.23105138862152855
22260,0,0.3612439510872186
22261,0,0.35323879400677427
22262,0,0.7660210486089425
22263,0,0.15208405595770283
22264,0,0.1471414907981556
22265,0,0.268887632613011
22266,1,0.515083709887877
22267,0,0.6975231094753973
22268,0,0.5412000100724209
22269,0,0.21685037653524555
22270,1,0.8379478283787772
22271,0,0.29149468339724754
22272,0,0.14870497348222597
22273,0,0.47993892455230763
22274,0,0.4456803331712676
22275,0,0.40003339094341983
22276,0,0.11535689718410927
22277,0,0.3505890681533909
22278,0,0.743404756445476
22279,0,0.32463784256555717
22280,0,0.16088423596788715
22281,0,0.8739878473062755
22282,0,0.2773120100403902
22283,0,0.14619783389430893
22284,0,0.2313922289931618
22285,1,0.48485356793928136
22286,1,0.7059650043048338
22287,0,0.0903065395775327
22288,0,0.1477272770611135
22289,0,0.23230544500667147
22290,1,0.6608704904132214
22291,1,0.34544857222779873
22292,1,0.8106357968405813
22293,0,0.24644768794874541
22294,0,0.2552008975939546
22295,0,0.4800695174511681
22296,0,0.2773663347624706
22297,0,0.21128806468158776
22298,0,0.27032955984081025
22299,1,0.4151539058467518
22300,0,0.24187024877822533
22301,0,0.15138863413403317
22302,0,0.32356973830962477
22303,0,0.08819243818888692
22304,0,0.14111932726957646
22305,0,0.44756421670140173
22306,0,0.08780971108563163
22307,0,0.8444241856449106
22308,1,0.6751989455131279
22309,1,0.48745732000489816
22310,1,0.5171032443604545
22311,0,0.8120552297890583
22312,0,0.33327171627063107
22313,0,0.4417100486072917
22314,0,0.3499616304546468
22315,1,0.8165087331422007
22316,0,0.42105994756294834
22317,0,0.6713866724357901
22318,0,0.3190755433611314
22319,0,0.18537146132218496
22320,0,0.16664852979647057
22321,0,0.14728141136894002
22322,0,0.1917326405959646
22323,1,0.39898002739038885
22324,0,0.2764077844014165
22325,0,0.22795031600094823
22326,0,0.08757116042444325
22327,0,0.6428976246280694
22328,0,0.46621910145114387
22329,0,0.34298209308745425
22330,0,0.2833894036459437
22331,1,0.4744875348347026
22332,0,0.3107739618534846
22333,1,0.37093653635687013
22334,0,0.27634596624204943
22335,0,0.3137291193959615
22336,0,0.36774216260935694
22337,0,0.24317152333310463
22338,0,0.24638773176657064
22339,0,0.340710666143193
22340,0,0.09808345964318475
22341,0,0.29983149197951653
22342,0,0.31991170068858493
22343,0,0.5580237296652744
22344,0,0.14257449341682552
22345,0,0.283191979873414
22346,0,0.8867855011679281
22347,0,0.46667540791562745
22348,0,0.4456387434629299
22349,1,0.43606238383366575
22350,0,0.26434786371274893
22351,0,0.3863052644109398
22352,0,0.41906522289648984
22353,0,0.14962099627933706
22354,0,0.6505731178411126
22355,0,0.19805238716419724
22356,1,0.4589876533185579
22357,0,0.22740879591883462
22358,1,0.3509401116692112
22359,0,0.18418496544419502
22360,0,0.317895757945618
22361,0,0.10774238605822653
22362,0,0.25145360644054654
22363,0,0.32022567922087475
22364,0,0.19482275454289497
22365,1,0.47106815331869223
22366,0,0.06353866728635675
22367,0,0.7992365537815137
22368,0,0.27752322067107515
22369,0,0.3386178015429468
22370,0,0.14692339120895911
22371,1,0.8141434836466205
22372,0,0.41835998496789956
22373,0,0.09326661566650046
22374,1,0.6577763299058167
22375,0,0.5828524617317226
22376,1,0.6609704389466353
22377,0,0.2193395560346419
22378,0,0.19432715689679053
22379,0,0.5333032779304276
22380,0,0.2037466251244987
22381,0,0.28598969054832457
22382,0,0.26945319671501317
22383,1,0.3738311816733642
22384,1,0.919119672351252
22385,0,0.2596642717703694
22386,0,0.0834657645537907
22387,0,0.7977189601563738
22388,0,0.37863141027251634
22389,1,0.437959777978672
22390,0,0.40854093800483865
22391,0,0.2699441807122417
22392,0,0.5665827006337406
22393,0,0.11152796442674996
22394,1,0.8486709036307762
22395,0,0.22839135124141946
22396,0,0.25463138541940233
22397,0,0.3125007592824799
22398,0,0.16950704412124726
22399,0,0.19215992421452657
22400,0,0.3664993370535812
22401,1,0.7995542855487954
22402,0,0.46817624577958666
22403,0,0.500417136033414
22404,0,0.3497343501346185
22405,0,0.5643665839486703
22406,0,0.36669086051952876
22407,0,0.15380548224589677
22408,0,0.6962818938837776
22409,0,0.35126314078046855
22410,0,0.09433399157018353
22411,0,0.19747871792207
22412,0,0.2351527771702253
22413,0,0.23314305177235894
22414,0,0.1226053192156002
22415,0,0.15208170989291556
22416,0,0.30052867348849194
22417,1,0.7632454323222874
22418,1,0.5060309637287177
22419,1,0.7375674498494224
22420,0,0.41955787582806187
22421,0,0.17344011563254275
22422,0,0.42314304101306616
22423,0,0.35685652309442845
22424,0,0.4853186024920084
22425,0,0.42004814732644485
22426,1,0.7854193661831341
22427,0,0.22380273778176327
22428,0,0.22755983126786106
22429,0,0.10707307336114555
22430,1,0.8500481909902393
22431,0,0.2612834134328419
22432,1,0.6673262428072745
22433,1,0.8207254894757976
22434,0,0.44010981558535506
22435,0,0.24675090331551433
22436,0,0.3690635858320869
22437,0,0.3192758525200476
22438,0,0.24110552483545003
22439,0,0.225708855192141
22440,0,0.29289234625899496
22441,1,0.26268122259847165
22442,0,0.46534560856712504
22443,0,0.5525600842221743
22444,1,0.8656508072432788
22445,0,0.32615672617904246
22446,0,0.4926262194836405
22447,0,0.31213637094423485
22448,0,0.1710770862371958
22449,0,0.638496357590452
22450,1,0.5935984814943484
22451,1,0.8293738707630635
22452,0,0.2012255289557495
22453,0,0.44763114245765545
22454,0,0.514737617463119
22455,1,0.7930417067037845
22456,0,0.25191397682407424
22457,0,0.08791082403623372
22458,0,0.24571322718948008
22459,0,0.8717660871734805
22460,0,0.18264841160417672
22461,0,0.27988355615819516
22462,1,0.8760454186709677
22463,0,0.38056959552723696
22464,0,0.24415026143942775
22465,0,0.35959369208313163
22466,0,0.10745772604615521
22467,0,0.2659696711096662
22468,1,0.27909284383023325
22469,0,0.3097072407079919
22470,0,0.3988886596309461
22471,0,0.17172324746834947
22472,0,0.45090599939691556
22473,0,0.26536199816330297
22474,0,0.4595450820105866
22475,0,0.4146336307696686
22476,0,0.41372688477577285
22477,0,0.5553107835975912
22478,1,0.36806930614978006
22479,0,0.41585017018078924
22480,0,0.25394380052382715
22481,1,0.43537843912740615
22482,1,0.9166318787969654
22483,0,0.33117797812000593
22484,0,0.3053250503756671
22485,0,0.11480987188134045
22486,0,0.10070497737950312
22487,0,0.3360091856468631
22488,0,0.29460667348950675
22489,0,0.2740215005158539
22490,0,0.21722850625172063
22491,0,0.49991561792564426
22492,1,0.7015968246758929
22493,1,0.2959261061601916
22494,0,0.1972244032925601
22495,0,0.4272732688242399
22496,1,0.9516472407209825
22497,0,0.1496092135255972
22498,0,0.36712935868984947
22499,1,0.4237452223837965
22500,0,0.06465841987484275
22501,0,0.41521012763696113
22502,0,0.41466939246822876
22503,0,0.21560119787115117
22504,0,0.171886093804529
22505,0,0.23185907108325313
22506,0,0.390894742933014
22507,1,0.6974547232728373
22508,0,0.2803400429961576
22509,1,0.616740998760247
22510,0,0.10193324354881911
22511,0,0.29911106613624727
22512,0,0.11410993211746018
22513,0,0.2756081309222844
22514,1,0.8695311586945407
22515,0,0.2053516541638694
22516,0,0.18873812820266778
22517,1,0.9133097244816267
22518,0,0.3748788564728266
22519,0,0.12306346558813695
22520,1,0.8122572851460439
22521,1,0.4931198271357411
22522,1,0.35836343765776263
22523,1,0.8541081673524589
22524,0,0.39571240453156237
22525,1,0.48612880300706585
22526,0,0.20315357443102816
22527,0,0.27122491167640056
22528,0,0.44420494509403924
22529,0,0.3590741005043509
22530,0,0.36341061027685456
22531,0,0.28955769989189906
22532,0,0.6899336449473604
22533,0,0.56183233875487
22534,0,0.3022960915419958
22535,1,0.8518605523874053
22536,0,0.23034013980990045
22537,0,0.8920151216587427
22538,0,0.35613813075451917
22539,0,0.4777010648569629
22540,1,0.6256577822389644
22541,0,0.33333056983112086
22542,0,0.32812132300300456
22543,1,0.838825755800234
22544,0,0.31416230433187875
22545,0,0.3732521107087102
22546,0,0.6933326801719188
22547,0,0.22769510994100062
22548,0,0.14720103474535484
22549,0,0.10757226339662344
22550,0,0.13283936971527222
22551,0,0.32279896011937
22552,0,0.14830842344124093
22553,0,0.10536477662385592
22554,0,0.664257797516575
22555,0,0.26463470087154317
22556,0,0.3862225399619251
22557,1,0.8174083900935475
22558,0,0.134003406797054
22559,0,0.06868712536206391
22560,0,0.19158046139894747
22561,0,0.3051681570516746
22562,0,0.2033932317127344
22563,0,0.8349843538736994
22564,0,0.3572337260123101
22565,1,0.43335237519727093
22566,0,0.16840225678067985
22567,0,0.3807047183663709
22568,0,0.3136195852516974
22569,0,0.6113609515122238
22570,0,0.23481561903982864
22571,0,0.34717017260360195
22572,0,0.8140971948869838
22573,0,0.0727840979735829
22574,0,0.36235935420199433
22575,0,0.19244126165472847
22576,0,0.85271162442527
22577,0,0.32332623837851143
22578,0,0.2577738128138589
22579,0,0.12820693283014598
22580,0,0.19325275881551846
22581,1,0.5183930473935425
22582,0,0.6205536634451557
22583,0,0.17440507640769196
22584,0,0.09006981163312525
22585,1,0.8641609631225927
22586,0,0.3558448044302328
22587,0,0.34289108434567106
22588,1,0.5670204361794942
22589,0,0.24001207713277517
22590,0,0.28301614388859647
22591,0,0.6949531867224317
22592,0,0.5657251600134628
22593,1,0.738753948466146
22594,0,0.38299080906480326
22595,0,0.34979178540988287
22596,0,0.16540170954853595
22597,0,0.8290481408723803
22598,0,0.3092079965347837
22599,1,0.498026920158727
22600,1,0.3969793374998567
22601,0,0.5973468601093104
22602,0,0.22633351853513314
22603,0,0.3359943798262763
22604,0,0.12886383154297595
22605,0,0.07112067449429513
22606,0,0.8213537467173525
22607,0,0.3589435865257902
22608,1,0.45442877972603
22609,0,0.7280941692548243
22610,0,0.3533797707981129
22611,1,0.4200049377114789
22612,0,0.32397914159142727
22613,1,0.5890270415573648
22614,0,0.31976334072536666
22615,1,0.8053490801173879
22616,0,0.37279909938809963
22617,0,0.26018551664854894
22618,1,0.7906189973001386
22619,0,0.07061534149493319
22620,1,0.9026314347030567
22621,0,0.2964885231041824
22622,1,0.3517468942434334
22623,0,0.5194407725582268
22624,0,0.23004043281584433
22625,0,0.24268179835260364
22626,0,0.29256419365188174
22627,0,0.2422133757410655
22628,1,0.5601358542201442
22629,1,0.8873978458049732
22630,1,0.2673317659773798
22631,1,0.7874927602293134
22632,1,0.4127808090667886
22633,0,0.8399086654730074
22634,0,0.24254393440515007
22635,0,0.15393993097266395
22636,1,0.9318290469867913
22637,0,0.16455011514974374
22638,0,0.30477485124462983
22639,0,0.5480428838322476
22640,0,0.17364358829242588
22641,1,0.6431644398799016
22642,1,0.4664656085477488
22643,0,0.7864428671266468
22644,1,0.439740923329348
22645,0,0.2301495136148352
22646,0,0.22988997999378824
22647,0,0.7679045727771936
22648,0,0.3454554119276601
22649,0,0.43971183138388065
22650,1,0.7330800718276191
22651,0,0.4466491984328455
22652,0,0.5874625606940583
22653,0,0.6800719940467052
22654,0,0.6432943955585152
22655,1,0.3354393704483123
22656,1,0.5400817154721991
22657,0,0.5134797088116744
22658,0,0.1658735070137548
22659,1,0.757025793481617
22660,0,0.4699211004854338
22661,0,0.34653017875578873
22662,0,0.3282311697311351
22663,1,0.8523321706033197
22664,0,0.2691363148641834
22665,1,0.5246718535788559
22666,1,0.8301133515256837
22667,1,0.8757359978995304
22668,0,0.09421851312443379
22669,0,0.24385154521220986
22670,0,0.3904598827366908
22671,0,0.13704812086503546
22672,0,0.2155161654076068
22673,0,0.11774017935910215
22674,0,0.4647143348495088
22675,0,0.12802569074790415
22676,1,0.49349727519767866
22677,0,0.2689414576424731
22678,1,0.651169339668354
22679,0,0.2370179898766066
22680,0,0.37588709762743067
22681,0,0.20500904292173838
22682,0,0.10361959006768658
22683,1,0.8131260044303507
22684,0,0.41673871177542293
22685,0,0.46598003578565816
22686,0,0.058583529026775244
22687,0,0.283464105599626
22688,0,0.2317708545741333
22689,1,0.8540956273036094
22690,0,0.6201009854218789
22691,0,0.24886287634080084
22692,0,0.1893123503041611
22693,0,0.1903819629642095
22694,0,0.3522201010014186
22695,0,0.578893854293675
22696,0,0.7380655691830031
22697,0,0.22302267559078134
22698,0,0.5922785826580317
22699,1,0.3642965021443807
22700,0,0.22023978041614517
22701,0,0.7066224963939667
22702,0,0.1250905422968452
22703,0,0.30170324223037076
22704,0,0.19652943712787443
22705,0,0.16285429169907506
22706,0,0.29523557183703586
22707,0,0.36632200197349546
22708,0,0.3741744235346134
22709,0,0.269794392893256
22710,0,0.4562043136292603
22711,0,0.2338485258504223
22712,0,0.12721354741066007
22713,0,0.2646293923181102
22714,0,0.38006686124139455
22715,0,0.29167328626767675
22716,0,0.14965112510649722
22717,1,0.39232769627623043
22718,0,0.2851362557426041
22719,1,0.5385008449588691
22720,0,0.49345241552894314
22721,1,0.9082038972919599
22722,1,0.3949488714628804
22723,0,0.16885647772485815
22724,0,0.2624355664488534
22725,0,0.13989301088108871
22726,0,0.3290859353104475
22727,1,0.3735385776773803
22728,0,0.26653773869994374
22729,0,0.29102147735767814
22730,0,0.6218674661444765
22731,1,0.44052616136583805
22732,0,0.44706364313737734
22733,0,0.15760842700338798
22734,0,0.35371461414738525
22735,0,0.14385666043830997
22736,0,0.2372607095302247
22737,1,0.6332293705706664
22738,0,0.3941320242551088
22739,0,0.5863014126314012
22740,0,0.19319785581321064
22741,0,0.4024848665141537
22742,1,0.39087355034028887
22743,0,0.42013477062238314
22744,0,0.1895556154948565
22745,0,0.42801927443566484
22746,0,0.31871155346271385
22747,1,0.6587949435536392
22748,0,0.3014489469778637
22749,1,0.7716681276934785
22750,1,0.5560499385171833
22751,1,0.8444058895046621
22752,0,0.46923394728248974
22753,0,0.37325579997700203
22754,0,0.8381679484984522
22755,0,0.7450247618147335
22756,0,0.2747942990095972
22757,0,0.2478779888860986
22758,0,0.18095540005484448
22759,1,0.3297931017319766
22760,1,0.8303018224951001
22761,0,0.08919085406191156
22762,0,0.4436368132008369
22763,0,0.23509384880558964
22764,0,0.3687009262937494
22765,0,0.2789234633413654
22766,0,0.10266576067473142
22767,0,0.2749797687450673
22768,0,0.6195396584708877
22769,0,0.3084525027200746
22770,0,0.39237589626746106
22771,1,0.41379297632110246
22772,0,0.18463878165647582
22773,1,0.36001064504338814
22774,1,0.5978868674326708
22775,0,0.6108662042704907
22776,1,0.4488032906386016
22777,0,0.19895027931355627
22778,0,0.05360046987744618
22779,1,0.6875714647880801
22780,0,0.3447009422287523
22781,0,0.19259960840873316
22782,0,0.4698859918054659
22783,0,0.17633315158242815
22784,0,0.3054119949326817
22785,0,0.16538532382543272
22786,0,0.13169332008082765
22787,0,0.28100915786104325
22788,0,0.3139461420725595
22789,0,0.31251527967153514
22790,0,0.4129433967593109
22791,0,0.21638745348266059
22792,1,0.9208149789653277
22793,0,0.21292697805071523
22794,1,0.47498992244226707
22795,1,0.3800248880386106
22796,0,0.29446241682441104
22797,0,0.1960886791628489
22798,1,0.7728350553378678
22799,0,0.314607973251161
22800,0,0.10600939249084673
22801,1,0.6557161742153766
22802,0,0.422217227094027
22803,0,0.3782289341077803
22804,1,0.649595116273061
22805,1,0.853863587903551
22806,0,0.23613516441858798
22807,0,0.2647032309609054
22808,0,0.10786393944096526
22809,0,0.0689288783591678
22810,1,0.5500012213779266
22811,0,0.19800055040054576
22812,1,0.9218895199199549
22813,0,0.36581574287641194
22814,0,0.22906099124222268
22815,0,0.8584309807425402
22816,0,0.36794128474533344
22817,0,0.2904246891821959
22818,0,0.28498128501203135
22819,0,0.45982046530535553
22820,0,0.2974055186531266
22821,1,0.8527170927655027
22822,1,0.9166923562086862
22823,0,0.2752015087447224
22824,0,0.12739951052329596
22825,0,0.3051135265785302
22826,1,0.5969025079591801
22827,0,0.36541679603512334
22828,1,0.8552768325529216
22829,1,0.42563205834465273
22830,1,0.9278351432978695
22831,0,0.17451466916616337
22832,0,0.2195563568159611
22833,0,0.15994833779473008
22834,1,0.6050009706359849
22835,0,0.2907924333276833
22836,1,0.49614871575312286
22837,0,0.3042373397748511
22838,0,0.21860703439574244
22839,0,0.28700848548909585
22840,0,0.15145382726734694
22841,0,0.4526316247559112
22842,0,0.08953263506058079
22843,0,0.09547678835438848
22844,0,0.5227756191275134
22845,0,0.1376134575052802
22846,0,0.35060858525600463
22847,1,0.8326836003534689
22848,0,0.34098625158005774
22849,1,0.9525735477781777
22850,0,0.2244459088154096
22851,0,0.26150602909103665
22852,0,0.38048937768096835
22853,0,0.33295448581096226
22854,0,0.41372816933476275
22855,0,0.3827405079088533
22856,0,0.32277929090972024
22857,0,0.3137296390881647
22858,0,0.5258864802399639
22859,0,0.2527880573600913
22860,1,0.3732454071752636
22861,1,0.7968903038672476
22862,0,0.1894661974125535
22863,0,0.11737312242285133
22864,0,0.19752487585933032
22865,0,0.46022021113880635
22866,0,0.0644585989881019
22867,0,0.23004247917912068
22868,0,0.208112363891515
22869,0,0.19295411800517734
22870,0,0.21172583575083773
22871,1,0.7617221667809136
22872,0,0.2460820702647613
22873,0,0.20604823403203473
22874,1,0.7650615633360001
22875,0,0.12245338004896192
22876,1,0.2929616468131224
22877,0,0.2600540177398863
22878,0,0.12581063228478917
22879,0,0.36722233568427826
22880,1,0.7571519061356993
22881,0,0.8310278638432144
22882,0,0.3825090565816348
22883,1,0.5568814520846801
22884,0,0.2867797576912508
22885,0,0.3135202362694075
22886,1,0.6407819715584402
22887,0,0.1325564351117899
22888,1,0.5739074385862273
22889,0,0.18723991161455758
22890,0,0.3207722119047871
22891,0,0.4036987523841165
22892,0,0.33055518917214594
22893,0,0.15058679961136717
22894,0,0.2991221006821533
22895,1,0.8192132254288702
22896,0,0.40774601766082247
22897,1,0.4516999421915466
22898,1,0.7199296664306866
22899,0,0.6724949326242954
22900,0,0.29494053010408744
22901,0,0.34997259639280076
22902,0,0.41528621796588794
22903,0,0.2873915811935268
22904,0,0.25447772947829056
22905,0,0.441408116048657
22906,0,0.20782013915652514
22907,0,0.24818189111805766
22908,0,0.32648695966527363
22909,0,0.18360691780694047
22910,0,0.31345075696640995
22911,0,0.7738366299603452
22912,0,0.3077341173147134
22913,0,0.2537141439877591
22914,0,0.5755699471789713
22915,0,0.14960519753385967
22916,0,0.39185372067977603
22917,0,0.10014281570682874
22918,0,0.5503874765832601
22919,0,0.32010046635370926
22920,0,0.7101857136739332
22921,0,0.2259357068177783
22922,0,0.2991235390569465
22923,1,0.7756659377478456
22924,0,0.5642485356874736
22925,1,0.7487011469508624
22926,0,0.47051837697733423
22927,0,0.4599636933352403
22928,1,0.44602996107166726
22929,0,0.3229013908057533
22930,0,0.2981399244569194
22931,0,0.18482277211023213
22932,0,0.17332158907733672
22933,1,0.3842334221784768
22934,0,0.3474274400667035
22935,0,0.2391291475521845
22936,0,0.2268007259116654
22937,1,0.6462617156472649
22938,0,0.24278218592194897
22939,0,0.2035555087099489
22940,0,0.6516242679558149
22941,1,0.8662064179267436
22942,0,0.16818647342948875
22943,0,0.29462848926236707
22944,0,0.32282109536479164
22945,0,0.2921986183115787
22946,0,0.21272880619747725
22947,0,0.2473021718821528
22948,0,0.3372819529648231
22949,0,0.45474041931830816
22950,1,0.7561371459153584
22951,0,0.3279349256019997
22952,0,0.35692217597612236
22953,1,0.7972135318396638
22954,0,0.3113654605423678
22955,1,0.5122722852985834
22956,0,0.1996840781781246
22957,0,0.5464977014854807
22958,1,0.4356208167143469
22959,0,0.43882862738206896
22960,0,0.6829800774332501
22961,0,0.5769928941569608
22962,0,0.2515627446571974
22963,1,0.6153692475996828
22964,0,0.22918268511537485
22965,1,0.7748898184982157
22966,0,0.20693125518007321
22967,0,0.6599338073874357
22968,1,0.6500593383867043
22969,0,0.1684277320743745
22970,1,0.4617134142469328
22971,1,0.3109425740328398
22972,0,0.15676726258605742
22973,0,0.276151399585317
22974,0,0.5236669919233361
22975,0,0.1264904000334027
22976,0,0.6413389771642036
22977,1,0.29179776639661303
22978,0,0.23283367899773155
22979,0,0.6655070761272025
22980,0,0.7708680126754814
22981,0,0.3241157394563405
22982,0,0.4521032549349402
22983,0,0.7147412581851134
22984,0,0.42106279633343036
22985,0,0.1939217249767888
22986,1,0.28042508291089024
22987,0,0.2699783438647197
22988,0,0.3139445955316873
22989,0,0.24844308919034383
22990,1,0.7983543431781309
22991,1,0.33203063535709537
22992,0,0.28055504555643385
22993,0,0.5138852561477348
22994,1,0.904094425205991
22995,0,0.43863739706053195
22996,0,0.5523574903645546
22997,0,0.43659702974030234
22998,0,0.29685628680176096
22999,1,0.40480994550635496
23000,0,0.3136490379963065
23001,0,0.12236822738466051
23002,0,0.12063780092633611
23003,0,0.44704641982964516
23004,0,0.22345908440327406
23005,0,0.4022418194816338
23006,0,0.3671330166849361
23007,0,0.28952793604653687
23008,0,0.2908294794195464
23009,0,0.4600125826572349
23010,1,0.8149552618430482
23011,0,0.36535190729883
23012,0,0.40020666550628364
23013,0,0.302123426727658
23014,1,0.8327716895874054
23015,0,0.4598491892108551
23016,0,0.3092674792402905
23017,0,0.27672398011339755
23018,0,0.10664059686343055
23019,0,0.2119011588334865
23020,0,0.0706030422118777
23021,1,0.6401770351640014
23022,0,0.5035915859912209
23023,0,0.5277037943420432
23024,0,0.28482537488137283
23025,0,0.3204271466511742
23026,0,0.6805719056619159
23027,0,0.5691328811965213
23028,0,0.05107163565906655
23029,0,0.22876613925748795
23030,0,0.4643632084298608
23031,0,0.5354291942806267
23032,1,0.8977096144449519
23033,0,0.22903840383122528
23034,0,0.27624972840673234
23035,0,0.4268645208279411
23036,0,0.26820602187179465
23037,0,0.13958360702959122
23038,0,0.1518519334774236
23039,0,0.20491530719004067
23040,0,0.11105062177792888
23041,0,0.2129831871284198
23042,0,0.3513860353035368
23043,0,0.20360227526523214
23044,0,0.3443351641679238
23045,1,0.40070551168648344
23046,1,0.8430349045227175
23047,0,0.400487942471946
23048,0,0.6496540339504502
23049,0,0.3767587674739227
23050,0,0.3090663308860054
23051,0,0.6770135731577142
23052,1,0.40569433864819776
23053,0,0.20270249731910692
23054,0,0.2759850639264834
23055,1,0.8951402319382409
23056,0,0.1331881487293138
23057,0,0.7050813260151688
23058,0,0.41863827326512565
23059,0,0.7493930648232704
23060,0,0.31947642969638645
23061,0,0.2737829737279133
23062,0,0.5722203977965009
23063,1,0.744177620370137
23064,0,0.33819623028781065
23065,0,0.4883351565929022
23066,0,0.6617489679249101
23067,0,0.26618098275232666
23068,0,0.27813265496063355
23069,1,0.5373484546452639
23070,1,0.7479456477180771
23071,0,0.2903858040834533
23072,0,0.12427915839790611
23073,0,0.6043541234722162
23074,0,0.27830394455792296
23075,0,0.28432685728884466
23076,0,0.41984535266994366
23077,0,0.29260362333840306
23078,0,0.6534300510597759
23079,0,0.5034995366818067
23080,1,0.8778582605504452
23081,1,0.44707677410460805
23082,1,0.9182962545103875
23083,0,0.1465715744648503
23084,0,0.1298062403926639
23085,1,0.8961331640859026
23086,1,0.5145686395848379
23087,0,0.4200223799776826
23088,0,0.2781521521934343
23089,1,0.40808335407379887
23090,0,0.3768023125977539
23091,0,0.5716569967206148
23092,0,0.4055733092265947
23093,0,0.558079397020098
23094,0,0.4742221591911433
23095,0,0.35322115616915434
23096,0,0.2037160157566272
23097,0,0.265784674778669
23098,0,0.4421369878071248
23099,0,0.7071666246075324
23100,0,0.41851318305108015
23101,0,0.09101186136313923
23102,1,0.8910969202490968
23103,0,0.4470437711028491
23104,0,0.23409775480154782
23105,1,0.48383793817186244
23106,1,0.6851038641586515
23107,0,0.1929328546382093
23108,0,0.3856621648207002
23109,1,0.19521859091631402
23110,1,0.34275687602879723
23111,0,0.15957500985325376
23112,0,0.3018144950468173
23113,0,0.3934805742981882
23114,0,0.2189355111031298
23115,0,0.216272865194843
23116,0,0.21661687884054096
23117,1,0.5237479489090755
23118,0,0.6405761549747457
23119,0,0.1375759186827838
23120,1,0.8125290519566135
23121,1,0.30457615272754635
23122,0,0.26270937047677195
23123,1,0.8055928528155195
23124,1,0.4262572266804881
23125,1,0.6400513274671634
23126,0,0.39725521644947936
23127,1,0.7032201658990574
23128,0,0.30905243681025796
23129,0,0.4345143325932569
23130,0,0.15238389951637668
23131,0,0.15038238481016342
23132,0,0.32751389296911126
23133,0,0.1530409395154154
23134,0,0.5463220668184415
23135,0,0.3464152732165216
23136,0,0.09297314461083366
23137,1,0.8534583993284487
23138,0,0.3669733533689605
23139,0,0.36019439647610146
23140,0,0.31840841938495
23141,0,0.4258777832106793
23142,0,0.4245489448237479
23143,0,0.29532801098616945
23144,0,0.45738277928992505
23145,1,0.8606784592706914
23146,0,0.32099857514005414
23147,1,0.23084384083176335
23148,0,0.0934550133345125
23149,1,0.3781471268335177
23150,1,0.8440986889297392
23151,0,0.3055988857175225
23152,0,0.07756912598539939
23153,1,0.48301453945280726
23154,0,0.24062303985522426
23155,1,0.63446792795265
23156,0,0.6242910834139276
23157,0,0.25592665451897095
23158,0,0.734141819977379
23159,1,0.6380652115841737
23160,0,0.6376892936600786
23161,1,0.3148536899327349
23162,0,0.9186651124485479
23163,1,0.5171193583923267
23164,0,0.7445623210315889
23165,0,0.23810378258110243
23166,0,0.6732638598417346
23167,0,0.2963111188922413
23168,0,0.7897605291513397
23169,0,0.2717892276224453
23170,1,0.8918624388104942
23171,0,0.11832661867710964
23172,0,0.38840472542516374
23173,0,0.3838693166209666
23174,0,0.2128492146967804
23175,0,0.4434483294594936
23176,0,0.09812077611747747
23177,1,0.4860394422929567
23178,1,0.37572403923752146
23179,0,0.21846553942807936
23180,0,0.37678371188060056
23181,0,0.4789564168647649
23182,1,0.3969246322362479
23183,0,0.4289149473269754
23184,0,0.1357180112067908
23185,0,0.12046658282967354
23186,0,0.14125506851093628
23187,0,0.12846007071627275
23188,0,0.25678923179936813
23189,0,0.5615547286523604
23190,1,0.6937673652816274
23191,0,0.3552017233825397
23192,0,0.29175466806101485
23193,0,0.13819494820356631
23194,0,0.19858162206806873
23195,0,0.2763395833708605
23196,0,0.0841651658399086
23197,0,0.31545540928312205
23198,0,0.28778471564688707
23199,0,0.5843854386144193
23200,0,0.05110974358773872
23201,1,0.8755933719123999
23202,1,0.39427814914874737
23203,0,0.38692593321387814
23204,1,0.8580282822648515
23205,0,0.4492289259819173
23206,0,0.8224661506588514
23207,0,0.21348207527832141
23208,1,0.5694190161022898
23209,1,0.8471844327980947
23210,0,0.14134869379615567
23211,1,0.41419803802812294
23212,0,0.18598264028057432
23213,0,0.8208711306563764
23214,0,0.10037289799262553
23215,1,0.6510970692231866
23216,0,0.4131243231722099
23217,1,0.8035107800430525
23218,0,0.4233305643770167
23219,0,0.5761471495062173
23220,0,0.4340693212401604
23221,0,0.31931983627869176
23222,0,0.5846094496510734
23223,0,0.1441246905733062
23224,0,0.2178410077371474
23225,0,0.21142165410683542
23226,0,0.26797217400575224
23227,0,0.1970902776333665
23228,0,0.23157343999006727
23229,0,0.32956032807480945
23230,1,0.7626347268232861
23231,0,0.05776024094788592
23232,0,0.11635787818280624
23233,0,0.18180409791306334
23234,0,0.3550144027033747
23235,0,0.2721171572970884
23236,1,0.6537032702884151
23237,0,0.26971167960902886
23238,0,0.388975381679235
23239,0,0.314426285222899
23240,0,0.17198607122628154
23241,0,0.42294642313579117
23242,0,0.16786672880384565
23243,0,0.260966824716336
23244,1,0.8868301006173651
23245,0,0.26473067825156876
23246,1,0.3706444108273052
23247,0,0.19508249859504584
23248,0,0.4129101360958116
23249,0,0.2476195619035524
23250,0,0.3389381935026475
23251,0,0.21772151518501512
23252,0,0.47331540946107076
23253,0,0.2623200294932634
23254,0,0.3065785357211074
23255,0,0.5522080483603377
23256,0,0.2765277168737165
23257,0,0.29669081271426817
23258,1,0.7814768753246699
23259,0,0.17439263756740392
23260,0,0.24870539871435557
23261,1,0.2897124947757625
23262,0,0.16237946130359476
23263,0,0.2077304766083699
23264,1,0.4911512047837084
23265,0,0.6631537669462898
23266,1,0.88252809646541
23267,0,0.3951929121420951
23268,0,0.15622094923917143
23269,0,0.35817310822825704
23270,1,0.5327350643912073
23271,0,0.3950751581078597
23272,0,0.31018792697632663
23273,0,0.7537451466088476
23274,0,0.3533732197357622
23275,0,0.3051871434829958
23276,0,0.33865050655155526
23277,0,0.19876088722194424
23278,1,0.8493181376387823
23279,1,0.8910219433691607
23280,0,0.2816762745052983
23281,1,0.8547592232130312
23282,0,0.31834290360745215
23283,0,0.11277219725613216
23284,0,0.820948144930685
23285,0,0.22832290625982452
23286,0,0.3975057400280172
23287,0,0.7362367179690641
23288,0,0.6461185297200697
23289,1,0.8846817065668293
23290,0,0.15143835719580118
23291,1,0.6012738305795561
23292,0,0.7667012250573814
23293,0,0.14641150038484516
23294,0,0.3889251243623456
23295,0,0.26623686323611223
23296,0,0.3649625978696189
23297,0,0.22340544881522217
23298,0,0.7705367028392008
23299,0,0.21538226230196356
23300,0,0.31565444072270293
23301,0,0.25865399586295096
23302,0,0.1749868649559154
23303,0,0.2878314164453937
23304,0,0.22362433772894277
23305,1,0.8942934895865264
23306,0,0.6733763756687777
23307,1,0.5914091330162937
23308,0,0.17954364643461637
23309,1,0.8225727107245764
23310,0,0.5863587732217111
23311,0,0.2762493047327969
23312,0,0.3693366097663421
23313,0,0.5646898325803257
23314,0,0.14689244398771734
23315,0,0.36867453429803393
23316,0,0.4100712049881963
23317,0,0.39600345708427626
23318,0,0.3030891475320411
23319,0,0.2898635030077975
23320,0,0.1859696198897152
23321,0,0.145992064938921
23322,0,0.4056973760499039
23323,0,0.17218623261282584
23324,0,0.2541766640294898
23325,0,0.48597656383410337
23326,0,0.2746908871313958
23327,0,0.2799687481512105
23328,1,0.8825237530722854
23329,0,0.47030798127146184
23330,0,0.3995708873225812
23331,0,0.31346928643787475
23332,0,0.4116935168296457
23333,0,0.24587407133712716
23334,1,0.8337990500283082
23335,0,0.240899041839851
23336,0,0.4127174981556949
23337,0,0.2888981200041289
23338,1,0.6952898135915336
23339,0,0.3018616391306186
23340,0,0.3078899173235448
23341,0,0.14607465174774872
23342,0,0.36033484996662857
23343,0,0.19649228885991057
23344,0,0.6776010838178809
23345,0,0.14885269021585432
23346,0,0.3307348607949313
23347,0,0.46311379817356363
23348,0,0.1483577398497
23349,0,0.605496380682072
23350,0,0.3526831813967914
23351,0,0.19493596871438945
23352,0,0.3338812216764549
23353,0,0.14034570547593597
23354,0,0.3672679632799336
23355,0,0.31514812143264925
23356,0,0.1477626648683399
23357,0,0.23285257581418115
23358,0,0.31388839437843336
23359,0,0.41338546761289324
23360,0,0.17183128229785574
23361,0,0.30438136674669564
23362,1,0.5726312492171456
23363,1,0.8615999930042298
23364,1,0.4381680910800101
23365,0,0.1922639785775923
23366,1,0.3814748754583384
23367,0,0.11705766303522887
23368,0,0.0700658280884023
23369,0,0.5616037545167809
23370,0,0.3468490380406423
23371,0,0.17796630011495096
23372,0,0.10293004226691725
23373,0,0.3699697476877275
23374,1,0.5221703399273958
23375,1,0.572609910228766
23376,1,0.5098826235087424
23377,0,0.36731394250609983
23378,0,0.130918821014753
23379,0,0.21754361097011454
23380,0,0.5649918806500779
23381,1,0.9072646734111038
23382,1,0.7015477877791322
23383,0,0.25618718540549884
23384,1,0.3974836685348005
23385,0,0.23605658444636007
23386,0,0.3730017097109349
23387,0,0.3272769662589174
23388,1,0.4002052812128877
23389,0,0.778013693107951
23390,1,0.7845774973682841
23391,0,0.20434630708898574
23392,0,0.3459186953492299
23393,0,0.250707707687137
23394,0,0.24935023279541763
23395,0,0.650854728207125
23396,0,0.2919047818781757
23397,0,0.6865857299436489
23398,0,0.3510778041378304
23399,0,0.04233319901512608
23400,1,0.8215834933552495
23401,0,0.2895073333826506
23402,0,0.28888999041552593
23403,0,0.23702532191516568
23404,0,0.15287790914749355
23405,1,0.7803060260231984
23406,0,0.27401263897101663
23407,0,0.3754584494924724
23408,1,0.42162022213639594
23409,0,0.23777622079191413
23410,0,0.3429450152339629
23411,1,0.5225880381355111
23412,0,0.22407348986917264
23413,0,0.25968609023438005
23414,0,0.3437053919347335
23415,0,0.6929473597248658
23416,0,0.23725697693983716
23417,0,0.26283013809603945
23418,1,0.39864901647002504
23419,0,0.3304055822734276
23420,0,0.2472075155515612
23421,0,0.22241974548717633
23422,0,0.3241215310447464
23423,0,0.35469159640006637
23424,0,0.2657750610518081
23425,1,0.5326702264479587
23426,0,0.43159730806554775
23427,1,0.5969812852459468
23428,0,0.27630904265819256
23429,0,0.35605926609898647
23430,1,0.9572203164342463
23431,0,0.4720752932999487
23432,0,0.39775191447513886
23433,0,0.3398839593072917
23434,0,0.2522494007900094
23435,0,0.3541489547315681
23436,0,0.5328116000779155
23437,0,0.3633940155149468
23438,0,0.7141661190506077
23439,0,0.2684074569614426
23440,1,0.6609664054019134
23441,0,0.16759233540029633
23442,0,0.1926151451707296
23443,0,0.17777085808285858
23444,0,0.16347232581528753
23445,0,0.7727441722060747
23446,0,0.06310154313966457
23447,0,0.5690553322638342
23448,0,0.29530834015941293
23449,0,0.4385795776669775
23450,0,0.42025817493037415
23451,0,0.11228233856044527
23452,1,0.8366827249250081
23453,0,0.6344192674599998
23454,0,0.41241756899567955
23455,1,0.4468752775168059
23456,0,0.32175875034060036
23457,0,0.48017404993394874
23458,1,0.4668003656967762
23459,0,0.2683641578796403
23460,1,0.8254759350916214
23461,0,0.3791217086844069
23462,0,0.39686055889548344
23463,0,0.11436992144537726
23464,0,0.34590986226067744
23465,1,0.2473573751409808
23466,0,0.23586730381329105
23467,0,0.2335354760896427
23468,0,0.29557069142278514
23469,1,0.5659387346995346
23470,0,0.25232845741380827
23471,0,0.10840230909220924
23472,1,0.19060682584197897
23473,0,0.34243869625783785
23474,0,0.3345411789111694
23475,0,0.2752233284396724
23476,0,0.3620587591617225
23477,1,0.8843834902314522
23478,0,0.4107020550691482
23479,0,0.4116557173267097
23480,0,0.21857873538695585
23481,0,0.3313342946821834
23482,1,0.8977465460073365
23483,1,0.4990748770892711
23484,0,0.37227786292671394
23485,1,0.8239292693084166
23486,1,0.6683033720544654
23487,1,0.6429018200529282
23488,0,0.1555930783661748
23489,0,0.4694996162989682
23490,0,0.4570753345427275
23491,1,0.886549835338412
23492,0,0.6268694088465936
23493,1,0.325405894621489
23494,0,0.5614440908125081
23495,1,0.9432429617701205
23496,1,0.8616552580824787
23497,1,0.8351874861931903
23498,1,0.6102682401733659
23499,1,0.3738738999589758
23500,0,0.5732233105967918
23501,0,0.3572194519955486
23502,0,0.5546427264747673
23503,0,0.24552392421145
23504,0,0.1254886243348643
23505,1,0.4937105914785913
23506,0,0.25818239675923205
23507,1,0.7587632208164429
23508,0,0.18273903994422155
23509,1,0.7805391250776337
23510,0,0.7194011167641376
23511,0,0.16178771088318944
23512,1,0.6571023000114008
23513,0,0.09765828941163025
23514,0,0.3457445320287073
23515,0,0.24121107600631828
23516,1,0.7912658311602505
23517,0,0.06819900879050672
23518,0,0.7816428558087003
23519,0,0.47093751242241444
23520,0,0.16761216844072707
23521,0,0.5053915276171883
23522,0,0.3469388333845425
23523,0,0.13123256590276278
23524,0,0.3616165415788192
23525,0,0.3345846475583574
23526,0,0.1950546878951482
23527,0,0.49167295833786867
23528,0,0.6220618243523343
23529,0,0.3370147908690895
23530,0,0.4464968466142586
23531,0,0.6731981076750759
23532,0,0.2860757793734455
23533,1,0.6366830305555162
23534,1,0.8014014052185641
23535,1,0.6034159801155687
23536,0,0.38205923235687783
23537,0,0.31246052563669346
23538,0,0.3368757848844758
23539,1,0.812527573215977
23540,0,0.4767840448860338
23541,0,0.2919022905659584
23542,1,0.7326113720574492
23543,0,0.3313177591458906
23544,0,0.33196071563475477
23545,0,0.36475425745202983
23546,0,0.13956080114106192
23547,0,0.5028541404259287
23548,0,0.34893868138594897
23549,0,0.2458772580870515
23550,0,0.2822001863426431
23551,1,0.3789880820696779
23552,0,0.4934022421918638
23553,0,0.2946594184867314
23554,0,0.1883668891149389
23555,0,0.2502630247310523
23556,0,0.21102795526411186
23557,0,0.23573928055375107
23558,0,0.3170426900708501
23559,0,0.3543813560010352
23560,0,0.3620865757272365
23561,0,0.44049456000620923
23562,0,0.42268338305749126
23563,0,0.39764904186013567
23564,0,0.41954039263061493
23565,0,0.2858177447475913
23566,0,0.2901294926570597
23567,0,0.5431223587134757
23568,0,0.2687849207283191
23569,1,0.2951375218635965
23570,0,0.22062958692960039
23571,0,0.32435994269518914
23572,0,0.13009686863767533
23573,0,0.23460582451442005
23574,1,0.7599167578429621
23575,1,0.442658367202662
23576,1,0.7846009393005852
23577,0,0.5199397367172391
23578,1,0.8253135840718053
23579,0,0.5277940323923922
23580,0,0.5235529446696083
23581,0,0.26183001593330324
23582,0,0.29890862688426156
23583,0,0.30005349586728236
23584,1,0.47249538150355064
23585,0,0.6377713947620033
23586,0,0.3679123956734138
23587,1,0.4472533513000119
23588,0,0.32867682221788486
23589,0,0.16761077249009287
23590,0,0.2397112708156478
23591,1,0.9075180330430344
23592,0,0.3582135411394581
23593,0,0.1858242123304006
23594,1,0.4059217301419313
23595,0,0.38650077372440333
23596,1,0.6194133808360213
23597,1,0.48713835469338407
23598,0,0.1837739559141315
23599,0,0.1676350875956502
23600,0,0.495849689403545
23601,0,0.5171590757346762
23602,0,0.4391012970240507
23603,0,0.5971930493492198
23604,0,0.19802239748019115
23605,0,0.5937957286045799
23606,1,0.645331173638761
23607,0,0.308592508285342
23608,0,0.2618862644887004
23609,0,0.12398177822642092
23610,1,0.9215622811898858
23611,0,0.35652691591581875
23612,0,0.6712163249118923
23613,0,0.13131676787724555
23614,0,0.21229909648710957
23615,0,0.1161056333334222
23616,0,0.4671385907159088
23617,0,0.24516744127323278
23618,1,0.40442877763299834
23619,0,0.2701844842258263
23620,0,0.383688652960964
23621,0,0.48321425862095174
23622,0,0.7720764912602618
23623,1,0.49222510077036247
23624,0,0.33359897367149555
23625,0,0.6710569853529229
23626,0,0.38090581670338225
23627,1,0.8638763272880425
23628,0,0.650242565929976
23629,0,0.09672953776712952
23630,0,0.6208410178659738
23631,0,0.29961800422364104
23632,0,0.3290626719839256
23633,0,0.3782782084199395
23634,0,0.5114933267426366
23635,0,0.7177509783562698
23636,0,0.13742324200483746
23637,1,0.308865301541916
23638,0,0.29415828778489145
23639,0,0.26528875122560763
23640,0,0.3179198141898541
23641,1,0.8464923033829238
23642,0,0.7403812914956049
23643,0,0.3079611487055986
23644,0,0.3054023680386705
23645,0,0.31985061080745436
23646,1,0.17382222289785682
23647,0,0.08580854006664498
23648,0,0.16065294849560943
23649,0,0.27531477684809175
23650,1,0.38750033294000225
23651,0,0.4852410565219997
23652,0,0.21672818245754522
23653,0,0.6582374554344486
23654,0,0.2077204581729633
23655,0,0.2059092292565719
23656,0,0.34060720162781694
23657,1,0.4527226513459196
23658,0,0.2696389418187457
23659,1,0.4370657559367881
23660,0,0.3020193115723152
23661,0,0.3239827213661373
23662,0,0.23750602815022165
23663,0,0.390366297203506
23664,0,0.32435214611351315
23665,0,0.5671564854972551
23666,1,0.7869953307133489
23667,0,0.32844075656605326
23668,1,0.28752905081774266
23669,1,0.6829026050270356
23670,0,0.4562261768886801
23671,0,0.34610543854725084
23672,0,0.19868220625762983
23673,0,0.303466227241376
23674,0,0.3648603057610279
23675,0,0.37084252805083295
23676,0,0.24104571683780418
23677,0,0.18171258192619827
23678,1,0.6575796975776115
23679,1,0.9186503028453865
23680,0,0.2597875610977059
23681,0,0.2159350759160888
23682,1,0.621817123898325
23683,0,0.13714389879929992
23684,0,0.0975136893301472
23685,0,0.69539938434059
23686,1,0.8274024979222534
23687,0,0.7136600457662619
23688,0,0.5139525574473669
23689,0,0.543739788755159
23690,0,0.34551270374525805
23691,0,0.3488639145312913
23692,0,0.31884786735375953
23693,0,0.22992173980403952
23694,1,0.275977298943477
23695,0,0.3286215647800461
23696,1,0.47901628898870063
23697,0,0.6967187521759746
23698,0,0.35705655110302503
23699,1,0.7173919943188504
23700,0,0.5752158207830914
23701,1,0.4434523718846
23702,1,0.5222956130302288
23703,0,0.31527091902123183
23704,0,0.609459938133579
23705,0,0.2019084221338851
23706,1,0.9311851204658248
23707,0,0.11267919306618795
23708,1,0.8495222434855678
23709,0,0.12260150837193874
23710,0,0.13449257512938748
23711,0,0.17282402039913486
23712,0,0.10643191888166605
23713,0,0.35944807675401497
23714,0,0.14449468208573232
23715,0,0.22371715935852973
23716,0,0.2218843802093186
23717,0,0.49757232870812634
23718,0,0.7981823357874043
23719,0,0.38036821551114186
23720,0,0.09232177236120265
23721,1,0.4743512403319394
23722,0,0.35306058972613713
23723,0,0.17695987231216
23724,0,0.4042073646159012
23725,0,0.227481467842388
23726,0,0.24599327107945385
23727,0,0.23976157445672638
23728,1,0.49690754449215424
23729,1,0.421063274274605
23730,0,0.2738820658614235
23731,1,0.8330389908951332
23732,0,0.05401284422528613
23733,1,0.8373624969601968
23734,0,0.19560752180248003
23735,0,0.14967631367719364
23736,0,0.17910262167677754
23737,1,0.8016250534631297
23738,0,0.41680684271209373
23739,1,0.5566151581268212
23740,0,0.16976573947322093
23741,0,0.1903682149426745
23742,0,0.17536374919367956
23743,0,0.31226877504180667
23744,1,0.21124434875818449
23745,0,0.33894016630035795
23746,0,0.14526463755319935
23747,1,0.4403735109878834
23748,1,0.32106730892009705
23749,0,0.6929110507479064
23750,0,0.6605445238632857
23751,0,0.17473167559886427
23752,0,0.25957679315266646
23753,0,0.2225572775892445
23754,0,0.3973006194609592
23755,0,0.4411072897403525
23756,0,0.317967366816947
23757,1,0.5352087334205657
23758,1,0.4487614279132024
23759,0,0.3381684757638517
23760,0,0.3195814691407104
23761,1,0.931946287629803
23762,0,0.38263613260867624
23763,0,0.3827630509242762
23764,0,0.7430508615207927
23765,1,0.3936990181661581
23766,0,0.24957496185382702
23767,0,0.4247010605527799
23768,0,0.33869397346699864
23769,0,0.6890031338450656
23770,0,0.19708261747960643
23771,0,0.2273943112770923
23772,0,0.4404051972609745
23773,0,0.21706036393663922
23774,0,0.1798450593327465
23775,0,0.3411016383956314
23776,0,0.5237358224370987
23777,0,0.8744453900061593
23778,0,0.5879662066446827
23779,0,0.20505680451092284
23780,0,0.3211450017506414
23781,0,0.4378307624535733
23782,0,0.4287754369807647
23783,0,0.6394104597608703
23784,0,0.20862881558929924
23785,0,0.16332019360385858
23786,1,0.6638636675256953
23787,1,0.4375041257624072
23788,1,0.8656935466470856
23789,1,0.31049772994244496
23790,1,0.7516179205512137
23791,0,0.3984883586255502
23792,0,0.2766859095411516
23793,0,0.3266091199203425
23794,0,0.8910527989549114
23795,1,0.727469898191175
23796,0,0.43741071944591703
23797,0,0.24251112001483746
23798,0,0.26329896819130344
23799,0,0.2602484773696984
23800,0,0.6449807521797314
23801,0,0.12089280738188773
23802,1,0.8248386149889967
23803,1,0.5228871046743607
23804,0,0.40165245659371673
23805,0,0.4573668208699979
23806,0,0.7544813964946779
23807,0,0.22464294426348644
23808,0,0.18470693902561716
23809,0,0.27402438568911736
23810,0,0.3275709062327716
23811,0,0.16204849386456174
23812,0,0.1827987388913519
23813,1,0.4658805862244996
23814,0,0.23684552989533714
23815,0,0.1876944063357951
23816,0,0.24037496828924515
23817,1,0.5667135301108047
23818,0,0.3567798398059237
23819,0,0.6421783673660759
23820,0,0.3058776362684439
23821,0,0.3245086298981863
23822,1,0.45725302035075915
23823,0,0.48522374646825095
23824,0,0.2992105807895274
23825,1,0.8247033573950086
23826,0,0.4031938780166003
23827,0,0.3799654015815974
23828,0,0.19711961517201196
23829,0,0.15213076537971534
23830,0,0.22724825557945608
23831,0,0.20949984885933903
23832,0,0.5196271797371947
23833,1,0.4990166206260004
23834,0,0.4881171008807008
23835,0,0.28454459152260825
23836,0,0.6652629442819049
23837,0,0.12840755153966055
23838,0,0.159889211023151
23839,1,0.3293253411278991
23840,1,0.3865466155647854
23841,1,0.5331236429140199
23842,0,0.29423578938648737
23843,0,0.16406290903502324
23844,0,0.3527980576211755
23845,0,0.39632850603846737
23846,0,0.18418465488766514
23847,0,0.25434451635140326
23848,0,0.25166399836896414
23849,0,0.3186846891876638
23850,0,0.25594506481547946
23851,0,0.45805088072030925
23852,0,0.4648952387413347
23853,0,0.1305254138346446
23854,0,0.17934795812906765
23855,0,0.24193554547977045
23856,0,0.2938865514992661
23857,1,0.8398810143733408
23858,1,0.9643458322594501
23859,0,0.4551300553719751
23860,0,0.5054933026677969
23861,0,0.6766715601058769
23862,0,0.28180880515891205
23863,0,0.47123138448867763
23864,0,0.6510763316703968
23865,1,0.7679259654161679
23866,0,0.5953972027142271
23867,1,0.8086741471977354
23868,0,0.4905268107506035
23869,0,0.2171326613573914
23870,0,0.2574421396197188
23871,0,0.28875223628752006
23872,0,0.38919376737057965
23873,0,0.33504965336802883
23874,1,0.9156440424070573
23875,0,0.39477412898215414
23876,0,0.1336735558802996
23877,0,0.2095565851422259
23878,0,0.773217164198875
23879,0,0.3800830763032622
23880,0,0.14153901641478198
23881,0,0.14177066286534037
23882,1,0.6859045915512207
23883,0,0.25177979822387037
23884,1,0.8280576923221397
23885,0,0.6084482444762196
23886,0,0.10656289371513802
23887,1,0.8720665411137527
23888,0,0.1643407970776444
23889,0,0.7055033201628451
23890,0,0.0608856465428083
23891,0,0.13707030179135743
23892,1,0.8992675616045566
23893,1,0.4020611662569267
23894,0,0.3314467860542327
23895,1,0.40533167068337667
23896,0,0.36136301306206753
23897,0,0.20119911094123719
23898,1,0.8544559171873347
23899,0,0.7374072172938303
23900,0,0.17441543920168376
23901,0,0.10881763775143424
23902,0,0.25211521764428896
23903,0,0.4799559815198662
23904,0,0.4041256172677193
23905,0,0.4885504384055558
23906,0,0.18147920531689327
23907,0,0.12041946850882308
23908,1,0.6596344479661118
23909,0,0.3821965383898805
23910,0,0.43987532535450413
23911,0,0.8261642481550264
23912,0,0.3402126167714284
23913,0,0.2711736806779238
23914,0,0.11047772872308873
23915,0,0.29961395203082475
23916,0,0.15006441819082264
23917,0,0.14857906162651027
23918,0,0.5288430460548326
23919,0,0.3538675157475222
23920,0,0.3402515642472212
23921,0,0.24710701286423611
23922,0,0.2781340129271005
23923,0,0.3531952061633683
23924,0,0.3816017771880025
23925,0,0.07345646749364852
23926,1,0.5351040567353773
23927,0,0.24240290754693597
23928,0,0.1933175429265826
23929,0,0.20723218423851605
23930,0,0.32678701295869905
23931,0,0.4464872044468022
23932,0,0.8030936474756392
23933,0,0.7544628788350568
23934,1,0.49357484082391323
23935,0,0.17378174766483098
23936,0,0.3253191854909516
23937,0,0.17630268063709267
23938,0,0.2206165497099935
23939,0,0.36781446713778115
23940,0,0.2604043489883917
23941,0,0.36854768184204145
23942,0,0.27293174521015384
23943,0,0.04855991456015059
23944,0,0.3825502015686708
23945,0,0.7618966880279726
23946,0,0.3799211255758209
23947,0,0.22964180150167274
23948,0,0.3285961657716446
23949,0,0.4366522245127197
23950,0,0.22039586543083126
23951,0,0.19625532553687694
23952,0,0.27532765108064455
23953,0,0.13838669087800534
23954,0,0.34601578415893774
23955,0,0.5173948432890458
23956,1,0.6553514849387256
23957,0,0.5851062577508902
23958,0,0.8560946432808926
23959,0,0.3904198120344218
23960,1,0.8103165712540735
23961,0,0.2554920269256488
23962,0,0.6663584517961598
23963,1,0.4689853357495695
23964,1,0.40235785544444547
23965,0,0.3617667344973694
23966,0,0.2586540126117472
23967,0,0.09996635744437114
23968,0,0.7878877819039652
23969,0,0.26583559429740106
23970,0,0.2040254275233737
23971,0,0.20713261554694387
23972,0,0.12751753994226478
23973,1,0.3680789492222722
23974,0,0.290655367043406
23975,0,0.48151641009344975
23976,0,0.46637814547597567
23977,0,0.393208412080899
23978,0,0.6835735934623745
23979,0,0.4874530455108503
23980,0,0.1526017596525839
23981,1,0.2952528148527385
23982,0,0.1511839888156686
23983,1,0.8803733265968006
23984,0,0.3243095244862224
23985,0,0.4436253834691671
23986,0,0.3795832316996861
23987,0,0.42371906999158343
23988,0,0.1563621341437569
23989,0,0.19545705771960895
23990,1,0.4645827299083452
23991,0,0.4365095126778788
23992,1,0.5059491252166679
23993,0,0.24822169196489116
23994,0,0.34706932593855433
23995,1,0.2772102495729806
23996,0,0.43009427903343606
23997,0,0.22027901486691678
23998,0,0.5716236198172104
23999,0,0.3882351693646468
